filename,pose_category,nose_x,nose_y,left_eye_x,left_eye_y,right_eye_x,right_eye_y,left_ear_x,left_ear_y,right_ear_x,right_ear_y,left_shoulder_x,left_shoulder_y,right_shoulder_x,right_shoulder_y,left_elbow_x,left_elbow_y,right_elbow_x,right_elbow_y,left_wrist_x,left_wrist_y,right_wrist_x,right_wrist_y,left_hip_x,left_hip_y,right_hip_x,right_hip_y,left_knee_x,left_knee_y,right_knee_x,right_knee_y,left_ankle_x,left_ankle_y,right_ankle_x,right_ankle_y
ezgif-frame-001-land2.png,land,0.49507234,0.25241944,0.5096059,0.24471371,0.47732803,0.24518076,0.5319727,0.25651196,0.45238274,0.25774714,0.56404734,0.31542543,0.42479464,0.31644443,0.5686005,0.38456413,0.42944175,0.3871732,0.4934695,0.4315191,0.5120981,0.43224,0.5481729,0.4474729,0.45240042,0.44767717,0.54702216,0.5493396,0.4416058,0.55063826,0.5417558,0.6377329,0.4371218,0.6398152
ezgif-frame-002-land2.png,land,0.4906775,0.24815178,0.50520194,0.2404431,0.47276184,0.24060844,0.5265936,0.2522116,0.44646567,0.2528573,0.5580723,0.31118816,0.41903993,0.31197864,0.5649988,0.38165897,0.42866847,0.3827308,0.48848942,0.42802534,0.51074135,0.4263348,0.54342496,0.44295898,0.44743308,0.44340655,0.5451831,0.5446909,0.4389539,0.5470587,0.53980505,0.6339084,0.43466762,0.6370869
ezgif-frame-003-land2.png,land,0.48000666,0.2435907,0.49384764,0.23531812,0.46171248,0.23568828,0.51488465,0.24540618,0.43548667,0.24676497,0.5449761,0.3025594,0.40951532,0.30509624,0.55325687,0.37027693,0.42106548,0.3770255,0.48457453,0.41760594,0.5041088,0.4190195,0.52690923,0.43412334,0.4333468,0.43546772,0.5359352,0.5336273,0.43230787,0.53684163,0.53240377,0.6243122,0.42910764,0.6270939
ezgif-frame-004-land1-land2.png,land,0.28602293,0.15776771,0.30483985,0.14809504,0.2673403,0.14798442,0.3319264,0.15510963,0.24111925,0.15513988,0.36304417,0.2157339,0.21607985,0.21962017,0.37206846,0.28978494,0.21801452,0.2986156,0.30914015,0.34597677,0.27860126,0.3527393,0.36158994,0.36739597,0.26276696,0.36985818,0.3704063,0.4782094,0.2686473,0.4807044,0.37656128,0.5796091,0.2917917,0.5850745
ezgif-frame-004-land1.png,land,0.28602293,0.15776771,0.30483985,0.14809504,0.2673403,0.14798442,0.3319264,0.15510963,0.24111925,0.15513988,0.36304417,0.2157339,0.21607985,0.21962017,0.37206846,0.28978494,0.21801452,0.2986156,0.30914015,0.34597677,0.27860126,0.3527393,0.36158994,0.36739597,0.26276696,0.36985818,0.3704063,0.4782094,0.2686473,0.4807044,0.37656128,0.5796091,0.2917917,0.5850745
ezgif-frame-004-land2.png,land,0.49812257,0.256619,0.51577514,0.24800578,0.48253417,0.24845879,0.54173136,0.2558184,0.45921177,0.25683367,0.56404555,0.31234384,0.4320577,0.31330514,0.5612816,0.38528597,0.43288058,0.38452184,0.49773514,0.42549437,0.50814635,0.42903292,0.5422837,0.44603056,0.45056888,0.44632164,0.5406709,0.5429602,0.44587287,0.54129654,0.5414589,0.62650377,0.44511917,0.62518525
ezgif-frame-005-land1-land2.png,land,0.32020536,0.21499877,0.33769226,0.20614564,0.30127814,0.20601824,0.36334974,0.2126408,0.27399126,0.21284226,0.39273512,0.26982108,0.24768549,0.27296913,0.40182856,0.34168133,0.25147715,0.34681752,0.33620724,0.39680114,0.3138974,0.4000405,0.38911468,0.4182867,0.2914183,0.42063257,0.3989723,0.526803,0.30056396,0.531343,0.40257105,0.6275186,0.31725925,0.63083076
ezgif-frame-005-land2.png,land,0.5231613,0.2815538,0.5398219,0.27313918,0.509382,0.27336746,0.56526244,0.2784511,0.4888033,0.2788036,0.5888064,0.33136666,0.46233028,0.33258075,0.5927712,0.39789596,0.4623481,0.39914885,0.52999055,0.43809178,0.5344138,0.43961555,0.5667298,0.46155968,0.47967798,0.46189204,0.5680267,0.5532279,0.47509947,0.552093,0.56694585,0.6346366,0.47804368,0.6337907
ezgif-frame-006-land1-land2.png,land,0.3562076,0.24923716,0.37458298,0.23985136,0.3373516,0.23929483,0.39997754,0.24639378,0.30765456,0.24533302,0.42770907,0.3034007,0.28081763,0.30649346,0.43642613,0.37361082,0.28233418,0.382313,0.3607432,0.42766786,0.34523475,0.4306498,0.4179891,0.45066592,0.31892884,0.45296004,0.4276209,0.556559,0.33134574,0.56013376,0.43661818,0.65569264,0.34887734,0.662349
ezgif-frame-006-land2.png,land,0.5736987,0.31016192,0.5879223,0.30167365,0.5581387,0.30259225,0.60986364,0.3072935,0.53602177,0.3099144,0.63727325,0.35948744,0.51396483,0.36170235,0.63476026,0.42614007,0.5108933,0.42570177,0.5772274,0.46758452,0.5806775,0.46933496,0.61423165,0.4819351,0.52790743,0.4826195,0.61197793,0.5783452,0.52550465,0.57663834,0.6128716,0.6615076,0.52513134,0.6609148
ezgif-frame-007-land1-land2.png,land,0.38885915,0.26877782,0.40778473,0.26000363,0.3707192,0.2596838,0.43413764,0.26886493,0.3434974,0.26800707,0.4659222,0.32444972,0.3207606,0.32645172,0.47072735,0.39331183,0.31909218,0.39957842,0.40238366,0.44960812,0.3800511,0.4516089,0.4598779,0.47007796,0.35906246,0.4715179,0.4643827,0.57915103,0.3687427,0.5791514,0.4680817,0.67711806,0.38372952,0.68004984
ezgif-frame-007-land2.png,land,0.58346874,0.3327773,0.60098886,0.32432646,0.569097,0.32462156,0.62793744,0.33125123,0.54870296,0.33189103,0.65121365,0.3847785,0.523645,0.38606167,0.6500152,0.4541429,0.5270238,0.45479894,0.5895012,0.49371678,0.5990489,0.49635458,0.6302075,0.5104874,0.54135555,0.51079524,0.63211924,0.605109,0.5370614,0.6028741,0.6326385,0.68837076,0.53851104,0.68602383
ezgif-frame-008-land1-land2.png,land,0.42544523,0.27888593,0.44517154,0.2698641,0.40618894,0.26985192,0.47271842,0.27886382,0.37811288,0.27876794,0.505388,0.335477,0.35844597,0.33885258,0.5053105,0.40244785,0.35796398,0.41285002,0.4331492,0.45583424,0.4200396,0.46285173,0.49805602,0.4820417,0.39179316,0.48450342,0.50182664,0.58746094,0.39901066,0.5897944,0.5047718,0.6849858,0.41358575,0.6895193
ezgif-frame-008-land2.png,land,0.57860214,0.35495907,0.5960285,0.34585753,0.5632802,0.34679,0.62440825,0.35151103,0.5423468,0.35368848,0.6500298,0.40655985,0.51762766,0.40900844,0.65122825,0.4763754,0.5191131,0.4783054,0.5932848,0.5190774,0.59729666,0.5229589,0.6264348,0.5405959,0.53487253,0.5412767,0.6276253,0.6359134,0.5314193,0.63389915,0.62847,0.72062266,0.5320863,0.7184213
ezgif-frame-009-land1-land2.png,land,0.46470776,0.2861202,0.4841424,0.2766618,0.44602957,0.27659354,0.5106402,0.28448778,0.4178635,0.28429148,0.54093874,0.3405406,0.39619365,0.34424442,0.5440864,0.40836823,0.39327124,0.41769308,0.47051525,0.46450776,0.45757717,0.46965638,0.53468776,0.48852932,0.43241993,0.49105194,0.5368355,0.5962356,0.43930018,0.5999382,0.54151374,0.6920448,0.44987392,0.6973892
ezgif-frame-009-land2.png,land,0.7522859,0.35597515,0.7661174,0.34783036,0.7333423,0.34973717,0.7894596,0.35927892,0.70873165,0.36364964,0.8251089,0.41744223,0.68345374,0.42036256,0.8326049,0.48503286,0.6888503,0.49045265,0.7613926,0.53721756,0.776794,0.5388146,0.806976,0.5515422,0.70933795,0.55217046,0.8080919,0.65838504,0.7005655,0.65910685,0.808787,0.7568086,0.7004933,0.7536426
ezgif-frame-010-land1-land2.png,land,0.50108355,0.29104045,0.51964563,0.28279567,0.48135656,0.28249276,0.5475535,0.2918123,0.45234314,0.29160973,0.5767827,0.34936062,0.42513955,0.35252005,0.5802997,0.41776267,0.4293963,0.42606127,0.50821793,0.46823698,0.49659473,0.47249484,0.5690212,0.49636772,0.4660903,0.49855554,0.5772469,0.5996724,0.47262496,0.6035135,0.57477236,0.70275605,0.48492652,0.7043001
ezgif-frame-010-land1.png,land,0.50108355,0.29104045,0.51964563,0.28279567,0.48135656,0.28249276,0.5475535,0.2918123,0.45234314,0.29160973,0.5767827,0.34936062,0.42513955,0.35252005,0.5802997,0.41776267,0.4293963,0.42606127,0.50821793,0.46823698,0.49659473,0.47249484,0.5690212,0.49636772,0.4660903,0.49855554,0.5772469,0.5996724,0.47262496,0.6035135,0.57477236,0.70275605,0.48492652,0.7043001
ezgif-frame-010-land2.png,land,0.73732543,0.36929098,0.75366384,0.36040673,0.7189353,0.36169755,0.7780053,0.37304083,0.6937823,0.3759392,0.81219476,0.43372905,0.6654196,0.4368645,0.8208458,0.5081666,0.67511755,0.51276773,0.7461727,0.56800586,0.76053613,0.56638485,0.79371923,0.5764701,0.6905633,0.5773174,0.7978261,0.6884677,0.6813665,0.68948764,0.7956023,0.7893178,0.6864983,0.78697944
ezgif-frame-011-land1-land2.png,land,0.5137119,0.2970983,0.5327914,0.28783494,0.4940275,0.28823677,0.560141,0.29665038,0.46558088,0.2974523,0.5933862,0.35354507,0.44421056,0.35648277,0.5949396,0.42056644,0.43853468,0.43040982,0.5185988,0.47736704,0.5094106,0.48321858,0.5810952,0.4997445,0.47377062,0.5019262,0.5847961,0.6057848,0.48465198,0.6079519,0.5922835,0.7046789,0.49823284,0.70754004
ezgif-frame-011-land1.png,land,0.5137119,0.2970983,0.5327914,0.28783494,0.4940275,0.28823677,0.560141,0.29665038,0.46558088,0.2974523,0.5933862,0.35354507,0.44421056,0.35648277,0.5949396,0.42056644,0.43853468,0.43040982,0.5185988,0.47736704,0.5094106,0.48321858,0.5810952,0.4997445,0.47377062,0.5019262,0.5847961,0.6057848,0.48465198,0.6079519,0.5922835,0.7046789,0.49823284,0.70754004
ezgif-frame-011-land2.png,land,0.6215495,0.36403525,0.63765556,0.35424027,0.6018304,0.3563552,0.6637298,0.36611143,0.5772719,0.37066376,0.7035923,0.43194035,0.55047303,0.43438196,0.7111675,0.5105844,0.54970735,0.511466,0.6300277,0.57088464,0.6394857,0.56573397,0.6823288,0.586731,0.57552177,0.58737636,0.6839772,0.7041287,0.571392,0.70568156,0.68851644,0.809036,0.57271874,0.80631953
ezgif-frame-012-land1-land2.png,land,0.5131782,0.3032581,0.5325266,0.2941888,0.49385452,0.29467782,0.56027275,0.30380005,0.4664519,0.30460992,0.59336513,0.36155686,0.44667676,0.36420286,0.5934386,0.4286642,0.44102162,0.43802372,0.51869404,0.48398793,0.5092533,0.4903571,0.58308226,0.5082686,0.4772763,0.51009977,0.5851878,0.6135198,0.48482394,0.61435366,0.5934767,0.7113835,0.4975209,0.7126976
ezgif-frame-012-land1.png,land,0.5131782,0.3032581,0.5325266,0.2941888,0.49385452,0.29467782,0.56027275,0.30380005,0.4664519,0.30460992,0.59336513,0.36155686,0.44667676,0.36420286,0.5934386,0.4286642,0.44102162,0.43802372,0.51869404,0.48398793,0.5092533,0.4903571,0.58308226,0.5082686,0.4772763,0.51009977,0.5851878,0.6135198,0.48482394,0.61435366,0.5934767,0.7113835,0.4975209,0.7126976
ezgif-frame-012-land2.png,land,0.5587666,0.36419755,0.57609767,0.35429627,0.53749233,0.35573524,0.6034389,0.3662484,0.50888264,0.36968488,0.6442361,0.43595338,0.47809544,0.43904528,0.656067,0.5178986,0.48470554,0.5221943,0.56994194,0.5828079,0.58149123,0.5797682,0.6188152,0.60201746,0.50370175,0.60258764,0.6286395,0.7257987,0.5005952,0.72639567,0.6279607,0.83717877,0.5026305,0.83478755
ezgif-frame-013-land1-land2.png,land,0.5178647,0.31102276,0.53761035,0.3025651,0.49924207,0.3023286,0.56397295,0.3127196,0.47073585,0.31195465,0.5949308,0.36788622,0.4490792,0.37064978,0.5979179,0.4325697,0.44672665,0.44303638,0.52451605,0.489106,0.5129501,0.49434945,0.5866762,0.51405555,0.4813527,0.5161376,0.58819556,0.6187219,0.48745927,0.61998737,0.5958704,0.71614695,0.50096583,0.71988976
ezgif-frame-013-land1.png,land,0.5178647,0.31102276,0.53761035,0.3025651,0.49924207,0.3023286,0.56397295,0.3127196,0.47073585,0.31195465,0.5949308,0.36788622,0.4490792,0.37064978,0.5979179,0.4325697,0.44672665,0.44303638,0.52451605,0.489106,0.5129501,0.49434945,0.5866762,0.51405555,0.4813527,0.5161376,0.58819556,0.6187219,0.48745927,0.61998737,0.5958704,0.71614695,0.50096583,0.71988976
ezgif-frame-013-land2.png,land,0.5335456,0.36608577,0.5520738,0.35442203,0.51086736,0.3567502,0.5805469,0.36644015,0.48085478,0.37163267,0.62448674,0.44207874,0.45130143,0.445956,0.6330876,0.5314347,0.4520484,0.53408444,0.5441561,0.6032744,0.5523735,0.5986833,0.60389704,0.6208844,0.48256066,0.6222886,0.6080964,0.75298613,0.47587463,0.756199,0.6064743,0.8759352,0.47360638,0.875483
ezgif-frame-014-land1-land2.png,land,0.52813756,0.31502247,0.5466002,0.30668315,0.5087855,0.3068453,0.57395154,0.31642294,0.48060578,0.31698468,0.60317594,0.3714341,0.45539418,0.3743838,0.60447514,0.43751055,0.4521171,0.44473276,0.53069526,0.49146795,0.5222508,0.49541727,0.59241337,0.51557976,0.49093488,0.5177269,0.5989978,0.62153184,0.5008564,0.62549764,0.60370016,0.7191275,0.51154655,0.72320724
ezgif-frame-014-land1.png,land,0.52813756,0.31502247,0.5466002,0.30668315,0.5087855,0.3068453,0.57395154,0.31642294,0.48060578,0.31698468,0.60317594,0.3714341,0.45539418,0.3743838,0.60447514,0.43751055,0.4521171,0.44473276,0.53069526,0.49146795,0.5222508,0.49541727,0.59241337,0.51557976,0.49093488,0.5177269,0.5989978,0.62153184,0.5008564,0.62549764,0.60370016,0.7191275,0.51154655,0.72320724
ezgif-frame-014-land2.png,land,0.5323315,0.36100152,0.55170745,0.3498347,0.5086524,0.35150418,0.58207124,0.36235029,0.47485957,0.36605877,0.6319741,0.44269592,0.43787143,0.44508544,0.64104223,0.5383598,0.44169256,0.5397582,0.54085433,0.6181049,0.5587947,0.60975266,0.60652095,0.6404316,0.47060257,0.6415475,0.6147784,0.78160787,0.4657221,0.78528345,0.61337346,0.9096859,0.46291408,0.9138188
ezgif-frame-015-land1-land2.png,land,0.54344845,0.31737906,0.5612533,0.30915216,0.52468854,0.30904892,0.5859329,0.3184392,0.49770808,0.31862825,0.61130995,0.37221617,0.4748084,0.37571055,0.6148304,0.43628058,0.47166792,0.4442319,0.5492148,0.49062526,0.5406157,0.49596432,0.6062017,0.5189402,0.5122161,0.5214394,0.6112846,0.6210188,0.5206782,0.62592494,0.61218596,0.71597344,0.52071846,0.7224508
ezgif-frame-015-land1.png,land,0.54344845,0.31737906,0.5612533,0.30915216,0.52468854,0.30904892,0.5859329,0.3184392,0.49770808,0.31862825,0.61130995,0.37221617,0.4748084,0.37571055,0.6148304,0.43628058,0.47166792,0.4442319,0.5492148,0.49062526,0.5406157,0.49596432,0.6062017,0.5189402,0.5122161,0.5214394,0.6112846,0.6210188,0.5206782,0.62592494,0.61218596,0.71597344,0.52071846,0.7224508
ezgif-frame-015-land2.png,land,0.53972834,0.35571796,0.5605926,0.34380758,0.51424265,0.34572697,0.59308857,0.35744765,0.47815302,0.3618154,0.6455787,0.44317934,0.4396042,0.4471034,0.6567736,0.54508185,0.4477308,0.5501709,0.55657554,0.6316704,0.57131916,0.6241865,0.62063867,0.65019006,0.47634104,0.6517835,0.6236217,0.8027948,0.46825534,0.8061476,0.62032217,0.93818253,0.46779424,0.93970317
ezgif-frame-016-land1-land2.png,land,0.55551547,0.3172851,0.5727677,0.3091296,0.53601545,0.30941415,0.5970146,0.31846264,0.50800025,0.31956336,0.62281305,0.37157393,0.48647827,0.37542474,0.62809527,0.43669614,0.48658016,0.44453183,0.5660194,0.491216,0.55036724,0.496734,0.6178205,0.5146297,0.523967,0.51708484,0.62040716,0.61706114,0.52584076,0.622799,0.619354,0.7133875,0.524994,0.72083026
ezgif-frame-016-land1.png,land,0.55551547,0.3172851,0.5727677,0.3091296,0.53601545,0.30941415,0.5970146,0.31846264,0.50800025,0.31956336,0.62281305,0.37157393,0.48647827,0.37542474,0.62809527,0.43669614,0.48658016,0.44453183,0.5660194,0.491216,0.55036724,0.496734,0.6178205,0.5146297,0.523967,0.51708484,0.62040716,0.61706114,0.52584076,0.622799,0.619354,0.7133875,0.524994,0.72083026
ezgif-frame-016-land2.png,land,0.5228694,0.36879554,0.54194146,0.35557958,0.497714,0.35787702,0.56934845,0.37192562,0.46035066,0.37638974,0.62695587,0.46213934,0.42030132,0.46282852,0.63967437,0.5701594,0.4194165,0.5706277,0.53382283,0.6516156,0.5436225,0.64707017,0.5978245,0.6715568,0.44678107,0.6727106,0.6015231,0.83205014,0.45147493,0.83341885,0.596716,0.97159296,0.45220476,0.9680172
ezgif-frame-017-land1-land2.png,land,0.56788045,0.32039195,0.5845726,0.31204423,0.5479862,0.31247112,0.60696495,0.321951,0.51662976,0.32306173,0.6370378,0.37490088,0.49466428,0.37843555,0.6437424,0.4375526,0.4972853,0.44753593,0.5816695,0.4909869,0.57040614,0.4949872,0.630069,0.51415646,0.5308539,0.516457,0.62796265,0.6175607,0.53313494,0.62088513,0.63116544,0.7134105,0.5466656,0.71935195
ezgif-frame-017-land1.png,land,0.56788045,0.32039195,0.5845726,0.31204423,0.5479862,0.31247112,0.60696495,0.321951,0.51662976,0.32306173,0.6370378,0.37490088,0.49466428,0.37843555,0.6437424,0.4375526,0.4972853,0.44753593,0.5816695,0.4909869,0.57040614,0.4949872,0.630069,0.51415646,0.5308539,0.516457,0.62796265,0.6175607,0.53313494,0.62088513,0.63116544,0.7134105,0.5466656,0.71935195
ezgif-frame-017-land2.png,land,0.4800453,0.42650214,0.50149095,0.4136671,0.4559345,0.414627,0.5306753,0.42542142,0.41880748,0.42777553,0.58087194,0.5102429,0.37439585,0.51318216,0.5967638,0.6172268,0.38762674,0.6202073,0.48456952,0.6976874,0.5021367,0.6987977,0.56243986,0.7190782,0.41575134,0.72047347,0.55604917,0.8777021,0.4052493,0.8833575,0.0,0.0,0.0,0.0
ezgif-frame-018-land1-land2.png,land,0.5742778,0.32435727,0.5914915,0.31594884,0.5548605,0.31623036,0.6148935,0.3249773,0.52478456,0.32575572,0.64479935,0.37720573,0.50316924,0.38106087,0.650862,0.43951368,0.5086734,0.45001304,0.58949804,0.49440843,0.5800534,0.50020665,0.63735193,0.51705074,0.5388498,0.51949567,0.6371976,0.6196728,0.54118854,0.624007,0.6381374,0.7148599,0.55504525,0.72288436
ezgif-frame-018-land1.png,land,0.5742778,0.32435727,0.5914915,0.31594884,0.5548605,0.31623036,0.6148935,0.3249773,0.52478456,0.32575572,0.64479935,0.37720573,0.50316924,0.38106087,0.650862,0.43951368,0.5086734,0.45001304,0.58949804,0.49440843,0.5800534,0.50020665,0.63735193,0.51705074,0.5388498,0.51949567,0.6371976,0.6196728,0.54118854,0.624007,0.6381374,0.7148599,0.55504525,0.72288436
ezgif-frame-018-land2.png,land,0.45281792,0.48189583,0.47328866,0.4692731,0.42996904,0.47141245,0.50427854,0.48098087,0.39830685,0.4856142,0.55034983,0.56157553,0.36216137,0.5653966,0.5617023,0.6599058,0.3675612,0.6639069,0.47101507,0.7401909,0.47572652,0.7357122,0.5284747,0.7526315,0.39294088,0.7543558,0.53654695,0.8986537,0.38193047,0.90270865,0.5296637,0.99299204,0.37664255,0.98645353
ezgif-frame-019-land1-land2.png,land,0.58263636,0.33030927,0.5997893,0.3217128,0.5633294,0.3219852,0.6229896,0.32973155,0.53328025,0.33042794,0.65274674,0.38204482,0.5102863,0.3853271,0.65600216,0.44386104,0.5160657,0.45321193,0.595578,0.4955031,0.5896293,0.50248176,0.6450096,0.5213552,0.54633576,0.5234056,0.6446996,0.6217367,0.546309,0.6250164,0.64221334,0.71634287,0.5640489,0.7224591
ezgif-frame-019-land1.png,land,0.58263636,0.33030927,0.5997893,0.3217128,0.5633294,0.3219852,0.6229896,0.32973155,0.53328025,0.33042794,0.65274674,0.38204482,0.5102863,0.3853271,0.65600216,0.44386104,0.5160657,0.45321193,0.595578,0.4955031,0.5896293,0.50248176,0.6450096,0.5213552,0.54633576,0.5234056,0.6446996,0.6217367,0.546309,0.6250164,0.64221334,0.71634287,0.5640489,0.7224591
ezgif-frame-019-land2.png,land,0.4410464,0.45301366,0.46091986,0.4415146,0.4208652,0.4423908,0.48913264,0.45304996,0.3905341,0.45413694,0.5356773,0.52695435,0.35678455,0.5264081,0.54135835,0.6204093,0.35760742,0.6199364,0.44875717,0.68957096,0.45171085,0.6870416,0.51201457,0.7043993,0.3803961,0.7047516,0.51800585,0.8467236,0.38470408,0.8460856,0.51544034,0.9733309,0.38286322,0.9711852
ezgif-frame-020-land1-land2.png,land,0.59188527,0.3345965,0.60860014,0.32594118,0.57305473,0.32629314,0.6316481,0.33325168,0.5445104,0.33406854,0.6609738,0.38554287,0.52134246,0.38804647,0.66205436,0.4483145,0.5231514,0.45579684,0.6006916,0.4965062,0.59328115,0.5043941,0.6507773,0.5231496,0.5545177,0.5246907,0.6514201,0.6228625,0.5549815,0.6257411,0.64719355,0.71581984,0.56717443,0.72213066
ezgif-frame-020-land1.png,land,0.59188527,0.3345965,0.60860014,0.32594118,0.57305473,0.32629314,0.6316481,0.33325168,0.5445104,0.33406854,0.6609738,0.38554287,0.52134246,0.38804647,0.66205436,0.4483145,0.5231514,0.45579684,0.6006916,0.4965062,0.59328115,0.5043941,0.6507773,0.5231496,0.5545177,0.5246907,0.6514201,0.6228625,0.5549815,0.6257411,0.64719355,0.71581984,0.56717443,0.72213066
ezgif-frame-020-land2.png,land,0.46015725,0.303348,0.4807983,0.29316756,0.43820754,0.29406112,0.5136311,0.3054207,0.40810198,0.30758497,0.5555241,0.37725878,0.37728503,0.38050148,0.5646402,0.4615677,0.380235,0.46896642,0.48434693,0.53171384,0.46987846,0.5358492,0.5302726,0.5487202,0.40794986,0.5495109,0.53325987,0.6801456,0.40435335,0.6814472,0.52552426,0.7995293,0.403433,0.8003985
ezgif-frame-021-land1-land2.png,land,0.5993421,0.33724517,0.6151335,0.32934734,0.5800863,0.3296102,0.6388637,0.3363232,0.5525363,0.3374896,0.6648591,0.3875746,0.5276155,0.39056975,0.66829455,0.4501379,0.53097576,0.45606512,0.6080054,0.49910858,0.594521,0.50545365,0.65607077,0.5217995,0.56299645,0.5237728,0.65513206,0.61713606,0.55821437,0.62354904,0.65213823,0.71406794,0.5692119,0.7189789
ezgif-frame-021-land1.png,land,0.5993421,0.33724517,0.6151335,0.32934734,0.5800863,0.3296102,0.6388637,0.3363232,0.5525363,0.3374896,0.6648591,0.3875746,0.5276155,0.39056975,0.66829455,0.4501379,0.53097576,0.45606512,0.6080054,0.49910858,0.594521,0.50545365,0.65607077,0.5217995,0.56299645,0.5237728,0.65513206,0.61713606,0.55821437,0.62354904,0.65213823,0.71406794,0.5692119,0.7189789
ezgif-frame-021-land2.png,land,0.50777286,0.23435198,0.5257447,0.22427194,0.48737514,0.22554438,0.5518507,0.23855817,0.45914814,0.24128559,0.59147143,0.30970335,0.42994377,0.31223133,0.6003224,0.39268735,0.4335165,0.39592513,0.51835287,0.45886302,0.5310259,0.4568433,0.56767255,0.4748416,0.45358256,0.47571144,0.5706765,0.5971234,0.44987458,0.5992398,0.5686325,0.7041813,0.44646215,0.70474744
ezgif-frame-022-land1-land2.png,land,0.59913814,0.3393786,0.61442995,0.33136252,0.5800195,0.33190042,0.63794774,0.33770758,0.55323917,0.33943358,0.6641786,0.38832685,0.5282827,0.39120236,0.66658443,0.45008183,0.530566,0.4556936,0.6065958,0.49737749,0.59469384,0.5036209,0.65297896,0.5207694,0.56115997,0.5224512,0.6515074,0.61494356,0.5561415,0.6204118,0.6496196,0.71002305,0.5706695,0.7133048
ezgif-frame-022-land1.png,land,0.59913814,0.3393786,0.61442995,0.33136252,0.5800195,0.33190042,0.63794774,0.33770758,0.55323917,0.33943358,0.6641786,0.38832685,0.5282827,0.39120236,0.66658443,0.45008183,0.530566,0.4556936,0.6065958,0.49737749,0.59469384,0.5036209,0.65297896,0.5207694,0.56115997,0.5224512,0.6515074,0.61494356,0.5561415,0.6204118,0.6496196,0.71002305,0.5706695,0.7133048
ezgif-frame-022-land2.png,land,0.6176942,0.23032866,0.63553864,0.2203285,0.596275,0.2214071,0.6596575,0.23346038,0.5644954,0.2358457,0.69525224,0.30227676,0.5365943,0.30572703,0.69989836,0.37773463,0.54326326,0.38515976,0.62030053,0.44089067,0.64167225,0.43932295,0.68252456,0.46256214,0.57007945,0.46395102,0.68182755,0.57752156,0.5515219,0.579625,0.6767728,0.680943,0.54522735,0.68497944
ezgif-frame-023-land1-land2.png,land,0.5948397,0.33970085,0.611131,0.33116987,0.57701427,0.33161274,0.63448167,0.33791655,0.55086,0.33875197,0.6625886,0.38834172,0.52806926,0.3897063,0.6601144,0.44754657,0.52763206,0.45345998,0.6012652,0.49198222,0.5926526,0.4999546,0.64718014,0.5178512,0.5545614,0.5183417,0.64556855,0.6138021,0.54960036,0.61469877,0.64131176,0.70518684,0.5630914,0.7078836
ezgif-frame-023-land1.png,land,0.5948397,0.33970085,0.611131,0.33116987,0.57701427,0.33161274,0.63448167,0.33791655,0.55086,0.33875197,0.6625886,0.38834172,0.52806926,0.3897063,0.6601144,0.44754657,0.52763206,0.45345998,0.6012652,0.49198222,0.5926526,0.4999546,0.64718014,0.5178512,0.5545614,0.5183417,0.64556855,0.6138021,0.54960036,0.61469877,0.64131176,0.70518684,0.5630914,0.7078836
ezgif-frame-023-land2.png,land,0.7067015,0.23227167,0.72233117,0.22345117,0.6852355,0.22463407,0.74518716,0.23583868,0.65408677,0.23871113,0.7794889,0.30374095,0.62436604,0.30543655,0.7913811,0.38183972,0.6380616,0.38273147,0.71211547,0.43742746,0.7305655,0.4348256,0.758476,0.4562675,0.65155435,0.4562978,0.7560249,0.5663602,0.6344988,0.5683091,0.74697846,0.6686425,0.6320975,0.6690686
ezgif-frame-024-land1-land2.png,land,0.59133506,0.33685386,0.6064956,0.32941255,0.57435924,0.32931802,0.62788206,0.33710375,0.549317,0.3373997,0.6505304,0.3846657,0.52464914,0.38711375,0.6533721,0.44404405,0.52926135,0.44973174,0.5991825,0.48918226,0.59452397,0.4957745,0.6417131,0.50999224,0.55450755,0.5113477,0.63768446,0.6043036,0.5432093,0.60752153,0.63188857,0.69546795,0.5517385,0.69798124
ezgif-frame-024-land1.png,land,0.59133506,0.33685386,0.6064956,0.32941255,0.57435924,0.32931802,0.62788206,0.33710375,0.549317,0.3373997,0.6505304,0.3846657,0.52464914,0.38711375,0.6533721,0.44404405,0.52926135,0.44973174,0.5991825,0.48918226,0.59452397,0.4957745,0.6417131,0.50999224,0.55450755,0.5113477,0.63768446,0.6043036,0.5432093,0.60752153,0.63188857,0.69546795,0.5517385,0.69798124
ezgif-frame-024-land2.png,land,0.6848141,0.23463416,0.6998706,0.22571726,0.66440344,0.22734939,0.7236218,0.23710485,0.63636947,0.24102558,0.76074106,0.30210423,0.6096822,0.30535215,0.7752094,0.3781681,0.6222905,0.3810658,0.7003645,0.4320298,0.71112007,0.43310782,0.741317,0.45062312,0.63754904,0.45163405,0.7420572,0.558217,0.6244633,0.56324536,0.731948,0.657223,0.61740905,0.6594513
ezgif-frame-025-land1-land2.png,land,0.5830646,0.3327969,0.5983946,0.32425284,0.5664817,0.3252975,0.62347174,0.32827657,0.5435184,0.3304997,0.6491562,0.37902522,0.52368075,0.38134652,0.64795816,0.4392619,0.51737624,0.4442079,0.5879677,0.48405728,0.58357346,0.4885839,0.6320184,0.50979763,0.5459381,0.5103283,0.6261558,0.60275686,0.5475163,0.60069376,0.63513917,0.69106025,0.54650545,0.68682384
ezgif-frame-025-land1.png,land,0.5830646,0.3327969,0.5983946,0.32425284,0.5664817,0.3252975,0.62347174,0.32827657,0.5435184,0.3304997,0.6491562,0.37902522,0.52368075,0.38134652,0.64795816,0.4392619,0.51737624,0.4442079,0.5879677,0.48405728,0.58357346,0.4885839,0.6320184,0.50979763,0.5459381,0.5103283,0.6261558,0.60275686,0.5475163,0.60069376,0.63513917,0.69106025,0.54650545,0.68682384
ezgif-frame-025-land2.png,land,0.53553236,0.2192978,0.5541996,0.21121559,0.5169829,0.21070078,0.57933193,0.22437252,0.48750094,0.22322655,0.6130994,0.28565174,0.45615664,0.2877596,0.6221576,0.35260075,0.46728396,0.36210164,0.54451203,0.40866733,0.55885047,0.41398647,0.5994759,0.4336347,0.48931554,0.4342741,0.60399234,0.5408968,0.47488174,0.5401206,0.6023115,0.63801295,0.47966358,0.6412519
ezgif-frame-026-land1-land2.png,land,0.5829228,0.33266902,0.59753466,0.3242458,0.56601685,0.32541823,0.6205804,0.3285102,0.5416763,0.33107597,0.64558554,0.37861404,0.5209276,0.3816317,0.64695185,0.43608752,0.5130757,0.44252688,0.5862623,0.4802621,0.57960504,0.48573056,0.6276862,0.5076935,0.54271466,0.5085954,0.62311685,0.59828246,0.54656917,0.59705657,0.6283793,0.6846307,0.544466,0.6814845
ezgif-frame-026-land1.png,land,0.5829228,0.33266902,0.59753466,0.3242458,0.56601685,0.32541823,0.6205804,0.3285102,0.5416763,0.33107597,0.64558554,0.37861404,0.5209276,0.3816317,0.64695185,0.43608752,0.5130757,0.44252688,0.5862623,0.4802621,0.57960504,0.48573056,0.6276862,0.5076935,0.54271466,0.5085954,0.62311685,0.59828246,0.54656917,0.59705657,0.6283793,0.6846307,0.544466,0.6814845
ezgif-frame-026-land2.png,land,0.34973404,0.24075238,0.36624962,0.2312409,0.33173645,0.23220176,0.3900979,0.24095623,0.30653894,0.2428805,0.42383692,0.30326453,0.28146142,0.30536798,0.43439212,0.3738265,0.28245848,0.37824407,0.36946172,0.42828146,0.36719006,0.43244186,0.40926355,0.44758603,0.31113032,0.44826576,0.41613778,0.5549999,0.3093561,0.5548323,0.41218218,0.64503455,0.305178,0.64396584
ezgif-frame-027-land1-land2.png,land,0.5855383,0.3362029,0.6007193,0.32791707,0.56898224,0.32882017,0.62449247,0.33179605,0.54497594,0.33365923,0.6479218,0.38056865,0.5242258,0.3829152,0.64673144,0.4382451,0.5197706,0.44363856,0.58657724,0.48257414,0.58327734,0.48684165,0.63116366,0.50740427,0.5466262,0.50808376,0.626064,0.5969564,0.55271065,0.59540236,0.6315829,0.68289757,0.5500668,0.6792138
ezgif-frame-027-land1.png,land,0.5855383,0.3362029,0.6007193,0.32791707,0.56898224,0.32882017,0.62449247,0.33179605,0.54497594,0.33365923,0.6479218,0.38056865,0.5242258,0.3829152,0.64673144,0.4382451,0.5197706,0.44363856,0.58657724,0.48257414,0.58327734,0.48684165,0.63116366,0.50740427,0.5466262,0.50808376,0.626064,0.5969564,0.55271065,0.59540236,0.6315829,0.68289757,0.5500668,0.6792138
ezgif-frame-027-land2.png,land,0.42915186,0.3359856,0.44426546,0.32648355,0.41183186,0.32756022,0.4669772,0.33484483,0.38772497,0.33698303,0.50061274,0.3941972,0.36257488,0.3953972,0.5083588,0.46518123,0.36367396,0.4661794,0.4372555,0.516263,0.44257787,0.5160865,0.48143294,0.52666545,0.38593966,0.5271951,0.4907447,0.6322829,0.38736674,0.6337546,0.48843548,0.7197096,0.38569692,0.7204629
ezgif-frame-028-land1-land2.png,land,0.5896813,0.343667,0.6060454,0.3360455,0.575209,0.33564225,0.63098705,0.34011632,0.55221236,0.33916137,0.6545253,0.38548794,0.5264829,0.3863198,0.64780056,0.4415356,0.53027856,0.44599268,0.5936739,0.48768276,0.59199446,0.4906219,0.63566166,0.5074805,0.54637307,0.50735945,0.6331945,0.5978434,0.54993796,0.5935731,0.6307279,0.68391544,0.5527193,0.6771465
ezgif-frame-028-land1.png,land,0.5896813,0.343667,0.6060454,0.3360455,0.575209,0.33564225,0.63098705,0.34011632,0.55221236,0.33916137,0.6545253,0.38548794,0.5264829,0.3863198,0.64780056,0.4415356,0.53027856,0.44599268,0.5936739,0.48768276,0.59199446,0.4906219,0.63566166,0.5074805,0.54637307,0.50735945,0.6331945,0.5978434,0.54993796,0.5935731,0.6307279,0.68391544,0.5527193,0.6771465
ezgif-frame-028-land2.png,land,0.6023751,0.3972354,0.61573374,0.38781488,0.5840197,0.38886026,0.6299998,0.39537576,0.54886585,0.39701426,0.65911895,0.45161477,0.5176046,0.4525202,0.6692233,0.51895213,0.5197516,0.5229192,0.5964501,0.573348,0.598887,0.57225746,0.6452233,0.5857975,0.5461434,0.58597815,0.6485034,0.68691766,0.534849,0.6849159,0.6461149,0.78008765,0.5327077,0.7765689
ezgif-frame-029-land1-land2.png,land,0.5919534,0.34664124,0.60786146,0.3391239,0.5775077,0.3389577,0.6326112,0.34311572,0.555107,0.34275115,0.656354,0.38753232,0.53034097,0.388668,0.6491629,0.44443145,0.53261966,0.44822794,0.59741265,0.48807344,0.5928079,0.4915769,0.6381933,0.5082643,0.55042994,0.5084389,0.6340094,0.5976931,0.5529941,0.5947902,0.6305106,0.6818955,0.55488986,0.6774864
ezgif-frame-029-land1.png,land,0.5919534,0.34664124,0.60786146,0.3391239,0.5775077,0.3389577,0.6326112,0.34311572,0.555107,0.34275115,0.656354,0.38753232,0.53034097,0.388668,0.6491629,0.44443145,0.53261966,0.44822794,0.59741265,0.48807344,0.5928079,0.4915769,0.6381933,0.5082643,0.55042994,0.5084389,0.6340094,0.5976931,0.5529941,0.5947902,0.6305106,0.6818955,0.55488986,0.6774864
ezgif-frame-029-land2.png,land,0.6789615,0.40438783,0.6945627,0.39644,0.66244745,0.39719057,0.72108626,0.40658054,0.6409551,0.40832618,0.7542227,0.46424598,0.6139188,0.46544227,0.7568255,0.5321066,0.61482257,0.53360164,0.6845291,0.5802603,0.6832293,0.5806037,0.7326557,0.59465903,0.6363842,0.5946031,0.73497725,0.6969158,0.62447345,0.6979803,0.73110515,0.7899754,0.6264413,0.7889098
ezgif-frame-030-land1-land2.png,land,0.5941761,0.34645486,0.6098227,0.33905423,0.5797449,0.3389175,0.63393265,0.34342584,0.5572618,0.34312457,0.6576405,0.3878357,0.53201485,0.38889876,0.6509575,0.44500896,0.53465927,0.4483731,0.6007631,0.48795864,0.5930126,0.49167034,0.6396774,0.5073843,0.5522095,0.5076272,0.63487405,0.5965534,0.5539621,0.5942112,0.6314558,0.6800864,0.55692387,0.6766563
ezgif-frame-030-land2.png,land,0.62927395,0.3598043,0.6456692,0.3519125,0.6140983,0.35225648,0.6702086,0.36383978,0.5939531,0.36438647,0.6994622,0.42028865,0.5675621,0.42248386,0.7045004,0.48178697,0.5684144,0.490022,0.63690275,0.53152907,0.63897413,0.53715545,0.67810977,0.55454355,0.58552736,0.5548789,0.6876108,0.6578243,0.582174,0.65676045,0.68992937,0.74941796,0.58233035,0.7493217
ezgif-frame-031-land1-land2.png,land,0.5996116,0.34689268,0.61491865,0.33921447,0.58419544,0.33936307,0.6376464,0.34322217,0.5599276,0.3436125,0.65945214,0.38747174,0.53595436,0.38871518,0.65234244,0.44455713,0.5385797,0.4478612,0.60380393,0.4868773,0.5950376,0.49199533,0.6423195,0.50624454,0.5564113,0.50648355,0.6379303,0.5948681,0.5575263,0.59211284,0.6335978,0.6789465,0.5605923,0.6748255
ezgif-frame-031-land2.png,land,0.5908576,0.2923409,0.6066743,0.28435868,0.5753838,0.28545973,0.63303655,0.29518318,0.5565497,0.2978077,0.6644575,0.3496313,0.528389,0.35366058,0.669114,0.4140888,0.5320689,0.42122966,0.6046592,0.46489522,0.6039105,0.4670453,0.64513475,0.48220626,0.54983085,0.48352918,0.6480853,0.5880334,0.5347909,0.59126073,0.645464,0.6846878,0.54336387,0.6845719
ezgif-frame-032-land1-land2.png,land,0.6018316,0.3462628,0.61709696,0.33863664,0.5866056,0.3387313,0.6397349,0.3427291,0.5627087,0.34300727,0.6612536,0.387219,0.53918064,0.38826275,0.65406334,0.44413576,0.5408341,0.44688803,0.60626304,0.4857357,0.59501874,0.49082503,0.6444455,0.5061096,0.5596782,0.5063145,0.6390657,0.5946643,0.56168705,0.59205455,0.63551414,0.6782032,0.56492156,0.6745006
ezgif-frame-032-land2.png,land,0.54868644,0.24535893,0.5658963,0.2376647,0.5341283,0.23788196,0.59206194,0.25129429,0.51463085,0.25159702,0.62354696,0.30705994,0.48491588,0.3090045,0.6246454,0.37288013,0.49135435,0.37601438,0.5526456,0.4235114,0.5676511,0.41933277,0.60453975,0.4392208,0.5057502,0.43992516,0.6118177,0.54546,0.497382,0.5462931,0.60668635,0.6435053,0.5050516,0.6428544
ezgif-frame-033-land1-land2.png,land,0.5984124,0.34682226,0.61435145,0.3394,0.5836637,0.3392104,0.63840246,0.3439767,0.5606316,0.34353966,0.66031665,0.38798425,0.53642166,0.38880852,0.6527281,0.44486782,0.5391629,0.44784787,0.604158,0.48627508,0.5943551,0.49148464,0.6434384,0.50643367,0.5571461,0.5066119,0.63815194,0.5954388,0.55724007,0.5933395,0.6335809,0.67858267,0.5611534,0.675813
ezgif-frame-033-land2.png,land,0.5288419,0.2298524,0.54402393,0.22237454,0.5127932,0.22340718,0.5683532,0.23401809,0.49372387,0.23654431,0.59844464,0.29050502,0.46703026,0.29284674,0.60652035,0.35614038,0.47124523,0.356737,0.536581,0.40338427,0.54836744,0.39961612,0.5826959,0.42707396,0.4905745,0.42802855,0.5860213,0.52895916,0.4830106,0.5321259,0.58296806,0.62609047,0.48452413,0.62521464
ezgif-frame-034-land1-land2.png,land,0.5920614,0.34772623,0.6079328,0.34057188,0.5784042,0.34024644,0.63286954,0.34544936,0.5573338,0.34472752,0.655814,0.38945118,0.5326265,0.39055973,0.64931995,0.44599432,0.53359205,0.4496007,0.5964923,0.48832357,0.59186697,0.49197063,0.6370934,0.50830954,0.55131805,0.5085946,0.6328371,0.59680104,0.55351275,0.59499854,0.629027,0.68013275,0.55448014,0.67773247
ezgif-frame-034-land2.png,land,0.5923098,0.23335558,0.6081583,0.22517508,0.57601744,0.22615379,0.63257515,0.23722693,0.5545619,0.23890497,0.6673477,0.2939688,0.53233093,0.2952102,0.6744573,0.3556297,0.5362126,0.35835552,0.60228324,0.40404978,0.6088583,0.39920735,0.6456697,0.42538744,0.55063975,0.42525628,0.65004945,0.5300869,0.54750454,0.5290237,0.6460235,0.62584114,0.54420847,0.62514687
ezgif-frame-035-land1-land2.png,land,0.5847275,0.34804308,0.6006406,0.3412524,0.5709089,0.34094995,0.62540096,0.34688324,0.55036825,0.34579659,0.6457572,0.39063197,0.5266561,0.39143988,0.6374257,0.44355705,0.5246785,0.44941428,0.5844828,0.4878562,0.5797332,0.49164915,0.62727964,0.50913143,0.54497296,0.5092982,0.6209685,0.597242,0.5475595,0.5961677,0.624181,0.68101937,0.5535394,0.67796206
ezgif-frame-035-land2.png,land,0.63690954,0.24782248,0.65115875,0.24015532,0.6215078,0.24086607,0.67179525,0.2515875,0.59963846,0.2530949,0.70246506,0.30553582,0.572533,0.30751944,0.7112112,0.36646694,0.5733313,0.37135026,0.65136456,0.41452432,0.64826846,0.41615942,0.68416643,0.436915,0.5933716,0.4375197,0.69044226,0.54174536,0.5858834,0.5415394,0.68221426,0.6370837,0.58581406,0.6365514
ezgif-frame-036-land1-land2.png,land,0.57470256,0.34733,0.59087217,0.3396128,0.55875254,0.3401144,0.61631805,0.34488273,0.5364896,0.34570432,0.63637465,0.39125636,0.5187001,0.39287063,0.63139,0.44678247,0.51253587,0.45118323,0.5736512,0.48835942,0.5716382,0.4900568,0.61817944,0.5108724,0.5372361,0.5112132,0.6115035,0.59714997,0.53803,0.5965341,0.61862224,0.6799672,0.53907704,0.6775778
ezgif-frame-036-land2.png,land,0.59048814,0.29968545,0.6046945,0.29276106,0.5720721,0.29393038,0.6290166,0.3059098,0.54814464,0.30883348,0.6614728,0.36015755,0.5226208,0.36203483,0.6667086,0.41583243,0.52696157,0.4203085,0.60919255,0.45929307,0.60123813,0.46100318,0.6435285,0.4838914,0.54752254,0.48482326,0.64834887,0.58471817,0.5376436,0.58768666,0.6449025,0.6824569,0.54099953,0.68275815
ezgif-frame-037-land1-land2.png,land,0.56597203,0.34961775,0.5825878,0.34261435,0.5520033,0.34184408,0.60587263,0.3495189,0.5295076,0.34769452,0.62276584,0.39521828,0.5054798,0.39427492,0.6151513,0.45113665,0.5057092,0.45147502,0.5651552,0.49000224,0.5541647,0.49495003,0.6052991,0.5125949,0.52364755,0.512054,0.60300356,0.60064954,0.52578706,0.5974616,0.59984213,0.6832484,0.5333706,0.67906266
ezgif-frame-037-land2.png,land,0.44461948,0.35127062,0.45880312,0.34353197,0.4287582,0.34484643,0.4801582,0.3540515,0.40703872,0.35686532,0.5090193,0.40495113,0.38438427,0.4083627,0.51569194,0.46307597,0.38121638,0.47141457,0.4652238,0.50776345,0.45359623,0.5147972,0.49295896,0.5323984,0.40592492,0.5337302,0.49914944,0.6350721,0.40271005,0.63519675,0.49396515,0.73166394,0.39813837,0.7293228
ezgif-frame-038-land1-land2.png,land,0.5533413,0.3503659,0.56970227,0.34321666,0.5395481,0.34266952,0.59466904,0.349307,0.51832664,0.34799087,0.6151944,0.39509344,0.4929308,0.39375404,0.60395205,0.45338637,0.49130303,0.45187333,0.54978216,0.49241048,0.5451616,0.49646008,0.5940664,0.5118198,0.50906885,0.5110288,0.5921913,0.60113037,0.5130947,0.5976371,0.5852898,0.6841693,0.5175665,0.68018687
ezgif-frame-038-land2.png,land,0.4195499,0.42900226,0.43503958,0.42094532,0.4046228,0.42171782,0.46062645,0.43172023,0.386538,0.43311885,0.49340388,0.48602244,0.36315167,0.4880521,0.49426204,0.5450733,0.3652308,0.5527915,0.4332819,0.5910583,0.4312105,0.5964209,0.46769696,0.6114895,0.37614733,0.61184895,0.47303164,0.7166299,0.369344,0.71799845,0.47061905,0.81074786,0.37222067,0.8148227
ezgif-frame-039-land1-land2.png,land,0.54807067,0.35081133,0.56455797,0.3433587,0.53364235,0.34293398,0.5894643,0.3487872,0.5112826,0.34769455,0.6098138,0.39608383,0.4864712,0.39470178,0.6012024,0.45319575,0.48338372,0.45115748,0.5411152,0.49052384,0.5407017,0.4933732,0.5868795,0.5148316,0.5013529,0.51406795,0.5835606,0.6031052,0.5061124,0.5999822,0.5838602,0.6856763,0.5069831,0.6824203
ezgif-frame-039-land2.png,land,0.43944296,0.47871682,0.45453545,0.4702665,0.4239934,0.4711136,0.47941855,0.47918826,0.4060965,0.4810771,0.5101928,0.53344476,0.3841499,0.53535515,0.51096255,0.59674597,0.3825862,0.60121757,0.44704953,0.6479119,0.44969326,0.65006125,0.48732096,0.6651212,0.39889988,0.66532505,0.48928767,0.76691437,0.394856,0.76748186,0.48697963,0.85848516,0.39197615,0.85785395
ezgif-frame-040-land1-land2.png,land,0.5407799,0.35158706,0.5574415,0.34455386,0.5274976,0.34411383,0.58371794,0.34988338,0.5082445,0.348342,0.6024402,0.39655462,0.484253,0.39469883,0.5934204,0.45186692,0.47560912,0.45107105,0.5334812,0.49125585,0.53174484,0.4942524,0.5799772,0.5163392,0.49859932,0.51537704,0.5733123,0.60431963,0.50180286,0.6021811,0.582049,0.687468,0.505178,0.6844449
ezgif-frame-040-land2.png,land,0.47167224,0.49457455,0.48582092,0.48606816,0.4575123,0.4871341,0.5093754,0.49420547,0.44030547,0.4965559,0.5411464,0.5482949,0.4141905,0.5502064,0.54510015,0.6165309,0.41519937,0.6178039,0.48210278,0.66636205,0.48654348,0.66678894,0.51758945,0.6788925,0.42828208,0.67914104,0.5268179,0.78280336,0.41882813,0.78330296,0.520026,0.87709576,0.41746235,0.87276673
ezgif-frame-041-land1-land2.png,land,0.5396501,0.35193086,0.55649614,0.34488082,0.52646077,0.34441793,0.5834648,0.35022426,0.50771976,0.34863266,0.602343,0.39689806,0.4842224,0.3949089,0.5919932,0.4523441,0.47527218,0.45099217,0.5304158,0.4922989,0.531353,0.4944563,0.5792527,0.5165018,0.49782556,0.51548254,0.5730375,0.6049191,0.5012584,0.6028504,0.5822542,0.6883169,0.5055913,0.68552035
ezgif-frame-041-land2.png,land,0.49757972,0.48711678,0.5125241,0.47836316,0.4824845,0.47903308,0.5350303,0.48745537,0.46244255,0.48834372,0.5702788,0.5429664,0.4369716,0.5425251,0.57519495,0.6101503,0.43835795,0.61095375,0.5047401,0.6557656,0.5097612,0.65742505,0.5464627,0.6723927,0.45224574,0.671435,0.5518682,0.7796157,0.44794536,0.77720475,0.54711246,0.8691212,0.44696027,0.8673275
ezgif-frame-042-land1-land2.png,land,0.54418063,0.35201812,0.5614542,0.3446915,0.53037614,0.34394416,0.5876174,0.34984192,0.5086838,0.34792852,0.6065862,0.39634064,0.48294225,0.39428842,0.59621775,0.4526513,0.481588,0.4498062,0.533634,0.49200284,0.5363516,0.49366656,0.58287865,0.514878,0.49698117,0.51386356,0.5790578,0.6048032,0.5039307,0.60145754,0.58313674,0.6885608,0.5052466,0.68496335
ezgif-frame-042-land2.png,land,0.51038903,0.47125065,0.524853,0.46248928,0.49407348,0.46357045,0.5477707,0.47183478,0.4725168,0.47379065,0.5818603,0.5283158,0.4496353,0.528549,0.58836323,0.59594667,0.45264265,0.5978976,0.52454317,0.644182,0.5279431,0.6464178,0.5593673,0.65680236,0.46747357,0.6562773,0.56182474,0.7631997,0.46322873,0.76204336,0.56058055,0.8592869,0.46109316,0.8591512
ezgif-frame-043-land1-land2.png,land,0.54866534,0.3516438,0.56573147,0.34424296,0.53478926,0.34360614,0.5920787,0.3493595,0.5133022,0.34773797,0.61319655,0.39631656,0.48718983,0.39429072,0.6021348,0.45439962,0.48411527,0.45105934,0.5386876,0.49286443,0.5403426,0.49498615,0.5906234,0.51555705,0.50301087,0.5145144,0.5875834,0.60526,0.5080957,0.60163033,0.58683145,0.68990105,0.5087361,0.686174
ezgif-frame-043-land2.png,land,0.5572257,0.4566965,0.5708099,0.44779214,0.5407268,0.4494065,0.59161115,0.4573471,0.5190329,0.46101764,0.6248982,0.5125718,0.49344394,0.51597595,0.6368105,0.5801423,0.5037587,0.5854765,0.5759518,0.6292043,0.5831741,0.6340733,0.6054087,0.64519876,0.5127244,0.6460644,0.61137223,0.7496724,0.50048596,0.7514461,0.60560143,0.8465609,0.5011474,0.84479696
ezgif-frame-044-land1-land2.png,land,0.5529546,0.35136166,0.570395,0.34384754,0.5386262,0.34318694,0.59716016,0.3492171,0.5165509,0.34753016,0.61730814,0.3965624,0.49065572,0.39402327,0.6049706,0.45655012,0.48694232,0.45127082,0.5398115,0.49476412,0.54287356,0.49582028,0.5943648,0.51507866,0.5062928,0.51403344,0.59403443,0.6054446,0.5148205,0.6022974,0.5909108,0.69064695,0.5122666,0.68805665
ezgif-frame-044-land2.png,land,0.5839187,0.45373803,0.597402,0.44573566,0.565947,0.44685408,0.6187566,0.45568502,0.54145765,0.45829314,0.6528875,0.51282346,0.5166601,0.51408774,0.6626579,0.5812403,0.5280259,0.582519,0.5995442,0.63047636,0.6102294,0.6302173,0.6369074,0.646325,0.5429232,0.6464128,0.63584405,0.7492266,0.5276233,0.7503738,0.63088185,0.84192944,0.52557844,0.8424959
ezgif-frame-045-land1-land2.png,land,0.55479956,0.35058334,0.5728794,0.343117,0.5403936,0.34219146,0.6003087,0.34907618,0.51810336,0.3467318,0.6197698,0.39684582,0.49261037,0.39418718,0.6072434,0.45684433,0.4891792,0.4524025,0.5431011,0.49596143,0.54447323,0.49797213,0.5980746,0.51733804,0.5095447,0.5162245,0.59831834,0.6082236,0.5176188,0.60491234,0.59206766,0.6942622,0.5134018,0.6913801
ezgif-frame-045-land2.png,land,0.5789263,0.448409,0.59233963,0.44027978,0.56098574,0.44097337,0.6129775,0.44970888,0.535206,0.4516177,0.6462745,0.5048743,0.51068705,0.5072707,0.6597235,0.5726167,0.5262438,0.57791215,0.5968111,0.61985517,0.6108016,0.62273335,0.631626,0.6351577,0.5380495,0.6360276,0.6309488,0.73868585,0.526429,0.74108213,0.624976,0.83415425,0.52017564,0.83677846
ezgif-frame-046-land1-land2.png,land,0.5554428,0.34845456,0.5744097,0.34113207,0.54056686,0.3400681,0.6031284,0.3474314,0.51827127,0.34438685,0.6209008,0.395105,0.49371496,0.39281353,0.60616475,0.45439008,0.48835295,0.4544709,0.5423939,0.4971475,0.54180324,0.5008966,0.5989829,0.5190276,0.51133424,0.51799875,0.59676176,0.6110754,0.5176816,0.60886884,0.5930888,0.6989753,0.5179216,0.6961258
ezgif-frame-046-land2.png,land,0.54856324,0.43147567,0.5618606,0.42215335,0.53073525,0.42338967,0.5807456,0.42929697,0.50547385,0.43223712,0.6121924,0.48527575,0.4824576,0.48841414,0.62578315,0.552164,0.49649945,0.5577912,0.5657886,0.6058132,0.5779871,0.60803175,0.595883,0.62092763,0.5052309,0.62172455,0.5994258,0.7226308,0.49386355,0.7241795,0.59242874,0.8132813,0.48996073,0.81369585
ezgif-frame-047-land1-land2.png,land,0.55774015,0.34701613,0.57462853,0.34014368,0.5437313,0.33899656,0.599171,0.3490667,0.5235323,0.34664264,0.6204607,0.39532363,0.4979512,0.39477593,0.6132444,0.4545531,0.49424306,0.45636496,0.5532289,0.5003153,0.5455691,0.50573385,0.6034796,0.5199617,0.51754606,0.5195177,0.60627997,0.6163081,0.512799,0.6144625,0.5970767,0.70647347,0.5182263,0.7051545
ezgif-frame-047-land2.png,land,0.5130685,0.41600254,0.52588236,0.4082055,0.49550363,0.409453,0.5460783,0.41799825,0.4713099,0.4211372,0.57893836,0.4724168,0.44788978,0.4759367,0.5923325,0.5367249,0.46182862,0.54207116,0.53108686,0.5868516,0.54298794,0.5870865,0.56644106,0.6001228,0.47637784,0.6013763,0.56184596,0.699565,0.46025267,0.70278704,0.5565595,0.79045004,0.4584854,0.7923857
ezgif-frame-048-land1-land2.png,land,0.561562,0.34852773,0.57874894,0.34167844,0.5482196,0.34061822,0.60416967,0.35078946,0.52907217,0.34858045,0.625571,0.3966074,0.50229216,0.3976784,0.61695296,0.45652395,0.49781233,0.46122372,0.5601686,0.5049196,0.54891074,0.50989586,0.6085201,0.5225951,0.522468,0.52293855,0.6105906,0.622815,0.51834726,0.62220097,0.59952784,0.71626717,0.52535874,0.7146068
ezgif-frame-048-land2.png,land,0.47778714,0.40962696,0.4941203,0.40114358,0.46359456,0.40174222,0.5196992,0.40596095,0.44287604,0.4073264,0.54406184,0.45610818,0.41903272,0.46021232,0.55255795,0.51791304,0.4330008,0.52530086,0.50890994,0.560272,0.51434004,0.56549466,0.5253541,0.5846318,0.43825617,0.586319,0.52537733,0.6769379,0.43040353,0.67809343,0.5233981,0.75876373,0.43282574,0.76063144
ezgif-frame-049-land1-land2.png,land,0.56764024,0.35129485,0.58509696,0.3442801,0.55374223,0.34356287,0.61157656,0.35361984,0.53422135,0.35211596,0.63441306,0.40088812,0.5070137,0.402024,0.6272201,0.46287307,0.50082207,0.46602327,0.5639069,0.51220006,0.5567331,0.51506275,0.6160909,0.5307177,0.52756786,0.5311015,0.6171617,0.6323982,0.5239793,0.632711,0.6092879,0.7277943,0.5320754,0.72653705
ezgif-frame-049-land2.png,land,0.45110986,0.39023322,0.46722478,0.38281187,0.43848175,0.38292447,0.49217546,0.39016226,0.42055944,0.39036036,0.51682955,0.44045782,0.39582697,0.4429686,0.52147263,0.50480276,0.40799475,0.5085578,0.47810033,0.54484284,0.4838612,0.5468871,0.50052077,0.56308204,0.4153504,0.5642166,0.49889028,0.654452,0.4079154,0.6544842,0.49779135,0.733178,0.40607578,0.7338503
ezgif-frame-050-land1-land2.png,land,0.5735986,0.3524601,0.5916028,0.34537205,0.5580738,0.34462246,0.61853844,0.35540318,0.53679127,0.35393077,0.64104325,0.4051555,0.5094506,0.4051047,0.6350429,0.46787867,0.5029761,0.4686787,0.5702278,0.5177684,0.55495197,0.52160996,0.6222647,0.54114497,0.530585,0.5409653,0.6217525,0.6414281,0.52531207,0.6426672,0.6163177,0.73632467,0.5328527,0.73696023
ezgif-frame-050-land2.png,land,0.43909216,0.3883249,0.45138437,0.3803702,0.42416224,0.38174817,0.47123495,0.38576925,0.4036326,0.3894782,0.50072587,0.43567204,0.3842751,0.4398392,0.50389564,0.49669397,0.39251843,0.4999451,0.46809748,0.5355861,0.46633065,0.53899956,0.48423463,0.5552819,0.40152282,0.5569683,0.48185888,0.64570034,0.39631715,0.64540106,0.4812915,0.72229487,0.3911115,0.7234213
ezgif-frame-051-land2.png,land,0.4295735,0.3758897,0.44278914,0.36791456,0.4141367,0.36905178,0.46395534,0.37401664,0.39269885,0.37700438,0.49032748,0.42389297,0.37448913,0.42693424,0.4894938,0.48472524,0.38144568,0.48680153,0.44788364,0.52376723,0.45484173,0.5289855,0.47623083,0.54113203,0.39416838,0.5423691,0.47446293,0.6309128,0.39066514,0.63008744,0.47069767,0.70973605,0.38580576,0.70987046
ezgif-frame-052-land2.png,land,0.43188006,0.34200302,0.44358578,0.33406648,0.4162272,0.33549502,0.4611269,0.3402902,0.39330244,0.34402055,0.48960894,0.39030686,0.37259418,0.39426374,0.4918155,0.45171165,0.3836367,0.4544196,0.4510021,0.49064866,0.45821857,0.49352947,0.47621962,0.50749207,0.39315426,0.5091995,0.47382346,0.5997696,0.387429,0.5996978,0.46977395,0.6806145,0.38336822,0.68135804
ezgif-frame-053-land2.png,land,0.43034747,0.32340467,0.4428343,0.31534567,0.414639,0.3167738,0.46276286,0.32139105,0.39280498,0.32516435,0.49135205,0.3718842,0.37463197,0.375723,0.4932105,0.4337146,0.38282835,0.43646574,0.4510208,0.47336084,0.4578177,0.47725478,0.47779346,0.4913599,0.3951771,0.49289355,0.47562227,0.58288634,0.39131156,0.5819458,0.475957,0.6618261,0.39031136,0.66143477
ezgif-frame-054-land2.png,land,0.44835705,0.3333538,0.46001863,0.32559446,0.4331482,0.32738563,0.48025507,0.33259138,0.41309512,0.33681083,0.50979227,0.38299033,0.3918257,0.38767695,0.5126932,0.4418099,0.40220475,0.44844773,0.46684235,0.48500073,0.48174125,0.4907609,0.49425188,0.50093997,0.41101596,0.50314623,0.49230194,0.591328,0.40592083,0.5947516,0.49568048,0.674408,0.40669703,0.6783433
ezgif-frame-055-land2.png,land,0.54933566,0.33969972,0.56171244,0.331473,0.5336003,0.33307892,0.58148015,0.3367319,0.5106147,0.3408023,0.60874194,0.38651463,0.48955357,0.39114332,0.61017525,0.44876993,0.505566,0.45298314,0.5643246,0.4942301,0.5834145,0.4955671,0.5941897,0.50628746,0.5091405,0.5080345,0.59193224,0.59580964,0.50268704,0.5956268,0.5910394,0.67520106,0.5002658,0.6744273
ezgif-frame-056-land2.png,land,0.6726647,0.3379633,0.68803453,0.33068225,0.6600798,0.33094198,0.7123835,0.3369272,0.6419759,0.33704758,0.73542804,0.3851544,0.62001073,0.38688672,0.7436623,0.44587117,0.6283096,0.45072067,0.6986473,0.48770824,0.70588046,0.48848778,0.72056973,0.50731313,0.63993,0.5075075,0.72303677,0.59083295,0.62674415,0.58860326,0.72155076,0.6674345,0.6282451,0.6626277
ezgif-frame-057-land2.png,land,0.8024485,0.33004683,0.8152146,0.3215696,0.7850217,0.3234949,0.836348,0.32789806,0.7608254,0.33229122,0.863605,0.38077453,0.74174607,0.3842892,0.8687286,0.43833578,0.7469268,0.4456036,0.82374066,0.4798523,0.8340812,0.4897023,0.8452283,0.5030449,0.7604299,0.5038033,0.83945394,0.5926198,0.7534317,0.59078354,0.84246993,0.6730051,0.7523175,0.6684656
ezgif-frame-058-land2.png,land,0.83599746,0.3225849,0.85190296,0.3146202,0.82151914,0.3151281,0.8777974,0.3212845,0.8023091,0.3220083,0.90243757,0.37307382,0.78296125,0.37506634,0.9125824,0.4342267,0.78125954,0.44087344,0.8588848,0.47464886,0.8633876,0.4810328,0.8851435,0.49793795,0.8024294,0.49832207,0.88179594,0.58600014,0.7904754,0.5855586,0.8866614,0.6675051,0.78751755,0.6657942
ezgif-frame-059-land2.png,land,0.5710923,0.33364388,0.5847707,0.32580477,0.5560005,0.32690743,0.6079967,0.3316353,0.5358643,0.33389008,0.63638234,0.3810761,0.5171703,0.38378048,0.6483375,0.4363383,0.5176183,0.4434906,0.59538406,0.47340924,0.5969196,0.48646742,0.6221001,0.5031655,0.53903615,0.50415766,0.6243381,0.58741456,0.52513564,0.58881944,0.6275123,0.6674106,0.52915835,0.66907185
ezgif-frame-060-land2.png,land,0.26672533,0.3286405,0.28256688,0.32070422,0.2529122,0.321121,0.3089368,0.32719272,0.2340715,0.3281547,0.3360297,0.37930793,0.21074559,0.38113514,0.34060174,0.44009063,0.21228468,0.44272614,0.28803852,0.47972682,0.29547897,0.48825887,0.31981152,0.50366336,0.23186494,0.5046816,0.32017142,0.59456456,0.22600405,0.5947456,0.32397628,0.6759718,0.22194196,0.6781349
ezgif-frame-062-land2.png,land,0.10265403,0.31262836,0.118946604,0.30450675,0.08606419,0.3047324,0.14351577,0.31478035,0.06299762,0.31559905,0.1731197,0.36888,0.036151376,0.37140635,0.18259436,0.4320665,0.048929054,0.43657762,0.12370108,0.4802022,0.13465223,0.4831481,0.15666407,0.5006673,0.059202854,0.50224817,0.17331442,0.59533834,0.05327879,0.5991575,0.16952159,0.68323326,0.06299159,0.6861477
ezgif-frame-063-land2.png,land,0.4018989,0.30970022,0.41617048,0.30127868,0.38570628,0.30269653,0.4409023,0.30817872,0.36439446,0.31175086,0.4732817,0.36274734,0.34454745,0.36549866,0.4783551,0.4297175,0.34942302,0.4287746,0.41784272,0.47457576,0.4291177,0.474494,0.45825103,0.49274123,0.36727595,0.49408787,0.46396735,0.589548,0.3678742,0.5885791,0.4733226,0.6749743,0.3626875,0.67457557
ezgif-frame-064-land2.png,land,0.5948288,0.29505125,0.6087053,0.28590617,0.57826227,0.28807345,0.6324628,0.29488394,0.558514,0.29933763,0.66807616,0.3514535,0.53920424,0.3542322,0.6739526,0.41820613,0.54421127,0.4211922,0.6099542,0.46982396,0.6184209,0.4683957,0.6487045,0.4777035,0.5586723,0.47874305,0.6560022,0.5807697,0.56085765,0.58331877,0.6562601,0.6686235,0.5628714,0.66880465
ezgif-frame-065-land2.png,land,0.5075267,0.29260868,0.52314687,0.2840079,0.49090537,0.28519854,0.5488415,0.2940208,0.46974283,0.2964003,0.5807216,0.35001448,0.45024857,0.3521473,0.5866948,0.4156668,0.45626822,0.41928738,0.52188003,0.46753094,0.52794886,0.46527895,0.5618444,0.47351226,0.4705316,0.47445458,0.5719357,0.57464015,0.47428986,0.5762479,0.57594943,0.66356,0.4766718,0.6639427
ezgif-frame-066-land2.png,land,0.41401324,0.30343986,0.42837933,0.2953889,0.3972139,0.2964296,0.45417506,0.3054578,0.37693715,0.30799296,0.48805785,0.36273593,0.35448048,0.36419326,0.49343118,0.43154442,0.36343175,0.4302856,0.42842203,0.4783604,0.43288472,0.47248444,0.47247648,0.49075872,0.37997514,0.49177527,0.48000073,0.586081,0.37209117,0.59071076,0.47784784,0.67520314,0.3726786,0.67795885
ezgif-frame-067-land2.png,land,0.4757575,0.33897272,0.491408,0.3306082,0.46019796,0.33153298,0.51772165,0.33992872,0.44100258,0.34219486,0.5496025,0.3943603,0.41630566,0.39792022,0.5545724,0.45986047,0.42696077,0.46608186,0.489213,0.5100607,0.5011401,0.5137717,0.5328557,0.5217205,0.43901515,0.52293485,0.5422609,0.62203896,0.42878842,0.6242233,0.54294765,0.713601,0.43940362,0.7119728
ezgif-frame-068-land2.png,land,0.52900195,0.3941035,0.5433869,0.3857613,0.5130149,0.3872735,0.5688119,0.39347154,0.4948406,0.39735514,0.59897655,0.44818264,0.47199804,0.45290357,0.60841393,0.51553416,0.48033884,0.5223468,0.5425833,0.56485367,0.55253017,0.56714284,0.58372724,0.57595974,0.49484038,0.57796705,0.59428585,0.6770137,0.49040705,0.68057734,0.5971088,0.7675612,0.49442565,0.7654595
ezgif-frame-069-land2.png,land,0.5526626,0.44355765,0.56905204,0.43603408,0.54022425,0.4360856,0.59671265,0.44297972,0.52434605,0.4429531,0.62738466,0.4958129,0.49899578,0.49712393,0.6314043,0.56442523,0.5038153,0.5673777,0.56695473,0.61453015,0.57465655,0.61639243,0.60722077,0.6290845,0.51804477,0.6293356,0.6148357,0.7287573,0.5216074,0.72578096,0.6165027,0.8160531,0.5264298,0.81182593
ezgif-frame-118-land2.png,land,0.608749,0.37232056,0.617369,0.36668333,0.59704965,0.36814782,0.633594,0.37199187,0.5825977,0.3754454,0.65453213,0.40877962,0.5739799,0.41113016,0.647815,0.45605582,0.58795434,0.45659372,0.63532305,0.4861613,0.6439633,0.48780805,0.6507044,0.49325472,0.59234697,0.49436474,0.65227807,0.5621117,0.5908023,0.56105757,0.6579758,0.62236476,0.5874276,0.62065053
ezgif-frame-120-land2.png,land,0.6257078,0.37954107,0.63415956,0.3740438,0.6145781,0.37513027,0.6486848,0.37856108,0.5994354,0.38088357,0.6714369,0.41365048,0.58638674,0.41675317,0.6700645,0.45600763,0.60466594,0.46314675,0.6436248,0.48182875,0.66036177,0.48944962,0.6687368,0.49969888,0.60721725,0.5007942,0.66652954,0.5674383,0.60021424,0.56752396,0.6704395,0.62744,0.60277855,0.6258076
ezgif-frame-121-land2.png,land,0.60177,0.38113108,0.60995144,0.37558678,0.59002817,0.37711018,0.6254871,0.3800604,0.575311,0.3836181,0.64842296,0.4143828,0.56622845,0.4172118,0.6448089,0.45961085,0.5821963,0.46177602,0.627622,0.49001813,0.6379643,0.49333423,0.644999,0.4986177,0.58565456,0.49980095,0.6473491,0.56696826,0.58183223,0.5665597,0.64769584,0.62731755,0.5807575,0.62603515
ezgif-frame-122-land2.png,land,0.55922115,0.38333222,0.5686929,0.37768438,0.54827946,0.37878013,0.5864096,0.38139853,0.5346827,0.38388333,0.6066031,0.41628236,0.5249881,0.41787052,0.60217816,0.46157876,0.53827363,0.4608556,0.58481747,0.49242,0.59600645,0.49222708,0.60049105,0.50285596,0.54169476,0.5038497,0.60647434,0.57079864,0.5427959,0.57058233,0.60831696,0.6303477,0.5410816,0.63010603
ezgif-frame-123-land2.png,land,0.5243285,0.3883341,0.5329584,0.38278922,0.51390624,0.38393173,0.5494102,0.3868684,0.5006395,0.3897998,0.5739384,0.42119837,0.4879476,0.42430413,0.56989306,0.46554518,0.5023478,0.46829695,0.5387886,0.49909216,0.5530457,0.5013844,0.5670833,0.5060258,0.5051013,0.50716496,0.56917346,0.57829744,0.5075643,0.5768925,0.57462645,0.6413896,0.50486356,0.6391467
ezgif-frame-124-land2.png,land,0.5170002,0.41676858,0.5253364,0.41106725,0.5062012,0.4123055,0.5405292,0.41525745,0.49297494,0.41856566,0.5633496,0.450418,0.48315373,0.45418444,0.55740154,0.49471417,0.49502817,0.4989827,0.54088545,0.52385706,0.54720485,0.52991974,0.55942047,0.5357085,0.5004309,0.53731906,0.562159,0.6067572,0.4968635,0.60567564,0.5639623,0.6656845,0.49408472,0.6649747
ezgif-frame-125-land2.png,land,0.5273606,0.4601862,0.5369415,0.4544535,0.5162633,0.45571733,0.5553624,0.45826334,0.5033884,0.46104416,0.5758754,0.4927876,0.49483404,0.49530265,0.5735632,0.53594875,0.5047697,0.5391683,0.5499118,0.5677737,0.56007344,0.5704745,0.5690698,0.57984614,0.5108195,0.5807547,0.5714593,0.64926636,0.509535,0.64945173,0.5763429,0.7100757,0.5076542,0.7095423
ezgif-frame-126-land2.png,land,0.55580765,0.49033245,0.5641129,0.4844663,0.5450191,0.48580226,0.579645,0.48763758,0.53185976,0.49122286,0.60208696,0.52169895,0.5220852,0.5258821,0.5995936,0.5620472,0.53440154,0.56822765,0.5833799,0.59232295,0.5833381,0.6015062,0.5928513,0.6061685,0.5345115,0.6078616,0.5992047,0.67699766,0.53436273,0.67610246,0.60187405,0.73678714,0.5331685,0.73629576
ezgif-frame-127-land2.png,land,0.546399,0.50964093,0.55500084,0.5038608,0.5358041,0.50517243,0.57147944,0.5072102,0.5230797,0.51069397,0.59494454,0.5415622,0.5126184,0.5451914,0.5876126,0.58366185,0.5249744,0.5888213,0.56541127,0.61045027,0.57849485,0.62094724,0.5866007,0.6273521,0.526661,0.62869865,0.58982927,0.69859874,0.52659017,0.6969944,0.59371394,0.75767326,0.5280067,0.75614065
ezgif-frame-128-land2.png,land,0.5260002,0.52193666,0.5346317,0.5164172,0.51576215,0.51748466,0.5503328,0.52023023,0.5020987,0.52288365,0.5729522,0.55531675,0.48810306,0.5575469,0.5661079,0.6023765,0.50367284,0.60364467,0.5397348,0.63087183,0.5525412,0.6345041,0.5659366,0.6393854,0.50454617,0.64029646,0.56903034,0.7088207,0.5042404,0.70763445,0.5725112,0.7695761,0.5047571,0.76837313
ezgif-frame-129-land2.png,land,0.50010884,0.5210005,0.5087989,0.51541835,0.48939693,0.5165974,0.5254493,0.51909286,0.47639441,0.5218625,0.54873234,0.5534692,0.4664382,0.5561485,0.54375994,0.5970394,0.47798064,0.60144216,0.5150132,0.6244141,0.5306695,0.6294858,0.5399488,0.6388437,0.48067886,0.63955134,0.5417699,0.70813364,0.47764784,0.7069692,0.5481019,0.7692248,0.48080114,0.7667221
ezgif-frame-130-land2.png,land,0.47857064,0.50170094,0.4886286,0.4959263,0.4676392,0.49701726,0.5075387,0.49962553,0.45492506,0.5019152,0.5277761,0.53518,0.44488984,0.53717476,0.5205177,0.57954895,0.45218387,0.58228904,0.49468112,0.6108416,0.50588274,0.6125404,0.52049214,0.6239744,0.46084845,0.6247325,0.52333397,0.6918631,0.45987445,0.691807,0.52917546,0.7514572,0.46044222,0.75067466
ezgif-frame-131-land2.png,land,0.5030689,0.48622027,0.5125634,0.48053336,0.49115267,0.48155853,0.5298533,0.4848831,0.4765051,0.48702747,0.5531499,0.5189068,0.4670939,0.52068,0.55573356,0.5606685,0.47166026,0.56584084,0.51850814,0.58817744,0.5260428,0.597553,0.5429961,0.6055833,0.48146895,0.6059783,0.5474481,0.67512625,0.47841385,0.6752318,0.5507754,0.73504514,0.48323262,0.7342982
ezgif-frame-132-land2.png,land,0.54414123,0.47929287,0.553067,0.47354347,0.53269327,0.4749848,0.56979257,0.47792765,0.5185006,0.48131558,0.5932453,0.51346767,0.5059581,0.5166022,0.58817375,0.5572315,0.5123081,0.56157553,0.5587826,0.5877981,0.56289256,0.5922067,0.58430815,0.6010594,0.52254087,0.60217005,0.5852113,0.67238235,0.5207236,0.6719702,0.5899638,0.7356398,0.5277679,0.73402125
ezgif-frame-133-land2.png,land,0.58636785,0.48086149,0.59479666,0.47510064,0.575075,0.47630715,0.6087614,0.47972554,0.55889297,0.4828554,0.63361686,0.5159619,0.54176986,0.5191129,0.63101834,0.5622512,0.55328953,0.5648832,0.5926863,0.59341204,0.5978593,0.59744006,0.6256309,0.60331005,0.5597724,0.6046087,0.627772,0.6764855,0.55803853,0.67587775,0.6322795,0.74101543,0.56376314,0.7400518
ezgif-frame-134-land2.png,land,0.57771003,0.47542667,0.58706754,0.4694748,0.56655484,0.4706876,0.6039161,0.47391248,0.5514551,0.47709036,0.62874025,0.5107166,0.5352968,0.51427346,0.6266895,0.5568062,0.54326165,0.56009895,0.5890992,0.59140104,0.59524703,0.59402215,0.61985946,0.6015222,0.5529052,0.6030559,0.6259803,0.6751667,0.55452126,0.67424047,0.6343707,0.74125344,0.5557916,0.73990315
ezgif-frame-135-land2.png,land,0.5756043,0.4604519,0.58463424,0.45438218,0.5642265,0.45591807,0.6013993,0.45903605,0.54938966,0.4630685,0.62955844,0.4972012,0.53322375,0.50176585,0.6284588,0.54627305,0.5470246,0.55108696,0.5930513,0.58000565,0.5995453,0.5849474,0.62262523,0.5919136,0.5536586,0.5938372,0.6307396,0.66766906,0.5549825,0.66685516,0.6351704,0.7343194,0.56436133,0.7330587
carolgoup - 01.png,go_up,0.47557214,0.35697734,0.48785812,0.34948742,0.46216565,0.35092634,0.5100667,0.35458937,0.44681627,0.35830507,0.5385494,0.4017884,0.42783704,0.40613082,0.5536117,0.45132282,0.4110096,0.46260545,0.56660885,0.4759557,0.4086141,0.5102565,0.520467,0.5147207,0.44748563,0.5167147,0.521788,0.6001128,0.4547188,0.6018432,0.5195487,0.6771784,0.46856287,0.6807077
carolgoup - 02.png,go_up,0.4696779,0.37438086,0.4806127,0.3663635,0.4536153,0.3688955,0.5029525,0.37351832,0.43816894,0.37746802,0.5325799,0.4332086,0.42204928,0.40917176,0.54134995,0.48757058,0.37663633,0.3683394,0.5424649,0.54355067,0.3908728,0.31101906,0.50231534,0.53535175,0.43214247,0.5285928,0.52183056,0.6190957,0.43542004,0.62615573,0.5069062,0.70272005,0.45366752,0.70116645
carolgoup - 03.png,go_up,0.4747964,0.3928268,0.48677996,0.38417825,0.45689833,0.38681045,0.5090079,0.39004976,0.43792385,0.39375493,0.5302384,0.45298484,0.43092778,0.42588085,0.5327073,0.50816023,0.41188434,0.36856508,0.52672356,0.5560597,0.41652414,0.2969508,0.49461907,0.55683506,0.42893302,0.54928255,0.52051145,0.64089245,0.43045878,0.6487634,0.503845,0.72954804,0.4497829,0.7272936
carolgoup - 04.png,go_up,0.5102191,0.40261272,0.5239002,0.3940604,0.49289605,0.3960162,0.5478096,0.40132287,0.47434753,0.40316576,0.57703024,0.4696454,0.4653289,0.43457747,0.5889577,0.53163946,0.4439782,0.37573552,0.58998764,0.5967259,0.4435217,0.30373925,0.54114527,0.5840778,0.46732235,0.572766,0.5617868,0.6746875,0.46874636,0.6840213,0.5394373,0.7635284,0.48506123,0.76478875
carolgoup - 05.png,go_up,0.54078144,0.4265914,0.55593705,0.41656753,0.5208675,0.41937608,0.58236617,0.42172274,0.50006527,0.42481434,0.6109802,0.49484903,0.48959598,0.45861793,0.6294659,0.56595725,0.46204334,0.38896453,0.64236057,0.632382,0.4653899,0.31510323,0.5777519,0.6237505,0.49690998,0.6139837,0.6015837,0.72852117,0.5012169,0.7394769,0.591091,0.8329612,0.5264032,0.8289734
carolgoup - 06.png,go_up,0.54155064,0.4268698,0.5557305,0.4142013,0.51628536,0.4192943,0.5847555,0.41833976,0.49106333,0.4270491,0.6252867,0.5005931,0.48222944,0.46757337,0.64163524,0.58509195,0.45055982,0.38796833,0.65803367,0.66321784,0.45142978,0.29751307,0.58706707,0.6554823,0.49141437,0.6475709,0.6100813,0.7778231,0.48983967,0.79241526,0.5907514,0.90059537,0.5220399,0.89047676
carolgoup - 07.png,go_up,0.5284199,0.3961583,0.5468499,0.38324702,0.50144017,0.38826516,0.58091396,0.39013296,0.47367325,0.39759615,0.6167814,0.47788137,0.4654008,0.43742925,0.64527017,0.5751632,0.43513498,0.34784985,0.6561894,0.6630998,0.4337316,0.24870512,0.570951,0.6481837,0.46783283,0.63798654,0.59230405,0.7791648,0.47000867,0.7958341,0.5874489,0.9214436,0.4985216,0.91216224
carolgoup - 08.png,go_up,0.54314524,0.34415165,0.56370825,0.3317772,0.51638484,0.3352059,0.59632343,0.34118113,0.48492283,0.34460345,0.6278424,0.4341001,0.47040924,0.38752812,0.658162,0.5365604,0.44192633,0.29288206,0.66493917,0.6298877,0.44291916,0.19314943,0.57944953,0.60713303,0.4724002,0.59485567,0.6005471,0.74247926,0.4773894,0.75751764,0.59109277,0.8904809,0.5066271,0.8817462
carolgoup - 09.png,go_up,0.5410178,0.33076394,0.5599052,0.31809476,0.5137564,0.32273617,0.5899042,0.3284773,0.48174313,0.33453226,0.62370986,0.42226025,0.46573678,0.37791133,0.65467215,0.5263642,0.43891254,0.2839205,0.6631046,0.6209034,0.45062873,0.17799993,0.5752854,0.5998508,0.4669556,0.5884864,0.59703404,0.73682207,0.4712398,0.7524707,0.58758324,0.8877978,0.50127643,0.87461495
carolgoup - 10.png,go_up,0.54502517,0.47454607,0.5631105,0.46011326,0.5164601,0.46482605,0.59388936,0.4641412,0.4841365,0.4707081,0.63189006,0.56060386,0.46774885,0.51518655,0.65889233,0.66251427,0.43806142,0.42199394,0.6694058,0.7617721,0.4510391,0.32070214,0.58593726,0.7430725,0.47210905,0.7316953,0.60585415,0.89508915,0.47590885,0.91425365,0.0,0.0,0.0,0.0
carolgoup - 11.png,go_up,0.5419211,0.5554519,0.562011,0.5409423,0.51455843,0.5458267,0.58964336,0.54763603,0.48094323,0.55419326,0.6294456,0.64797133,0.46451578,0.60208386,0.6499606,0.7412555,0.4398501,0.50895387,0.6682207,0.8347906,0.44710088,0.41453832,0.587302,0.8308955,0.47125328,0.81908333,0.6225584,0.9639582,0.4730475,0.99835515,0.0,0.0,0.0,0.0
carolgoup - 12.png,go_up,0.5531499,0.59126437,0.5725549,0.57782674,0.52533084,0.58067006,0.6021489,0.58335865,0.49037713,0.5866689,0.64165634,0.67934895,0.47730035,0.6354879,0.6624399,0.7740869,0.442984,0.54678386,0.67826253,0.8717595,0.44878358,0.44864008,0.60079455,0.85779804,0.48499867,0.84497875,0.0,0.0,0.0,0.0,0.0,0.0,0.0,0.0
carolgoup - 13.png,go_up,0.73994666,0.5980181,0.75952506,0.5820155,0.711435,0.5867492,0.7854447,0.58703756,0.6751881,0.59368426,0.8260889,0.69310844,0.6541453,0.6515277,0.85324186,0.7862067,0.6136593,0.56672156,0.8734028,0.87896085,0.6365747,0.45967314,0.7951335,0.86870086,0.6756489,0.8585512,0.0,0.0,0.0,0.0,0.0,0.0,0.0,0.0
carolgoup - 14.png,go_up,0.87574595,0.5853068,0.8911803,0.5698283,0.84532857,0.57479453,0.91136765,0.5757666,0.8053417,0.5831724,0.9556751,0.6793704,0.78705037,0.6354111,0.9802782,0.77408844,0.7679054,0.5479645,0.9989269,0.88031393,0.7698977,0.45112255,0.9237459,0.8583522,0.80506927,0.8458307,0.0,0.0,0.0,0.0,0.0,0.0,0.0,0.0
carolgoup - 17.png,go_up,0.8671159,0.47899774,0.8845567,0.46517858,0.83922,0.4696213,0.91310406,0.4740522,0.80618477,0.48063624,0.95207345,0.56832147,0.79004157,0.5310463,0.98358786,0.65926015,0.7605501,0.45096925,0.99426967,0.75771207,0.765028,0.34712023,0.9108195,0.74152476,0.79984593,0.73196346,0.92512137,0.8865511,0.79261506,0.8992905,0.9075767,0.99557406,0.8197419,0.9847138
carolgoup - 18.png,go_up,0.83247864,0.47121876,0.8500846,0.45783153,0.8039788,0.46227935,0.87593496,0.46533492,0.76744676,0.47154132,0.9135678,0.5547233,0.746496,0.5149733,0.9452228,0.6495207,0.72225547,0.43163893,0.95097846,0.7439672,0.7364761,0.3298271,0.87830347,0.7311473,0.7624144,0.7215317,0.88480777,0.88146585,0.7576937,0.8973006,0.8629247,0.9924908,0.7898103,0.9799781
carolgoup - 19.png,go_up,0.75230324,0.45052683,0.7715853,0.43799517,0.724223,0.44190124,0.80003256,0.44752797,0.6881543,0.4523928,0.8344075,0.53631926,0.66789734,0.49530232,0.8708938,0.6349491,0.64073294,0.41407472,0.87264276,0.7249149,0.6545669,0.3132819,0.79395807,0.7071826,0.6795514,0.69702125,0.80042756,0.84915316,0.6782221,0.8640605,0.78753006,0.98551995,0.7039632,0.97490776
carolgoup - 20.png,go_up,0.5249041,0.41788524,0.5431223,0.40505457,0.49806246,0.4085425,0.57553554,0.41426545,0.46877187,0.41943297,0.6150239,0.5059152,0.45518652,0.46917754,0.63116443,0.59686834,0.417527,0.3841712,0.65301996,0.6890503,0.42658657,0.2774589,0.5683788,0.67843574,0.4607498,0.669426,0.5856,0.8148865,0.45440277,0.8299685,0.55746603,0.9592339,0.47877485,0.951198
carolgoup - 21.png,go_up,0.27402672,0.3841302,0.2956409,0.37232396,0.24901046,0.37562463,0.333746,0.3822051,0.22179061,0.3856155,0.3700701,0.46899626,0.2073635,0.4279341,0.406941,0.5651347,0.17184196,0.34404427,0.42296696,0.6519526,0.17073822,0.24401733,0.3241595,0.6388839,0.21390663,0.62830836,0.33823982,0.7759859,0.21512018,0.7891063,0.3281433,0.9172169,0.23732802,0.9073263
carolgoup - 22.png,go_up,0.16761847,0.37487864,0.1899327,0.36254737,0.14390849,0.3648134,0.2288152,0.37184045,0.11995888,0.3732321,0.2697392,0.46536633,0.10360215,0.42169002,0.30375472,0.55331635,0.07217964,0.33212584,0.31985462,0.64002246,0.065168016,0.24000055,0.21633399,0.63811916,0.105930686,0.62631714,0.23630278,0.76133996,0.100661,0.78024626,0.21658221,0.8992821,0.14497438,0.8998896
carolgoup - 23.png,go_up,0.15301025,0.4454385,0.17581804,0.43324977,0.12943952,0.4344983,0.21546479,0.44212458,0.10546347,0.4420541,0.2540731,0.5284736,0.09516682,0.487996,0.28266644,0.6235282,0.0530895,0.40816334,0.30756637,0.7099865,0.059108067,0.31319535,0.20132065,0.7011383,0.08977421,0.69007283,0.21333742,0.84125775,0.093840726,0.8506323,0.20103289,0.98173624,0.11375009,0.9729766
carolgoup - 24.png,go_up,0.2368829,0.47301728,0.25643632,0.45954394,0.21083733,0.46326298,0.29194224,0.46602243,0.18335058,0.47122622,0.32812414,0.5553054,0.16941178,0.5182477,0.3578946,0.6455899,0.1339371,0.4350591,0.38353193,0.7342669,0.13097674,0.333287,0.27655047,0.7308324,0.1687129,0.7218495,0.2934447,0.86796737,0.16444859,0.88590586,0.2751593,0.99051917,0.18871951,0.98296267
carolgoup - 25.png,go_up,0.28731433,0.5008584,0.3074047,0.48769638,0.26053122,0.49077055,0.34281564,0.49376062,0.23056245,0.4974075,0.38112122,0.58225304,0.21562012,0.54057026,0.40631363,0.6790843,0.18287063,0.45839828,0.42771816,0.7663509,0.18458664,0.36371556,0.33137918,0.75908524,0.21608704,0.747765,0.33907104,0.90848863,0.20992179,0.92000955,0.0,0.0,0.0,0.0
carolgoup - 26.png,go_up,0.31129754,0.40106845,0.33191213,0.3886036,0.285983,0.39179894,0.36690918,0.39871264,0.25694805,0.40237525,0.4051312,0.48764575,0.24019326,0.4471263,0.43100104,0.58246183,0.20842297,0.3593822,0.4529964,0.67043865,0.20671016,0.2564806,0.3498552,0.65816724,0.23806277,0.6469668,0.36344734,0.80154634,0.22995096,0.8131289,0.33402076,0.96261144,0.25321662,0.94902563
carolgoup - 27.png,go_up,0.37220013,0.2736262,0.3922401,0.2618116,0.34635958,0.2662915,0.4254668,0.27471763,0.31772697,0.28022248,0.4617925,0.36663115,0.3003008,0.3230307,0.4989425,0.46790794,0.2661049,0.23297477,0.5164763,0.554307,0.2721207,0.13049375,0.41023922,0.54114175,0.3002488,0.5297267,0.4235505,0.678799,0.29958117,0.69367105,0.41075462,0.8277549,0.32485563,0.814605
carolgoup - 28.png,go_up,0.5299501,0.21886736,0.5484875,0.20708194,0.503851,0.20954229,0.57654536,0.22186977,0.47293964,0.22384392,0.6200096,0.32338372,0.45783955,0.27627957,0.6444518,0.41672966,0.41469914,0.18334924,0.67392415,0.50820136,0.42447865,0.06604085,0.5700098,0.50028765,0.45990768,0.4859894,0.57849145,0.63538164,0.44581494,0.6450693,0.5393849,0.7754758,0.45778307,0.7686975
carolgoup - 29.png,go_up,0.6386501,0.23153387,0.6572582,0.21922077,0.6104188,0.22381529,0.6838669,0.23266903,0.57489747,0.23839757,0.71717817,0.32960632,0.5552077,0.28531963,0.7546043,0.4298129,0.5229426,0.18950933,0.7720536,0.51819265,0.53420943,0.07512122,0.6698777,0.50692743,0.5600498,0.49568075,0.6818115,0.64218146,0.55468804,0.6585057,0.6681634,0.79083496,0.5827689,0.77951115
carolgoup - 30.png,go_up,0.6325732,0.25990483,0.6482318,0.24681112,0.6036934,0.25127122,0.6712948,0.2570675,0.56784093,0.26332566,0.7094928,0.35528487,0.5491273,0.3127029,0.74733174,0.44787207,0.51643455,0.2156085,0.7610872,0.5388591,0.5275906,0.1041957,0.66553885,0.52922785,0.5586816,0.51833886,0.67886096,0.66079044,0.54821944,0.67762774,0.65756756,0.80377686,0.5778569,0.7957825
carolgoup - 31.png,go_up,0.5966052,0.28479224,0.6154002,0.27251044,0.5687505,0.276449,0.64227676,0.28408432,0.5321781,0.28909805,0.6726374,0.37468544,0.5163344,0.33477134,0.70555806,0.47128636,0.4904013,0.24646789,0.7312744,0.5582605,0.49100167,0.14105172,0.630689,0.5469322,0.52367795,0.5372793,0.650438,0.67505413,0.5174012,0.6907687,0.6330951,0.82009,0.54196733,0.81120896
carolgoup - 32.png,go_up,0.5699432,0.3007823,0.58750856,0.28852776,0.54152966,0.29258245,0.6124809,0.29853252,0.5056584,0.30361968,0.6488476,0.388445,0.48694667,0.3455316,0.6886358,0.48410603,0.46035668,0.25874376,0.7024684,0.5673893,0.46744746,0.1560753,0.6096898,0.55643785,0.49957743,0.5450835,0.62331074,0.6922562,0.4943757,0.70375115,0.6066939,0.83203495,0.5246846,0.8193848
carolgoup - 33.png,go_up,0.5514729,0.40237606,0.56999916,0.39109373,0.5273496,0.39342973,0.59545094,0.40049422,0.49493957,0.40165588,0.6312546,0.48508674,0.46912947,0.44228613,0.6718418,0.58212614,0.4400978,0.35994202,0.68563324,0.6728089,0.45384142,0.2596879,0.59421134,0.6549295,0.48413977,0.6439394,0.5994627,0.79588145,0.47726044,0.8077657,0.58354,0.94096684,0.5065554,0.9328953
carolgoup - 34.png,go_up,0.49823025,0.5402117,0.51391387,0.52674514,0.4717567,0.530577,0.53821164,0.5312648,0.43860698,0.536648,0.5771638,0.61922336,0.4187323,0.58238363,0.6059121,0.7081162,0.39052412,0.5082639,0.62970126,0.79539305,0.38927737,0.41323406,0.53666323,0.7917505,0.42764902,0.7818389,0.5498578,0.9322787,0.4178386,0.9427876,0.0,0.0,0.0,0.0
carolgoup - 35.png,go_up,0.4632203,0.55514103,0.48003578,0.5427164,0.4379572,0.5456856,0.50649244,0.546647,0.40579823,0.5501696,0.5413117,0.6275694,0.38638753,0.590288,0.56998223,0.715401,0.35487777,0.5150722,0.58877605,0.7957216,0.3613299,0.42871457,0.50393456,0.79765606,0.39659676,0.7883734,0.5180416,0.92693436,0.39312845,0.9384764,0.0,0.0,0.0,0.0
carolgoup - 36.png,go_up,0.46616268,0.5518309,0.48271856,0.5394726,0.44150278,0.54255694,0.50705177,0.54258764,0.41062513,0.5461614,0.5415091,0.62270206,0.39226696,0.58678544,0.57770246,0.70497036,0.36844084,0.51564676,0.58863413,0.78863347,0.36931145,0.43023294,0.5078045,0.7850732,0.40505326,0.77588,0.51978713,0.9165398,0.40062085,0.92826897,0.0,0.0,0.0,0.0
carolgoup - 37.png,go_up,0.49248973,0.5535046,0.50987846,0.5403021,0.4702529,0.5435407,0.53663564,0.54432577,0.4431177,0.5481632,0.5732161,0.6285935,0.42727056,0.5910046,0.5971054,0.70351934,0.3962396,0.5137685,0.6164062,0.7859705,0.4014967,0.4266786,0.53524494,0.78497535,0.4355488,0.774283,0.558377,0.9135073,0.4210104,0.929935,0.51791435,0.98213494,0.42757323,0.97978175
carolgoup - 38.png,go_up,0.50848883,0.5334083,0.5246021,0.52104753,0.4860691,0.52352643,0.5506902,0.52482295,0.45853212,0.527679,0.5854606,0.6052811,0.44493756,0.5697104,0.6063306,0.6779426,0.4124799,0.49676186,0.6262069,0.75833267,0.42433357,0.41397974,0.547411,0.7572238,0.45430356,0.7472195,0.56325006,0.87427276,0.44617388,0.885921,0.53654456,0.98862845,0.46760887,0.9828328
carolgoup - 39.png,go_up,0.48616207,0.5152335,0.501696,0.5045671,0.46635878,0.50694776,0.52787924,0.5106484,0.4440466,0.5132209,0.56199473,0.58489436,0.43240577,0.55117875,0.58276343,0.6498642,0.40636545,0.4854547,0.60075265,0.7237632,0.41049808,0.40954372,0.52432215,0.7200351,0.43969935,0.70977294,0.5417371,0.8277304,0.43187165,0.83821166,0.5128321,0.9380211,0.4515379,0.936862
carolgoup - 40.png,go_up,0.48123026,0.52206165,0.49462336,0.51186347,0.46165064,0.51479274,0.51788265,0.515965,0.43928918,0.5199542,0.54813147,0.5843402,0.43076652,0.55610454,0.5709678,0.6488226,0.40946934,0.49815676,0.58457655,0.7153499,0.41560918,0.4274999,0.51365674,0.71014994,0.43793368,0.70193875,0.52689743,0.81217515,0.43244824,0.8192643,0.49879754,0.9115845,0.44660944,0.90396553
carolgoup - 41.png,go_up,0.6268096,0.52096313,0.63952863,0.51110643,0.6072964,0.51483613,0.6624185,0.5157467,0.58647186,0.52183086,0.6910334,0.57915026,0.57803017,0.5570941,0.7131967,0.63927335,0.5604549,0.50951165,0.7255983,0.70143,0.56893694,0.43596488,0.66155523,0.6950438,0.5868358,0.6897254,0.67272764,0.79264605,0.5839206,0.8010827,0.65297294,0.89270556,0.60200655,0.8860236
carolgoup - 42.png,go_up,0.8423029,0.5184581,0.8537913,0.5093654,0.82446873,0.5119422,0.87319386,0.5143127,0.8031008,0.51783365,0.90143853,0.5758735,0.7912377,0.5510604,0.92502797,0.635474,0.7697102,0.50077474,0.93639535,0.6961403,0.77735513,0.42973724,0.8699181,0.6885808,0.7984643,0.6813852,0.87948096,0.78324157,0.78805286,0.7874731,0.85685426,0.8769358,0.8003703,0.87007654
carolgoup - 43.png,go_up,0.78951764,0.51990235,0.80096024,0.511276,0.7717321,0.51351625,0.82046753,0.5159203,0.7508704,0.5191396,0.84438676,0.5714106,0.7431449,0.5505431,0.86059004,0.6307855,0.72483325,0.5056797,0.8744275,0.6892774,0.7266049,0.43742508,0.8161943,0.68407136,0.7486864,0.6787027,0.82212275,0.77443945,0.73553294,0.7809622,0.80739325,0.86529684,0.74842757,0.86033463
carolgoup - 44.png,go_up,0.70308465,0.52100396,0.7141701,0.5121872,0.6852427,0.51466095,0.73327625,0.5162044,0.6643036,0.51998633,0.75561917,0.5710881,0.657361,0.55175906,0.7704772,0.6289972,0.63951164,0.51004356,0.78485817,0.6851715,0.63855535,0.44262728,0.7264545,0.6820141,0.6609555,0.677175,0.73337954,0.768967,0.6470531,0.7763885,0.71912634,0.8591853,0.65977067,0.85547507
carolgoup - 45.png,go_up,0.68923724,0.51888746,0.7002972,0.51047367,0.67233694,0.5122207,0.7169443,0.51472086,0.6502393,0.5167411,0.7393044,0.5687372,0.64063203,0.54795235,0.75904655,0.6268864,0.62292737,0.50578207,0.7735674,0.68284816,0.623909,0.43918955,0.7128367,0.6796746,0.6472221,0.67426455,0.7183371,0.769137,0.6361773,0.77452946,0.7017441,0.8575205,0.6475646,0.8529483
carolgoup - 46.png,go_up,0.6807469,0.5032562,0.69150573,0.4951339,0.66407156,0.49649662,0.70873964,0.5001705,0.6429656,0.501537,0.732657,0.55569476,0.6321041,0.5334313,0.7525239,0.61170566,0.6108597,0.48937106,0.7699918,0.66428137,0.61850166,0.4191743,0.70526135,0.6634696,0.6384195,0.65768456,0.71268725,0.7525115,0.6284593,0.7575626,0.6962244,0.839955,0.6392226,0.8370055
carolgoup - 47.png,go_up,0.6109464,0.48360017,0.6225603,0.4749444,0.5928807,0.47721025,0.64379895,0.47954124,0.5728273,0.4830086,0.66669977,0.5363563,0.5649191,0.5158839,0.67847914,0.5936781,0.54298955,0.47231779,0.69369334,0.64829034,0.5481453,0.403609,0.63580245,0.64354855,0.56844866,0.6384349,0.6438879,0.7311029,0.55740505,0.7380819,0.62978154,0.818815,0.5716961,0.8134202
carolgoup - 48.png,go_up,0.53368133,0.46718627,0.54688936,0.45971245,0.51822454,0.46070585,0.5682545,0.46792606,0.5007596,0.4681091,0.58814716,0.52432936,0.48820066,0.501234,0.6002296,0.58300287,0.4673298,0.45603868,0.61132723,0.63973135,0.46730012,0.38761845,0.5543853,0.6335988,0.4878296,0.62741524,0.56343,0.7218285,0.4787653,0.72693914,0.54957163,0.80878806,0.49749935,0.8047713
carolgoup - 49.png,go_up,0.40251192,0.47059128,0.41511172,0.462745,0.38691515,0.46439287,0.43701434,0.47023004,0.37028888,0.471705,0.46036723,0.5300739,0.3570616,0.5043075,0.47689128,0.5867765,0.33392945,0.4550241,0.4881457,0.6428861,0.33612102,0.38715646,0.42134678,0.63605696,0.35407335,0.628344,0.43433872,0.72690994,0.3478466,0.73023736,0.41402936,0.81354666,0.3639097,0.80736125
carolgoup - 50.png,go_up,0.2784999,0.47307506,0.29275337,0.46557266,0.26392165,0.46638852,0.3187571,0.47248393,0.24950264,0.47226316,0.34218824,0.5304054,0.23887038,0.5045272,0.35677218,0.58716595,0.21757926,0.4557157,0.37141532,0.64321816,0.21737173,0.39310732,0.30445483,0.6386439,0.23700285,0.63092405,0.31383884,0.73034877,0.22910003,0.7349437,0.29566008,0.81662357,0.24785924,0.8115397
carolgoup - 51.png,go_up,0.22759111,0.47851762,0.24217275,0.4704464,0.21273732,0.47119823,0.2709818,0.47528642,0.20029216,0.47521695,0.29558468,0.5310859,0.19179145,0.507564,0.30999386,0.5905958,0.16401252,0.46333367,0.3253486,0.64794624,0.16259208,0.39668015,0.25319174,0.64180994,0.18393305,0.63493294,0.2590735,0.7324546,0.17614393,0.73726535,0.24744223,0.82159084,0.18915348,0.8164839
carolgoup - 52.png,go_up,0.22920069,0.4551841,0.24333422,0.44746965,0.21496853,0.44818142,0.2715968,0.4530292,0.20310512,0.45279035,0.29725838,0.5097188,0.19426918,0.4845298,0.31152767,0.56719923,0.16834697,0.43625528,0.32754815,0.6244977,0.16696133,0.36853218,0.25282413,0.6144075,0.18460159,0.60663897,0.25868043,0.7065635,0.17631347,0.7103129,0.24425788,0.7970503,0.18997154,0.79155684
carolgoup - 53.png,go_up,0.22725946,0.4177892,0.24079883,0.4101063,0.21346223,0.41132948,0.26594827,0.41595986,0.1994795,0.41654676,0.29114679,0.47307903,0.1872712,0.44672236,0.31752312,0.523919,0.1610786,0.39541042,0.33861095,0.5794225,0.16289876,0.33190107,0.24577263,0.57341105,0.1805925,0.5651323,0.2531166,0.6582935,0.17466336,0.6643625,0.23397076,0.75472707,0.1873775,0.7516288
carolgoup - 54.png,go_up,0.22918084,0.38749146,0.242105,0.38007307,0.21421368,0.38090485,0.26600292,0.38664427,0.19941583,0.38673317,0.29073513,0.44178674,0.18874502,0.4179468,0.31077218,0.4958338,0.1655039,0.37079236,0.33129314,0.5455716,0.16683878,0.30369538,0.2492568,0.54479045,0.18138283,0.53796375,0.258547,0.6319913,0.17466436,0.6367765,0.24280514,0.7251392,0.18757829,0.7214268
carolgoup - 55.png,go_up,0.2578396,0.37935868,0.27133608,0.37168315,0.24177426,0.373555,0.29684678,0.37856632,0.2261486,0.3806863,0.3195331,0.43587974,0.21663468,0.41104224,0.33926335,0.48761898,0.1931722,0.36077356,0.35148242,0.5350871,0.19637303,0.2957029,0.28283596,0.53866035,0.21442936,0.5315818,0.2924903,0.62636036,0.20319426,0.6320299,0.28394005,0.71724933,0.21963252,0.71167487
carolgoup - 56.png,go_up,0.38601863,0.37226784,0.39922264,0.36481032,0.3702251,0.3662901,0.42274225,0.37314525,0.35365254,0.37434566,0.4460612,0.43150732,0.3440758,0.4063988,0.46269888,0.4859563,0.32700253,0.35633916,0.47901553,0.5390719,0.3308374,0.2892783,0.4106681,0.5337502,0.34428006,0.5264818,0.4234342,0.61998194,0.33703893,0.6243482,0.40291858,0.70741904,0.35527802,0.7032831
carolgoup - 57.png,go_up,0.5607804,0.3720046,0.57307184,0.3648669,0.54523236,0.36585236,0.59470445,0.37301847,0.5297726,0.3734922,0.62148243,0.42934814,0.52352786,0.404822,0.6361467,0.48301712,0.50471985,0.3577671,0.65662414,0.5356943,0.51099133,0.2877979,0.5884536,0.5290942,0.52264184,0.521672,0.59900975,0.6178737,0.5169094,0.6200099,0.5767648,0.70448744,0.5299289,0.7020335
carolgoup - 58.png,go_up,0.68631727,0.35918963,0.69754726,0.3512896,0.67057693,0.35252082,0.7173942,0.35632586,0.65347546,0.35741115,0.74109113,0.41210607,0.6467324,0.38960585,0.75780296,0.46782124,0.62993234,0.34683955,0.776705,0.5190715,0.6306752,0.28004742,0.71300566,0.5147541,0.6504557,0.5083725,0.72150254,0.6003164,0.63745975,0.604156,0.7071542,0.6851771,0.64994943,0.6808208
carolgoup - 59.png,go_up,0.6667618,0.17314745,0.6787966,0.16433215,0.64878625,0.1659237,0.6995461,0.1695894,0.6279603,0.17128886,0.7238642,0.23290583,0.62148494,0.2070005,0.73756456,0.28894967,0.5995499,0.15501869,0.7542843,0.3450101,0.6137886,0.07828088,0.6882567,0.3369952,0.62164724,0.32933557,0.69552135,0.42603305,0.61455053,0.42940402,0.6721827,0.5116095,0.6239578,0.50894284
ezgif-frame-127.png,go_up,0.46024144,0.40159765,0.47470635,0.39166266,0.43995652,0.39433673,0.49858236,0.39733386,0.4166219,0.40086105,0.53422123,0.46431783,0.40248737,0.43320817,0.5719206,0.52541983,0.35342816,0.36624756,0.58747965,0.59306365,0.35095084,0.2874014,0.5081061,0.5988876,0.42110533,0.5900258,0.51771325,0.6889935,0.41326168,0.6980232,0.506676,0.7913578,0.42909268,0.78709346
ezgif-frame-131.png,go_up,0.34575036,0.39804903,0.36194876,0.3876834,0.32509154,0.38986576,0.3917946,0.39068303,0.30374256,0.39316824,0.42512605,0.46003413,0.290894,0.4290609,0.46214885,0.5251601,0.24118872,0.3600474,0.4814841,0.5968617,0.23481691,0.28227064,0.3938949,0.59830064,0.3063615,0.59012824,0.4101358,0.6934704,0.29928944,0.7029877,0.40551776,0.7957637,0.31624135,0.7887489
ezgif-frame-132.png,go_up,0.33185902,0.39756122,0.34777147,0.3860551,0.31097943,0.38837698,0.3775374,0.38864094,0.28839117,0.39168304,0.41392362,0.4602775,0.27644572,0.42956126,0.4454189,0.5217301,0.2254725,0.3590393,0.4703272,0.59452987,0.22777674,0.27193418,0.381314,0.6015407,0.29245305,0.59295,0.40026957,0.6962077,0.285328,0.7040405,0.38869888,0.80391634,0.3038224,0.7963633
ezgif-frame-133.png,go_up,0.3290079,0.3989085,0.34515297,0.38740343,0.30852467,0.3897237,0.37637302,0.39023185,0.28772137,0.39331317,0.4164544,0.4619025,0.27398944,0.43057328,0.4451173,0.52323073,0.2241541,0.35666278,0.4733638,0.59752667,0.22490576,0.2703069,0.3818235,0.6051015,0.28948346,0.5966338,0.4083022,0.69859177,0.28827983,0.70864385,0.3799679,0.80686426,0.30713147,0.80193883
ezgif-frame-134.png,go_up,0.3416423,0.39924783,0.3584415,0.38842133,0.32075486,0.39082158,0.39068127,0.39166725,0.30037105,0.3946265,0.43113676,0.4635911,0.28475544,0.43146905,0.46688208,0.5314636,0.23504014,0.360291,0.48619825,0.60677445,0.22641881,0.2776998,0.39676514,0.608401,0.30069515,0.5995439,0.42942894,0.7095513,0.30247855,0.7169198,0.4059305,0.8151766,0.31958175,0.80338955
ezgif-frame-135.png,go_up,0.37595484,0.39994195,0.39384383,0.39001527,0.35455444,0.39116657,0.4245337,0.39333653,0.33145753,0.39377055,0.45960853,0.46154314,0.3147511,0.43070832,0.50772554,0.53312063,0.26926777,0.3646476,0.5183314,0.606624,0.26242277,0.28177598,0.4311653,0.6094002,0.33608717,0.6025338,0.44836494,0.70803255,0.3385959,0.721319,0.43806264,0.8065327,0.35415342,0.80891436
ezgif-frame-137.png,go_up,0.47559783,0.39761603,0.4941006,0.38702244,0.4552789,0.38904923,0.5290144,0.39140636,0.43589407,0.39349616,0.56931984,0.46379888,0.41951966,0.43126306,0.6141274,0.53693324,0.3684985,0.3642768,0.6248098,0.6135115,0.36904484,0.27789488,0.530429,0.61347705,0.4321743,0.6046976,0.55139655,0.7173228,0.44100633,0.7261085,0.5378149,0.82214546,0.4607367,0.8174349
ezgif-frame-138.png,go_up,0.53661394,0.39724883,0.5555742,0.3874901,0.5163179,0.38900447,0.5899039,0.39382085,0.49619043,0.39444762,0.6303004,0.4663326,0.47995165,0.43002415,0.67012095,0.5375328,0.43290952,0.35560974,0.6834145,0.6162568,0.4248894,0.27625683,0.5909588,0.6176587,0.49205324,0.60685223,0.6158725,0.71930546,0.49685878,0.7255697,0.58903456,0.82769424,0.51440567,0.81839335
ezgif-frame-139.png,go_up,0.5480298,0.39800107,0.567891,0.38787383,0.5294389,0.38930833,0.60369945,0.3956141,0.5104809,0.39587307,0.6458569,0.47061,0.4890442,0.43339378,0.68238753,0.54090893,0.43557522,0.3626326,0.6998323,0.6179961,0.43556362,0.2783298,0.6077987,0.6223116,0.50249195,0.6117037,0.64072496,0.72278386,0.5099366,0.7336522,0.61049265,0.8254056,0.5188696,0.82284397
ezgif-frame-140.png,go_up,0.5055749,0.40713024,0.5234794,0.3958971,0.48553902,0.39787564,0.5581081,0.39930734,0.46635747,0.40126762,0.5974062,0.4749525,0.44994703,0.4425626,0.63281,0.5430823,0.3965343,0.36899596,0.65636075,0.62282634,0.39288303,0.28154188,0.5589138,0.62476516,0.4634604,0.6160025,0.5834146,0.72635204,0.4602261,0.7362093,0.56608266,0.8352231,0.4824212,0.8275959
ezgif-frame-141.png,go_up,0.44108966,0.41041324,0.4596374,0.3994051,0.42041057,0.40087533,0.49168852,0.40319774,0.39747941,0.40365782,0.52877754,0.47825325,0.37774405,0.44257113,0.5693587,0.54718876,0.32340994,0.36541006,0.5865907,0.6274839,0.32582724,0.27998406,0.49345237,0.6300603,0.3948168,0.6203046,0.5142325,0.7299364,0.39055333,0.74007684,0.5042391,0.8413126,0.41319522,0.83677006
ezgif-frame-142.png,go_up,0.37287444,0.40426156,0.3918481,0.39409423,0.35256368,0.39502233,0.42250103,0.40115207,0.32944527,0.40031004,0.4591259,0.47771755,0.3078992,0.44039696,0.5015868,0.5513041,0.25049165,0.3676548,0.5160452,0.63105065,0.251847,0.2817507,0.42596358,0.63179463,0.32655725,0.6214238,0.44009772,0.73498464,0.32410747,0.74392253,0.4308029,0.85013217,0.34061775,0.84619445
ezgif-frame-143.png,go_up,0.3098356,0.40934065,0.32882,0.39891297,0.2876104,0.3999763,0.35874572,0.40337753,0.26155078,0.4030463,0.3908365,0.47664383,0.24006817,0.44037664,0.4357128,0.551984,0.18707035,0.36498114,0.4487818,0.633145,0.18534306,0.27727595,0.35347655,0.63626754,0.25250232,0.6268789,0.36785606,0.7435332,0.24805087,0.75463295,0.36138827,0.8479937,0.26503387,0.84636974
ezgif-frame-144.png,go_up,0.2757953,0.4137111,0.29429027,0.4026976,0.25502962,0.40362948,0.3232792,0.4070692,0.22972365,0.4061881,0.35912117,0.4830925,0.20414425,0.444315,0.39876813,0.55391616,0.14657868,0.36326438,0.41460395,0.6344459,0.14624251,0.2771932,0.32005772,0.64032125,0.2179714,0.6293822,0.33693242,0.74173903,0.20825626,0.75291705,0.32017717,0.853615,0.23184948,0.8504459
ezgif-frame-145.png,go_up,0.3059092,0.41698888,0.32343084,0.40634498,0.28266636,0.4081804,0.35064638,0.40968692,0.25426662,0.41096026,0.38235793,0.48254576,0.23175655,0.44798234,0.42836574,0.5574134,0.1757483,0.37265536,0.44087577,0.63839954,0.18016674,0.2812783,0.34740213,0.6427655,0.24801743,0.6341539,0.35614327,0.74903816,0.24425563,0.759307,0.3512098,0.860221,0.25554627,0.8551205
ezgif-frame-146.png,go_up,0.3395021,0.41750145,0.35790926,0.4064667,0.31911483,0.40719643,0.38823256,0.41281712,0.29532906,0.41213235,0.42308837,0.49156418,0.2752855,0.4575246,0.4545202,0.55923885,0.22193578,0.38245744,0.48239198,0.6401972,0.22333196,0.28722304,0.38507602,0.6485212,0.28881985,0.63936,0.40352806,0.7525383,0.27739066,0.7621972,0.38476026,0.8667384,0.29483324,0.8646105
ezgif-frame-147.png,go_up,0.3800189,0.4251156,0.39762223,0.41447935,0.35685903,0.4162697,0.4250595,0.41858962,0.32901907,0.41961268,0.45522037,0.49355608,0.3092629,0.45694837,0.49951553,0.568661,0.25215313,0.37774336,0.5163604,0.64725477,0.2544555,0.29445276,0.42206,0.6526361,0.3265913,0.6433657,0.42677417,0.7562823,0.32198623,0.7677077,0.42490563,0.86895275,0.3356255,0.8632518
ezgif-frame-148.png,go_up,0.41393346,0.4287238,0.43090168,0.4179304,0.39293036,0.4194658,0.45767918,0.42297354,0.3674267,0.42359006,0.49223047,0.5011045,0.34348404,0.46620712,0.52983016,0.57352614,0.28692734,0.38925672,0.55398506,0.6540867,0.28673255,0.3011693,0.4551926,0.65625286,0.35888308,0.6472486,0.47304162,0.76179737,0.34687948,0.7732256,0.45847318,0.87781906,0.36688483,0.8741405
ezgif-frame-149.png,go_up,0.44209146,0.4375807,0.4601285,0.42593205,0.42036867,0.4277168,0.49001446,0.43144187,0.3944913,0.43269652,0.52673566,0.5105526,0.37343216,0.47366425,0.55786026,0.57907474,0.31501013,0.3949154,0.5850287,0.6621809,0.32063046,0.30274194,0.48595446,0.66950613,0.38576105,0.65893793,0.5050145,0.77219665,0.37568378,0.7817171,0.48475328,0.8884262,0.39303386,0.88220185
ezgif-frame-150.png,go_up,0.46347705,0.4513654,0.48187524,0.4412055,0.44146004,0.4428199,0.51148176,0.44754237,0.41629234,0.44824898,0.54431397,0.5219864,0.39607498,0.48474446,0.5885427,0.59897083,0.338751,0.40443832,0.6059413,0.6811476,0.33485106,0.3188132,0.50819415,0.6809933,0.4102771,0.67123306,0.5168046,0.7889558,0.40687042,0.800459,0.51290125,0.89848936,0.4262786,0.89229983
ezgif-frame-151.png,go_up,0.4809538,0.46745205,0.49887422,0.45550287,0.4582787,0.458051,0.5278775,0.4596196,0.43220106,0.46230355,0.5661813,0.537984,0.40991542,0.5016328,0.60518724,0.61222345,0.3520535,0.4262607,0.6213988,0.69346553,0.35285684,0.33717537,0.52622557,0.70179164,0.42224795,0.6917505,0.54000175,0.80374724,0.41591483,0.81656224,0.5229542,0.9181328,0.43553683,0.9161745
ezgif-frame-152.png,go_up,0.4992486,0.47454774,0.5161675,0.46319264,0.47441402,0.4663945,0.5447736,0.46831876,0.44508305,0.4728628,0.5798301,0.54572177,0.42529115,0.5132059,0.6197098,0.62149835,0.36460498,0.43265405,0.6407106,0.706329,0.36556473,0.34119692,0.5410686,0.7097648,0.44013676,0.7019077,0.55380684,0.81599647,0.43123,0.82923776,0.5439953,0.93497944,0.44571495,0.9257258
ezgif-frame-153.png,go_up,0.5133948,0.47796118,0.53030235,0.46621093,0.48991492,0.4686764,0.5605873,0.47149438,0.4640457,0.47467828,0.5984652,0.55250573,0.4482954,0.51769215,0.6286355,0.6254585,0.38518843,0.433709,0.65841556,0.71016204,0.3866708,0.33913183,0.560456,0.7177005,0.46167156,0.70844704,0.5744061,0.8280178,0.4468123,0.83840305,0.5599864,0.9498336,0.45989117,0.93951815
ezgif-frame-154.png,go_up,0.52117884,0.47610494,0.5382309,0.46434754,0.49754283,0.46676743,0.56854296,0.47023273,0.4715393,0.47331712,0.6071848,0.5526098,0.45513606,0.51827246,0.63848084,0.62469,0.39194402,0.43464947,0.6662353,0.70986634,0.39793307,0.33861792,0.56964874,0.71768194,0.4706399,0.70863295,0.580965,0.8279721,0.45531538,0.8384622,0.5648529,0.9482584,0.46938652,0.93904495
ezgif-frame-155.png,go_up,0.52600163,0.46669948,0.54334956,0.4547771,0.5042699,0.45711252,0.5736342,0.46120146,0.48026237,0.46378422,0.61534566,0.5438877,0.45912585,0.5092648,0.64538014,0.61534,0.4003158,0.43151534,0.6745998,0.6986306,0.40593433,0.33477482,0.57625425,0.7102833,0.47406253,0.7007708,0.59284264,0.81391394,0.45850134,0.82501376,0.5661006,0.9341475,0.47694948,0.9288641
ezgif-frame-156.png,go_up,0.53134984,0.45615673,0.5503762,0.4436143,0.50952464,0.4458458,0.5798847,0.4484992,0.48116443,0.4503656,0.6206362,0.53179204,0.45753583,0.4950565,0.65366817,0.6016519,0.4029598,0.412534,0.6775486,0.68666446,0.40758628,0.31656227,0.58411914,0.69692445,0.47800866,0.68689364,0.5935743,0.7989509,0.4589768,0.8150164,0.5643698,0.9199358,0.48694244,0.92144567
ezgif-frame-157.png,go_up,0.5301363,0.4450368,0.5482842,0.433261,0.50738496,0.43559426,0.5771821,0.44015503,0.47868156,0.44256854,0.6179309,0.52176154,0.45686266,0.48554868,0.65131176,0.5919945,0.4010309,0.40612105,0.67773944,0.67593265,0.40421352,0.3103261,0.581387,0.6836279,0.47622737,0.6733449,0.5946442,0.7894192,0.46053538,0.80119383,0.5693642,0.9085041,0.4844609,0.90405667
ezgif-frame-158.png,go_up,0.52346575,0.4390847,0.54203564,0.42703247,0.5005312,0.42924324,0.5707533,0.4343735,0.47228825,0.4361843,0.61173403,0.5175692,0.44853273,0.4802773,0.6489373,0.5863537,0.39163953,0.40035963,0.6766165,0.6671964,0.3942073,0.3075537,0.5785539,0.6785311,0.47122207,0.668205,0.5950669,0.78006625,0.45878473,0.79313654,0.56798524,0.89801365,0.4813509,0.8955097
gabigoup - 01.png,go_up,0.52327335,0.29965118,0.54018664,0.2839281,0.4897241,0.28937683,0.5704147,0.28821474,0.44909373,0.29801193,0.6167985,0.38364303,0.4454779,0.34645426,0.6386918,0.47425702,0.38920507,0.24720655,0.660886,0.5769856,0.38662934,0.117522724,0.5800731,0.5827493,0.45944828,0.57268727,0.5890019,0.7195059,0.42428318,0.73418725,0.5658774,0.86312735,0.42449018,0.8510388
gabigoup - 02.png,go_up,0.5017346,0.31021768,0.5210483,0.29438555,0.46864775,0.30010659,0.55223554,0.2966263,0.43023384,0.30555126,0.5958219,0.3882549,0.4172288,0.34703186,0.63504016,0.47856608,0.3660853,0.24337566,0.64799803,0.577424,0.3570356,0.116598085,0.55623585,0.5824098,0.43302068,0.5722501,0.57619375,0.7113668,0.4150773,0.73313206,0.56375736,0.85400283,0.43511623,0.852117
gabigoup - 03.png,go_up,0.5712918,0.3272913,0.58927613,0.31249082,0.5397291,0.3180467,0.61983967,0.3148948,0.50325483,0.323887,0.66292113,0.40394634,0.4871769,0.366264,0.7073305,0.49211895,0.42596343,0.26901707,0.7161863,0.591644,0.42818817,0.14965191,0.6252216,0.5929012,0.50611997,0.58383137,0.6422381,0.7241423,0.48977876,0.74340886,0.6431031,0.86794615,0.50494,0.8595631
gabigoup - 04.png,go_up,0.58464086,0.33355802,0.6044245,0.31978822,0.5565547,0.32377043,0.63518316,0.32476646,0.5226207,0.32998747,0.68063605,0.4128001,0.5031365,0.3735191,0.7228443,0.49770516,0.44873428,0.282941,0.7308241,0.591529,0.4431146,0.16916221,0.6509481,0.59426945,0.5291552,0.58433855,0.6693066,0.7178868,0.5109551,0.7348395,0.6592407,0.85207754,0.5338948,0.8503885
gabigoup - 05.png,go_up,0.6085234,0.34808567,0.6265589,0.33482748,0.58358365,0.33837366,0.65999967,0.33948618,0.55673903,0.34482157,0.7038315,0.4220297,0.54597574,0.38805187,0.7309525,0.4970464,0.4895425,0.3025921,0.7494129,0.5885982,0.4783398,0.19400172,0.67135257,0.59031093,0.56485444,0.5803951,0.69644636,0.7148489,0.5428802,0.72144955,0.6872991,0.8428148,0.5582386,0.82601714
gabigoup - 06.png,go_up,0.59161276,0.35204723,0.6090414,0.3394956,0.5692252,0.34319714,0.6405395,0.34445757,0.5452926,0.34966764,0.68291813,0.42222247,0.53348446,0.3877412,0.71179074,0.48939663,0.47810918,0.3075435,0.72166765,0.5724508,0.4669955,0.21598937,0.655581,0.57414997,0.5551537,0.5640038,0.67938244,0.68515366,0.53882545,0.69540966,0.6698682,0.80793357,0.5539068,0.7974687
gabigoup - 07.png,go_up,0.5880321,0.35271043,0.60215396,0.34033322,0.5656418,0.34457985,0.6313104,0.3424822,0.5425946,0.3495207,0.6733073,0.4144394,0.5397579,0.38365266,0.69908446,0.47970888,0.49305537,0.31196997,0.70972943,0.5588496,0.48620424,0.22633106,0.64681834,0.55593556,0.55727553,0.5462007,0.6702951,0.6637607,0.5448155,0.6685579,0.6628734,0.78049487,0.55289876,0.7643818
gabigoup - 08.png,go_up,0.5971082,0.35893658,0.6114878,0.34750813,0.57643235,0.35117984,0.64063805,0.34944487,0.55697775,0.35500172,0.67980653,0.4195124,0.55208546,0.38637608,0.7089188,0.48282734,0.5032056,0.31601307,0.716785,0.5544642,0.49859014,0.2412118,0.6550579,0.55035174,0.5705934,0.5400224,0.68108857,0.6531642,0.5649287,0.65788096,0.6817347,0.7609014,0.575654,0.7464346
gabigoup - 09.png,go_up,0.5927116,0.35997778,0.6078345,0.34925985,0.573279,0.35190067,0.6370764,0.35209408,0.554035,0.35555226,0.67421013,0.41986468,0.5466187,0.3878692,0.70247495,0.48124805,0.49641597,0.3205771,0.70957303,0.5514943,0.49132276,0.24465021,0.6506961,0.54693604,0.56664455,0.53710175,0.6743168,0.6477412,0.55778646,0.652547,0.67195827,0.754056,0.56601876,0.7431928
gabigoup - 10.png,go_up,0.60047317,0.352696,0.6150344,0.3416977,0.57907933,0.34447092,0.6402638,0.34504867,0.5541035,0.34900007,0.67565095,0.4132188,0.5457413,0.38077012,0.70430994,0.47186154,0.50218964,0.3137626,0.7110345,0.54504853,0.49965632,0.23982778,0.6543868,0.540085,0.56801015,0.5306501,0.6743613,0.6322836,0.5608514,0.6446432,0.6634315,0.7353248,0.5660263,0.7351315
gabigoup - 11.png,go_up,0.6016552,0.3460458,0.6160604,0.33532017,0.58163,0.33781242,0.640763,0.33855262,0.55840975,0.34171224,0.6761028,0.40654844,0.54792094,0.37410033,0.69961447,0.46605158,0.50589,0.31028548,0.70454454,0.53429496,0.50088483,0.23420958,0.6517116,0.5338063,0.5659932,0.52383393,0.66821706,0.6269557,0.5510337,0.6364989,0.65534455,0.72881955,0.5572636,0.7270657
gabigoup - 12.png,go_up,0.5748431,0.34366295,0.5894854,0.3327337,0.5547254,0.33540964,0.6146648,0.3360185,0.5310775,0.33933038,0.65238625,0.40534618,0.52161705,0.3725495,0.6796649,0.46675378,0.48543644,0.30750746,0.68081224,0.5371201,0.47327194,0.22504579,0.62545305,0.5379644,0.53852314,0.5274683,0.646174,0.63849336,0.5239235,0.64639235,0.63204503,0.74416965,0.53519493,0.741565
gabigoup - 13.png,go_up,0.57124555,0.35013822,0.58653384,0.33829334,0.5479995,0.3422275,0.6114321,0.34256446,0.52118677,0.3485473,0.64983,0.41542792,0.51282114,0.38243142,0.6839363,0.48258516,0.47020847,0.308727,0.68253255,0.55920124,0.46138993,0.22437347,0.62571377,0.5597746,0.5313026,0.5503489,0.6423198,0.6618854,0.5168205,0.67372006,0.62977326,0.773112,0.52065724,0.76969445
gabigoup - 14.png,go_up,0.5636728,0.35945743,0.5772178,0.347792,0.53804743,0.35226512,0.59906477,0.3504066,0.5065078,0.3574996,0.63178134,0.42154124,0.4940441,0.38960558,0.66542786,0.49656934,0.45569772,0.31286722,0.6703616,0.57452023,0.45088285,0.22524105,0.6053982,0.57291675,0.510462,0.5649673,0.61625296,0.687778,0.49165735,0.6992241,0.61041003,0.8075236,0.4981361,0.7972202
gabigoup - 15.png,go_up,0.48250642,0.3733289,0.49582464,0.36189392,0.45704317,0.36588532,0.5143553,0.36465007,0.4225691,0.3707542,0.5404522,0.43413633,0.4083366,0.40401524,0.57265717,0.5050401,0.37196344,0.32937744,0.57774466,0.58218944,0.36761305,0.24470696,0.515276,0.5842186,0.42400172,0.57747185,0.52041304,0.69448483,0.4010804,0.7101307,0.51648307,0.81063944,0.4074301,0.8081898
gabigoup - 16.png,go_up,0.512776,0.3763348,0.5253218,0.36433846,0.48926786,0.36768073,0.53991735,0.36852324,0.45327723,0.37297508,0.5673352,0.44261858,0.43872112,0.40896615,0.58822167,0.50725675,0.40929312,0.3352472,0.5918907,0.581127,0.4073197,0.24792387,0.5384775,0.58377546,0.4518625,0.57396233,0.5443485,0.6847411,0.42236623,0.7005461,0.5184915,0.7925466,0.42598096,0.79744726
gabigoup - 17.png,go_up,0.49859563,0.3886096,0.51041514,0.37789288,0.47538593,0.38127324,0.52563757,0.38125595,0.44049704,0.38614884,0.54255056,0.44715017,0.43007192,0.4198174,0.5610662,0.5099032,0.407071,0.35175186,0.569599,0.5760104,0.3996316,0.26820642,0.5120668,0.5801354,0.43540698,0.5733947,0.51848507,0.681745,0.40584344,0.6952329,0.50888413,0.7853652,0.41418898,0.7843878
gabigoup - 18.png,go_up,0.3989278,0.39465997,0.4108912,0.3851454,0.37685487,0.3874136,0.42494133,0.38979504,0.34192064,0.39250687,0.4370102,0.45150054,0.3326678,0.4253508,0.45223963,0.50799406,0.31193885,0.3623348,0.4633415,0.5690343,0.3080619,0.2855569,0.41051713,0.5729793,0.3400456,0.5664423,0.4143601,0.6670957,0.3117406,0.6779409,0.40101328,0.7644603,0.31343552,0.76627135
gabigoup - 19.png,go_up,0.409523,0.39796636,0.42093953,0.38883185,0.38968602,0.39073274,0.43273076,0.39335832,0.3568756,0.39498654,0.4438445,0.45304272,0.34729818,0.42522955,0.4639673,0.504946,0.32229587,0.3628342,0.47150907,0.56423813,0.32618272,0.28988427,0.41785765,0.56752574,0.35413343,0.5596657,0.4196805,0.65671647,0.33040902,0.6653369,0.4105746,0.7477825,0.3262935,0.74988693
gabigoup - 20.png,go_up,0.48893082,0.39789796,0.4997563,0.38896403,0.46991408,0.39100763,0.5116926,0.3932687,0.43904564,0.39525032,0.52415746,0.45115787,0.4295495,0.4235242,0.5424879,0.5035257,0.4089785,0.36351824,0.54716945,0.55956244,0.4118882,0.2940646,0.49615738,0.5616752,0.43308342,0.55354655,0.5009385,0.6513231,0.41027576,0.65834904,0.49129203,0.74281853,0.41126284,0.74160826
gabigoup - 21.png,go_up,0.568365,0.43134892,0.57875824,0.4223283,0.5505326,0.42436746,0.5906054,0.42441818,0.52184016,0.42647982,0.60007083,0.4795418,0.51131934,0.45563668,0.614552,0.5319072,0.4925745,0.40374905,0.622432,0.58391607,0.49563608,0.33356738,0.57137334,0.5873515,0.5120244,0.58107305,0.5755812,0.67403466,0.48823756,0.68273515,0.5705975,0.7612615,0.48869717,0.76263356
gabigoup - 22.png,go_up,0.5861372,0.45641914,0.5956604,0.44781572,0.56799644,0.4498319,0.60637194,0.45130682,0.5389711,0.45357051,0.61602825,0.50531137,0.5292056,0.48058885,0.6330049,0.5545309,0.5098271,0.42874956,0.6345616,0.6040207,0.51455057,0.36172953,0.586688,0.6077085,0.52832663,0.6006778,0.5945717,0.68946713,0.50843495,0.6968226,0.5893387,0.77435255,0.5060055,0.7752829
gabigoup - 23.png,go_up,0.5284737,0.4607826,0.5388044,0.45314696,0.51091284,0.45459855,0.55026144,0.4578313,0.48391587,0.45919165,0.55860686,0.50865096,0.475161,0.4859661,0.5760047,0.5536836,0.46033314,0.43757945,0.58350706,0.60376894,0.4578341,0.3753264,0.5315304,0.60790014,0.4746106,0.60152924,0.53517187,0.68685055,0.4522327,0.6936908,0.5295294,0.76961195,0.45608917,0.7702891
gabigoup - 24.png,go_up,0.49109948,0.4536979,0.50049037,0.4457596,0.47424495,0.44710284,0.5110051,0.44885027,0.44696766,0.4497524,0.5206101,0.49911132,0.4364628,0.47511828,0.5364269,0.5465933,0.41778266,0.42799008,0.5398903,0.5968231,0.421476,0.36606693,0.493884,0.5974113,0.43738934,0.59024596,0.4988965,0.6754342,0.41429833,0.6796007,0.493134,0.7536642,0.41473195,0.7531978
gabigoup - 25.png,go_up,0.45402876,0.43820283,0.46411905,0.43058884,0.4378829,0.43137643,0.47669613,0.43444973,0.4125328,0.43427747,0.4873044,0.48460114,0.40167817,0.45984977,0.49850202,0.5323781,0.3818238,0.41006923,0.50670123,0.58046937,0.38645828,0.34940153,0.4609284,0.58282155,0.4023713,0.5760129,0.46510872,0.66071326,0.37712494,0.66778404,0.45949274,0.74053067,0.37699088,0.7428902
gabigoup - 26.png,go_up,0.5161833,0.42604136,0.52599525,0.4181225,0.49895433,0.41969103,0.5368183,0.42205426,0.47192916,0.42351002,0.5441951,0.47225934,0.45998797,0.44968027,0.55970937,0.519887,0.44079685,0.40062124,0.5676749,0.5660483,0.44452175,0.33342376,0.5150504,0.5730475,0.45766068,0.5671116,0.52030545,0.65307724,0.43690202,0.66031057,0.51066464,0.73360103,0.43203285,0.732442
gabigoup - 27.png,go_up,0.62540936,0.40786725,0.63669187,0.39960358,0.6072759,0.40114546,0.6492798,0.40365604,0.5789965,0.40479714,0.6583909,0.45789856,0.5683855,0.43193096,0.6752704,0.5090208,0.5505293,0.38006425,0.67547965,0.56126595,0.5536769,0.31186512,0.6258157,0.56066686,0.5644947,0.5526555,0.6265884,0.6415487,0.5382864,0.64715934,0.6185664,0.7268988,0.54059887,0.72481024
gabigoup - 28.png,go_up,0.58177376,0.3952857,0.5941266,0.38682303,0.563635,0.38822138,0.60916454,0.3915576,0.5354215,0.3921522,0.61865973,0.4488544,0.5245539,0.42074397,0.6285761,0.5022935,0.5014237,0.36461753,0.62752336,0.55626625,0.50578946,0.29502502,0.5799002,0.55550826,0.51665086,0.5463464,0.57796127,0.6413958,0.48591816,0.64640635,0.56473154,0.7308368,0.48194516,0.7279449
gabigoup - 29.png,go_up,0.4819094,0.39279,0.49518108,0.3841153,0.46287853,0.3852837,0.51087767,0.38835368,0.4322519,0.3884696,0.5217507,0.44542816,0.41846475,0.41928247,0.5354902,0.5043768,0.39522576,0.36449414,0.5312684,0.5629041,0.40071267,0.29015413,0.48007494,0.56456274,0.4103492,0.55625904,0.47141358,0.6558916,0.3752739,0.66034573,0.45505077,0.7506478,0.36568078,0.7452804
gabigoup - 30.png,go_up,0.41466376,0.39868057,0.42711774,0.38961917,0.39338967,0.3913561,0.44021395,0.3935381,0.36051607,0.39488137,0.450093,0.4550771,0.3453529,0.4249882,0.46806663,0.5160179,0.32178667,0.3603943,0.45585182,0.58443636,0.32438785,0.2871037,0.40491757,0.5804469,0.3307529,0.57067406,0.38974184,0.67680264,0.28522432,0.6819073,0.37427098,0.7759348,0.27253968,0.7681865
gabigoup - 31.png,go_up,0.39395812,0.4134683,0.4071849,0.40359205,0.3715186,0.40608403,0.4233494,0.40827575,0.33622038,0.4109826,0.43781394,0.47206098,0.3231536,0.44060564,0.4496946,0.5403292,0.29143754,0.37213248,0.4447296,0.607207,0.30141217,0.2941505,0.3852116,0.6071549,0.3067744,0.59643215,0.36652493,0.7086552,0.26216638,0.7140375,0.34094554,0.8180018,0.23638093,0.80662143
gabigoup - 32.png,go_up,0.4089681,0.45132935,0.42456767,0.4412311,0.38642684,0.44326442,0.4447258,0.44556123,0.351685,0.44728428,0.45910007,0.508552,0.33820924,0.4778164,0.47166657,0.58041775,0.30788502,0.41181433,0.46084577,0.6515518,0.3082355,0.3263976,0.4027871,0.6500758,0.31892845,0.6394022,0.3849329,0.7583179,0.2713238,0.76338863,0.3626814,0.87255836,0.24570526,0.8615637
gabigoup - 33.png,go_up,0.4332088,0.44823387,0.45106986,0.43848717,0.41158074,0.43920532,0.47434613,0.44329903,0.37817666,0.44182044,0.48715717,0.50939465,0.3604819,0.47424918,0.50111985,0.58483064,0.32832715,0.40576485,0.49004573,0.6552745,0.3391679,0.3198346,0.42949006,0.65302217,0.34140512,0.6408598,0.4131024,0.7612633,0.29510087,0.7643523,0.39145243,0.87504184,0.26971495,0.8624834
gabigoup - 34.png,go_up,0.452248,0.3288608,0.47084406,0.31954244,0.43117243,0.3211807,0.49725646,0.32888255,0.40234333,0.32878152,0.51495004,0.40068102,0.3883949,0.36146623,0.53256845,0.48181584,0.3578221,0.2824121,0.5210029,0.5574008,0.3690967,0.19836059,0.45710608,0.54913545,0.36751127,0.5355012,0.43490663,0.66128665,0.3184816,0.6653353,0.4140637,0.7837281,0.2919518,0.767952
gabigoup - 35.png,go_up,0.45374468,0.22242418,0.4758807,0.21373668,0.43621182,0.21356593,0.51180285,0.22618887,0.41683424,0.22198662,0.53719056,0.30287796,0.40705135,0.257358,0.5493536,0.38792205,0.37253258,0.16829954,0.54075503,0.4654754,0.38033894,0.085203126,0.47466046,0.46012604,0.38243935,0.44345218,0.45356116,0.5812777,0.33437416,0.5802507,0.42867115,0.7054743,0.3047938,0.68724424
gabigoup - 36.png,go_up,0.4973436,0.21616079,0.5213899,0.20738593,0.4790707,0.20739104,0.55901897,0.22042581,0.45666435,0.21613039,0.5803822,0.29905042,0.44261786,0.25398546,0.60304075,0.3871376,0.408786,0.16924958,0.5882357,0.47352004,0.41379896,0.07224408,0.51877326,0.45798847,0.4198346,0.44255742,0.5004072,0.5848703,0.37807363,0.58764166,0.48387507,0.71139723,0.3545505,0.69839865
gabigoup - 37.png,go_up,0.59327734,0.3387778,0.6170106,0.32933855,0.5742389,0.32780403,0.6518872,0.33795542,0.5481643,0.33154896,0.67565125,0.41166452,0.53383064,0.36998746,0.6913057,0.49366343,0.49805892,0.2896102,0.6861763,0.5801599,0.50477225,0.20195614,0.6145692,0.57111895,0.51379746,0.5560696,0.5983923,0.7010197,0.46965817,0.69810253,0.5753308,0.8257136,0.4401495,0.80958563
gabigoup - 38.png,go_up,0.68649375,0.37847736,0.7083813,0.36787823,0.66390806,0.36862636,0.74230796,0.3764135,0.6344166,0.37515578,0.7702764,0.4530244,0.62170994,0.41281864,0.78811324,0.5381751,0.58079857,0.33018392,0.78094244,0.6248277,0.58523524,0.24231774,0.7057658,0.617689,0.6003795,0.60343355,0.69415927,0.7447274,0.5589574,0.74596006,0.6706586,0.87686676,0.53036046,0.85810447
gabigoup - 39.png,go_up,0.6623017,0.36601654,0.68323886,0.35542616,0.63870615,0.35783532,0.71935713,0.36376008,0.60983336,0.3657812,0.74980956,0.44033295,0.5974453,0.40048268,0.7716037,0.5274602,0.55565715,0.3139259,0.7626022,0.6127102,0.56436723,0.22638589,0.6927224,0.6028411,0.58648723,0.58969957,0.6869073,0.7235464,0.5487869,0.72930115,0.67199874,0.8602858,0.53283805,0.83977246
gabigoup - 40.png,go_up,0.60609335,0.34330788,0.62696505,0.33222473,0.58479816,0.33391204,0.6666323,0.33753863,0.5633241,0.3385732,0.7018827,0.41335434,0.55561924,0.37561664,0.72319686,0.49801123,0.50833625,0.2905763,0.71927506,0.5866476,0.5093361,0.19596797,0.64636356,0.5763008,0.5450867,0.5638193,0.6506104,0.6959612,0.5202014,0.6992625,0.63619107,0.825652,0.50276434,0.8067035
gabigoup - 41.png,go_up,0.5407286,0.3421889,0.56106335,0.33196625,0.52124125,0.33286178,0.5995763,0.3367494,0.50171876,0.33585435,0.6375696,0.40973228,0.49062076,0.37115237,0.66494375,0.49505502,0.44681677,0.29151362,0.66303307,0.5743387,0.43843457,0.20396706,0.5979747,0.56617737,0.49774247,0.5542089,0.60672843,0.6844309,0.47725394,0.6873766,0.59851366,0.8042325,0.47761863,0.78763765
gabigoup - 42.png,go_up,0.50946367,0.3611928,0.52842826,0.34986466,0.49157357,0.35209644,0.56647396,0.3541739,0.4765474,0.35593927,0.60899895,0.43150243,0.47034192,0.39359155,0.63453996,0.49955952,0.41827404,0.32012433,0.63066244,0.57614344,0.4125211,0.24079321,0.573607,0.57332075,0.48171696,0.5601595,0.5872533,0.6785289,0.4674522,0.6824911,0.57297385,0.7924093,0.46706805,0.7786113
gabigoup - 43.png,go_up,0.52089727,0.36443162,0.5376867,0.3537308,0.5027134,0.3566485,0.5725232,0.35828483,0.4884102,0.36186412,0.61388415,0.43081596,0.48583284,0.3957248,0.6387797,0.49887538,0.43934724,0.3291841,0.6323788,0.5707315,0.43047103,0.25056773,0.5849479,0.56573933,0.4988409,0.5538396,0.602985,0.6652906,0.48951912,0.66909266,0.5939845,0.7723348,0.48997927,0.7580409
gabigoup - 44.png,go_up,0.50562215,0.36832762,0.5193548,0.35825425,0.48811057,0.36182576,0.550872,0.36191228,0.4753947,0.3674181,0.5912886,0.4292291,0.47188473,0.3977125,0.6166593,0.4936298,0.4217892,0.33640233,0.61682075,0.5623398,0.4169265,0.26605046,0.5637797,0.55291784,0.48489633,0.5425865,0.5875009,0.6492734,0.48219898,0.6533296,0.58590895,0.7560691,0.4869136,0.7395443
gabigoup - 45.png,go_up,0.49862748,0.38553825,0.5119364,0.37572837,0.48264408,0.37864178,0.542748,0.37807462,0.47143918,0.38235444,0.58328867,0.44210264,0.4674217,0.41239855,0.6085475,0.50170565,0.41963556,0.35660675,0.6082176,0.5660106,0.41320452,0.2852603,0.55838746,0.56086993,0.4820717,0.5508741,0.5819806,0.6524816,0.47751305,0.6544451,0.58229345,0.7539155,0.48358375,0.7396042
gabigoup - 46.png,go_up,0.5623178,0.3912139,0.5765004,0.38225436,0.54781044,0.3839994,0.6080486,0.38604113,0.5374558,0.38771597,0.64611816,0.44844395,0.53404987,0.41788924,0.672515,0.5069897,0.4923768,0.3651495,0.6703708,0.57018965,0.48621762,0.29578617,0.6216319,0.5615199,0.5488694,0.5508799,0.64296615,0.6524128,0.54535604,0.6525967,0.6464394,0.75050193,0.5551294,0.73777086
gabigoup - 47.png,go_up,0.6408291,0.39790818,0.6546939,0.38942215,0.6264136,0.3911248,0.68460035,0.39282277,0.61515385,0.39450228,0.71706146,0.45129028,0.61180747,0.4242961,0.7446742,0.5105655,0.57109374,0.3715881,0.7462886,0.57078415,0.5654935,0.3014321,0.6940439,0.5621121,0.62616473,0.553529,0.7150068,0.6552959,0.6258994,0.6552026,0.7167642,0.7512613,0.62826693,0.7355001
gabigoup - 48.png,go_up,0.52801085,0.38100556,0.54147846,0.3721912,0.51231426,0.37518057,0.57219285,0.3758146,0.5018308,0.38022888,0.60602516,0.43702567,0.49922338,0.4097963,0.6330602,0.49738914,0.45834067,0.35355318,0.62965685,0.55880415,0.45116797,0.28691286,0.5814254,0.5499051,0.51036596,0.54184115,0.6058836,0.63910663,0.5113195,0.6418716,0.61040735,0.7367783,0.51593256,0.72048175
gabigoup - 49.png,go_up,0.3167643,0.3703787,0.3319202,0.36261663,0.30363438,0.3630323,0.36298886,0.36765495,0.29289684,0.36648178,0.3989416,0.42693356,0.28594562,0.39371973,0.42135897,0.48192686,0.23998179,0.34052047,0.41411862,0.545457,0.23178083,0.2747067,0.37637973,0.5383417,0.30178943,0.5268655,0.393082,0.6243523,0.29890913,0.6274149,0.38868505,0.7212973,0.29762155,0.7147082
gabigoup - 50.png,go_up,0.30232057,0.3705329,0.31650844,0.36243534,0.28831896,0.3627811,0.34417394,0.366313,0.27510995,0.36501485,0.37896702,0.42662603,0.26714024,0.39289007,0.401857,0.48176578,0.22702229,0.34067813,0.39824015,0.54345,0.2178688,0.27355227,0.35365707,0.53792304,0.2809306,0.52593684,0.37138557,0.62227106,0.27747384,0.62362534,0.36284137,0.71558017,0.28130585,0.7088663
gabigoup - 51.png,go_up,0.5147141,0.38369185,0.5290945,0.3757034,0.49999553,0.37619263,0.55794764,0.37868643,0.48652568,0.37793836,0.5841144,0.43464404,0.48093107,0.40765887,0.6034286,0.49256456,0.4364718,0.35634017,0.6067315,0.5520708,0.43052858,0.28835782,0.56292176,0.54272985,0.49492067,0.5346737,0.57690126,0.63226825,0.48783788,0.6329882,0.5813579,0.7244118,0.4891979,0.7118447
gabigoup - 52.png,go_up,0.73106366,0.40166056,0.7442435,0.39363086,0.71623206,0.39503393,0.77005595,0.3978756,0.7018749,0.3988433,0.80012554,0.45587936,0.6951875,0.4274495,0.8254027,0.5127715,0.6541749,0.37297788,0.8275423,0.5705325,0.6447136,0.30649927,0.7764255,0.5639027,0.7082464,0.5546517,0.7962009,0.65456635,0.70174265,0.65413845,0.79308313,0.74995005,0.7042936,0.73574555
gabigoup - 53.png,go_up,0.73946816,0.4364116,0.75292987,0.42814106,0.724609,0.42941526,0.77968746,0.43095297,0.7106518,0.43184614,0.80842334,0.48744538,0.7035738,0.4612868,0.8321637,0.5461179,0.66402537,0.4121865,0.83498454,0.60358226,0.6554902,0.3470344,0.78564894,0.5970094,0.71735746,0.58888423,0.80358154,0.68736666,0.7106427,0.6875135,0.8021914,0.7797342,0.7133094,0.76601934
gabigoup - 54.png,go_up,0.6937939,0.48014084,0.70625,0.47133297,0.6783232,0.4736891,0.7325312,0.47223502,0.6652125,0.47549695,0.762451,0.5293204,0.6593333,0.50377864,0.7836441,0.5906381,0.61984205,0.456675,0.7842904,0.64762974,0.6086721,0.3937817,0.7404586,0.63913083,0.671771,0.63121736,0.75845134,0.72791857,0.66300994,0.72800285,0.76016724,0.8234762,0.6648073,0.80436844
gabigoup - 55.png,go_up,0.6601166,0.47661468,0.6734881,0.46879363,0.6472327,0.46942422,0.70131767,0.47188947,0.6360929,0.4712152,0.73548365,0.52880657,0.62786245,0.49549747,0.75498825,0.58329904,0.5846217,0.44759753,0.75287664,0.6437886,0.57834095,0.38538796,0.7050657,0.6364963,0.6346952,0.6241141,0.7211894,0.72046006,0.6305838,0.7199583,0.71589005,0.81499386,0.63155335,0.80699545
gabigoup - 56.png,go_up,0.645744,0.42977303,0.65878457,0.4212812,0.6310455,0.42252785,0.68465656,0.42339367,0.6166391,0.42410192,0.7150307,0.48096693,0.6110299,0.45188925,0.73589635,0.5379892,0.5758661,0.40226966,0.7363198,0.59564483,0.5719794,0.33862624,0.68877035,0.58645505,0.6213768,0.5763841,0.70459324,0.6743795,0.61230654,0.6740524,0.6977435,0.7662358,0.61476815,0.7544727
gabigoup - 57.png,go_up,0.6194192,0.38880378,0.6332688,0.3812423,0.60579085,0.3822874,0.66035527,0.38580063,0.59400016,0.38609764,0.6884674,0.4423223,0.584542,0.4139272,0.7110514,0.50059736,0.549236,0.36074978,0.70681167,0.5573249,0.54382473,0.29904613,0.66275066,0.5499372,0.5920137,0.5413543,0.68050265,0.6367361,0.5816315,0.63946867,0.67877567,0.727626,0.58622324,0.71683216
gabigoup - 58.png,go_up,0.5845998,0.35313728,0.59789133,0.3451411,0.57137394,0.3466335,0.62607235,0.34944174,0.5614323,0.3505568,0.65462565,0.4084298,0.554345,0.3796327,0.6772194,0.46493056,0.50984764,0.3237734,0.6748081,0.5229888,0.50639784,0.25831193,0.6245062,0.5149704,0.55919945,0.50565904,0.6403677,0.6013495,0.551752,0.6031404,0.64265937,0.6923497,0.5529766,0.67989516
gabigoup - 59.png,go_up,0.56722003,0.32877,0.5813241,0.3201757,0.552758,0.32123497,0.6094782,0.32293317,0.5394125,0.32309332,0.63902867,0.3830562,0.5325157,0.35230154,0.6596594,0.43922776,0.4925502,0.29837674,0.6576738,0.50027645,0.4916339,0.23281656,0.6066197,0.49058345,0.5381389,0.4796474,0.6215655,0.57752913,0.53159916,0.57614213,0.61405134,0.6684696,0.53413075,0.6539784
gabigoup - 60.png,go_up,0.54346865,0.32720193,0.55749404,0.31890744,0.52908707,0.31992784,0.58570206,0.322878,0.51603144,0.32284072,0.6191381,0.3848536,0.5092716,0.35034266,0.6359607,0.43828785,0.47500718,0.29551545,0.6295836,0.5001441,0.46160933,0.2334808,0.58478665,0.4970383,0.5122987,0.48450333,0.60119784,0.5774548,0.50355977,0.58200103,0.5932809,0.6686719,0.50951207,0.6642874
gabigoup - 61.png,go_up,0.5074064,0.33512244,0.522452,0.32613298,0.4917641,0.32756352,0.5509215,0.32989734,0.47632468,0.3306447,0.58252966,0.39331263,0.46805647,0.3613525,0.60243315,0.45159218,0.42605874,0.30370057,0.5998945,0.5184385,0.41869769,0.23227474,0.55157644,0.5107178,0.47569275,0.4996111,0.5637375,0.6028451,0.46188855,0.6045516,0.55849653,0.69960636,0.46657583,0.68874943
gabigoup - 62.png,go_up,0.49038327,0.3373428,0.50620365,0.32705966,0.47225943,0.3287786,0.5340646,0.33112335,0.45247576,0.33225754,0.56733924,0.4008455,0.44436228,0.36628053,0.5885639,0.46067393,0.40462777,0.30420434,0.5853285,0.5314091,0.3992725,0.22701722,0.5308745,0.5270935,0.45037094,0.5144456,0.5458071,0.62239116,0.43901846,0.6223528,0.52537066,0.72505385,0.43879062,0.7119222
gabigoup - 63.png,go_up,0.5470619,0.34735548,0.56255156,0.33709186,0.52687013,0.3400685,0.5894296,0.34177867,0.50486636,0.34543234,0.62075466,0.41116935,0.4957696,0.3761021,0.64178574,0.47608137,0.4505399,0.30499443,0.6391575,0.5485012,0.44350287,0.23094496,0.5836829,0.54280216,0.4987428,0.53118926,0.5954154,0.6429115,0.48006976,0.64858836,0.58394665,0.7484542,0.4803213,0.73813
gabigoup - 64.png,go_up,0.6170373,0.35029966,0.6337338,0.34026873,0.5946305,0.34282246,0.662622,0.34430712,0.56830513,0.34736404,0.6890376,0.4112035,0.55943453,0.37845895,0.7170446,0.48599353,0.51851964,0.3051084,0.7149884,0.5616453,0.5061685,0.22664692,0.65121955,0.5557764,0.56275797,0.54620564,0.6537573,0.6617385,0.5396624,0.66982025,0.65269053,0.7770768,0.5357555,0.76604915
gabigoup - 65.png,go_up,0.49492747,0.35499677,0.508265,0.34366676,0.47121614,0.34736386,0.5299497,0.34853065,0.44100758,0.35423973,0.5598245,0.42253453,0.4276934,0.39172906,0.58257085,0.4935523,0.38827634,0.31414393,0.58494586,0.57092756,0.37890804,0.22510289,0.52377105,0.570728,0.4341094,0.5623868,0.5335477,0.682746,0.40626892,0.69444865,0.51794523,0.797812,0.41328663,0.7879228
gabigoup - 66.png,go_up,0.5510342,0.37153685,0.56247115,0.3604224,0.5249589,0.36540014,0.5793285,0.365892,0.49063832,0.37429607,0.60285383,0.43689185,0.4790533,0.40797246,0.6304156,0.5077721,0.44308466,0.33276683,0.63433343,0.58453095,0.44392496,0.24509011,0.5718837,0.58394957,0.4858621,0.5771608,0.57550126,0.69219756,0.4598417,0.7077321,0.5766395,0.8123319,0.4619626,0.8047453
gabigoup - 67.png,go_up,0.55257577,0.38234845,0.56484365,0.3706884,0.5266838,0.37500244,0.579652,0.37682715,0.48905775,0.38352728,0.60428965,0.45199618,0.47838542,0.418522,0.6193104,0.5154859,0.44597048,0.34393466,0.63021165,0.587728,0.44621632,0.2581341,0.5788978,0.5886713,0.4927949,0.5795275,0.57954085,0.6851798,0.46738234,0.7042387,0.55895305,0.79591507,0.46662673,0.80097395
gabigoup - 68.png,go_up,0.3890913,0.37854663,0.4016104,0.36780292,0.3658381,0.37052777,0.4153144,0.37123373,0.330783,0.37451243,0.43507588,0.43994573,0.31907156,0.4059623,0.44972602,0.502449,0.2934801,0.33797005,0.45663866,0.5681895,0.294524,0.26079148,0.4115206,0.57251686,0.3307366,0.56324744,0.41957036,0.66450274,0.31066665,0.68026555,0.4001014,0.764275,0.3104307,0.77185893
gabigoup - 69.png,go_up,0.44310048,0.38637605,0.45326707,0.3764287,0.42150566,0.37970725,0.4644063,0.38049695,0.38820368,0.38526943,0.47832918,0.44322824,0.37524202,0.4188924,0.49841896,0.5055126,0.35444072,0.36168736,0.5040404,0.5679212,0.3571514,0.28326386,0.45769635,0.5663505,0.38697016,0.5614108,0.4630484,0.6612629,0.3630845,0.67546844,0.4624181,0.7596194,0.37138966,0.7600253
gabigoup - 71.png,go_up,0.53821665,0.3879934,0.54822016,0.37825269,0.5173959,0.38139206,0.55740154,0.38193965,0.48328528,0.3860179,0.5699264,0.44423354,0.47215214,0.41741207,0.5912258,0.5012658,0.45147997,0.35752305,0.5971491,0.56295574,0.454859,0.28463885,0.5504841,0.5611533,0.48415333,0.55444694,0.55417615,0.65253514,0.4595791,0.66391504,0.55465966,0.74513227,0.4690287,0.74604076
gabigoup - 72.png,go_up,0.5506994,0.37938723,0.55998784,0.36910236,0.5274761,0.37250903,0.5699261,0.37330657,0.4921384,0.37858248,0.5887846,0.4395341,0.48034644,0.40984365,0.60389423,0.49659917,0.455205,0.3459646,0.61604816,0.55813587,0.45876685,0.27039945,0.56668293,0.5616819,0.49262503,0.55398387,0.57310236,0.65282094,0.47078392,0.6682903,0.56336355,0.75004166,0.4784756,0.7556298
gabigoup - 73.png,go_up,0.54713255,0.37846434,0.5579964,0.36681476,0.52246,0.3708278,0.5704222,0.37061846,0.48564634,0.37702212,0.5933804,0.44122157,0.47376335,0.41241735,0.61227125,0.50186706,0.44620284,0.34512606,0.6253556,0.5702476,0.44508862,0.26230446,0.57579947,0.5741313,0.49436158,0.5675896,0.5847007,0.6689692,0.47321358,0.6894411,0.5715507,0.7744238,0.48154274,0.783712
gabigoup - 74.png,go_up,0.57496506,0.39116225,0.5849144,0.3790199,0.5478744,0.38429236,0.597886,0.38345143,0.5107016,0.392761,0.63045293,0.4581403,0.49933997,0.42866156,0.65966284,0.525473,0.4589005,0.35557157,0.6732121,0.5982005,0.4552004,0.2712055,0.6229819,0.6028536,0.533268,0.5973039,0.6371881,0.704342,0.51953167,0.72733337,0.6333525,0.817837,0.5335034,0.826565
joaogoup - 01.png,go_up,0.48236802,0.30195874,0.4970087,0.29366583,0.46353215,0.29502177,0.5184948,0.30257705,0.439979,0.30395785,0.5535587,0.3680082,0.41913682,0.34047735,0.59049195,0.42894727,0.35851428,0.28610125,0.58246434,0.49770713,0.3407326,0.21057843,0.5381485,0.49560338,0.451209,0.4884078,0.54690355,0.58346236,0.45709884,0.5918056,0.53363895,0.66871285,0.4803392,0.66970944
joaogoup - 02.png,go_up,0.50276875,0.32719985,0.51603526,0.31869802,0.4854051,0.32021347,0.5359661,0.32569325,0.4634327,0.32697803,0.5644685,0.3892574,0.44373363,0.3630259,0.5886585,0.44737577,0.39537665,0.30751446,0.58169895,0.511801,0.38763127,0.23628661,0.53809345,0.5115843,0.46182674,0.503897,0.53999823,0.6015581,0.450842,0.60679907,0.52186793,0.6866102,0.47667652,0.68035626
joaogoup - 03.png,go_up,0.5330495,0.34513557,0.5470759,0.33722052,0.5162081,0.33853403,0.56827784,0.3446164,0.4954235,0.34556222,0.5951668,0.40318763,0.47827768,0.37711152,0.62034684,0.4615247,0.4310777,0.3248878,0.61499923,0.5253529,0.424829,0.25625393,0.5717528,0.522825,0.4959495,0.5152947,0.56952876,0.6107974,0.48739183,0.6173151,0.55601037,0.6955435,0.5073646,0.6914041
joaogoup - 04.png,go_up,0.53212404,0.370363,0.54517436,0.3628092,0.5157602,0.3638334,0.5630293,0.370036,0.49441427,0.37031457,0.58768797,0.42714167,0.47540548,0.4017373,0.6116874,0.4853842,0.43882555,0.3507161,0.60426617,0.54826546,0.4300324,0.2824959,0.5635127,0.54460067,0.490078,0.5374024,0.56486297,0.63271946,0.4792308,0.6376465,0.54666704,0.7135414,0.5008114,0.70839965
joaogoup - 05.png,go_up,0.5101682,0.38972393,0.5217568,0.38238597,0.4945226,0.38334778,0.53860044,0.38985977,0.47481677,0.39026603,0.56391275,0.44574493,0.45480406,0.42115366,0.5857752,0.50055367,0.41027278,0.37368903,0.5808356,0.5597828,0.40946218,0.30651876,0.5402779,0.5573297,0.47055945,0.55020404,0.54177636,0.642509,0.4610935,0.64640963,0.52631813,0.71906066,0.48071232,0.71577364
joaogoup - 06.png,go_up,0.47306392,0.39158976,0.48526973,0.38475582,0.45743892,0.38563952,0.5045688,0.39307144,0.43825507,0.39334548,0.52842045,0.44704002,0.4230128,0.42272633,0.547557,0.49826556,0.38516125,0.37391263,0.54091907,0.5524362,0.37884513,0.30889773,0.5020866,0.55150664,0.43467435,0.54411846,0.50590557,0.6351496,0.42462966,0.63794154,0.49278665,0.7111633,0.44524232,0.7062841
joaogoup - 07.png,go_up,0.4864156,0.39457023,0.49719757,0.38748062,0.47176334,0.38848948,0.51485527,0.39380842,0.45486033,0.39453858,0.5398567,0.4457845,0.43851346,0.4234815,0.5588579,0.49660546,0.40115914,0.38028824,0.55656105,0.54884106,0.39669478,0.3146457,0.51464856,0.5480394,0.45016328,0.5413133,0.520264,0.6287293,0.44048935,0.6304857,0.50308585,0.70245683,0.4606702,0.69654995
joaogoup - 08.png,go_up,0.53979844,0.3947337,0.5508345,0.38820058,0.525505,0.38861144,0.56856406,0.3954407,0.5084039,0.39480785,0.5909859,0.44595283,0.4938507,0.42281917,0.60546243,0.49523857,0.45554647,0.3808339,0.6053853,0.5467516,0.44980308,0.31848916,0.568026,0.5472163,0.5054812,0.5400822,0.5694178,0.624428,0.49336806,0.6250231,0.5560967,0.69513386,0.5088557,0.6898814
joaogoup - 09.png,go_up,0.57210207,0.39716798,0.58313787,0.39009705,0.55693936,0.39101636,0.6009348,0.3962041,0.53842527,0.39686993,0.62369865,0.44793743,0.52301645,0.42623782,0.6425276,0.49624044,0.4872895,0.3829999,0.6365483,0.5480403,0.48427096,0.32199395,0.5984543,0.5478465,0.53448814,0.54150265,0.6052201,0.6249176,0.526958,0.6279987,0.59011,0.69787484,0.54497445,0.6933702
joaogoup - 10.png,go_up,0.5404262,0.39586446,0.5521663,0.38904127,0.52556294,0.38966396,0.57192934,0.39587092,0.50835776,0.39562735,0.59496814,0.4481237,0.4945457,0.42413357,0.61070293,0.49706632,0.45441142,0.3786424,0.6074917,0.54978156,0.44926423,0.3163219,0.5696694,0.5493304,0.5056728,0.5418989,0.57340163,0.6279771,0.49788722,0.6285208,0.56259847,0.70196956,0.5165018,0.6955031
joaogoup - 11.png,go_up,0.49466297,0.4040447,0.50609255,0.3973916,0.47979814,0.39830115,0.5245001,0.4052149,0.46218956,0.4057175,0.548594,0.4579306,0.44584712,0.43442225,0.5693964,0.5069132,0.4064878,0.38886666,0.56126386,0.5590273,0.40122798,0.32719707,0.5215185,0.5591287,0.45631567,0.55191404,0.5279319,0.63827616,0.45141032,0.64076555,0.5147424,0.71135587,0.47118962,0.7070139
joaogoup - 12.png,go_up,0.48550266,0.4019068,0.49672088,0.39493218,0.47106516,0.39580035,0.51480913,0.40168223,0.45388675,0.40200362,0.5396397,0.45476574,0.437978,0.4311456,0.56158096,0.50367,0.40033188,0.38459498,0.55346125,0.5566951,0.39628083,0.3238885,0.5144789,0.5577566,0.4499184,0.5505674,0.52197003,0.63809156,0.44360292,0.64048564,0.50995845,0.7126908,0.46325728,0.7077992
joaogoup - 13.png,go_up,0.5433016,0.3944833,0.5554839,0.38760242,0.527724,0.3882438,0.57300246,0.39462292,0.50843835,0.39444956,0.5957097,0.4482021,0.49136826,0.42324042,0.6180085,0.49994346,0.45524657,0.3776456,0.607209,0.5520099,0.45432043,0.3157869,0.5732817,0.5535065,0.5048585,0.5460113,0.5803113,0.63431984,0.5000738,0.63557285,0.5680532,0.7085349,0.5210283,0.7029463
joaogoup - 14.png,go_up,0.60298723,0.3887348,0.6142792,0.38163346,0.5876205,0.3826652,0.63140756,0.38826895,0.5691344,0.38887477,0.6566852,0.44172224,0.55281526,0.4173766,0.6786571,0.49504444,0.5147263,0.36986142,0.673793,0.55163777,0.51016927,0.30602056,0.6376183,0.5482321,0.57006437,0.5412162,0.6436476,0.63140506,0.559904,0.63418335,0.63219154,0.7064678,0.5796804,0.70091915
joaogoup - 15.png,go_up,0.55812263,0.38170892,0.56838256,0.37370464,0.54044604,0.3755354,0.5850475,0.37974387,0.5169852,0.38225767,0.6143978,0.4368954,0.5011921,0.4119318,0.63858056,0.48490763,0.45859,0.36079893,0.63475686,0.5396845,0.4613706,0.29618844,0.59514105,0.5426853,0.5236761,0.53551537,0.6065488,0.6236958,0.5205086,0.6288665,0.5938852,0.7032618,0.54259974,0.7013822
joaogoup - 16.png,go_up,0.4648782,0.394646,0.47579312,0.38710666,0.44770706,0.38861272,0.49119493,0.39314756,0.42615956,0.39504102,0.518205,0.44822434,0.41021094,0.42421296,0.54663336,0.50111926,0.37222633,0.37664968,0.5397492,0.55507344,0.37280893,0.31480822,0.50591767,0.55766344,0.43493372,0.55156225,0.5142119,0.6385226,0.434534,0.6439417,0.5045393,0.7174046,0.45605162,0.71563065
joaogoup - 17.png,go_up,0.40362525,0.391096,0.41357532,0.38314345,0.38639542,0.38496953,0.4287266,0.3890746,0.36390895,0.39152765,0.45744628,0.44526738,0.34752628,0.42275727,0.4839709,0.49491656,0.30878356,0.37432286,0.48317018,0.55202764,0.30773896,0.30786937,0.44420624,0.5529383,0.37428173,0.5467907,0.4586142,0.63574845,0.37013894,0.63738006,0.44525257,0.7104735,0.39471868,0.70243704
joaogoup - 18.png,go_up,0.4002456,0.33785945,0.41034943,0.33041865,0.38377786,0.33213893,0.42650107,0.33749947,0.36377427,0.339816,0.45579672,0.39240357,0.3472713,0.37052107,0.47917315,0.44143793,0.30838352,0.32008407,0.4770035,0.49727204,0.30456516,0.2515719,0.44019562,0.49713817,0.37207362,0.49168703,0.45248654,0.57981175,0.37111485,0.58498687,0.43169633,0.65844893,0.39565033,0.65611917
joaogoup - 19.png,go_up,0.42997205,0.2867841,0.44007015,0.27961,0.41374353,0.28070846,0.45593238,0.2870926,0.39275682,0.28787532,0.48256633,0.34277377,0.3808933,0.3181978,0.5027839,0.39451787,0.34091377,0.2682449,0.5028067,0.45044222,0.33548698,0.20021676,0.4671506,0.44679263,0.40237486,0.43971914,0.46635938,0.53196007,0.39146176,0.534239,0.45459324,0.6098417,0.40558097,0.60636437
joaogoup - 20.png,go_up,0.49848574,0.27553093,0.5081284,0.26850405,0.48216805,0.26958537,0.52067214,0.27757898,0.45896628,0.2781402,0.5425564,0.33464348,0.43954208,0.30831978,0.56111056,0.3869313,0.40539965,0.25687015,0.5542051,0.43948874,0.40936896,0.18786524,0.5133626,0.4393565,0.4464907,0.43112117,0.51626635,0.52208614,0.4317112,0.5233841,0.49412552,0.5988321,0.4423124,0.5921424
joaogoup - 21.png,go_up,0.5673196,0.33439276,0.5783193,0.32758513,0.55090684,0.32860363,0.5935192,0.3368349,0.52798766,0.33729792,0.6112335,0.39271465,0.5135937,0.36669943,0.6219819,0.4435612,0.48828468,0.31244686,0.6082149,0.496215,0.4929459,0.24425387,0.57157564,0.49293014,0.508066,0.4843698,0.56376463,0.57446724,0.4868351,0.5790289,0.53792745,0.6542228,0.4916146,0.6513844
joaogoup - 22.png,go_up,0.7452875,0.4207043,0.75740194,0.41439727,0.7300578,0.41425428,0.7715949,0.42394927,0.7069313,0.42144683,0.78580064,0.48019037,0.68552357,0.45060986,0.78889227,0.5349356,0.6642474,0.3994613,0.7750646,0.58445907,0.67891675,0.33440518,0.73456115,0.5861738,0.66798604,0.5756189,0.7230947,0.6646898,0.6407093,0.66624665,0.686037,0.7406398,0.64446837,0.7374342
joaogoup - 23.png,go_up,0.8475434,0.41039336,0.85922873,0.40314358,0.8319307,0.4034894,0.8717207,0.4107649,0.8062963,0.4092293,0.8876249,0.46942076,0.78591835,0.43845648,0.8987222,0.5238118,0.76305825,0.38446,0.8818855,0.57752717,0.78159326,0.32203433,0.83584255,0.5776073,0.76991713,0.56617373,0.8225821,0.66009176,0.7454171,0.66342086,0.7819225,0.7402774,0.7414312,0.7384207
joaogoup - 24.png,go_up,0.7126213,0.40159768,0.7239666,0.39351365,0.69577193,0.39486995,0.73773974,0.39994523,0.6703256,0.4012296,0.74894255,0.45860568,0.6500238,0.43100137,0.7576774,0.5094041,0.63965964,0.38028118,0.7456886,0.5610697,0.6562929,0.3110372,0.7039946,0.57015866,0.6353651,0.5603566,0.6927499,0.6545234,0.62782663,0.65157235,0.67921776,0.72047776,0.61533934,0.72149414
joaogoup - 25.png,go_up,0.535127,0.3907251,0.5478114,0.38372058,0.5199518,0.38384473,0.56375515,0.39126068,0.49872407,0.38928318,0.5789458,0.4476883,0.47994775,0.42045748,0.585776,0.5032694,0.4556183,0.3701431,0.57736623,0.55396974,0.46465144,0.30438545,0.53295434,0.5538228,0.4689144,0.5449527,0.52125996,0.632216,0.44913137,0.6352963,0.4933271,0.7039428,0.46437207,0.69873595
joaogoup - 26.png,go_up,0.5251834,0.39305544,0.53711843,0.38636047,0.5099234,0.38649344,0.55206853,0.39422143,0.48828915,0.3925487,0.56774914,0.44918102,0.46937203,0.4203958,0.5795921,0.5027628,0.4447652,0.3696494,0.5637698,0.5546127,0.45433807,0.30595806,0.52393687,0.5515258,0.45923385,0.5412231,0.5165327,0.6327422,0.43699628,0.6328714,0.48818162,0.7081617,0.4466711,0.70076764
joaogoup - 27.png,go_up,0.5243716,0.40343025,0.5368917,0.3959631,0.50864553,0.39700153,0.55548376,0.4027508,0.4890469,0.40299162,0.5734933,0.46054575,0.47452003,0.43222886,0.5872948,0.51453537,0.44651937,0.3794495,0.5722077,0.5667581,0.452051,0.31437126,0.527013,0.56441283,0.46289554,0.5542289,0.52059305,0.6441079,0.44478923,0.64607596,0.49393597,0.7234589,0.45476216,0.71422607
joaogoup - 28.png,go_up,0.52456313,0.42292693,0.53780955,0.4158857,0.5095323,0.4162944,0.5599794,0.42240718,0.4928625,0.4213943,0.58102137,0.4777805,0.48051843,0.45002666,0.58967036,0.533887,0.44641107,0.4004433,0.5803105,0.59047025,0.4439409,0.33813924,0.534934,0.58507425,0.4696077,0.574974,0.5224842,0.6672406,0.44950637,0.6669882,0.50229937,0.7492013,0.45677498,0.7389601
joaogoup - 29.png,go_up,0.5449396,0.4518186,0.5590682,0.44488662,0.53082335,0.44474077,0.5824212,0.45102185,0.51528424,0.44873497,0.6029716,0.50591063,0.4978385,0.47828344,0.6102982,0.56143796,0.4635684,0.42818624,0.59835684,0.6149287,0.4653179,0.36728314,0.55450493,0.6157902,0.48675594,0.6061982,0.5459487,0.69736326,0.47012666,0.69836086,0.51924866,0.7759369,0.48095912,0.7679999
joaogoup - 30.png,go_up,0.5422971,0.4894581,0.5570806,0.48310548,0.52857935,0.48284853,0.5796197,0.49091294,0.5126141,0.48822457,0.5988316,0.546768,0.4925927,0.5159745,0.6086922,0.60453784,0.461426,0.465255,0.59171957,0.65794736,0.46817702,0.40678594,0.5513605,0.6573473,0.48094952,0.64609665,0.5439808,0.74161816,0.46480638,0.7403556,0.51562744,0.81732714,0.48187318,0.80433834
joaogoup - 31.png,go_up,0.45956463,0.47965482,0.47381297,0.47299692,0.445697,0.47292566,0.49752492,0.48019555,0.43037125,0.4781132,0.5191413,0.5350786,0.41381824,0.5069459,0.5290429,0.58909005,0.3822308,0.45342442,0.51609135,0.6447646,0.3853364,0.39273328,0.4747488,0.64222795,0.4067521,0.6326426,0.4691659,0.72423416,0.3909363,0.72667915,0.4459771,0.7992876,0.4088423,0.79178816
joaogoup - 32.png,go_up,0.4380212,0.4552685,0.4518993,0.44832528,0.42414585,0.44854215,0.47634774,0.45516506,0.4106436,0.4538088,0.49856746,0.5094089,0.39775717,0.48474962,0.50990194,0.5638733,0.3641034,0.4381389,0.50243235,0.6146304,0.36242363,0.36977342,0.45918986,0.61748856,0.3936987,0.6092879,0.45463195,0.69811964,0.37858826,0.69904655,0.4403623,0.7756987,0.39093757,0.7666927
joaogoup - 33.png,go_up,0.46086136,0.44043663,0.4729117,0.43330282,0.44635153,0.43395406,0.49235272,0.43941015,0.4290581,0.43907186,0.51533407,0.4925357,0.41336924,0.4683404,0.5308869,0.5436924,0.37629744,0.42199716,0.5267796,0.5987497,0.37819293,0.35810676,0.48392254,0.6002363,0.4188674,0.59237754,0.47883588,0.6838377,0.40316442,0.6850941,0.46355072,0.7599701,0.4194179,0.75343156
joaogoup - 34.png,go_up,0.46942264,0.41945153,0.4810619,0.41242024,0.45402738,0.41344887,0.50040346,0.4197923,0.43667608,0.42060828,0.5249208,0.4713308,0.42307094,0.44992658,0.5458621,0.52370495,0.39155647,0.40779224,0.5403163,0.57542264,0.38719118,0.3426066,0.49611482,0.5765193,0.43059504,0.569949,0.50091374,0.65614,0.42078167,0.6579412,0.48392084,0.73078895,0.43738952,0.7241487
joaogoup - 35.png,go_up,0.48534256,0.33230507,0.4956872,0.32478595,0.46957847,0.32641536,0.5131385,0.33131257,0.45132983,0.3334402,0.53927755,0.38491124,0.43606907,0.36363804,0.5626075,0.43524885,0.39927596,0.31879386,0.55950916,0.48866645,0.39808467,0.25277355,0.51400703,0.48950273,0.4484811,0.4834379,0.5207983,0.5692031,0.44159007,0.5724608,0.50429857,0.6436899,0.45864823,0.6373499
joaogoup - 36.png,go_up,0.50685436,0.24554226,0.5172771,0.2381569,0.49156845,0.23924825,0.53374195,0.24352661,0.47301438,0.24453379,0.5590241,0.29643932,0.45728886,0.2741899,0.5814537,0.34571734,0.41970545,0.22911134,0.58224136,0.40197006,0.41558442,0.16236818,0.53875226,0.39881486,0.47396216,0.3922294,0.54390615,0.48000288,0.46582633,0.48039132,0.53002995,0.55260146,0.48552126,0.5451745
joaogoup - 37.png,go_up,0.5026667,0.15748136,0.51307446,0.15023415,0.4872796,0.15175194,0.5300935,0.15730007,0.46950746,0.15900819,0.55660224,0.21227549,0.4541194,0.18838936,0.5807616,0.2600951,0.41087854,0.1384383,0.57775044,0.31449866,0.41341835,0.068777755,0.5342942,0.31517228,0.46979517,0.3078998,0.54094535,0.39478815,0.46691868,0.3954673,0.5297926,0.4676364,0.48569426,0.46038467
joaogoup - 38.png,go_up,0.46644482,0.22925021,0.4759145,0.22226745,0.45121774,0.22406729,0.49267736,0.22896543,0.43363008,0.23144592,0.52060634,0.28003836,0.4226253,0.2577895,0.54267293,0.32449022,0.38980263,0.21158859,0.5442231,0.37383807,0.38126266,0.15170518,0.5035055,0.376168,0.44110587,0.36961648,0.51528263,0.45159367,0.436644,0.45515406,0.5025694,0.5219687,0.45920652,0.5180031
joaogoup - 39.png,go_up,0.41881788,0.3045556,0.4277843,0.29759097,0.40374303,0.29965803,0.4432967,0.30258957,0.385542,0.3060136,0.46826774,0.3499833,0.37481773,0.33236802,0.49017456,0.39259186,0.34636772,0.2934467,0.49501127,0.44294256,0.33772877,0.23584656,0.46088037,0.44521648,0.39972085,0.4404521,0.46204495,0.5175921,0.411625,0.5166778,0.4641295,0.5816474,0.4158443,0.58160347
joaogoup - 40.png,go_up,0.44892746,0.37715295,0.45733348,0.3708916,0.43507951,0.3723414,0.47425762,0.374745,0.41906643,0.37650466,0.5028427,0.41848212,0.4054807,0.39779654,0.5210403,0.46138957,0.36690494,0.35758972,0.52774245,0.51000214,0.38120127,0.31707415,0.48850447,0.5107187,0.42539707,0.5055975,0.4892339,0.5827529,0.43622342,0.5810845,0.48830748,0.6434721,0.45111817,0.643642
joaogoup - 41.png,go_up,0.55456686,0.40111193,0.5630738,0.39467856,0.5400318,0.39694166,0.57832634,0.40011543,0.52344054,0.40426052,0.60331297,0.44450906,0.51457304,0.42884964,0.62249905,0.48597044,0.4883646,0.39467582,0.6253455,0.53309745,0.4811424,0.3391004,0.587173,0.53429246,0.52933574,0.5294601,0.58554447,0.6041734,0.53919125,0.60123223,0.5870793,0.6617056,0.54939294,0.65743333
joaogoup - 42.png,go_up,0.53637624,0.3662112,0.54588544,0.36005047,0.52364725,0.36088768,0.5614515,0.36417744,0.5076136,0.36491415,0.58130753,0.40583366,0.49673304,0.38877323,0.6014186,0.44604716,0.46943113,0.3578159,0.60232013,0.49229753,0.46226677,0.30725142,0.5681276,0.49277395,0.5123121,0.4880197,0.5706239,0.55930936,0.5183263,0.5594958,0.5747277,0.6169748,0.5305365,0.6197257
joaogoup - 43.png,go_up,0.457139,0.3465966,0.46588245,0.3407,0.4463022,0.3421045,0.4832307,0.34463242,0.4352638,0.34680513,0.50888723,0.38606232,0.4259412,0.36980978,0.5252479,0.4261811,0.40213576,0.33685648,0.5256135,0.47189724,0.39019716,0.28547034,0.49366504,0.4726187,0.43928623,0.4675768,0.49186474,0.5365733,0.44588214,0.5344816,0.49476442,0.5906619,0.45817542,0.5896017
joaogoup - 44.png,go_up,0.4288578,0.35246927,0.43781787,0.34603807,0.4161012,0.34743416,0.45342195,0.3496582,0.40096408,0.3517978,0.4739937,0.39157474,0.39294085,0.37619245,0.4906711,0.42953905,0.36790153,0.3437584,0.49165037,0.47291642,0.3630883,0.29137817,0.46058357,0.4757035,0.40717044,0.4711816,0.46013328,0.53713894,0.41369534,0.534749,0.46243158,0.5895772,0.42357087,0.5869188
joaogoup - 45.png,go_up,0.40122646,0.35527468,0.40937126,0.34986538,0.38966465,0.35100436,0.42460376,0.35478142,0.37695673,0.356364,0.44649228,0.3946449,0.3699206,0.37868413,0.46473977,0.43267825,0.3406611,0.34808913,0.46363854,0.47678956,0.33359927,0.30139816,0.433507,0.4755323,0.38316694,0.47071314,0.43395966,0.5375813,0.38960588,0.53551257,0.43773493,0.5906027,0.3985711,0.5892375
joaogoup - 46.png,go_up,0.4174014,0.3589565,0.42554134,0.3530854,0.40644187,0.3546534,0.44258958,0.35674936,0.3955481,0.3594063,0.46852106,0.39693645,0.38808757,0.38212,0.48415786,0.43368977,0.36351895,0.34937027,0.4862084,0.4764528,0.35517135,0.30169234,0.45305,0.47884792,0.40026855,0.47431195,0.4551729,0.5399256,0.4094179,0.5364952,0.4578806,0.5926189,0.42054042,0.58841693
joaogoup - 47.png,go_up,0.5100664,0.36074004,0.5176652,0.3552007,0.49776667,0.35717252,0.53281575,0.36020648,0.48461625,0.3637599,0.5569323,0.39962617,0.47684467,0.38498762,0.5733011,0.43745056,0.45096108,0.351525,0.5755165,0.4812667,0.44366428,0.30216804,0.5399561,0.48066694,0.48762524,0.47653264,0.5450347,0.54058814,0.49919528,0.5390472,0.5476416,0.59636575,0.50771576,0.59465104
joaogoup - 48.png,go_up,0.6403252,0.35947636,0.64781314,0.35326108,0.6283023,0.35527858,0.66365063,0.3566886,0.616148,0.36045018,0.68994987,0.39765942,0.60976,0.38357934,0.7045408,0.4360362,0.585481,0.35205895,0.7064777,0.4790435,0.578238,0.30241668,0.67230386,0.48148838,0.61957204,0.47706944,0.6750633,0.54293364,0.6285242,0.53958213,0.6730378,0.59637314,0.6357224,0.5921101
joaogoup - 49.png,go_up,0.6778016,0.3598636,0.68548125,0.3540663,0.665745,0.35599938,0.70093894,0.3584948,0.65306586,0.36187232,0.7268167,0.39921814,0.64510596,0.3837306,0.74299204,0.43843862,0.6208695,0.3497937,0.7439343,0.4846082,0.61609167,0.30105215,0.71134627,0.48488286,0.65739125,0.48009118,0.7090615,0.54784507,0.6622219,0.5450427,0.7107389,0.6006933,0.6700022,0.59729296
joaogoup - 50.png,go_up,0.58047837,0.3761215,0.5885668,0.37030324,0.56776893,0.37192225,0.6042584,0.37514913,0.554432,0.37798005,0.6270259,0.416026,0.55046284,0.40136787,0.64402384,0.4547642,0.52439487,0.37064573,0.6433717,0.50066197,0.5202736,0.32059458,0.6118331,0.50090307,0.5608021,0.49650547,0.6134385,0.5650983,0.56605095,0.56292677,0.6161474,0.62044835,0.5722523,0.6184867
joaogoup - 51.png,go_up,0.49152547,0.39595792,0.49856934,0.3899909,0.47851133,0.3920566,0.5132884,0.3939922,0.46424893,0.39750814,0.54166824,0.4357856,0.4542923,0.41827118,0.5581795,0.47719258,0.42537117,0.38190916,0.56445223,0.52380484,0.42803898,0.3371555,0.52726257,0.523551,0.47003537,0.51853,0.5222245,0.5901852,0.4764593,0.58691424,0.52577233,0.6460583,0.48958185,0.6423203
joaogoup - 52.png,go_up,0.4326004,0.4071769,0.4397713,0.40087894,0.41835192,0.4027924,0.45209816,0.40552643,0.40048453,0.40880978,0.4763705,0.4486915,0.39125288,0.43315628,0.49462223,0.48867464,0.36519155,0.39922735,0.49582162,0.5348132,0.37199017,0.35024786,0.46597028,0.53647745,0.40998104,0.53232545,0.46404147,0.603522,0.4154406,0.6021221,0.46193954,0.66138554,0.42610905,0.65978265
joaogoup - 53.png,go_up,0.4907675,0.42133385,0.4988696,0.4151476,0.47741392,0.41660106,0.5128485,0.4196302,0.461029,0.42183605,0.5359413,0.46228057,0.45186144,0.44645604,0.5560049,0.50408673,0.42675197,0.4137502,0.5550388,0.5521276,0.42818734,0.36158168,0.52691704,0.5533593,0.4708699,0.54942083,0.525165,0.6206337,0.47310442,0.62191457,0.5271695,0.67979723,0.4832755,0.6832621
joaogoup - 54.png,go_up,0.5452431,0.42693418,0.5526437,0.42052966,0.5296274,0.42273304,0.5662104,0.42609972,0.5104474,0.42974788,0.59462816,0.47208643,0.49868745,0.45253745,0.6137929,0.5163818,0.4703047,0.41168654,0.6154664,0.5671038,0.47623798,0.36564347,0.58242446,0.5673154,0.51941437,0.56195086,0.5818607,0.64113444,0.5262828,0.6393931,0.57825816,0.7031497,0.5378833,0.7022207
joaogoup - 55.png,go_up,0.58200556,0.43521997,0.59011656,0.42737705,0.5652347,0.43022606,0.6056283,0.43276304,0.5472195,0.43771747,0.63508105,0.48523307,0.5337916,0.46549475,0.66029143,0.53362066,0.49664918,0.42123464,0.6626128,0.58420616,0.49677575,0.35941133,0.6176618,0.5874789,0.55290294,0.5826789,0.6336064,0.6634943,0.55100375,0.668722,0.6239507,0.7386141,0.5730082,0.7335799
joaogoup - 56.png,go_up,0.55141205,0.435409,0.5617438,0.42771265,0.5342164,0.43043357,0.58115846,0.43484512,0.51585865,0.43928352,0.61156124,0.4891322,0.50456023,0.4679454,0.6348108,0.53921914,0.46498895,0.41745207,0.63407195,0.59551793,0.46685374,0.35386515,0.5912458,0.5979396,0.52317697,0.5924109,0.5963023,0.68275124,0.5168809,0.689329,0.5862997,0.76189363,0.53751594,0.75771475
joaogoup - 57.png,go_up,0.46394816,0.44512865,0.47558373,0.437267,0.44781095,0.4392871,0.49681148,0.44354472,0.4303297,0.4462973,0.52880347,0.49970725,0.4165598,0.47674778,0.5551766,0.5514537,0.37571216,0.42559105,0.55131733,0.6102969,0.38080025,0.35975766,0.50397766,0.61053956,0.43337926,0.6041327,0.5114761,0.6978004,0.42989218,0.7035716,0.4952843,0.78264296,0.44681904,0.77944666
joaogoup - 58.png,go_up,0.4738419,0.44011024,0.48651066,0.43212637,0.45720416,0.4340355,0.509138,0.43899322,0.43911788,0.44140255,0.5390716,0.49677756,0.4271704,0.4725911,0.5672921,0.54850566,0.38965267,0.41834402,0.5609755,0.60922575,0.38646042,0.35347742,0.5103142,0.6104896,0.4393391,0.60329014,0.5203072,0.6969614,0.43649703,0.7017244,0.50513995,0.7818366,0.45534256,0.77573115
joaogoup - 59.png,go_up,0.4981231,0.41841814,0.510806,0.41068405,0.48218223,0.41207042,0.5321029,0.41764992,0.46521968,0.41886917,0.5633546,0.47202456,0.45254776,0.45099717,0.5879434,0.5270901,0.4132486,0.4030149,0.58756816,0.5875323,0.40865138,0.33339673,0.5399162,0.58876014,0.46827978,0.5831492,0.54431,0.6724077,0.46328112,0.67643285,0.52170634,0.7520641,0.47441286,0.7464947
joaogoup - 60.png,go_up,0.52173245,0.37694392,0.5345686,0.36957604,0.5069338,0.37055808,0.5584824,0.37581074,0.49255082,0.37634102,0.5847039,0.43015245,0.4824512,0.4076263,0.60233825,0.4817055,0.44367218,0.3594763,0.6006837,0.53855497,0.44184178,0.29211572,0.55805135,0.5378489,0.49288735,0.5313175,0.55571645,0.6207346,0.4833712,0.62475246,0.5441755,0.69920945,0.49692416,0.6937948
joaogoup - 61.png,go_up,0.5569219,0.34658843,0.56902313,0.33941385,0.541339,0.34082666,0.5903637,0.34742004,0.5244999,0.34888524,0.6180438,0.40218812,0.5135986,0.3788207,0.6407936,0.4491929,0.4830872,0.3271043,0.63274086,0.5039533,0.48562542,0.26186588,0.5899996,0.5060944,0.5233379,0.49874777,0.59773844,0.58871657,0.5172377,0.59079343,0.5806262,0.6658313,0.5354938,0.6593903
joaogoup - 62.png,go_up,0.5758821,0.36471978,0.5867186,0.3573049,0.56182003,0.3590133,0.60772276,0.36353213,0.5485516,0.3657115,0.63673115,0.41662663,0.5359818,0.3936053,0.65939885,0.46383736,0.49759147,0.34477237,0.65702975,0.5172832,0.50268304,0.28308937,0.60925996,0.52034485,0.5453408,0.5134565,0.6145201,0.599135,0.5412899,0.6038005,0.5998781,0.67529696,0.55676347,0.671809
joaogoup - 63.png,go_up,0.57908404,0.3638218,0.5904726,0.3566432,0.5642011,0.35821778,0.6130472,0.3637078,0.5515003,0.36555487,0.64378655,0.4160564,0.54202425,0.3942776,0.6634476,0.4643553,0.50411445,0.3441596,0.667026,0.51913434,0.5090697,0.27726567,0.6178265,0.524517,0.5509963,0.51858896,0.621263,0.60422945,0.5453383,0.6090385,0.60764676,0.6792469,0.55752516,0.6761225
joaogoup - 64.png,go_up,0.5343923,0.35772547,0.5462977,0.35010356,0.5183093,0.35179284,0.56825984,0.35694367,0.501969,0.35903296,0.5972621,0.41215372,0.49024996,0.3896408,0.619154,0.46449918,0.45655423,0.3369611,0.6187481,0.52243054,0.4565917,0.2689322,0.57102346,0.5238315,0.5022346,0.51774466,0.57534176,0.6084459,0.494926,0.6138941,0.56179935,0.68789464,0.51637787,0.6822577
joaogoup - 65.png,go_up,0.50785613,0.34689263,0.5204822,0.33857328,0.49058205,0.33995083,0.5415047,0.34565717,0.47014287,0.34700307,0.57644576,0.40839687,0.45346248,0.37917206,0.59896576,0.46219924,0.40916792,0.32329497,0.59341925,0.5268863,0.41862375,0.25496078,0.55315405,0.5272696,0.47401503,0.51815015,0.5530856,0.61008364,0.46444124,0.61850125,0.53245974,0.6919206,0.48169836,0.695386
joaogoup - 66.png,go_up,0.5008387,0.3458378,0.51274264,0.33615425,0.48158467,0.3389442,0.5324684,0.34243193,0.45875978,0.34657022,0.5675741,0.409071,0.44297823,0.38183427,0.5935943,0.4684417,0.40007484,0.32213086,0.5881516,0.5362455,0.40980998,0.24683951,0.54076153,0.53656614,0.4611741,0.52829874,0.5428394,0.6302923,0.45005533,0.6368521,0.5201295,0.7165366,0.47159314,0.71105254
joaogoup - 67.png,go_up,0.4927787,0.35454467,0.50603414,0.3443626,0.47219995,0.34690675,0.52719885,0.35206833,0.44713873,0.3555673,0.56727743,0.42410824,0.43092486,0.39302638,0.59247243,0.48688763,0.39084846,0.32536107,0.589912,0.56137836,0.3989329,0.24466977,0.5412251,0.5609833,0.45365804,0.5513681,0.5433941,0.6621619,0.44120082,0.6702961,0.50986814,0.7548873,0.46764067,0.75171405
joaogoup - 68.png,go_up,0.48840076,0.35442933,0.5020192,0.34372145,0.46465272,0.3473838,0.52305186,0.35174954,0.43696073,0.3575884,0.5678095,0.4286896,0.4200179,0.39698187,0.60221183,0.50139666,0.373777,0.3251304,0.5923239,0.58274513,0.38055724,0.23973079,0.5469146,0.5819616,0.44843027,0.57327056,0.5432235,0.6906599,0.43589705,0.70200586,0.51841325,0.7915148,0.4639873,0.78935647
joaogoup - 69.png,go_up,0.48391458,0.36439684,0.49748352,0.35303053,0.45778188,0.35790673,0.5181215,0.36119255,0.42648152,0.36936024,0.56115323,0.4386466,0.40983424,0.40807396,0.6048517,0.51937544,0.3630658,0.33398777,0.5940356,0.6038714,0.36668327,0.24354225,0.5395536,0.6028323,0.4392325,0.5954332,0.5342991,0.72184163,0.43294033,0.7345237,0.51821387,0.8382893,0.45405823,0.8298407
joaogoup - 70.png,go_up,0.4794768,0.3850408,0.4940738,0.37281182,0.45455176,0.3769415,0.51455396,0.37959698,0.42202646,0.3860194,0.56311506,0.46188787,0.40431422,0.42899716,0.600656,0.53811395,0.35527354,0.35553184,0.58957696,0.62404305,0.35726666,0.26558024,0.5476402,0.6266596,0.44241798,0.6177951,0.5408496,0.7391019,0.42906365,0.75552243,0.50384057,0.85274637,0.44361004,0.85389507
joaogoup - 71.png,go_up,0.43156737,0.3985717,0.44837213,0.38583395,0.40768522,0.38961017,0.47526425,0.3922602,0.37912202,0.39781624,0.520287,0.47412962,0.36191162,0.44194406,0.5484448,0.543949,0.31359455,0.36550474,0.5470236,0.6278296,0.31831312,0.27366608,0.49575385,0.62939954,0.3927489,0.62079585,0.49738136,0.7406238,0.37995994,0.75758904,0.46116292,0.8498931,0.40245894,0.8510176
joaogoup - 72.png,go_up,0.35557234,0.42352983,0.36908442,0.41358322,0.33323008,0.41748387,0.3942693,0.4203562,0.3113193,0.42695066,0.43678397,0.48955053,0.29531762,0.4623462,0.47090665,0.56099534,0.24925305,0.39470363,0.46413523,0.63895583,0.2421567,0.31780738,0.40983048,0.6420779,0.31722966,0.635702,0.4142501,0.7482672,0.31460318,0.761518,0.39418665,0.85033727,0.33934432,0.84472144
joaogoup - 73.png,go_up,0.4265737,0.4388158,0.44287974,0.42753914,0.40576196,0.43013346,0.46990702,0.43240052,0.3813435,0.43567857,0.5098302,0.50753456,0.36462656,0.4765405,0.537564,0.5701934,0.32087114,0.41445664,0.532119,0.6445423,0.3182598,0.33408937,0.47994453,0.6464382,0.386577,0.6371159,0.4855106,0.74606186,0.38011736,0.75828797,0.4587982,0.8429501,0.4019811,0.8439115
joaogoup - 74.png,go_up,0.6751936,0.4293772,0.6902803,0.41897896,0.65579677,0.42139328,0.71777815,0.42469648,0.63501567,0.42795748,0.76038724,0.49600178,0.61805713,0.464809,0.7855362,0.5586532,0.5736905,0.40217555,0.7795312,0.6326798,0.57439315,0.33016002,0.7294256,0.6330152,0.6376767,0.6233479,0.7392156,0.7297528,0.6309881,0.7405162,0.7130137,0.83157915,0.66106474,0.8299574
joaogoup - 75.png,go_up,0.5987329,0.4316355,0.6135164,0.4211656,0.57967395,0.4233934,0.639275,0.42561844,0.558478,0.42832458,0.6791521,0.49732414,0.5409415,0.46648496,0.7084544,0.55707645,0.4971231,0.40327877,0.70420855,0.6306506,0.4975049,0.32638884,0.6469598,0.6329883,0.5583372,0.6235242,0.65939665,0.7277338,0.55425054,0.73746663,0.6331773,0.8256957,0.57899576,0.8249446
joaogoup - 76.png,go_up,0.47767988,0.42309326,0.49304453,0.4131652,0.45796797,0.41610402,0.5215999,0.41900933,0.4386552,0.423472,0.5625506,0.48779333,0.4258466,0.4595006,0.59487224,0.5529123,0.3780622,0.39549932,0.5856152,0.628065,0.37457195,0.32228753,0.5338304,0.62681,0.44392005,0.61894596,0.5362558,0.7254387,0.43885115,0.7363466,0.51410973,0.8227465,0.45971417,0.82106745
joaogoup - 77.png,go_up,0.41447744,0.40467277,0.4299118,0.39442548,0.39572057,0.396848,0.45890695,0.40160877,0.37740093,0.40498906,0.50397664,0.47301868,0.36049896,0.44377977,0.5325574,0.5361911,0.30699268,0.37855005,0.5301073,0.6121728,0.306175,0.2992892,0.47716346,0.6132783,0.38494483,0.6046477,0.4847429,0.7175279,0.37783143,0.72723365,0.46059,0.8208373,0.40514717,0.81623924
carolgodown - 01.png,go_down,0.31455964,0.21627723,0.32779512,0.21051653,0.3001539,0.20974347,0.34471673,0.21704036,0.27877066,0.21634573,0.36258054,0.24699171,0.26316607,0.24891907,0.3921524,0.18738359,0.24064523,0.18948227,0.40179545,0.13071178,0.23268752,0.12841958,0.36300346,0.3718194,0.29582354,0.37456325,0.38096592,0.4527674,0.3046047,0.4619222,0.37044108,0.5331144,0.30982596,0.542461
carolgodown - 02.png,go_down,0.442585,0.26100478,0.45666495,0.25541037,0.42826316,0.25385147,0.473576,0.26049584,0.40773615,0.25780508,0.48545894,0.2925235,0.3940622,0.29183072,0.5139826,0.23593341,0.37104425,0.23811567,0.51661193,0.17281403,0.37077016,0.17735985,0.47761682,0.41108853,0.41586795,0.4113913,0.49535137,0.4996787,0.4125811,0.50211173,0.4805447,0.57706404,0.43402037,0.582277
carolgodown - 03.png,go_down,0.54201853,0.41702533,0.5550604,0.4097958,0.5270612,0.41042262,0.57645667,0.4141389,0.50856173,0.41628337,0.5948502,0.44612715,0.49799934,0.44804677,0.616969,0.39267117,0.48418105,0.39095685,0.63104194,0.33501613,0.47679368,0.33019334,0.5767376,0.5675305,0.5104582,0.56902146,0.5898806,0.64785975,0.50262254,0.6566883,0.57601464,0.7397223,0.5096237,0.74103546
carolgodown - 04.png,go_down,0.508152,0.34556618,0.52282864,0.33748373,0.49249244,0.3381049,0.547244,0.3398799,0.4735215,0.34183586,0.56936795,0.37385583,0.46266598,0.37518534,0.5933843,0.31854147,0.43917212,0.31440845,0.6005769,0.25434515,0.43413264,0.24751678,0.5516786,0.50484926,0.47860026,0.50604403,0.55580276,0.59356505,0.46620947,0.6025516,0.5400382,0.69113135,0.47785586,0.69442296
carolgodown - 05.png,go_down,0.4581877,0.3479687,0.47520405,0.34119314,0.44222084,0.3401609,0.50171554,0.34728688,0.42233014,0.34600034,0.52145404,0.38530135,0.41057608,0.3842519,0.550782,0.31974095,0.379931,0.317403,0.56322926,0.2522014,0.3880996,0.24836741,0.4932294,0.5244867,0.42035308,0.52325183,0.50352144,0.6359777,0.4100128,0.6370522,0.48255032,0.7301153,0.4265618,0.7286797
carolgodown - 06.png,go_down,0.49101272,0.36381045,0.5088094,0.35491824,0.47237247,0.35421023,0.535965,0.3587903,0.44972676,0.35851067,0.5649056,0.4015762,0.4361345,0.40243146,0.60000384,0.3286554,0.41205224,0.33048117,0.6087235,0.25467664,0.4120629,0.25141943,0.5305963,0.5629879,0.44475317,0.5624014,0.5391145,0.68395966,0.4295043,0.68783486,0.5076967,0.79300994,0.45148417,0.7974535
carolgodown - 07.png,go_down,0.5567937,0.36150092,0.5767984,0.35266662,0.53551704,0.35167924,0.606183,0.36079174,0.5098628,0.35980564,0.6379644,0.4105096,0.49042732,0.40846717,0.67273974,0.32097486,0.45849302,0.32151827,0.69601506,0.2314526,0.46276042,0.23887254,0.5998485,0.592348,0.50101197,0.58995926,0.6200245,0.72663337,0.47871906,0.7267828,0.577406,0.85687816,0.50864613,0.8561617
carolgodown - 08.png,go_down,0.5484679,0.3632593,0.5707434,0.35399,0.52477413,0.3531449,0.6042421,0.3636456,0.4976815,0.3632105,0.64102525,0.41808492,0.47910047,0.41834557,0.68141884,0.3206814,0.44397897,0.3244456,0.7041238,0.22427942,0.4472273,0.22589539,0.59953994,0.6212231,0.49097776,0.61941767,0.6191342,0.7793223,0.46640489,0.7798802,0.5712433,0.92150235,0.49639615,0.9210189
carolgodown - 09.png,go_down,0.49657896,0.34844005,0.520613,0.33953828,0.47164214,0.33890358,0.5541851,0.35315943,0.44323695,0.35288355,0.5946174,0.41340077,0.4243581,0.4110492,0.6492433,0.30613285,0.377663,0.307163,0.66201484,0.19128622,0.3785974,0.19850004,0.54505605,0.64243674,0.4236189,0.63973546,0.5617627,0.808849,0.41112643,0.8097199,0.5390027,0.95130265,0.42473865,0.9482092
carolgodown - 10.png,go_down,0.51499206,0.3356691,0.5403843,0.32572746,0.48883846,0.32529327,0.5757418,0.3381541,0.45748925,0.33824167,0.6106955,0.40271658,0.43822744,0.4014536,0.66289747,0.29481485,0.39559394,0.2953038,0.68127507,0.17783381,0.39251024,0.17570265,0.5620085,0.63378286,0.44127232,0.63195246,0.5827112,0.8113047,0.4357368,0.81124365,0.56728864,0.95480716,0.46184465,0.9474577
carolgodown - 11.png,go_down,0.5861493,0.33382967,0.6080726,0.32282984,0.55773634,0.32348827,0.6391675,0.3335438,0.52522117,0.33601817,0.67945623,0.39790893,0.50304633,0.39606383,0.7342144,0.2918411,0.46241885,0.28946808,0.75013834,0.1776362,0.46460673,0.18116243,0.6358217,0.62365955,0.5169103,0.621411,0.66663283,0.7922595,0.50023353,0.7949306,0.6310633,0.9504675,0.54377484,0.9476298
carolgodown - 12.png,go_down,0.65152216,0.33543482,0.6746806,0.3239251,0.62431866,0.32461935,0.70361155,0.33434165,0.5910283,0.33573464,0.73982286,0.39808953,0.56744003,0.39565808,0.793448,0.29145604,0.5297481,0.2942944,0.8249406,0.17974073,0.52263427,0.18752566,0.7034973,0.62630814,0.584643,0.62416667,0.73218054,0.79086393,0.57482135,0.7909318,0.69508755,0.9473702,0.6090301,0.9417907
carolgodown - 13.png,go_down,0.7077053,0.33334008,0.7314443,0.32164693,0.67888117,0.3216685,0.7610102,0.33170822,0.63994896,0.33298132,0.7967042,0.39765894,0.6169985,0.39951953,0.85528505,0.2893173,0.57469076,0.2992918,0.8737638,0.17363591,0.57200646,0.17858976,0.75631857,0.6297355,0.6329449,0.6293695,0.7789527,0.79773575,0.6230681,0.7974821,0.75202584,0.9476216,0.65507096,0.9416241
carolgodown - 14.png,go_down,0.67831504,0.32727537,0.69953847,0.3162231,0.64916766,0.3164834,0.7278924,0.32599095,0.6136948,0.3279063,0.76906383,0.38978827,0.58737624,0.39000157,0.8292435,0.28265074,0.54270416,0.28714627,0.8378304,0.1712227,0.5477681,0.17533289,0.72896934,0.611027,0.6083766,0.609691,0.7575435,0.77906114,0.58930933,0.7821222,0.7182307,0.92813534,0.6337441,0.92814744
carolgodown - 15.png,go_down,0.500078,0.3322489,0.5218333,0.32049218,0.47148266,0.322092,0.5585296,0.32926232,0.4435429,0.3340505,0.6066431,0.39682993,0.42247897,0.39685193,0.64888793,0.29795045,0.3694591,0.29525086,0.6527776,0.18222529,0.3591101,0.18233408,0.5607164,0.6167273,0.43914974,0.61508626,0.59008783,0.7831482,0.42301348,0.7880719,0.54180956,0.9366121,0.46981302,0.93725044
carolgodown - 16.png,go_down,0.2807425,0.30783805,0.30519417,0.29692376,0.25688025,0.29697877,0.3470899,0.3068835,0.2350616,0.3076882,0.39094695,0.3713974,0.21370187,0.36933902,0.43758622,0.2644995,0.1553841,0.26311612,0.4507915,0.15002216,0.13252583,0.1546579,0.3465949,0.5983678,0.2266916,0.59642756,0.38021603,0.76440406,0.22043088,0.76840544,0.35216904,0.9226159,0.26356843,0.92536575
carolgodown - 17.png,go_down,0.18889537,0.2935386,0.2138099,0.28244072,0.16409302,0.28300422,0.2578545,0.29181707,0.141718,0.29398176,0.29886112,0.35478696,0.12580368,0.35422122,0.34122038,0.24974488,0.071936116,0.2484571,0.34752417,0.13007675,0.052847326,0.14081463,0.2603619,0.58034116,0.14206259,0.5795168,0.29479337,0.73912776,0.13882352,0.74698836,0.2761979,0.89340395,0.18719889,0.89708084
carolgodown - 18.png,go_down,0.20189056,0.29313004,0.2273067,0.281362,0.17702289,0.2820316,0.27315652,0.289735,0.15506445,0.29203707,0.31547317,0.35528064,0.13860045,0.3547761,0.36194605,0.2511239,0.083703525,0.24984527,0.3702424,0.12578817,0.072790936,0.13582961,0.2750408,0.58197165,0.15485145,0.5815801,0.3146911,0.7399155,0.15981574,0.74863076,0.29112488,0.89438915,0.20194459,0.8998486
carolgodown - 19.png,go_down,0.23777759,0.43359613,0.262334,0.42055333,0.21442333,0.42013082,0.30778974,0.42096204,0.19220261,0.42162848,0.34663227,0.48052752,0.17874987,0.47958148,0.39040434,0.39057735,0.12195898,0.38788047,0.40599984,0.2785567,0.10821527,0.28654724,0.3035174,0.70206475,0.18962394,0.70044005,0.33506113,0.8712124,0.18348956,0.8732455,0.32427368,0.99273133,0.21520653,0.9907793
carolgodown - 20.png,go_down,0.26702648,0.5391799,0.29070947,0.52595854,0.24344623,0.52702343,0.33287296,0.5268432,0.22064807,0.5298622,0.37274447,0.58507,0.20334247,0.58493567,0.4157231,0.49151203,0.15470889,0.49135318,0.43105596,0.38707188,0.14250074,0.39493632,0.34060922,0.8102198,0.21680179,0.8103936,0.3905386,0.97298664,0.21687916,0.982146,0.0,0.0,0.0,0.0
carolgodown - 21.png,go_down,0.3000462,0.6155494,0.32280353,0.60116416,0.27719024,0.6011601,0.3607497,0.6019071,0.2512219,0.60270816,0.39699,0.6634519,0.22514227,0.66086215,0.44948623,0.5691279,0.18303895,0.5682208,0.46793187,0.47390217,0.17262833,0.4767524,0.36741224,0.8900002,0.23623541,0.889123,0.0,0.0,0.0,0.0,0.0,0.0,0.0,0.0
carolgodown - 22.png,go_down,0.35949665,0.6447252,0.38259175,0.631569,0.33619478,0.63253,0.42078558,0.6330686,0.30955565,0.6353177,0.45725346,0.6900399,0.28897423,0.68972176,0.50747377,0.6008157,0.25600874,0.5985792,0.5264074,0.5028565,0.2453982,0.5047152,0.43405896,0.916433,0.30430576,0.9172038,0.0,0.0,0.0,0.0,0.0,0.0,0.0,0.0
carolgodown - 23.png,go_down,0.5208274,0.6551725,0.54322547,0.6418484,0.4958739,0.6424534,0.5745249,0.64255995,0.4627603,0.64442396,0.602622,0.6961499,0.4365683,0.6963855,0.6706012,0.6135744,0.4067553,0.6179549,0.6935233,0.5149672,0.40740803,0.5199527,0.5802002,0.9180138,0.4555591,0.9179903,0.0,0.0,0.0,0.0,0.0,0.0,0.0,0.0
carolgodown - 24.png,go_down,0.67202437,0.6651839,0.69402474,0.6498809,0.6466928,0.65003836,0.7197846,0.6506774,0.6090439,0.65101683,0.75381976,0.7118492,0.57751286,0.7108508,0.82304233,0.61211425,0.5580073,0.6152681,0.84927064,0.5167568,0.5527674,0.5213317,0.7377107,0.94645464,0.60353976,0.9469187,0.0,0.0,0.0,0.0,0.0,0.0,0.0,0.0
carolgodown - 25.png,go_down,0.69972277,0.63804674,0.72266865,0.62434506,0.673272,0.62399495,0.7516417,0.6264702,0.63625443,0.6265226,0.7792202,0.6829285,0.6077742,0.68282753,0.8503338,0.5934211,0.58099276,0.60349077,0.8746305,0.48877728,0.5865847,0.50181973,0.7610448,0.90951884,0.6319154,0.90963733,0.0,0.0,0.0,0.0,0.0,0.0,0.0,0.0
carolgodown - 26.png,go_down,0.6748897,0.5912959,0.6953818,0.576717,0.64847106,0.57806295,0.72065747,0.5797408,0.6137115,0.5833971,0.7618833,0.63883656,0.58768696,0.6421035,0.828612,0.5426267,0.56789774,0.5481276,0.84958136,0.44499752,0.5564351,0.45386222,0.7462524,0.873931,0.6162045,0.8758204,0.0,0.0,0.0,0.0,0.0,0.0,0.0,0.0
carolgodown - 27.png,go_down,0.67760664,0.5288553,0.69729495,0.51499337,0.6501346,0.5171227,0.7248766,0.51931024,0.61891145,0.5248368,0.7666705,0.5811945,0.6003693,0.5818687,0.8210271,0.48595822,0.5607301,0.49508065,0.84106904,0.3807868,0.55522007,0.39946035,0.7363133,0.79973924,0.6171226,0.7976678,0.7764865,0.96851814,0.5965162,0.9646987,0.0,0.0,0.0,0.0
carolgodown - 28.png,go_down,0.6810457,0.46272463,0.7015722,0.4520847,0.6541307,0.45225742,0.7287185,0.46026358,0.61997515,0.46250975,0.7657862,0.5157666,0.60104185,0.51782465,0.82395476,0.42111257,0.556579,0.4321794,0.8411468,0.31445536,0.5558337,0.33096236,0.73431754,0.73933756,0.6153741,0.73894095,0.75231934,0.91796553,0.60322267,0.91786516,0.0,0.0,0.0,0.0
carolgodown - 29.png,go_down,0.6497389,0.3889531,0.6727612,0.37842858,0.6247605,0.3778639,0.701242,0.3866459,0.5889792,0.38647905,0.73755413,0.4451895,0.566673,0.44659987,0.79279023,0.34661925,0.530042,0.3580683,0.81160223,0.24696022,0.52639294,0.2581783,0.70175713,0.65677136,0.58600974,0.65546584,0.72631145,0.830403,0.5758405,0.8255753,0.6907059,0.9602206,0.5882663,0.9510215
carolgodown - 30.png,go_down,0.54573315,0.34287766,0.5680231,0.33185962,0.5208627,0.33336258,0.6022181,0.34127218,0.4941088,0.34459838,0.6446335,0.4032302,0.47356048,0.401571,0.68840736,0.31659043,0.42973268,0.31288,0.7055128,0.20858228,0.42240217,0.21436612,0.60600746,0.61390316,0.49066195,0.6119256,0.6217141,0.7722642,0.47710577,0.7755099,0.58107364,0.92558295,0.5118595,0.9210919
carolgodown - 31.png,go_down,0.450727,0.35928237,0.47039512,0.35033396,0.4281355,0.35047,0.5032268,0.3589051,0.4048283,0.36077157,0.54093295,0.41313106,0.3891097,0.41453224,0.5769225,0.32419294,0.3455286,0.32749906,0.59146506,0.2316976,0.33790386,0.23367673,0.5061241,0.6051664,0.40514112,0.60396504,0.53153855,0.7525821,0.39037114,0.7526291,0.49352393,0.88093877,0.4235498,0.87680286
carolgodown - 32.png,go_down,0.43306962,0.38320652,0.45160958,0.37335798,0.41182652,0.37384996,0.48293987,0.37813815,0.38884565,0.38048053,0.5156997,0.42949718,0.37632003,0.42863125,0.5403632,0.35396883,0.33979326,0.34989816,0.5514057,0.27034584,0.33107463,0.27276218,0.4823102,0.6024295,0.38949153,0.6009315,0.5040844,0.7320399,0.37798896,0.7338007,0.46982637,0.8505984,0.40697864,0.846061
carolgodown - 33.png,go_down,0.49833742,0.37855518,0.5148319,0.36977318,0.48070237,0.370362,0.54169416,0.3748585,0.46099666,0.37672484,0.56876105,0.4201637,0.44400457,0.41999882,0.59880733,0.35669214,0.4115598,0.3553064,0.6029543,0.28135505,0.4103315,0.28274608,0.535536,0.5724785,0.45350045,0.5719348,0.5568741,0.68796766,0.4528556,0.6914687,0.5321088,0.8000054,0.4784872,0.79740065
carolgodown - 34.png,go_down,0.53789526,0.38697296,0.55336255,0.37956977,0.52113706,0.3794684,0.5761536,0.38395122,0.50016874,0.38427424,0.6000649,0.42262682,0.485015,0.42159164,0.63588065,0.36409143,0.45854515,0.3613528,0.64047974,0.29868114,0.45678344,0.29466268,0.5735034,0.5656392,0.49595347,0.56483203,0.5851081,0.67301714,0.48848796,0.6755597,0.5640981,0.77170193,0.5066797,0.77236766
carolgodown - 35.png,go_down,0.53935355,0.39075595,0.55439264,0.38266623,0.5219711,0.38314563,0.57839406,0.38611302,0.5017355,0.38786122,0.6023205,0.42557186,0.48882174,0.42611873,0.6365119,0.3653544,0.45914567,0.36811626,0.64255625,0.3021056,0.45871073,0.30311444,0.5747513,0.5653969,0.49875492,0.56499195,0.58771974,0.6658822,0.49385998,0.66735655,0.56689554,0.7638268,0.5094776,0.7618654
carolgodown - 36.png,go_down,0.39901412,0.39166453,0.41268393,0.38346514,0.38289642,0.38453996,0.43654692,0.38625816,0.3642221,0.3891961,0.46359676,0.4253167,0.34897026,0.42563376,0.49326748,0.37271193,0.32107145,0.36780462,0.49986672,0.31072515,0.31590825,0.30411085,0.43656123,0.56111753,0.3606886,0.5613889,0.44952044,0.65783906,0.35738936,0.6640162,0.42757297,0.7600908,0.36856678,0.75854784
carolgodown - 37.png,go_down,0.17813012,0.3869439,0.19402456,0.37945196,0.16236483,0.37971625,0.22149624,0.38266495,0.14517076,0.38371292,0.2514926,0.41858184,0.13209969,0.416558,0.28021404,0.36971915,0.096174724,0.3634116,0.27729928,0.29825202,0.09421261,0.29749256,0.22608408,0.5532467,0.14417921,0.5521644,0.23892017,0.65221435,0.14468972,0.6543158,0.22849353,0.74704677,0.1623622,0.74530506
carolgodown - 38.png,go_down,0.10211921,0.3804306,0.11707142,0.37353548,0.08770177,0.37377867,0.1476025,0.37807453,0.0746131,0.3798113,0.17335047,0.4175666,0.063333295,0.4180768,0.19754907,0.36344993,0.023755327,0.35857287,0.19342618,0.3019697,0.018395789,0.29884106,0.14508604,0.54933006,0.07253301,0.5494516,0.1682542,0.64760566,0.06981697,0.65401137,0.15373772,0.7379163,0.093870245,0.73898125
carolgodown - 39.png,go_down,0.15949288,0.3799646,0.17483146,0.37220496,0.1446988,0.37265882,0.20325167,0.37432238,0.1287559,0.3760247,0.22775917,0.41113365,0.117277734,0.41237172,0.25266486,0.3610756,0.08261785,0.35772467,0.25193635,0.29766023,0.06311268,0.29227462,0.20819537,0.5434372,0.13323088,0.54444593,0.2200089,0.64303476,0.12544014,0.65028775,0.2133483,0.73534006,0.14566256,0.73686635
carolgodown - 40.png,go_down,0.22265366,0.37553382,0.23673308,0.36779052,0.20737565,0.36798868,0.26265687,0.37029338,0.19083472,0.3716334,0.29015255,0.40711334,0.17601721,0.40678665,0.31752527,0.3556349,0.14427875,0.35174167,0.31901675,0.2926492,0.13551334,0.2912953,0.26640365,0.5387885,0.19112349,0.5388414,0.28324473,0.6342975,0.18953335,0.6397355,0.26527715,0.7264636,0.21139637,0.7291689
carolgodown - 41.png,go_down,0.30031654,0.3704566,0.31524947,0.3635984,0.28533804,0.36317864,0.34291852,0.36685562,0.27035835,0.36702034,0.36705992,0.40408432,0.25860426,0.40325606,0.394935,0.3560502,0.22563612,0.35134748,0.3965861,0.29144037,0.21831873,0.28897306,0.34073368,0.533427,0.26973888,0.5323075,0.3585589,0.6336555,0.2609398,0.6349596,0.34151882,0.7209277,0.2878168,0.72012615
carolgodown - 42.png,go_down,0.47085333,0.35065728,0.4862118,0.34382373,0.45585707,0.3434006,0.5118859,0.34919232,0.43853363,0.34916893,0.5327371,0.3876743,0.42651597,0.38761982,0.56572145,0.3317788,0.3956764,0.33178642,0.57088274,0.26724312,0.39722714,0.26892117,0.5010949,0.5126167,0.4328133,0.5118196,0.51813334,0.6106457,0.42860976,0.6130133,0.49328065,0.6985251,0.44029516,0.69867474
carolgodown - 43.png,go_down,0.60991454,0.35929638,0.6246933,0.35252678,0.59402215,0.3521159,0.64600945,0.35802373,0.57307327,0.3576386,0.665476,0.3937268,0.5613036,0.39246956,0.6999954,0.34172162,0.54024315,0.33963165,0.7094847,0.27946502,0.5404902,0.27784356,0.63990736,0.519033,0.57012624,0.51792634,0.6439088,0.6124577,0.5549386,0.6146799,0.62444603,0.7042395,0.56483996,0.70638674
carolgodown - 44.png,go_down,0.69853354,0.36815953,0.7120672,0.36051235,0.68185914,0.3606744,0.73144597,0.36374232,0.65952986,0.36473733,0.7511783,0.3998603,0.6466653,0.4011106,0.7876972,0.34704432,0.62603027,0.351556,0.7986304,0.28934824,0.626817,0.2875136,0.72458553,0.52555686,0.65503156,0.52531195,0.72761244,0.6172614,0.63801986,0.6188449,0.708933,0.70463336,0.648983,0.706255
carolgodown - 45.png,go_down,0.78119135,0.37073365,0.794948,0.36298382,0.7649487,0.36223865,0.81154025,0.3657582,0.7400928,0.36479673,0.8290912,0.4011618,0.7248641,0.40188402,0.8692988,0.34618163,0.7068574,0.35311052,0.87749326,0.28915113,0.71236706,0.2889999,0.80541414,0.52711433,0.736171,0.52647346,0.80874634,0.6151641,0.7192757,0.6141425,0.7903773,0.703107,0.7259542,0.70308256
carolgodown - 46.png,go_down,0.81078476,0.37514645,0.8227783,0.3683775,0.7943517,0.36815947,0.8363679,0.3716279,0.7687364,0.37193263,0.85916364,0.40333933,0.75321877,0.4050681,0.9019666,0.35139433,0.7397825,0.35852832,0.91063166,0.29566222,0.74744827,0.29593953,0.83569473,0.53087854,0.7654471,0.5307134,0.8265982,0.61899865,0.7504722,0.6206167,0.80906326,0.6995813,0.75958234,0.703713
carolgodown - 47.png,go_down,0.8006922,0.38250315,0.8139215,0.37624946,0.7849087,0.37568092,0.82754016,0.38007477,0.758776,0.3793214,0.847917,0.41031602,0.7455306,0.41096213,0.89228696,0.35800892,0.72999686,0.3629514,0.89938164,0.3025498,0.7384882,0.30070588,0.82705873,0.5346564,0.75808704,0.5342967,0.8239373,0.6268167,0.7461786,0.6283268,0.8116454,0.70901924,0.75682634,0.71533287
carolgodown - 48.png,go_down,0.7840194,0.44219935,0.79647064,0.43471396,0.76869726,0.4350669,0.8131666,0.43635973,0.746041,0.43759692,0.83386856,0.47038585,0.7294873,0.4722846,0.870747,0.4189733,0.7125702,0.42379972,0.88021016,0.36477086,0.71368575,0.3641603,0.8120653,0.5958228,0.7427091,0.59654367,0.81472695,0.687512,0.7302781,0.6913675,0.7985787,0.77678484,0.74492365,0.7801804
carolgodown - 49.png,go_down,0.79265493,0.506305,0.8059266,0.49918443,0.77545494,0.49942845,0.82289237,0.5019081,0.7514823,0.5031209,0.8403668,0.5346103,0.7395287,0.5375916,0.882201,0.4797242,0.7180891,0.49163884,0.88339573,0.42353433,0.72019684,0.43174294,0.8201297,0.66025496,0.7532268,0.66030467,0.8282424,0.7525883,0.7375775,0.75242376,0.81181765,0.8377058,0.75470424,0.8378366
carolgodown - 50.png,go_down,0.8246713,0.55866176,0.83780915,0.5510468,0.80851763,0.5513644,0.8579451,0.55217,0.78774154,0.5536175,0.88160187,0.5867536,0.77466005,0.58800054,0.9185958,0.5354097,0.74993926,0.54038835,0.92187387,0.48064834,0.7584884,0.48258728,0.8549046,0.71216077,0.7861206,0.71141744,0.86990285,0.807125,0.7775846,0.8062158,0.8408378,0.8932587,0.7909781,0.8913651
carolgodown - 51.png,go_down,0.81408566,0.5796068,0.82868505,0.57160264,0.7983627,0.5710873,0.8503124,0.57249993,0.77657795,0.57202697,0.8724861,0.61003095,0.75898606,0.60943717,0.90356976,0.56331956,0.7266617,0.5635794,0.9060308,0.500559,0.73768955,0.4998802,0.8478364,0.7340394,0.7754531,0.73329216,0.8616612,0.82949704,0.7701702,0.82909524,0.83530295,0.91751313,0.78319985,0.9157013
carolgodown - 52.png,go_down,0.653932,0.5981368,0.6676651,0.5908195,0.6380837,0.5909668,0.6896911,0.5933725,0.6190992,0.5945286,0.7114279,0.62876934,0.60675627,0.62967694,0.74585927,0.5777739,0.5758327,0.5811868,0.75075185,0.523684,0.5804856,0.5227937,0.6843986,0.75982875,0.61629003,0.7590784,0.7003959,0.8587682,0.61037797,0.85806453,0.6795412,0.9471968,0.6216981,0.94398123
carolgodown - 53.png,go_down,0.4151552,0.6090044,0.4290356,0.6010904,0.40057424,0.6009003,0.45124036,0.6030729,0.38266218,0.6031772,0.47538745,0.6410677,0.36453798,0.6386302,0.5024945,0.59729344,0.33435476,0.58961445,0.5031243,0.5344,0.33518264,0.52802515,0.44672978,0.77145344,0.37354803,0.7700907,0.45751366,0.8662162,0.36493754,0.8682181,0.43563962,0.9656954,0.38471094,0.96466565
carolgodown - 54.png,go_down,0.28313366,0.60418046,0.299007,0.5969892,0.26889318,0.5960986,0.3266966,0.60021025,0.25297737,0.59917563,0.34964773,0.6380715,0.23970716,0.6358624,0.37999052,0.58748466,0.20818147,0.5816203,0.37850448,0.5251262,0.2102302,0.52357,0.31256026,0.7705741,0.24118912,0.7684142,0.32481647,0.8741308,0.23468351,0.87473476,0.29947346,0.9668636,0.24895178,0.9641784
carolgodown - 55.png,go_down,0.2994411,0.6036074,0.31472033,0.596281,0.2850656,0.5954198,0.3399442,0.5984092,0.26823628,0.59721124,0.36010572,0.6358995,0.25383523,0.6326506,0.39233568,0.59010977,0.22218369,0.5813259,0.39515537,0.53086865,0.22570007,0.52316946,0.32004878,0.7686246,0.2514713,0.7660868,0.3331852,0.872177,0.24709362,0.872061,0.30656725,0.96512705,0.2547547,0.9628409
carolgodown - 56.png,go_down,0.37966484,0.5888601,0.39530182,0.5820573,0.36625993,0.58124405,0.42359653,0.5858569,0.3521904,0.5847848,0.44553003,0.6234229,0.3379281,0.620426,0.4713967,0.5803992,0.30580965,0.57094604,0.47617033,0.5160392,0.30927303,0.50916654,0.40791684,0.7527101,0.33726174,0.7503812,0.42161644,0.85310274,0.32869238,0.8532994,0.39716914,0.94813603,0.3422793,0.9445711
carolgodown - 57.png,go_down,0.5086136,0.554665,0.5236633,0.5480859,0.49670658,0.5470704,0.5494261,0.55152947,0.4829217,0.54979324,0.5702082,0.588772,0.46746525,0.5857381,0.5975453,0.54180706,0.43797088,0.53439087,0.5939522,0.48039296,0.4276926,0.47720194,0.5408574,0.7148538,0.4727217,0.7132087,0.5565155,0.81105924,0.46860978,0.8123881,0.547714,0.9053653,0.49096996,0.9029795
gabigodown - 01.png,go_down,0.44176576,0.36349502,0.4617401,0.35294607,0.41614267,0.3528238,0.48967624,0.36047605,0.38383964,0.36142892,0.5249528,0.4160009,0.3653934,0.41333354,0.5844579,0.3408245,0.31490088,0.32802114,0.6055351,0.23935676,0.3021185,0.22397411,0.4960691,0.60159284,0.3899169,0.6001508,0.5212722,0.7322009,0.36392826,0.73645204,0.49810874,0.8613658,0.38393265,0.86355835
gabigodown - 02.png,go_down,0.4851525,0.3613413,0.5059508,0.35198322,0.46053642,0.3513774,0.5359224,0.36088133,0.4294645,0.36052394,0.57006454,0.415695,0.40941238,0.4092558,0.6319833,0.3420303,0.35485834,0.31960037,0.64955884,0.24029997,0.3502086,0.21817738,0.534716,0.6016556,0.42585382,0.5991808,0.56215495,0.73196656,0.40685737,0.7365183,0.54675657,0.8572363,0.41762215,0.85993046
gabigodown - 03.png,go_down,0.5276096,0.3507573,0.54895604,0.33968008,0.5020315,0.3397767,0.57749295,0.34788105,0.46823934,0.34889144,0.6091111,0.4036999,0.44788113,0.40070853,0.66716933,0.32599702,0.410634,0.31359264,0.6953828,0.22839122,0.4049703,0.21076995,0.5690787,0.58798933,0.46217775,0.5862353,0.5920403,0.7119428,0.44038892,0.7154507,0.5634849,0.8440888,0.46598667,0.8434789
gabigodown - 04.png,go_down,0.480562,0.34070575,0.50084203,0.3320178,0.4575524,0.3313184,0.524559,0.3424159,0.4261812,0.3408565,0.5502809,0.3920344,0.40412334,0.386698,0.61151165,0.31842753,0.3655037,0.30523258,0.64666235,0.22610395,0.36598128,0.2076645,0.52081794,0.5715612,0.4195269,0.5697885,0.5349902,0.68868524,0.39960977,0.6946091,0.51075834,0.8090802,0.40416837,0.81517047
gabigodown - 05.png,go_down,0.5084345,0.38956758,0.52930164,0.38027322,0.48838,0.37861478,0.55277306,0.38773778,0.45829344,0.3839647,0.57807636,0.43516397,0.4401493,0.42995864,0.6409601,0.3634889,0.41473496,0.34795222,0.66290677,0.28373083,0.40960202,0.25992993,0.5531268,0.60156274,0.46096638,0.5997829,0.5635558,0.71382964,0.44012502,0.7197401,0.54149234,0.8323979,0.44617796,0.84187627
gabigodown - 06.png,go_down,0.48305267,0.41221783,0.49923682,0.40463042,0.46203393,0.40433714,0.52125585,0.41221392,0.43433464,0.4125016,0.5446683,0.45708367,0.41980538,0.45440656,0.6001424,0.3935116,0.3802218,0.38222298,0.61702436,0.30918625,0.3854508,0.30143574,0.52137464,0.60986406,0.4384641,0.6090392,0.53752106,0.7236661,0.4143658,0.73170125,0.53387153,0.8329247,0.42760637,0.841537
gabigodown - 07.png,go_down,0.46430913,0.4254844,0.48171353,0.4170955,0.44568458,0.41573936,0.50157326,0.42120793,0.4158828,0.41847485,0.5222979,0.4603535,0.39524847,0.45657665,0.5680526,0.40208182,0.36982998,0.3890826,0.5943571,0.32850063,0.36942008,0.3092702,0.50214505,0.60892737,0.41812584,0.60829496,0.51042897,0.7138123,0.40339068,0.719589,0.49022475,0.81688976,0.4136712,0.82342476
gabigodown - 08.png,go_down,0.5177668,0.42710823,0.53402597,0.4194802,0.49875227,0.41815907,0.5505772,0.42373222,0.46729302,0.42149088,0.56656957,0.46115637,0.45127723,0.45781147,0.61456627,0.40774664,0.42006215,0.39934796,0.63474584,0.33352232,0.42116538,0.31966954,0.545609,0.6040833,0.46629086,0.6032351,0.55379987,0.7074914,0.45572516,0.71004033,0.5593381,0.80474806,0.4675542,0.811991
gabigodown - 09.png,go_down,0.557315,0.4279123,0.57326204,0.4195162,0.53777474,0.4187017,0.59020025,0.42352545,0.50587577,0.4219909,0.60882413,0.46170408,0.4858166,0.4581578,0.65371335,0.4027651,0.4618455,0.39015207,0.6830616,0.3324882,0.46302828,0.31424448,0.58876103,0.6078767,0.5073093,0.60749686,0.5976935,0.7098638,0.49337927,0.71656847,0.57670903,0.8164053,0.5011971,0.82265705
gabigodown - 10.png,go_down,0.55918354,0.41477233,0.5758642,0.40616524,0.5385062,0.40560368,0.5920857,0.41190365,0.5069379,0.4105553,0.61199296,0.45471603,0.48606747,0.4499799,0.6683181,0.3908866,0.45609868,0.3771159,0.7016727,0.30925593,0.45498955,0.29436854,0.5933788,0.61873,0.506139,0.6181004,0.60842216,0.72874314,0.4873963,0.73752534,0.59478074,0.84427893,0.4977635,0.85532403
gabigodown - 11.png,go_down,0.58465487,0.41182426,0.60178196,0.40292713,0.5599566,0.4020405,0.62052566,0.41114873,0.52410734,0.40990368,0.646537,0.46222875,0.50042164,0.4566657,0.7078325,0.38825515,0.4603313,0.3747039,0.74057275,0.29695222,0.46268877,0.28343922,0.6200041,0.6390548,0.5222186,0.63728935,0.64148605,0.7709806,0.49289805,0.77738357,0.630536,0.89599425,0.515947,0.90620935
gabigodown - 12.png,go_down,0.5851751,0.4242574,0.60234904,0.41507652,0.55814326,0.41533804,0.6212548,0.4273443,0.5204845,0.4286319,0.6521988,0.48306435,0.49536335,0.4789752,0.7220399,0.40441698,0.446852,0.39191672,0.7575948,0.30546406,0.44403663,0.28775302,0.6236096,0.6846194,0.5162269,0.682991,0.64636415,0.83141726,0.48620227,0.8371823,0.6370305,0.967693,0.50498664,0.96922004
gabigodown - 13.png,go_down,0.56074476,0.42431197,0.58273697,0.41664436,0.53612804,0.41532958,0.6065428,0.4359061,0.5001526,0.43319744,0.6404708,0.49553797,0.47005233,0.4881244,0.70366937,0.40967134,0.42563814,0.39566803,0.7440145,0.3111726,0.42377833,0.29072955,0.6078602,0.69566685,0.4912033,0.6922727,0.6383338,0.84435236,0.4681065,0.84344345,0.6079078,0.97147965,0.4753723,0.9685535
gabigodown - 14.png,go_down,0.5544461,0.42699787,0.574321,0.41875318,0.5303359,0.41886187,0.59860057,0.43586528,0.49748132,0.4363205,0.6356448,0.49512166,0.4674652,0.48921016,0.69591886,0.41172498,0.4217432,0.40057272,0.72605777,0.31165957,0.41983575,0.30162138,0.5955136,0.6954663,0.48032826,0.692278,0.63221323,0.8337227,0.4605399,0.83415836,0.60042155,0.9718974,0.46989506,0.96679807
gabigodown - 15.png,go_down,0.5870936,0.42719778,0.60475075,0.41980317,0.5637477,0.42031145,0.62879187,0.4350206,0.5361272,0.4366328,0.6603042,0.4875108,0.5123438,0.4821667,0.7137488,0.4143778,0.45649347,0.40162197,0.740575,0.3161347,0.45632678,0.30833423,0.62529,0.67576355,0.5229679,0.67266774,0.6557583,0.8171877,0.50252086,0.81773317,0.643053,0.9486676,0.512652,0.9418498
gabigodown - 16.png,go_down,0.5970618,0.4299312,0.61659473,0.4224253,0.57636946,0.4212883,0.64213413,0.43558383,0.54870105,0.43367514,0.66979253,0.48706597,0.52807856,0.480349,0.7193809,0.41924593,0.48022348,0.4038191,0.73988307,0.32583326,0.47957548,0.31516364,0.6410372,0.66104966,0.5440879,0.65796477,0.6690292,0.78457147,0.52834165,0.7837511,0.65884775,0.9115874,0.5330802,0.90611404
gabigodown - 17.png,go_down,0.65843624,0.4204848,0.6772996,0.4124229,0.64023346,0.41198856,0.7033074,0.4234002,0.6162407,0.42233402,0.73035365,0.4737565,0.5933656,0.46603492,0.76949316,0.40922937,0.54766136,0.38932675,0.784651,0.3208145,0.5467222,0.3070322,0.69903547,0.6357888,0.6061033,0.6323054,0.7281977,0.74745333,0.5935606,0.74772227,0.7115181,0.8698073,0.6018974,0.86259407
gabigodown - 18.png,go_down,0.6783875,0.43338978,0.69650966,0.42482978,0.6603053,0.4246766,0.7227212,0.4329472,0.63754344,0.43266135,0.7490841,0.48149672,0.6182396,0.47557938,0.7865032,0.41879737,0.574638,0.40460977,0.7931105,0.33727914,0.57012415,0.327882,0.71857005,0.6372785,0.63004816,0.63410115,0.7460327,0.7448313,0.6208176,0.7436014,0.731132,0.86636245,0.627033,0.856917
gabigodown - 19.png,go_down,0.6189783,0.43619797,0.63895273,0.42812636,0.6018268,0.42733443,0.6673873,0.43634322,0.579711,0.43434593,0.6944446,0.48354724,0.56011885,0.47699803,0.7386574,0.4171552,0.5169213,0.4023982,0.74592805,0.33496952,0.50738925,0.32489955,0.6651196,0.64044243,0.57372564,0.63739717,0.6887773,0.75074065,0.5644361,0.75126565,0.67372733,0.8712828,0.5658509,0.8659231
gabigodown - 20.png,go_down,0.5996149,0.44907713,0.61906433,0.44092745,0.5784262,0.4397517,0.6469341,0.4500907,0.551519,0.44864982,0.67717654,0.500184,0.5352982,0.4957557,0.73077404,0.42807326,0.4814486,0.41790822,0.74482894,0.33173618,0.47704777,0.32758936,0.6479452,0.6742667,0.55150115,0.6711041,0.6730317,0.8101774,0.5320079,0.80678755,0.66065615,0.9329924,0.5298084,0.924601
gabigodown - 21.png,go_down,0.57139647,0.45709315,0.59514076,0.44653696,0.549232,0.44548458,0.6262517,0.45706236,0.51917917,0.45449248,0.658086,0.51872003,0.49111733,0.50949746,0.7137353,0.43422273,0.43491426,0.41340113,0.7435486,0.32911852,0.4346977,0.31183407,0.61900365,0.7127688,0.50441325,0.70857215,0.65527254,0.86293244,0.48118818,0.8622184,0.63529336,0.9775821,0.483131,0.97022074
gabigodown - 22.png,go_down,0.5572414,0.47076458,0.57994205,0.4597284,0.5317642,0.45838937,0.60781056,0.47132877,0.49790534,0.46895212,0.64527804,0.5368027,0.46235427,0.5287803,0.708806,0.4490997,0.40306634,0.43437713,0.7386443,0.33317575,0.3940716,0.31967044,0.60391045,0.7536797,0.47582203,0.74946153,0.6447855,0.9266626,0.4419465,0.9242629,0.6181093,1.0,0.4528166,0.9923817
gabigodown - 23.png,go_down,0.56091034,0.47627676,0.5830117,0.465661,0.5350175,0.4629899,0.6035393,0.47780526,0.49445584,0.47259802,0.6366757,0.54287827,0.45283586,0.5348991,0.70542955,0.45068648,0.4013993,0.43906567,0.7410417,0.3359681,0.39506865,0.31923053,0.59934926,0.761184,0.47107127,0.7573591,0.6349373,0.93448174,0.43016332,0.93298393,0.0,0.0,0.0,0.0
gabigodown - 24.png,go_down,0.5144597,0.46904042,0.5360673,0.457871,0.49039418,0.45599398,0.55077934,0.46606606,0.44631386,0.46122286,0.5754163,0.5259021,0.40766692,0.5180335,0.64946127,0.43832693,0.36581495,0.42287466,0.6802366,0.33793476,0.35878754,0.3137632,0.54013544,0.7283978,0.42671707,0.7248624,0.5633051,0.8862944,0.39917576,0.8867825,0.5199424,0.975133,0.39449674,0.9744946
gabigodown - 25.png,go_down,0.50922,0.4302436,0.5263512,0.4215053,0.48474368,0.4199568,0.541583,0.4296555,0.4453328,0.42672396,0.5643198,0.48087054,0.41629976,0.47439978,0.632727,0.40414974,0.36702502,0.38902062,0.669255,0.30956736,0.36953846,0.29052526,0.5350338,0.66755396,0.43542796,0.6650682,0.54904824,0.81327033,0.39952973,0.81839985,0.5317605,0.93763244,0.4055486,0.94573635
gabigodown - 26.png,go_down,0.49664113,0.3099262,0.513795,0.30240878,0.47342348,0.30024582,0.5281054,0.31315488,0.4324773,0.30927807,0.55382204,0.3640429,0.40536436,0.35789004,0.61575735,0.29052693,0.3633044,0.27570415,0.645154,0.20036247,0.36252052,0.17703366,0.5273739,0.54370844,0.4278255,0.54094523,0.5352742,0.684341,0.39174992,0.6845645,0.511759,0.8107048,0.3969088,0.8155976
gabigodown - 27.png,go_down,0.4894998,0.1887205,0.5080947,0.18153512,0.4675679,0.17926207,0.51949984,0.19490393,0.42813,0.18942058,0.5393937,0.24498326,0.39739436,0.23574787,0.6051362,0.1716984,0.36494458,0.15225723,0.6455638,0.07628625,0.36387464,0.050944425,0.51936084,0.42415717,0.42048365,0.42093998,0.5270924,0.5546085,0.39337352,0.556579,0.50108325,0.68104875,0.39806527,0.68666387
gabigodown - 28.png,go_down,0.48305562,0.22319624,0.5011894,0.21640639,0.4614777,0.21365915,0.5158453,0.23079203,0.42422935,0.22493435,0.53791183,0.28275803,0.39402425,0.27303076,0.5927108,0.21228407,0.35901412,0.19040287,0.63250893,0.11882048,0.35997579,0.09017239,0.5134183,0.45776108,0.41616997,0.45413655,0.5286444,0.5914352,0.3810926,0.5924471,0.5106457,0.71961987,0.39798474,0.72645724
gabigodown - 29.png,go_down,0.46661302,0.46413052,0.48571122,0.4560301,0.44572017,0.45447192,0.5024854,0.46718544,0.40917194,0.4636268,0.5270942,0.5140746,0.38220158,0.50744605,0.5760482,0.44714034,0.34941512,0.43140882,0.6024117,0.36620632,0.34977663,0.34231767,0.5015744,0.6863853,0.40362862,0.68323314,0.5154499,0.8279917,0.37525642,0.82657117,0.49241546,0.9650475,0.38503444,0.96636385
gabigodown - 30.png,go_down,0.4279754,0.3481502,0.44439587,0.34160304,0.40675312,0.3387598,0.45910594,0.3529924,0.37106586,0.34785837,0.4816309,0.3988834,0.34863213,0.3930978,0.53955746,0.33392516,0.3114623,0.31873998,0.56771046,0.25025204,0.3117259,0.22105002,0.46373805,0.5681335,0.37311205,0.5659752,0.47589567,0.70858634,0.33729407,0.70953834,0.47033647,0.8319437,0.34320083,0.84195274
gabigodown - 32.png,go_down,0.37875238,0.44373706,0.39592293,0.43511268,0.35537702,0.43296787,0.41011527,0.44140622,0.31450686,0.43762946,0.42564678,0.48496154,0.28861123,0.48214376,0.48086876,0.41458696,0.25458458,0.40888178,0.5111102,0.33622274,0.26074976,0.3187061,0.40133944,0.6500601,0.3111258,0.6497212,0.40907362,0.76895326,0.2774937,0.7764949,0.3918912,0.8823081,0.28951567,0.8982335
gabigodown - 33.png,go_down,0.45850658,0.43855378,0.47424784,0.4291478,0.43655396,0.4282361,0.48334622,0.43285167,0.3952479,0.4303987,0.4953984,0.47551423,0.36930045,0.47220346,0.55627155,0.40840748,0.34738117,0.3991742,0.5912244,0.3328457,0.3517236,0.3133689,0.47553298,0.63523036,0.3905421,0.6353503,0.47813743,0.7393622,0.3613665,0.7503645,0.4561071,0.8521738,0.36375076,0.8658539
gabigodown - 35.png,go_down,0.3311235,0.40154678,0.34547633,0.39356297,0.31253505,0.39173687,0.35410318,0.39759645,0.27663738,0.39319685,0.36488363,0.43752262,0.25400603,0.42997324,0.42256507,0.3810542,0.2343669,0.3628232,0.45819694,0.31565356,0.23609357,0.28538236,0.33604494,0.582017,0.26313433,0.57921094,0.33763015,0.68201953,0.23574789,0.68520576,0.3157133,0.782951,0.2313318,0.79325086
gabigodown - 37.png,go_down,0.42720786,0.3964316,0.43976906,0.38958678,0.4119817,0.38752323,0.44612205,0.39153388,0.3792625,0.3867307,0.45291308,0.42349797,0.3566766,0.4174596,0.5047751,0.37411118,0.34004945,0.3619262,0.5331643,0.3182622,0.34324935,0.29574963,0.4296918,0.5508451,0.3656388,0.5487083,0.42517015,0.6380714,0.34242103,0.6402345,0.4134357,0.7267234,0.3327963,0.7346263
gabigodown - 38.png,go_down,0.43950668,0.39816174,0.45083848,0.3914591,0.424774,0.39018276,0.45874768,0.3927888,0.39593324,0.3900455,0.46869665,0.42384255,0.37659165,0.41925788,0.5142564,0.38004664,0.35911193,0.36716524,0.5410168,0.3255765,0.36188206,0.30615306,0.44677046,0.54208815,0.38446552,0.5406844,0.43903425,0.6222078,0.35409042,0.6277183,0.42735043,0.7046029,0.34673285,0.7151834
gabigodown - 39.png,go_down,0.35472614,0.41516852,0.3662455,0.4093447,0.33939302,0.40826222,0.37300602,0.41214412,0.3096926,0.4092993,0.3765469,0.44166535,0.2932105,0.43625444,0.4256798,0.4027236,0.27774423,0.3898427,0.4464718,0.35371745,0.28313705,0.334418,0.3550666,0.5502989,0.2994533,0.54806507,0.35283294,0.6302241,0.27010512,0.6316871,0.3435692,0.70254785,0.27138236,0.70903814
gabigodown - 40.png,go_down,0.36961907,0.41937125,0.37963545,0.41290814,0.35505193,0.4116836,0.38763392,0.4144479,0.3273213,0.41242668,0.3971833,0.44329283,0.3089082,0.4403186,0.43878528,0.40383953,0.30217335,0.3918063,0.46456757,0.35385662,0.3030792,0.3341392,0.37397698,0.55496895,0.3152239,0.5546658,0.37356472,0.63069624,0.29161257,0.63953125,0.36355633,0.70585966,0.28589505,0.7178129
gabigodown - 41.png,go_down,0.572296,0.4218094,0.58417505,0.41548413,0.5561079,0.41437328,0.5936932,0.41845715,0.5268535,0.41587088,0.60306406,0.451878,0.508454,0.4468484,0.6560044,0.40764302,0.48599175,0.39621368,0.68108267,0.3490537,0.49367744,0.33159685,0.5777944,0.5703873,0.5158739,0.568001,0.58241487,0.657498,0.4844029,0.65858096,0.5702729,0.73694634,0.48464978,0.74209166
gabigodown - 42.png,go_down,0.50876755,0.4382049,0.521952,0.43031648,0.49000928,0.4297654,0.5324779,0.43462533,0.45619196,0.43343776,0.5449041,0.4719396,0.4351555,0.46831486,0.59627265,0.4210792,0.41582388,0.41133502,0.623517,0.36154,0.419225,0.33922133,0.5151257,0.605131,0.44267023,0.60365605,0.5153951,0.6924408,0.42343655,0.695521,0.49423245,0.7893428,0.41321686,0.79226536
gabigodown - 43.png,go_down,0.42424545,0.46074215,0.43980458,0.45258048,0.40530625,0.4512335,0.452517,0.45703298,0.37157345,0.453749,0.46582648,0.4959501,0.35136747,0.4896022,0.5219569,0.44085523,0.33084604,0.4241647,0.5562043,0.37423766,0.3294994,0.346638,0.43603727,0.63938284,0.36021942,0.63700736,0.4371287,0.7399912,0.3363818,0.7437532,0.41628367,0.8441792,0.33197898,0.852365
gabigodown - 44.png,go_down,0.460387,0.49891454,0.47720167,0.4907902,0.4389189,0.48952934,0.49284893,0.49527436,0.40100488,0.49313718,0.5114084,0.53464675,0.38121116,0.53197956,0.5742903,0.47440904,0.3518727,0.46745658,0.60162467,0.39865753,0.3603882,0.38048455,0.47978544,0.6927611,0.39152104,0.6914319,0.48213884,0.810892,0.36551666,0.813555,0.4699751,0.9186606,0.36351818,0.9238749
gabigodown - 45.png,go_down,0.54885876,0.53410834,0.56769127,0.52617526,0.52804404,0.52433395,0.58592033,0.532104,0.49140617,0.5283591,0.60893893,0.5733259,0.46678075,0.56776786,0.6800685,0.5079347,0.42714158,0.49778566,0.70919174,0.42586005,0.44215313,0.4106935,0.57309616,0.74654293,0.47495177,0.74356663,0.57403505,0.8765509,0.4440401,0.87597793,0.5598065,0.9849604,0.4329737,0.9827833
gabigodown - 46.png,go_down,0.59705603,0.5261004,0.61605304,0.5176263,0.5760338,0.51635945,0.6380719,0.52411455,0.54424566,0.5214932,0.6631581,0.5680345,0.52037543,0.56344277,0.74358714,0.49911672,0.47821936,0.48958266,0.77125937,0.41700432,0.4871953,0.3996385,0.6236871,0.7424311,0.52624977,0.73896474,0.62816036,0.8776213,0.48911104,0.8768507,0.61015534,0.9889233,0.4801764,0.9836417
gabigodown - 47.png,go_down,0.5391112,0.5100465,0.559407,0.50267696,0.5198409,0.50049794,0.58626103,0.50938106,0.49248233,0.5051234,0.61543995,0.5528133,0.47439924,0.54493237,0.68087393,0.48944005,0.42736894,0.4705543,0.70770687,0.40722993,0.43817586,0.38514602,0.5723785,0.72047496,0.4748725,0.7157875,0.57680476,0.85207695,0.445499,0.8491266,0.5599653,0.97045827,0.42639685,0.9670046
gabigodown - 48.png,go_down,0.5193348,0.48599932,0.53998244,0.47904235,0.50209016,0.4767738,0.5670957,0.48640457,0.47764972,0.48171917,0.59508,0.52890474,0.462003,0.5214347,0.65792954,0.46354437,0.42163384,0.4488867,0.6797204,0.38078362,0.4278729,0.36636502,0.55316484,0.6879724,0.46158183,0.6831173,0.5582282,0.8080398,0.44320107,0.8032326,0.542066,0.917499,0.42286903,0.9122921
gabigodown - 49.png,go_down,0.5317322,0.47296003,0.55058163,0.46594727,0.51429385,0.46463728,0.5790944,0.47253543,0.49159065,0.47022116,0.60306466,0.5135092,0.47861937,0.5082189,0.65388274,0.4561763,0.4375421,0.44115135,0.679544,0.37742376,0.4470385,0.36194608,0.5681334,0.6613531,0.48495743,0.6576227,0.5732829,0.7790407,0.45656338,0.7761686,0.5596919,0.88758874,0.4502542,0.8783751
gabigodown - 50.png,go_down,0.820394,0.46430564,0.8409771,0.4561928,0.8043172,0.45460084,0.8697096,0.46368498,0.7816669,0.45996007,0.8974477,0.5072517,0.7637757,0.5001731,0.9503296,0.4456437,0.73342395,0.43124726,0.9741202,0.36503842,0.73792666,0.3516918,0.8583922,0.6556683,0.77002716,0.6510761,0.86680955,0.7614311,0.75211906,0.75687593,0.8364838,0.8706607,0.74399006,0.8623235
gabigodown - 51.png,go_down,0.8756861,0.4557685,0.89466125,0.4471147,0.8596423,0.44642985,0.9213913,0.4522462,0.83801997,0.45005637,0.95046,0.49653655,0.82426304,0.48723146,1.0,0.44284067,0.7919882,0.4194855,0.995225,0.3721008,0.787049,0.34576637,0.914121,0.6440278,0.82834655,0.63777375,0.9208074,0.7500284,0.805189,0.74174047,0.90153027,0.861334,0.79990286,0.8514092
gabigodown - 52.png,go_down,0.56605095,0.42369217,0.58411235,0.41669804,0.55313253,0.41503674,0.61242414,0.42327827,0.536599,0.41947433,0.6366274,0.4630192,0.52140707,0.45459813,0.67807275,0.40945366,0.4929354,0.38944322,0.6944173,0.34082428,0.48933613,0.32011572,0.6008456,0.5937982,0.52402544,0.5892081,0.6159711,0.6878592,0.51210594,0.6840267,0.59828234,0.791506,0.5105328,0.7818182
gabigodown - 53.png,go_down,0.4491443,0.40055072,0.46529058,0.39371946,0.43514636,0.39248383,0.48955348,0.3972613,0.41692746,0.39472148,0.5124124,0.43440926,0.40370518,0.42807117,0.5559411,0.38464844,0.37065962,0.37080702,0.5717181,0.31905165,0.37572935,0.306547,0.48160744,0.56126237,0.40754223,0.5580782,0.49411327,0.6541315,0.39912328,0.6527097,0.48908177,0.7428321,0.39190498,0.7385341
gabigodown - 54.png,go_down,0.47198638,0.40440798,0.4870016,0.3982745,0.45886743,0.39716482,0.51251805,0.402242,0.44377923,0.4003278,0.5323671,0.43715084,0.4347343,0.43206534,0.57386315,0.3906183,0.3984939,0.375196,0.58683157,0.3251505,0.39772633,0.31060213,0.5044224,0.55572015,0.43980446,0.5527071,0.5202069,0.64954734,0.42465293,0.64806664,0.5108942,0.73682046,0.4171012,0.7315144
gabigodown - 55.png,go_down,0.4863067,0.40384033,0.5027901,0.3973684,0.47172046,0.39587128,0.52689886,0.40233892,0.4522344,0.3993671,0.5468799,0.4409713,0.44142175,0.4340305,0.59773517,0.3916005,0.4048594,0.37140775,0.60303056,0.3194034,0.40426436,0.30375496,0.52077705,0.56699765,0.45159706,0.56314826,0.5340585,0.6653157,0.43579468,0.66315186,0.52670443,0.75751704,0.43078533,0.75143945
gabigodown - 56.png,go_down,0.4851836,0.41754335,0.5028995,0.40952504,0.47016677,0.40845808,0.53048706,0.41443998,0.45113418,0.41220886,0.5581298,0.45645267,0.43594986,0.44989944,0.60221606,0.4012136,0.40299347,0.38124463,0.6168101,0.32787275,0.39706567,0.30817258,0.5297517,0.59607476,0.44823653,0.5929904,0.546291,0.6982905,0.4345552,0.6990665,0.52946013,0.807606,0.4381685,0.80289924
gabigodown - 57.png,go_down,0.4407474,0.4246031,0.45854995,0.41671956,0.42291903,0.41624415,0.4890769,0.4210849,0.40249914,0.42090103,0.5178252,0.46517375,0.39211515,0.46041176,0.5637307,0.4050716,0.343807,0.3863204,0.5833693,0.3237762,0.34336802,0.3102782,0.49081668,0.61458755,0.40695995,0.61195433,0.5085954,0.7319902,0.38626453,0.73329335,0.4983889,0.8404965,0.38546795,0.8341464
gabigodown - 58.png,go_down,0.4622106,0.44245216,0.48171172,0.43306512,0.44420156,0.43219158,0.5091592,0.43750942,0.419457,0.4355932,0.54154575,0.48371574,0.39840138,0.47811377,0.5949928,0.41939604,0.35663435,0.4034486,0.6123526,0.33291203,0.35202676,0.31772152,0.5097309,0.6459146,0.4154879,0.6431486,0.5270319,0.76131785,0.4003758,0.7625808,0.49943492,0.88400674,0.4032507,0.88298786
gabigodown - 59.png,go_down,0.51929766,0.4455889,0.5377318,0.43550026,0.49696797,0.43534642,0.5626863,0.4408809,0.46724677,0.44147226,0.59634995,0.48829222,0.44878584,0.4867097,0.65494967,0.41658714,0.40354708,0.4089476,0.6763286,0.3271861,0.3998324,0.3154221,0.569794,0.66518927,0.4708928,0.6640873,0.5933335,0.7950644,0.44806084,0.7979593,0.5710562,0.9216538,0.4551156,0.92206156
gabigodown - 60.png,go_down,0.5481188,0.44087747,0.5682751,0.4314152,0.5255457,0.43055078,0.5911815,0.4386182,0.4932072,0.43671697,0.62002206,0.4876359,0.46653125,0.48297873,0.6800953,0.41361812,0.4213966,0.4034744,0.7123362,0.31798476,0.41411528,0.3099429,0.59571975,0.67246747,0.49078125,0.6711163,0.6161492,0.8002476,0.4698076,0.80712056,0.5912365,0.93052626,0.4820161,0.9373392
gabigodown - 61.png,go_down,0.4213603,0.43106952,0.43871313,0.4215607,0.39684126,0.4209743,0.45842886,0.42745808,0.360132,0.42733145,0.4855857,0.47444734,0.33825955,0.4728334,0.5425327,0.401569,0.2943769,0.3948538,0.56955767,0.3131375,0.28868002,0.30199096,0.46661088,0.65477806,0.36762694,0.65505314,0.4891364,0.78275585,0.34467536,0.78989613,0.47881424,0.90782684,0.36527213,0.9181349
gabigodown - 62.png,go_down,0.46959907,0.43782502,0.48519874,0.42869103,0.44594556,0.42831442,0.5019847,0.43448693,0.41047034,0.4346018,0.5234556,0.47997904,0.3884293,0.4777976,0.5697569,0.41117662,0.34712416,0.40215582,0.60194,0.32630572,0.3491752,0.31288442,0.50678515,0.6459433,0.41679823,0.6466056,0.52867043,0.76437205,0.39425218,0.7744404,0.5154887,0.8795853,0.4140053,0.89259744
gabigodown - 63.png,go_down,0.4529589,0.43055078,0.46875712,0.42154038,0.43159932,0.42127922,0.48303244,0.4263868,0.39738387,0.42576647,0.5023297,0.46975797,0.37681216,0.4664583,0.55206347,0.4065511,0.34486446,0.39268273,0.5797548,0.32620683,0.33826593,0.30880305,0.49380904,0.62697,0.40835425,0.6276984,0.5089778,0.7339832,0.39031345,0.74612176,0.49296418,0.8449818,0.40005493,0.85932815
gabigodown - 64.png,go_down,0.4305363,0.4318069,0.44438753,0.4224832,0.4087427,0.42280784,0.45750377,0.4255131,0.3746673,0.42650443,0.4768974,0.46683517,0.35617667,0.46511567,0.5235099,0.4072445,0.32370877,0.3956225,0.5473397,0.33450523,0.31554478,0.31584746,0.47019228,0.62113434,0.38909832,0.6223645,0.4863345,0.72555864,0.37191018,0.737056,0.47867075,0.83550954,0.3926187,0.84945834
joaogodown - 01.png,go_down,0.19572292,0.36082488,0.21368061,0.3556264,0.17457315,0.35514146,0.23742005,0.36828747,0.14730585,0.3681639,0.26051885,0.40973616,0.1319466,0.4084016,0.28216445,0.3317175,0.09863756,0.32504907,0.27371353,0.25083035,0.10713119,0.24083449,0.24910645,0.5814249,0.15960066,0.5808902,0.2616853,0.7033285,0.14952508,0.70648885,0.23591478,0.8067246,0.17083822,0.8090893
joaogodown - 02.png,go_down,0.40552717,0.41129795,0.42272186,0.40449584,0.38526708,0.4041075,0.44510713,0.4161173,0.35997313,0.4164117,0.47016641,0.46167496,0.34658813,0.4614672,0.49056745,0.3777366,0.32508913,0.3788798,0.47663182,0.29302916,0.32002786,0.30300108,0.45196244,0.6308845,0.36687553,0.62998784,0.47046787,0.7510515,0.35579425,0.75512487,0.43525195,0.8530485,0.39032152,0.85729945
joaogodown - 03.png,go_down,0.47409835,0.4325605,0.49207798,0.42638314,0.45362964,0.42549622,0.5156077,0.4373829,0.42668653,0.43675253,0.5373119,0.4807325,0.411365,0.48129237,0.5530865,0.39447528,0.38254666,0.3980572,0.5443467,0.30901697,0.39222264,0.31764206,0.52156943,0.6508937,0.43469974,0.6506376,0.53302014,0.7759192,0.41969484,0.7799957,0.49976218,0.8775021,0.44918314,0.8806494
joaogodown - 04.png,go_down,0.5527256,0.43890306,0.5681999,0.43203038,0.5313256,0.4319262,0.5868144,0.4409693,0.50152546,0.4418402,0.60933065,0.4859486,0.4863757,0.48547727,0.6264313,0.40489265,0.4641784,0.4044413,0.6180188,0.32084054,0.47574687,0.3255541,0.59552664,0.6520842,0.5105503,0.6516233,0.60816425,0.77738106,0.4925658,0.7814807,0.5775454,0.876689,0.5235782,0.8796515
joaogodown - 05.png,go_down,0.57306427,0.44539472,0.58825606,0.43859094,0.5508364,0.4394903,0.6068094,0.44901475,0.5211016,0.45201734,0.6283718,0.49272424,0.5124831,0.49395964,0.65232927,0.4185379,0.5008272,0.4189052,0.6495708,0.33767313,0.5011553,0.34281605,0.6140829,0.6526255,0.5336594,0.6525062,0.6298923,0.77166045,0.51722527,0.7762177,0.60105985,0.8722279,0.54804844,0.87248427
joaogodown - 06.png,go_down,0.5041112,0.43196183,0.51948196,0.4250837,0.4860826,0.4245537,0.53748506,0.43294483,0.46080548,0.4326377,0.556923,0.4746183,0.44657513,0.47480053,0.58145654,0.40558475,0.42935738,0.40370467,0.565874,0.32814497,0.43473092,0.32724974,0.5447297,0.6257796,0.46885493,0.62590575,0.5602866,0.7359388,0.45665368,0.7419073,0.5377646,0.82898617,0.4852421,0.8347949
joaogodown - 07.png,go_down,0.4869866,0.42111716,0.5020959,0.4152494,0.4701885,0.41515952,0.52225333,0.42464042,0.44888434,0.42510748,0.54221565,0.46317035,0.4381248,0.46263507,0.5630899,0.3977559,0.42134258,0.39427182,0.5509422,0.323014,0.42351034,0.32384676,0.52871054,0.604792,0.45721826,0.6041881,0.54355085,0.7071926,0.44753587,0.7105235,0.51946706,0.7903321,0.47800225,0.79218745
joaogodown - 08.png,go_down,0.4910324,0.40316665,0.50514996,0.39747745,0.4746566,0.39699912,0.52381563,0.40550858,0.45373434,0.4054252,0.5414265,0.4418979,0.44267857,0.4432027,0.5611224,0.37912074,0.42654902,0.38405752,0.5475299,0.3056743,0.4317314,0.31410143,0.53184485,0.5748165,0.46382853,0.57497376,0.5476155,0.67220134,0.45401263,0.6742165,0.5250066,0.75174487,0.478663,0.75363445
joaogodown - 09.png,go_down,0.4792814,0.38972998,0.4929988,0.3835728,0.4638181,0.38368145,0.5135236,0.39027306,0.4451707,0.39131233,0.5331967,0.42677566,0.4352079,0.42743215,0.5503849,0.36576235,0.41643938,0.36666703,0.5351296,0.29976758,0.42596304,0.30252597,0.5200778,0.55650246,0.45336342,0.55641437,0.5347555,0.64876306,0.44710693,0.6511604,0.51512575,0.7284152,0.4724429,0.72777194
joaogodown - 10.png,go_down,0.42817044,0.36941037,0.44313422,0.3634273,0.41280958,0.36288866,0.4686687,0.3698424,0.39664012,0.36975825,0.48989686,0.40846437,0.3919227,0.40839916,0.5038337,0.34768653,0.36867642,0.34687585,0.4841817,0.28240272,0.3728118,0.28403747,0.4761808,0.5324317,0.40992624,0.53185266,0.484186,0.6228405,0.4002801,0.6249357,0.4690497,0.6969812,0.42278248,0.6977713
joaogodown - 11.png,go_down,0.33405805,0.37316346,0.34887955,0.36732167,0.31890166,0.36664924,0.37307873,0.37413093,0.3024771,0.37368938,0.3941554,0.41197193,0.29659107,0.41184753,0.40909484,0.35251126,0.2721901,0.35198104,0.38667753,0.28739193,0.27428615,0.28639495,0.3814088,0.5356978,0.31503278,0.53510803,0.391897,0.62434316,0.30784875,0.62555534,0.37544596,0.69662154,0.3273178,0.69624615
joaogodown - 12.png,go_down,0.37201318,0.3751224,0.38591507,0.36840054,0.35819778,0.3681875,0.40893802,0.37288886,0.34138563,0.37336084,0.431437,0.40923724,0.32833183,0.40995124,0.44685134,0.3483581,0.3036523,0.3485162,0.42783797,0.2842707,0.31545657,0.28641996,0.4161963,0.53146183,0.34717196,0.53160185,0.42981458,0.6180322,0.34093854,0.62167686,0.40954918,0.6954839,0.36686832,0.69422
joaogodown - 13.png,go_down,0.644811,0.36718568,0.6598757,0.36080202,0.6303319,0.36062884,0.68451166,0.36749265,0.6132067,0.36787605,0.70112294,0.40520313,0.6053723,0.4053635,0.7138116,0.343292,0.5880942,0.34397936,0.6972834,0.27731505,0.5953422,0.2852319,0.67987025,0.5268829,0.6150549,0.5265326,0.69275355,0.6102575,0.6083144,0.6146242,0.67271614,0.6878506,0.6264548,0.6881062
joaogodown - 14.png,go_down,0.5207976,0.36835396,0.53267974,0.36200204,0.50413615,0.362492,0.5514769,0.3678094,0.48525876,0.36996934,0.5748016,0.4047011,0.47950923,0.4054539,0.5938115,0.34432435,0.46064818,0.3445487,0.57815933,0.28295004,0.47194052,0.28146076,0.56210655,0.52719814,0.497449,0.5266714,0.57104796,0.6159682,0.48421705,0.6169535,0.54945755,0.6928884,0.50631636,0.6910884
joaogodown - 15.png,go_down,0.4054856,0.3681234,0.41898724,0.3627067,0.3907504,0.3624528,0.43906465,0.37034208,0.373873,0.3706166,0.45860162,0.40602583,0.36311945,0.4059705,0.4757461,0.34765843,0.34257597,0.3468718,0.4628943,0.28186443,0.34505293,0.28242454,0.44471148,0.532522,0.37958598,0.5319323,0.46005797,0.623432,0.37027428,0.62462914,0.4364916,0.6977089,0.39337286,0.6983405
joaogodown - 16.png,go_down,0.4199746,0.37508947,0.43505418,0.36886454,0.40365577,0.36894855,0.4572225,0.37641433,0.3845248,0.37730077,0.47639933,0.4150553,0.37719172,0.41494423,0.49679315,0.35152704,0.35589436,0.34856004,0.47834653,0.27951562,0.355667,0.27931285,0.46145436,0.5522821,0.39314905,0.55132324,0.47232056,0.65052617,0.38080773,0.651957,0.4526541,0.7329706,0.40477267,0.7308459
joaogodown - 17.png,go_down,0.45828545,0.38399684,0.47437727,0.3773523,0.43977162,0.37702823,0.49550498,0.38663924,0.41433117,0.38694626,0.51614016,0.42947838,0.39972636,0.430569,0.53331035,0.35507002,0.37916175,0.36048558,0.51981556,0.28076854,0.3910562,0.28962412,0.49728844,0.5760782,0.41864848,0.57597303,0.5090193,0.6844105,0.4061297,0.68791527,0.48160303,0.7728177,0.43432507,0.7748905
joaogodown - 18.png,go_down,0.42128015,0.3870645,0.43939444,0.37904403,0.4032913,0.37850866,0.4619227,0.38872457,0.37897363,0.38807622,0.48708078,0.43652156,0.36333245,0.43652868,0.5102391,0.35884756,0.34212998,0.35581958,0.48917723,0.2726529,0.34325743,0.27295494,0.47234267,0.60222846,0.38731503,0.6021262,0.4773092,0.7144793,0.3733026,0.72181773,0.44764075,0.818788,0.39046505,0.82411826
joaogodown - 19.png,go_down,0.4423465,0.3900505,0.46100244,0.3816381,0.4208027,0.3819781,0.48559734,0.3918618,0.39458668,0.39317492,0.5105721,0.44111115,0.37969077,0.43996793,0.525948,0.3600656,0.3569601,0.35495448,0.51351225,0.2668581,0.35908008,0.26707327,0.4884177,0.6186807,0.39646623,0.6179179,0.50463486,0.74107766,0.3841981,0.7479313,0.46568924,0.8532639,0.4102272,0.85585314
joaogodown - 20.png,go_down,0.49722978,0.39135635,0.5143943,0.38408288,0.47484747,0.38402703,0.53546077,0.39692274,0.44631353,0.39807516,0.56290144,0.44519025,0.4302512,0.4459902,0.5888643,0.35742882,0.41003326,0.36188307,0.5788491,0.26565146,0.40754452,0.27709958,0.538476,0.62591356,0.44676217,0.6247693,0.5562508,0.7583437,0.42825192,0.7613567,0.5140101,0.87039506,0.46323806,0.87151504
joaogodown - 21.png,go_down,0.6243063,0.3973398,0.64175427,0.38793498,0.60145354,0.38874146,0.661589,0.39684734,0.5708944,0.39903098,0.6874781,0.4470568,0.55385154,0.44721028,0.7111415,0.36458334,0.53626496,0.36509517,0.7058782,0.27051044,0.5462413,0.27585903,0.6655306,0.6283068,0.5725071,0.6277917,0.677134,0.7519708,0.5574343,0.75774115,0.6297242,0.8673228,0.57770103,0.8684664
joaogodown - 22.png,go_down,0.6702579,0.4092847,0.6852783,0.40034172,0.64601904,0.4011572,0.7019937,0.4086064,0.61245626,0.4116162,0.72909206,0.45726922,0.59857863,0.4587543,0.76000446,0.37118533,0.5873281,0.377887,0.75419533,0.2845264,0.5945133,0.2955508,0.70461076,0.6322305,0.6157208,0.630961,0.71888846,0.75728935,0.59447503,0.7580676,0.66919273,0.86186653,0.62461466,0.8589488
joaogodown - 23.png,go_down,0.612522,0.41285598,0.6276462,0.40537113,0.59167844,0.40524206,0.64218676,0.4140634,0.5610268,0.41438004,0.66081053,0.45933536,0.54669404,0.45907626,0.6920395,0.38630345,0.5333789,0.3856739,0.68195564,0.301936,0.5440819,0.30331886,0.6467994,0.620871,0.56761247,0.6200201,0.6538393,0.73483354,0.5443282,0.73827124,0.62458915,0.8303031,0.57140046,0.83191437
joaogodown - 24.png,go_down,0.5373314,0.4142607,0.5518369,0.4075246,0.5163899,0.4075867,0.5679501,0.41645345,0.48549482,0.41759938,0.586863,0.45960286,0.47535852,0.46037224,0.6080984,0.3867237,0.46042234,0.38890153,0.6003755,0.31227788,0.4789033,0.31142738,0.57462114,0.60641307,0.49906445,0.60605496,0.57473505,0.715093,0.47685632,0.7171858,0.54593235,0.8018895,0.49982795,0.80258465
joaogodown - 25.png,go_down,0.49156374,0.411938,0.5047551,0.4057977,0.4737911,0.40595782,0.51947,0.4143141,0.4485495,0.41527027,0.5374444,0.45309585,0.43562764,0.4531462,0.56689054,0.39178234,0.42039365,0.39248902,0.5583128,0.31571013,0.43132532,0.32018366,0.5216904,0.59263027,0.45210192,0.591808,0.53091055,0.6944826,0.4355567,0.69595927,0.5069091,0.7795152,0.45497325,0.77901095
joaogodown - 26.png,go_down,0.47549194,0.39958942,0.48989353,0.39389554,0.4602283,0.39329118,0.50795734,0.40346026,0.43872967,0.40276912,0.5256365,0.44341975,0.42547363,0.4422844,0.5535619,0.38340908,0.40945044,0.38024879,0.5389388,0.31004727,0.4277982,0.31184644,0.50677454,0.57345927,0.43967497,0.57266515,0.5156645,0.66648173,0.43120298,0.6701661,0.4948522,0.7477667,0.44507512,0.74908155
joaogodown - 27.png,go_down,0.4690812,0.35864234,0.48314083,0.35284352,0.45317206,0.35240346,0.5011428,0.36204785,0.43109995,0.36169976,0.5168357,0.4019395,0.4199249,0.40097457,0.53778327,0.33920574,0.4050017,0.33851004,0.5247788,0.27140528,0.42116857,0.27188653,0.49696723,0.5219612,0.43242836,0.520974,0.5069741,0.61211145,0.42044452,0.6138171,0.484696,0.6900096,0.43512392,0.691313
joaogodown - 28.png,go_down,0.4625184,0.31051534,0.47595513,0.30561867,0.44771937,0.30480933,0.49440387,0.31440312,0.42899445,0.3134526,0.5113126,0.35016087,0.41769806,0.34919724,0.5281652,0.29041496,0.40258354,0.2906341,0.51712745,0.22440997,0.41591972,0.22747934,0.4939856,0.47075123,0.4299427,0.4696336,0.5042262,0.5599562,0.41583538,0.5604632,0.48067808,0.6346795,0.43284607,0.6350331
joaogodown - 29.png,go_down,0.48236236,0.26332194,0.49553436,0.2577777,0.466163,0.2574806,0.51163614,0.26608667,0.4440178,0.26603448,0.5269984,0.30405217,0.4353997,0.30255884,0.5517316,0.24662763,0.426972,0.24280459,0.5392949,0.17531075,0.43491963,0.1769084,0.5117798,0.4263234,0.44911295,0.42504892,0.52343696,0.5159713,0.43499118,0.5171283,0.49933562,0.5891178,0.45068386,0.58847785
joaogodown - 30.png,go_down,0.5094453,0.23175235,0.5216934,0.22589593,0.49366724,0.22571905,0.5356009,0.23260579,0.47212535,0.23279683,0.5520278,0.26845068,0.46089324,0.26770693,0.5775453,0.2094837,0.44828823,0.208163,0.5640169,0.1407361,0.45754877,0.13950714,0.5374459,0.3937146,0.47512257,0.39235058,0.5453192,0.48588958,0.45732534,0.48483163,0.52326065,0.55953515,0.4792975,0.5579111
joaogodown - 31.png,go_down,0.5077759,0.37391523,0.5198968,0.36806074,0.49135584,0.36790168,0.53368855,0.37580433,0.46838745,0.37593877,0.5495009,0.41516903,0.45640445,0.4127558,0.57149816,0.3646429,0.44780543,0.35708296,0.56319785,0.2973474,0.46467817,0.29084614,0.53621125,0.53100574,0.47308052,0.5296974,0.5503496,0.6188114,0.45899245,0.6190829,0.5214608,0.69731164,0.4762169,0.696642
joaogodown - 32.png,go_down,0.5024362,0.46769506,0.5141637,0.46242106,0.48685867,0.46211275,0.52679294,0.46974614,0.46493852,0.4696955,0.54180896,0.502387,0.45233962,0.5021148,0.5606198,0.4460317,0.44468138,0.44675085,0.54824954,0.38180923,0.4582841,0.38068295,0.5286842,0.626589,0.46627897,0.62565094,0.53782254,0.7182399,0.4483977,0.71775925,0.51202184,0.79429793,0.46930557,0.7949144
joaogodown - 33.png,go_down,0.4491338,0.46983004,0.46319214,0.4647957,0.43439814,0.46356967,0.4813341,0.4727647,0.41445154,0.47089288,0.49774554,0.50717294,0.4043769,0.50719637,0.51316255,0.44638464,0.3954887,0.45077226,0.49861538,0.3856267,0.41632265,0.38658535,0.4809663,0.62889755,0.4172422,0.62776875,0.48263758,0.7205726,0.39831463,0.7195598,0.45744553,0.79638606,0.41524953,0.79869425
joaogodown - 34.png,go_down,0.41602194,0.4641512,0.42989817,0.4586365,0.40113178,0.4578134,0.4489355,0.46479684,0.382655,0.463758,0.46478876,0.49910542,0.3702375,0.49850345,0.47955254,0.4437478,0.35568485,0.44527668,0.46436104,0.3748868,0.36850438,0.3788347,0.44484207,0.62755984,0.37954763,0.6261125,0.45337015,0.720888,0.36443448,0.7196771,0.42474902,0.79610026,0.38141054,0.79589176
joaogodown - 35.png,go_down,0.45841125,0.4683858,0.47256646,0.46290544,0.4441397,0.46200508,0.49376637,0.46942523,0.42673635,0.46830523,0.5133622,0.5044332,0.41336402,0.50361955,0.52606165,0.44625762,0.39904675,0.4464813,0.50794995,0.38246408,0.4182846,0.38521478,0.49123484,0.6303378,0.42269245,0.6290403,0.5005987,0.7233311,0.4086496,0.7236937,0.47319916,0.8047661,0.4313396,0.8043391
joaogodown - 36.png,go_down,0.69174147,0.48015934,0.7061998,0.47403878,0.6769678,0.47381106,0.73033243,0.4793886,0.66148883,0.47965935,0.7485247,0.5158773,0.6521839,0.51452345,0.7627789,0.46252438,0.6366868,0.45859483,0.74105144,0.39320773,0.65218824,0.39269528,0.72584134,0.6438721,0.6582556,0.64211756,0.74269533,0.73687583,0.6475555,0.7352623,0.72319174,0.8150313,0.6687224,0.8082877
joaogodown - 37.png,go_down,0.8516996,0.47104356,0.8668211,0.46520007,0.8373998,0.46412343,0.8897203,0.47090903,0.8207777,0.46933004,0.9098622,0.50708693,0.8075052,0.5063775,0.9218386,0.44931805,0.7957553,0.4531953,0.9000747,0.38236782,0.80289555,0.38695362,0.8892454,0.63605773,0.81928796,0.6338249,0.90573883,0.73310673,0.8094143,0.72592854,0.87669855,0.80603135,0.8454826,0.79795873
joaogodown - 38.png,go_down,0.652431,0.46519977,0.66620904,0.458575,0.63816565,0.45897964,0.6890687,0.46487167,0.62239265,0.46640447,0.7108703,0.50279295,0.61180025,0.5030374,0.72471744,0.44658586,0.59799534,0.44695982,0.70051277,0.3796603,0.6079743,0.38463792,0.6878906,0.62831146,0.62089354,0.6274735,0.7015314,0.71853656,0.61839575,0.7194067,0.67832947,0.7951816,0.64800036,0.7912777
joaogodown - 39.png,go_down,0.5889471,0.48045218,0.60218644,0.47459948,0.5751359,0.4739719,0.6232358,0.47956938,0.5604846,0.4792266,0.64379084,0.51347184,0.5492149,0.51420337,0.6571469,0.46096256,0.5346836,0.46297273,0.6394418,0.39535415,0.5393766,0.39768147,0.6293973,0.63646215,0.5644147,0.6361652,0.64428043,0.7245601,0.5517512,0.72577375,0.62080806,0.79036194,0.5838512,0.7937401
joaogodown - 40.png,go_down,0.60172164,0.46605045,0.61485535,0.45939505,0.58452374,0.46065572,0.6370348,0.46441957,0.5670736,0.4680692,0.6613114,0.49961835,0.56374454,0.50265557,0.67583835,0.4434767,0.54803115,0.44819653,0.65426755,0.37897575,0.5600688,0.38080215,0.64284045,0.62949723,0.57582444,0.6291157,0.6516725,0.7148962,0.5649099,0.71562594,0.62613165,0.7893682,0.5881132,0.78579664
joaogodown - 41.png,go_down,0.6101395,0.43228447,0.62438107,0.42627954,0.59424937,0.42592636,0.64613485,0.43320096,0.5758368,0.4334464,0.6688519,0.4717614,0.5674544,0.4717495,0.6809936,0.4135276,0.550497,0.41279814,0.6647026,0.34693265,0.5613251,0.348496,0.6491066,0.5940938,0.5817077,0.5932908,0.6540362,0.68458813,0.57264346,0.6871516,0.6104765,0.75400186,0.5876514,0.75522196
joaogodown - 42.png,go_down,0.5647574,0.40016985,0.5785932,0.39357007,0.5495068,0.39400956,0.6006119,0.40064916,0.5317815,0.40235376,0.62146425,0.440694,0.52182543,0.4411018,0.6417166,0.3780099,0.50372034,0.3767154,0.62077355,0.30955067,0.52126014,0.30974364,0.5983464,0.5674871,0.5312606,0.56692654,0.613404,0.65768963,0.5241544,0.66087824,0.5868196,0.73861355,0.5404733,0.73600364
joaogodown - 43.png,go_down,0.509578,0.39274976,0.5245218,0.38675854,0.4941387,0.38668603,0.54670906,0.39507544,0.47609347,0.39563754,0.56315833,0.43246603,0.4682851,0.43366295,0.575101,0.36900353,0.45135254,0.37135544,0.56000483,0.29988533,0.4613867,0.30335826,0.55021816,0.5645349,0.48374057,0.56456375,0.5602731,0.65737134,0.4708783,0.66042906,0.5416495,0.73683846,0.49458125,0.7376454
joaogodown - 44.png,go_down,0.45001253,0.36386764,0.464944,0.35786432,0.43232027,0.35753465,0.48586994,0.36532548,0.40933442,0.36570817,0.5042035,0.403527,0.40058008,0.40520623,0.5140051,0.3367769,0.38170964,0.34096658,0.50207615,0.26691294,0.3974083,0.2711636,0.49837822,0.5351616,0.42754245,0.5360453,0.5104237,0.6355842,0.41691786,0.63954604,0.4882228,0.71621305,0.44054106,0.72032493
joaogodown - 45.png,go_down,0.41072446,0.2786191,0.4233345,0.2723214,0.3927036,0.27332512,0.4381647,0.28141415,0.36899337,0.28431842,0.45807824,0.31860825,0.35855535,0.32211116,0.473129,0.24973942,0.34266093,0.258514,0.45730057,0.17796789,0.35153204,0.1839874,0.45570382,0.45756057,0.38622764,0.45864052,0.47172707,0.5568614,0.3747883,0.5593336,0.44961196,0.6402793,0.4044325,0.64191985
joaogodown - 46.png,go_down,0.4945813,0.2928801,0.5073779,0.2865946,0.47840655,0.28693113,0.5228483,0.29440984,0.4566686,0.29578745,0.5434823,0.33156887,0.4449287,0.3333098,0.56118387,0.268871,0.42718717,0.27188885,0.5449533,0.1951652,0.4381782,0.19713798,0.5419915,0.46641746,0.47382584,0.46713117,0.55814856,0.56398845,0.46452364,0.56655765,0.54129255,0.6482881,0.49073356,0.65134215
joaogodown - 47.png,go_down,0.6018824,0.33763674,0.6139625,0.3310868,0.58406657,0.33208403,0.62787384,0.33853886,0.56048876,0.3413438,0.6468979,0.3753986,0.5524402,0.37716347,0.6638794,0.31331292,0.539228,0.3146048,0.64921355,0.2445197,0.5487027,0.24469754,0.6468471,0.5108606,0.5796211,0.5114255,0.66107136,0.60527754,0.5644244,0.6082849,0.6401056,0.68709743,0.58782303,0.68752676
joaogodown - 48.png,go_down,0.58518416,0.41967514,0.5969333,0.41374576,0.56855845,0.41420493,0.6108483,0.42165357,0.5465054,0.42335674,0.6299283,0.458814,0.53442293,0.46063808,0.64958566,0.4003474,0.5218877,0.406205,0.6348197,0.33183295,0.53250057,0.33718923,0.6238351,0.5856233,0.55833185,0.5860273,0.6424114,0.67818266,0.54865664,0.67895687,0.62083876,0.75529766,0.5757993,0.75607276
joaogodown - 49.png,go_down,0.5140927,0.47349977,0.5261899,0.46760628,0.49755433,0.46821088,0.54242665,0.47453222,0.47760767,0.4766452,0.56043345,0.5091611,0.4709034,0.5099872,0.5798749,0.45551208,0.4596909,0.45370018,0.56465656,0.39259294,0.4720792,0.39210048,0.5552457,0.6345541,0.49238738,0.63486916,0.57111806,0.7240638,0.48368514,0.72716016,0.55151635,0.803285,0.50234497,0.8033551
joaogodown - 50.png,go_down,0.4318879,0.4821375,0.44473153,0.47646296,0.41629022,0.4763324,0.46415302,0.48367217,0.3978518,0.48451036,0.48396087,0.51789784,0.3915891,0.51945823,0.49761674,0.46094716,0.37216604,0.46464273,0.48508933,0.40125877,0.3802561,0.40381008,0.47480795,0.637136,0.41170374,0.6373969,0.4827949,0.72860736,0.40005502,0.73102164,0.46562144,0.80618155,0.41946912,0.80803436
joaogodown - 51.png,go_down,0.41249192,0.47962907,0.4254186,0.47400382,0.39807525,0.47376794,0.44415012,0.4802155,0.38138053,0.48050165,0.46269277,0.5133433,0.37150726,0.5137457,0.47789013,0.46059904,0.35351935,0.4606317,0.46365637,0.39729074,0.35754073,0.39772996,0.45313415,0.6394157,0.38988343,0.63923484,0.4680619,0.7300863,0.38042423,0.7315042,0.44784862,0.80603397,0.40186173,0.8076761
joaogodown - 52.png,go_down,0.45109496,0.47901243,0.46551353,0.4733392,0.43452886,0.47337383,0.4862872,0.48206818,0.41359532,0.48315805,0.5047742,0.51835686,0.40350255,0.52053684,0.51490027,0.454325,0.38144356,0.45887357,0.5017862,0.39182296,0.38989037,0.39367506,0.49283335,0.64965457,0.42357185,0.650472,0.5048589,0.7472319,0.41518852,0.75162137,0.4839798,0.8305735,0.43809736,0.83343637
joaogodown - 53.png,go_down,0.46740815,0.47562355,0.48498675,0.46917823,0.4519404,0.46834433,0.51317066,0.4772444,0.43389162,0.47630268,0.53422856,0.51873565,0.42428458,0.5184169,0.54761136,0.45333096,0.40290216,0.45189333,0.5267208,0.37848014,0.41212413,0.38490692,0.5160362,0.66521984,0.44056946,0.66472393,0.5294363,0.76869065,0.4336515,0.77332324,0.5071594,0.85767,0.45514977,0.86064637
joaogodown - 54.png,go_down,0.46691588,0.46366695,0.485144,0.4570977,0.4511115,0.4566108,0.5167844,0.46634656,0.43451563,0.46631366,0.54152536,0.51001096,0.4240993,0.51028633,0.5518523,0.43643394,0.39712003,0.4354441,0.534572,0.3548272,0.40708917,0.36409062,0.5211984,0.66778857,0.43986994,0.66744244,0.536053,0.7808516,0.42970666,0.7864818,0.5153163,0.8801764,0.4578241,0.880798
joaogodown - 55.png,go_down,0.48129487,0.4560429,0.4996365,0.44965938,0.46338233,0.44945422,0.52897555,0.46088386,0.44375128,0.46143726,0.5523087,0.50472707,0.4331415,0.50516826,0.56401515,0.42645246,0.41172084,0.4280805,0.55317336,0.34507722,0.4170816,0.3562844,0.52986765,0.668161,0.4467918,0.6676094,0.5477658,0.78583425,0.4365848,0.7903981,0.52223444,0.88841903,0.4707484,0.8890037
joaogodown - 56.png,go_down,0.48236427,0.44651893,0.50078654,0.44009808,0.46362993,0.43980354,0.52959245,0.45015997,0.44218075,0.45057595,0.5492238,0.49329656,0.43415877,0.4940309,0.5607243,0.4145981,0.41569018,0.41707003,0.54745126,0.3345026,0.42120996,0.3454376,0.528382,0.6519943,0.44806847,0.65166456,0.54390246,0.76725817,0.43616462,0.7723282,0.5209631,0.86396015,0.46883827,0.86622405
joaogodown - 57.png,go_down,0.46650654,0.43409362,0.483976,0.42784494,0.4512063,0.4267825,0.5107132,0.43622863,0.43237484,0.43480417,0.53018165,0.4758216,0.4206413,0.475857,0.542567,0.404674,0.3984802,0.40727618,0.52355725,0.33121136,0.41170806,0.34013933,0.51055515,0.6233684,0.43520355,0.622896,0.52292025,0.72887784,0.42828664,0.7325709,0.50089383,0.81689537,0.4499536,0.82037395
joaogodown - 58.png,go_down,0.46873683,0.428514,0.48403874,0.4224622,0.45321155,0.42237112,0.5080038,0.43046916,0.43533087,0.4310841,0.52712315,0.46884418,0.42696455,0.46991345,0.5403971,0.40302342,0.40860566,0.4063949,0.5231433,0.33318573,0.41991797,0.34051335,0.5093655,0.6044372,0.44067866,0.6042951,0.52222276,0.69993156,0.43278563,0.7033698,0.49940082,0.7829638,0.45244384,0.7843395
joaogodown - 59.png,go_down,0.4831769,0.41918692,0.4970451,0.41360596,0.46873575,0.41301736,0.5172081,0.42032596,0.45114043,0.41989118,0.53584206,0.45619586,0.4411003,0.4567701,0.5550954,0.39780545,0.42773396,0.40027723,0.53738236,0.33049917,0.43621525,0.3353495,0.5229795,0.58097863,0.45837277,0.58062136,0.5379754,0.6714792,0.4494383,0.6722288,0.51882505,0.7463897,0.47330293,0.7465486
joaogodown - 60.png,go_down,0.46841487,0.40310603,0.4817812,0.39730963,0.45402876,0.39690256,0.50165486,0.40302977,0.43593302,0.4029147,0.5164221,0.4368324,0.4273773,0.43677935,0.52883404,0.38081583,0.40992796,0.38114578,0.5138937,0.31696504,0.4223228,0.31889036,0.5040475,0.5529903,0.44334427,0.55281585,0.5167557,0.638231,0.43729857,0.6400386,0.50091714,0.7117849,0.4549339,0.7111152
joaogodown - 61.png,go_down,0.45461786,0.38775435,0.46741727,0.38260144,0.44221944,0.38119864,0.48751625,0.38757545,0.42797083,0.38564646,0.5041578,0.41860652,0.41750047,0.41939205,0.51324177,0.36201134,0.39812684,0.3672834,0.4973255,0.30521998,0.41206908,0.30797935,0.49518195,0.52986026,0.43621424,0.5300998,0.50743544,0.61049587,0.42755437,0.611658,0.49166146,0.6786178,0.44750866,0.6804473
joaogodown - 62.png,go_down,0.45327616,0.3703014,0.46509123,0.36572507,0.44131443,0.36451086,0.4829908,0.371792,0.4278031,0.37014598,0.500384,0.40059492,0.41761535,0.40177435,0.5124723,0.3458984,0.4018808,0.35245407,0.49592307,0.29324088,0.41158167,0.29566234,0.49169847,0.50837344,0.43497744,0.5086372,0.50720704,0.58298254,0.42551064,0.5842891,0.48897895,0.64552414,0.4441747,0.65072376
joaogodown - 63.png,go_down,0.45756912,0.37436354,0.46780095,0.36798468,0.4471143,0.3692442,0.48531777,0.37041256,0.43452373,0.37346593,0.5032855,0.4009057,0.42431206,0.4052891,0.5062406,0.3441655,0.41263825,0.35018164,0.49537256,0.29208273,0.41963625,0.28705314,0.49346307,0.5010479,0.43731683,0.50207615,0.49596852,0.5775779,0.44604254,0.5746086,0.4971831,0.640727,0.45681384,0.63546234
joaogodown - 64.png,go_down,0.49128515,0.39686656,0.5017197,0.3911184,0.48010647,0.39191636,0.5170216,0.39505464,0.46520597,0.39669582,0.53108346,0.4249769,0.45485342,0.42626363,0.5411784,0.37985322,0.44534463,0.37875795,0.5257486,0.33009818,0.4530837,0.326781,0.52281743,0.5234894,0.46885657,0.52399313,0.5261342,0.59657115,0.47071338,0.5969291,0.52270263,0.6584826,0.48229623,0.6598684
joaogodown - 65.png,go_down,0.5255894,0.43191224,0.5355154,0.4259268,0.5148685,0.42623872,0.5508692,0.42831227,0.50012463,0.42921278,0.5639618,0.45758295,0.49285847,0.45935673,0.57320535,0.41136086,0.48178214,0.4175453,0.55997413,0.35973525,0.48996907,0.3718505,0.55416685,0.55044293,0.50341433,0.55062824,0.5614217,0.6189891,0.50814193,0.6170994,0.5568833,0.6767983,0.51471895,0.6762946
joaogodown - 66.png,go_down,0.52422935,0.4567793,0.53359175,0.45070675,0.5139444,0.45126706,0.54867905,0.4529645,0.5003843,0.45426115,0.56454307,0.48297903,0.49207023,0.4842345,0.57376754,0.4405947,0.48339668,0.4441104,0.5605081,0.38859448,0.49252567,0.39576122,0.55580246,0.5729054,0.5047811,0.5727016,0.55998486,0.6409364,0.5118667,0.6375781,0.5545862,0.69901323,0.51448655,0.6953424
joaogodown - 67.png,go_down,0.5148786,0.49258223,0.5245896,0.4871623,0.5059595,0.48751432,0.5406059,0.49002242,0.49423748,0.4906572,0.5561637,0.5191774,0.4826646,0.5188306,0.5563894,0.47979233,0.47452313,0.4775092,0.5452924,0.43440288,0.48505667,0.42948058,0.54594773,0.60654694,0.49365568,0.60581315,0.5474625,0.67503715,0.49709383,0.67094374,0.5449563,0.73501205,0.50601476,0.7297711
joaogodown - 68.png,go_down,0.51797473,0.4493994,0.528603,0.44320694,0.50800973,0.4438182,0.5461915,0.4455105,0.49563965,0.4468831,0.56037235,0.4760033,0.48646975,0.47673696,0.56326,0.43213287,0.4776061,0.43319723,0.55464023,0.38235578,0.4889853,0.38501054,0.5471141,0.5649411,0.4949407,0.5644775,0.55174446,0.6317321,0.49945492,0.62806207,0.5439832,0.68915284,0.50709313,0.68509376
joaogodown - 69.png,go_down,0.5215918,0.31675807,0.5326314,0.31046212,0.510277,0.31092238,0.54995817,0.3135161,0.49559224,0.31471354,0.56079936,0.3448171,0.4896604,0.3454894,0.564591,0.29949963,0.47622454,0.30241707,0.5545193,0.24572113,0.4880336,0.25476775,0.5451039,0.4357581,0.4946308,0.43526053,0.5519977,0.50420237,0.4991476,0.5008512,0.54615927,0.56266963,0.5056437,0.5602442
joaogodown - 70.png,go_down,0.52680117,0.2126409,0.53777313,0.2062516,0.51531404,0.20662414,0.5534281,0.20965602,0.4993525,0.21072242,0.56584525,0.2422937,0.4908175,0.2440906,0.57736903,0.19238704,0.48320508,0.1980535,0.55841756,0.12779076,0.4922964,0.13719258,0.55017495,0.34017253,0.49654528,0.3400562,0.55562174,0.41182205,0.5019704,0.4092951,0.54830575,0.47051248,0.50495595,0.4690573
joaogodown - 71.png,go_down,0.55511475,0.3488517,0.5638174,0.34367493,0.5448514,0.3449644,0.57805955,0.3484529,0.5321929,0.35134816,0.5940117,0.37766543,0.52258444,0.38032064,0.5983807,0.33088058,0.5097197,0.3336759,0.5922704,0.2777494,0.5222007,0.27354094,0.58074814,0.46689484,0.5304753,0.46723196,0.57886565,0.53677166,0.53361106,0.5344657,0.57177204,0.5963543,0.53467834,0.59231293
joaogodown - 72.png,go_down,0.58703846,0.4877295,0.5965339,0.48218626,0.57717305,0.48292297,0.6111716,0.48529693,0.5641467,0.48676696,0.6241963,0.5144248,0.5542403,0.5148988,0.6317635,0.4696876,0.54875773,0.46616188,0.6249751,0.42806846,0.55561286,0.41865695,0.61224586,0.6059987,0.56235135,0.60580665,0.6138812,0.676518,0.5634225,0.67507917,0.60686463,0.7354,0.5703629,0.7340505
joaogodown - 73.png,go_down,0.62333614,0.58215463,0.6336293,0.5764641,0.61348855,0.5770641,0.65001017,0.5796074,0.6006611,0.5807523,0.6639301,0.60942775,0.58954954,0.60986,0.67141074,0.567889,0.58376473,0.56458455,0.6560684,0.51892847,0.59739,0.5119964,0.65220773,0.7068123,0.59910655,0.70686513,0.65394735,0.7806131,0.6010187,0.78042835,0.6453968,0.84282434,0.60840654,0.8440312
joaogodown - 74.png,go_down,0.5818165,0.51214534,0.59236306,0.506625,0.5713987,0.50734854,0.60963947,0.51118964,0.5585799,0.51246977,0.622543,0.54181576,0.55043286,0.54096067,0.629095,0.5023637,0.5461669,0.4942525,0.61987144,0.45248154,0.55515975,0.4417787,0.6122574,0.6358489,0.5606176,0.6356256,0.61163706,0.70867705,0.5607285,0.70942503,0.6063195,0.7706687,0.56592506,0.77349085
joaogodown - 75.png,go_down,0.5401135,0.43524006,0.5504001,0.42994744,0.53008413,0.43042615,0.5655558,0.43440032,0.5164728,0.43511173,0.5788199,0.4644253,0.50457966,0.46432236,0.5879875,0.41912025,0.50015247,0.41451576,0.57594365,0.37195197,0.5113287,0.36221957,0.57153475,0.56214803,0.51838386,0.5622218,0.57272965,0.6358841,0.52054125,0.63592255,0.56963116,0.69812316,0.52833164,0.6989046
carolgoside - 01.png,go_side,0.48049298,0.4105682,0.49145427,0.40207535,0.46415988,0.40405357,0.51465696,0.40764755,0.45013368,0.41261026,0.56601536,0.45444956,0.4123413,0.4566938,0.66894436,0.45325473,0.32045117,0.47079444,0.7653954,0.44720778,0.38245764,0.48248008,0.5378263,0.57410216,0.45053658,0.576637,0.53436595,0.66257083,0.46268284,0.665289,0.5331903,0.74863493,0.47071663,0.75012046
carolgoside - 02.png,go_side,0.50248265,0.4046571,0.51245016,0.3963887,0.48651433,0.3982927,0.5351464,0.40091148,0.47015408,0.4058347,0.58903456,0.4472389,0.4303127,0.45010117,0.6886561,0.44679448,0.3464113,0.46523812,0.786921,0.44122738,0.41191006,0.48056936,0.5539929,0.56675243,0.4629573,0.57024807,0.55805665,0.65381294,0.4802645,0.6592009,0.5433347,0.7421039,0.4913329,0.7471836
carolgoside - 03.png,go_side,0.5177688,0.3948951,0.5282327,0.38615084,0.50061303,0.38839352,0.5501908,0.3914638,0.48376712,0.3972521,0.6037216,0.43967083,0.4421698,0.44253162,0.7066903,0.441482,0.35541692,0.45926136,0.8053645,0.43557236,0.4297369,0.47268608,0.5749185,0.56204015,0.4817198,0.5652494,0.57219213,0.65235966,0.49927762,0.6583029,0.5610836,0.7377669,0.50948423,0.74160147
carolgoside - 04.png,go_side,0.5303819,0.38987556,0.5413643,0.38092458,0.51282144,0.38297147,0.56338376,0.38641557,0.49489254,0.39193904,0.61769557,0.4346776,0.45365134,0.43872195,0.7262336,0.43662608,0.3639967,0.45680615,0.8244711,0.43094605,0.43032062,0.46530715,0.59129596,0.559904,0.49642807,0.56339055,0.5862381,0.65107286,0.5132064,0.6567974,0.5746474,0.7403193,0.5196928,0.74549806
carolgoside - 05.png,go_side,0.5162444,0.3930385,0.5280401,0.384,0.4983873,0.38579816,0.5517144,0.3899749,0.47884905,0.39461806,0.609105,0.44305676,0.43648562,0.44647238,0.7159454,0.44336963,0.34416452,0.46481085,0.8277979,0.43460435,0.4146875,0.47604424,0.5783589,0.5770138,0.4793744,0.5809986,0.57499295,0.67254233,0.49422634,0.6777986,0.5560902,0.769604,0.5007933,0.7741055
carolgoside - 06.png,go_side,0.46245396,0.39332798,0.47552997,0.38269442,0.4424049,0.38558775,0.50342494,0.38851944,0.42297295,0.3955184,0.5690096,0.44625348,0.3753744,0.4501837,0.68752307,0.44777015,0.26553124,0.4734693,0.80299395,0.4424174,0.36347112,0.48566687,0.5272148,0.5972241,0.41616863,0.60095334,0.5236495,0.7094592,0.44057566,0.7123219,0.5042338,0.8155944,0.4419514,0.81661594
carolgoside - 07.png,go_side,0.42839688,0.42503542,0.44422573,0.41404802,0.40692893,0.4155989,0.4728184,0.42195213,0.38184276,0.4258477,0.54414195,0.48943245,0.32422763,0.49034265,0.68910456,0.4863532,0.20216747,0.5105759,0.8242943,0.47816,0.30357367,0.52702594,0.49300662,0.65832776,0.3662507,0.66130173,0.48400563,0.783602,0.3874743,0.786053,0.46527183,0.90246916,0.38537225,0.90534264
carolgoside - 08.png,go_side,0.58797866,0.42316943,0.6079517,0.41067517,0.5643005,0.4123885,0.64260805,0.42138684,0.5375572,0.4254419,0.71948683,0.49469912,0.4752297,0.49538654,0.8819212,0.49360535,0.32920346,0.51911,0.9988175,0.48455364,0.42957923,0.5348022,0.6668698,0.6924033,0.5233736,0.6943812,0.64754844,0.8450137,0.54875755,0.8442675,0.6454035,0.98245895,0.5371869,0.98217756
carolgoside - 09.png,go_side,0.56289124,0.34723672,0.5833152,0.3333734,0.53562963,0.33649993,0.6211985,0.34496665,0.5059742,0.3521306,0.70983493,0.4282853,0.44031262,0.43011066,0.8849784,0.42374966,0.2847532,0.4532494,0.99466527,0.41695228,0.40293765,0.47054,0.64346874,0.6406032,0.4863656,0.6425494,0.62547845,0.8054373,0.5149179,0.80275476,0.6195935,0.96720684,0.50524455,0.96195656
carolgoside - 10.png,go_side,0.52676344,0.290455,0.54787356,0.27813715,0.50157404,0.2798165,0.58609134,0.2924008,0.47399953,0.29650053,0.6740473,0.37385625,0.40424973,0.37803608,0.8493895,0.3736811,0.2501978,0.40871727,0.98029673,0.36288103,0.3732848,0.41784218,0.61049616,0.58105487,0.44959986,0.58576185,0.5969454,0.74442625,0.47979882,0.74744445,0.58884984,0.9032334,0.48172104,0.9106289
carolgoside - 11.png,go_side,0.55553204,0.28827262,0.5768083,0.2755023,0.5281881,0.27762708,0.61444557,0.29015872,0.4970521,0.2954408,0.6999724,0.3710204,0.42938274,0.37504375,0.8735443,0.3671628,0.27743822,0.40102893,0.99355173,0.35682607,0.39354342,0.41148388,0.64643395,0.57850826,0.4879269,0.58353096,0.63044846,0.7383935,0.51626045,0.74454993,0.6283576,0.9023116,0.5141573,0.9112402
carolgoside - 12.png,go_side,0.6875372,0.29348427,0.7087676,0.28039277,0.65893805,0.28408554,0.7473191,0.29640228,0.6273818,0.3051163,0.83671594,0.37824544,0.5581796,0.38403895,0.9946151,0.3771397,0.40138087,0.4096873,1.0,0.37386414,0.52021325,0.42296785,0.7829469,0.5935762,0.6181661,0.59703016,0.7630223,0.75288635,0.6427294,0.7560461,0.76446515,0.91006297,0.65255857,0.91779697
carolgoside - 13.png,go_side,0.66933745,0.29447487,0.6908734,0.28151444,0.64101255,0.2849433,0.72960424,0.29721612,0.60901386,0.30556214,0.8183914,0.37728667,0.53935266,0.3852189,0.98421943,0.37466288,0.38430786,0.4123171,1.0,0.36959618,0.4938716,0.42359298,0.76345146,0.5887168,0.5988152,0.5934977,0.7506641,0.74305975,0.6235191,0.7500434,0.75404817,0.8995423,0.63546777,0.91223085
carolgoside - 14.png,go_side,0.5106088,0.28586861,0.53200895,0.27343348,0.4854952,0.27594814,0.5732381,0.28755388,0.46003214,0.29327056,0.6629589,0.36937764,0.39388505,0.37366325,0.8351471,0.36922953,0.24426822,0.40346295,0.9752112,0.3586085,0.36853382,0.41186708,0.60698503,0.57504976,0.44960842,0.5801246,0.5938247,0.73376316,0.47861034,0.7372822,0.58984214,0.8929018,0.48458365,0.8978362
carolgoside - 15.png,go_side,0.27666184,0.28354514,0.30116197,0.27077377,0.25367936,0.2727813,0.34816632,0.28403246,0.23107609,0.288531,0.43109193,0.36482647,0.17211622,0.37127903,0.60747904,0.36690354,0.030880207,0.3999122,0.77250487,0.36275706,0.12826031,0.4100939,0.37542865,0.5697379,0.22081849,0.57565427,0.37385812,0.72894686,0.262131,0.7328007,0.37623775,0.8785018,0.27024513,0.8760207
carolgoside - 19.png,go_side,0.55813867,0.5707092,0.5783109,0.5554044,0.5318181,0.55826026,0.6183138,0.56093776,0.5069562,0.56763995,0.7017522,0.6457446,0.44833213,0.6443857,0.87641007,0.6492137,0.2853927,0.672602,0.9980127,0.64756763,0.42774487,0.69913006,0.63865435,0.86539894,0.48304647,0.8662787,0.0,0.0,0.0,0.0,0.0,0.0,0.0,0.0
carolgoside - 21.png,go_side,0.62235737,0.48157474,0.6430632,0.46725303,0.5970267,0.46909153,0.67783237,0.47251284,0.5648717,0.47681743,0.75937635,0.55468583,0.50248003,0.5541291,0.95434195,0.55649376,0.3409529,0.58067983,1.0,0.5546049,0.47736725,0.6051585,0.6982814,0.7633601,0.54830784,0.7642302,0.6718274,0.9246183,0.57938343,0.9198977,0.0,0.0,0.0,0.0
carolgoside - 22.png,go_side,0.5422289,0.43733853,0.5634392,0.42366764,0.51739615,0.42542508,0.6002931,0.43331462,0.48879898,0.437336,0.6801406,0.515306,0.42141864,0.5163646,0.8627243,0.5148676,0.262523,0.5438434,0.9951651,0.5114015,0.37986314,0.557517,0.61843044,0.7244713,0.46632853,0.727621,0.6040829,0.8853251,0.49797887,0.8848081,0.0,0.0,0.0,0.0
carolgoside - 23.png,go_side,0.6432045,0.40480942,0.6629195,0.39111528,0.6170149,0.39333612,0.6961532,0.401226,0.58504075,0.40709352,0.77945364,0.47890976,0.51627964,0.48181134,0.955549,0.48524812,0.35776085,0.5122596,1.0,0.48216334,0.47733086,0.5294898,0.7255089,0.68812275,0.5702361,0.6898818,0.6900051,0.8444445,0.5938382,0.8439928,0.7008426,0.9837165,0.58295476,0.98508966
carolgoside - 24.png,go_side,0.57943904,0.39778826,0.5998384,0.38487446,0.5533503,0.38664544,0.6341985,0.39637345,0.5219563,0.40071556,0.713925,0.47246426,0.45289433,0.47437537,0.8905652,0.47815326,0.2979366,0.5050761,1.0,0.47383094,0.40371603,0.5196209,0.65852225,0.6744605,0.5060149,0.67793113,0.6411343,0.8267718,0.53304106,0.83006454,0.64783794,0.97494376,0.52981603,0.9819621
carolgoside - 25.png,go_side,0.4814436,0.4980593,0.5000235,0.48480028,0.4578196,0.48668662,0.5339874,0.49041218,0.43198436,0.49496934,0.6055771,0.5609039,0.37120056,0.56181353,0.7798394,0.564789,0.23361422,0.5900409,0.932135,0.56582016,0.36550903,0.6146046,0.54883367,0.75411826,0.41197243,0.75803214,0.53353184,0.8989443,0.4501513,0.9044921,0.53916794,0.9883994,0.4315212,0.9897017
carolgoside - 26.png,go_side,0.46036723,0.5469661,0.4790386,0.53398174,0.43885395,0.5353105,0.5118982,0.5378904,0.41521034,0.5410558,0.58087826,0.60590994,0.35803685,0.6067134,0.74887556,0.61214095,0.22210959,0.63341606,0.88861084,0.6162959,0.30792126,0.64993906,0.52893084,0.7888983,0.39978394,0.7915558,0.51790065,0.9268029,0.43395063,0.92619365,0.0,0.0,0.0,0.0
carolgoside - 27.png,go_side,0.42945105,0.5685052,0.44725028,0.5555196,0.40901405,0.5575291,0.48111668,0.55801725,0.3888355,0.5626581,0.54974073,0.623282,0.33395946,0.6253262,0.69916326,0.6329854,0.19425999,0.65577376,0.83889276,0.6361213,0.28403556,0.67153525,0.4989781,0.80539227,0.37113965,0.8085447,0.48804152,0.9425155,0.39550865,0.9427987,0.0,0.0,0.0,0.0
carolgoside - 28.png,go_side,0.22700879,0.5714244,0.24533132,0.5587985,0.20643255,0.5605159,0.281946,0.561872,0.18662186,0.56647664,0.35080236,0.62502104,0.13608573,0.62926084,0.5014477,0.6353511,0.018484369,0.659328,0.63275445,0.6379345,0.07464437,0.67418075,0.30313206,0.8020265,0.17595619,0.805921,0.2938783,0.9313445,0.20057039,0.9376464,0.0,0.0,0.0,0.0
carolgoside - 29.png,go_side,0.2013654,0.56662107,0.21965747,0.554801,0.18189074,0.5559106,0.2565799,0.5588298,0.1640288,0.56194055,0.32197493,0.6205629,0.11410512,0.6231978,0.46779954,0.6315732,0.010480828,0.65762955,0.605517,0.63583785,0.10519528,0.6821061,0.2704151,0.7970282,0.14564875,0.80080456,0.26535228,0.92793316,0.17390795,0.9341891,0.0,0.0,0.0,0.0
carolgoside - 30.png,go_side,0.49558663,0.5796045,0.51176125,0.56652355,0.47338495,0.5689975,0.5411335,0.5693657,0.4485737,0.57502925,0.60645324,0.63433135,0.39640445,0.6349009,0.7572723,0.6438276,0.26489246,0.6644603,0.89543,0.64884365,0.36597076,0.68372315,0.5599784,0.81297815,0.4339835,0.81480086,0.5451522,0.94967216,0.45099622,0.94802403,0.0,0.0,0.0,0.0
carolgoside - 35.png,go_side,0.6765301,0.49961975,0.6871882,0.49102795,0.65930474,0.4932102,0.709226,0.4970966,0.6418334,0.5023282,0.76686096,0.5490653,0.60058355,0.5499658,0.8674766,0.5567814,0.5053487,0.5689821,0.9716923,0.558008,0.5822574,0.57903713,0.7276966,0.68406373,0.6286243,0.6864305,0.7316612,0.78534895,0.6414669,0.7865088,0.72055954,0.8932437,0.6514111,0.8954821
carolgoside - 36.png,go_side,0.6020124,0.49908203,0.61244553,0.4910241,0.5864594,0.49179336,0.6314972,0.49675786,0.5666739,0.4988888,0.6847543,0.54734176,0.52107203,0.5467056,0.79064244,0.5562987,0.43788138,0.564511,0.89675003,0.56103593,0.5100225,0.5730479,0.64727247,0.6715269,0.55363953,0.6735995,0.6425173,0.7616855,0.56275403,0.7651358,0.6227009,0.85761416,0.56571114,0.8630234
carolgoside - 37.png,go_side,0.582901,0.50202304,0.59264666,0.49310982,0.5661363,0.4955827,0.612311,0.49856398,0.5501538,0.5042848,0.66305757,0.54677355,0.5094957,0.5471492,0.76741755,0.5579705,0.4185263,0.56517386,0.8642078,0.5624785,0.49079323,0.5744116,0.63084,0.6678929,0.5428187,0.6696896,0.621322,0.76164657,0.55081433,0.76382184,0.6220879,0.85327333,0.5490292,0.85291183
carolgoside - 38.png,go_side,0.5434792,0.4954063,0.554238,0.4869347,0.5266087,0.48857358,0.5741253,0.49275103,0.50747997,0.49709314,0.62295645,0.5410676,0.46305653,0.5417378,0.7211037,0.55101454,0.37813404,0.5597131,0.81537426,0.5550535,0.46062458,0.5686689,0.5913575,0.66290015,0.49773988,0.6649282,0.5808718,0.7549526,0.509939,0.758913,0.56979215,0.84740937,0.5134907,0.8501574
carolgoside - 39.png,go_side,0.43451968,0.48369595,0.44633228,0.47561413,0.4184269,0.47666666,0.46714264,0.48232654,0.4002471,0.48502314,0.5127921,0.52955896,0.354347,0.5282485,0.6124558,0.5410131,0.26593888,0.54477525,0.7129586,0.54418534,0.33250841,0.55171984,0.4761567,0.6508521,0.38373345,0.65231115,0.4707204,0.74173963,0.39304462,0.7461384,0.46138093,0.8343569,0.39832586,0.83764327
carolgoside - 40.png,go_side,0.29898822,0.47640535,0.31209925,0.46841282,0.28504094,0.46919948,0.3379316,0.4749181,0.27228546,0.47682488,0.3847358,0.5235485,0.22867945,0.522,0.47917458,0.5346572,0.132766,0.5387258,0.5755329,0.5368964,0.20239456,0.54756683,0.34505096,0.6451087,0.2553885,0.64654034,0.3411292,0.7377588,0.2668189,0.7409914,0.33330387,0.82840526,0.2650535,0.8301024
carolgoside - 41.png,go_side,0.20709233,0.4723485,0.22049157,0.46414492,0.19337574,0.46494752,0.24814783,0.4699205,0.18200424,0.47190446,0.2958233,0.5189504,0.13910004,0.5173775,0.38739175,0.5306843,0.041127913,0.5336736,0.48485452,0.5330373,0.10204096,0.5435387,0.25586337,0.6427867,0.16558154,0.644114,0.25212058,0.73627275,0.17431276,0.73969835,0.24631305,0.8271972,0.17719273,0.828316
carolgoside - 42.png,go_side,0.15545315,0.46680993,0.16979359,0.45929262,0.14243352,0.45963547,0.19787975,0.4650173,0.13080077,0.46604043,0.24536005,0.51213866,0.093879975,0.5117421,0.33950645,0.5221551,0.012376403,0.52756,0.44266805,0.5279445,0.05963652,0.5367155,0.19888003,0.6329276,0.10876894,0.63428813,0.19971046,0.72377944,0.116770454,0.7267385,0.19096111,0.81890404,0.12688991,0.82130915
carolgoside - 43.png,go_side,0.15764707,0.46184465,0.17135556,0.45422804,0.14382061,0.45466223,0.19838126,0.4605057,0.12941945,0.4617482,0.24520263,0.5090791,0.08806947,0.5079825,0.33621007,0.5207829,0.008001349,0.5243849,0.434147,0.5253519,0.0702215,0.53445995,0.20258856,0.6288593,0.1110938,0.6308058,0.20049424,0.7192486,0.11890377,0.72542757,0.18974884,0.81117314,0.13173836,0.8164097
carolgoside - 44.png,go_side,0.18400845,0.39927226,0.19558495,0.39050213,0.16803525,0.39281288,0.22093819,0.39592415,0.15324989,0.40105885,0.27293196,0.44768813,0.11204238,0.44578737,0.36779413,0.4627917,0.019794252,0.46149123,0.46410894,0.466019,0.10306288,0.47208458,0.2297795,0.56586826,0.1383791,0.5676544,0.22475863,0.6570112,0.1525285,0.66323006,0.21298505,0.751092,0.1579494,0.755316
carolgoside - 45.png,go_side,0.22456762,0.36531246,0.23672493,0.35724363,0.20962667,0.3589552,0.26220274,0.3650089,0.19694358,0.36892036,0.3131268,0.4141712,0.15234816,0.4125833,0.40966356,0.427967,0.05901347,0.42885667,0.5042053,0.4328714,0.13618465,0.4372408,0.2730519,0.53345853,0.18007877,0.53481364,0.26621613,0.62593484,0.19025052,0.6293432,0.26302573,0.7181038,0.19757001,0.71852654
carolgoside - 46.png,go_side,0.32263064,0.35801846,0.33548486,0.3501667,0.30838603,0.3513011,0.361813,0.3579017,0.29649058,0.36060876,0.4100397,0.4064511,0.25309142,0.4049192,0.50582707,0.41951454,0.16500765,0.42115766,0.59824026,0.4233395,0.23270808,0.42926148,0.37000003,0.5246828,0.27894938,0.5258893,0.36601907,0.61583066,0.28973168,0.6192906,0.363836,0.70662904,0.29681134,0.7074129
carolgoside - 47.png,go_side,0.46087483,0.357109,0.47285214,0.34928885,0.44670653,0.3502926,0.49641842,0.35567227,0.43152973,0.35808086,0.54542696,0.40615034,0.39077312,0.40578222,0.6350678,0.41495508,0.30656484,0.42240402,0.7333754,0.41846654,0.38157338,0.4298063,0.51386786,0.5263783,0.42558473,0.52863306,0.50455916,0.6118131,0.4364674,0.6157207,0.49312428,0.70177495,0.4412354,0.7054825
carolgoside - 48.png,go_side,0.5826844,0.36033127,0.59332395,0.35163888,0.56697965,0.3539659,0.6168415,0.3575799,0.5542517,0.36312136,0.6695384,0.40573052,0.5138312,0.4072103,0.7719158,0.4146846,0.42807627,0.42485783,0.8684543,0.4176336,0.50405097,0.43236476,0.63283485,0.52266157,0.5436888,0.524854,0.625239,0.61409545,0.55276877,0.6175742,0.6218447,0.70147353,0.5588173,0.7023641
carolgoside - 49.png,go_side,0.6665504,0.36280012,0.677444,0.3543573,0.65071964,0.35589173,0.69793844,0.36048964,0.6349044,0.36413243,0.74547476,0.4084556,0.5923288,0.40862364,0.8450912,0.4170689,0.50682473,0.42744377,0.93904555,0.41859287,0.5835427,0.43486282,0.7119577,0.52706033,0.62403154,0.5287614,0.70275134,0.61736625,0.6298295,0.6187107,0.70190203,0.70410174,0.6384596,0.7044695
carolgoside - 50.png,go_side,0.70888567,0.37912804,0.7198093,0.37068707,0.693202,0.37137815,0.7381054,0.37558413,0.6749192,0.377636,0.7807003,0.4235451,0.6291937,0.42301208,0.87423515,0.43227687,0.5448285,0.4421921,0.9661115,0.43138498,0.6175451,0.4466452,0.7477213,0.5411479,0.6596569,0.54254687,0.7391208,0.6297954,0.6660661,0.6315939,0.7306641,0.7141372,0.6703071,0.7171511
carolgoside - 51.png,go_side,0.69503564,0.45289224,0.70500654,0.4448315,0.6798648,0.44560397,0.7226218,0.4488372,0.6596241,0.4508347,0.7688197,0.49759382,0.6161044,0.4965575,0.86273056,0.510189,0.5366559,0.5176371,0.9573497,0.5155261,0.5957435,0.5323926,0.7315267,0.61317235,0.644503,0.6149155,0.7291784,0.70047295,0.6508422,0.70359015,0.71666175,0.7898623,0.6604585,0.7961262
carolgoside - 52.png,go_side,0.64250284,0.4883509,0.6555924,0.48139295,0.6276529,0.48190132,0.6768658,0.4904382,0.60909957,0.4914366,0.7129895,0.5405486,0.57175344,0.5371834,0.7811035,0.5811464,0.5000757,0.57572496,0.8543214,0.6160957,0.51728773,0.6200492,0.67731905,0.65507066,0.5947618,0.6553423,0.6768465,0.744153,0.60054576,0.74791735,0.66392416,0.8351892,0.6085257,0.8397564
carolgoside - 53.png,go_side,0.56726944,0.5054921,0.58099455,0.4995064,0.55331117,0.49862033,0.59958416,0.50870764,0.5326143,0.506686,0.62047493,0.55932343,0.49374568,0.5508778,0.6542346,0.61174566,0.43114403,0.594225,0.6962955,0.6546706,0.43516394,0.6449924,0.5880708,0.67246455,0.5081943,0.6703263,0.5901453,0.75969726,0.5080902,0.76109266,0.58045155,0.85054034,0.51720446,0.85212773
carolgoside - 54.png,go_side,0.53004956,0.5013795,0.54532593,0.49465057,0.51715744,0.49371693,0.5656483,0.50159943,0.4962925,0.49893343,0.5849098,0.55267936,0.46292418,0.5492554,0.58810437,0.61780465,0.44350326,0.6111763,0.5953127,0.6705035,0.43971777,0.6643802,0.5576905,0.66912067,0.47772193,0.6685677,0.5568803,0.7597219,0.48694682,0.76003706,0.54542345,0.84646857,0.49360827,0.84839076
carolgoside2 - 01.png,go_side,0.51478916,0.47173664,0.5293567,0.46461484,0.50143445,0.46409795,0.5475925,0.4696833,0.47947758,0.47051916,0.59116495,0.50982714,0.44018215,0.51460886,0.68796784,0.5162919,0.34506297,0.5126994,0.6374537,0.53987974,0.24620934,0.5086808,0.56397516,0.64033,0.47319987,0.6414735,0.57457125,0.73260856,0.4892372,0.73578864,0.5664232,0.8199606,0.51388484,0.824762
carolgoside2 - 02.png,go_side,0.52237,0.46898147,0.5378587,0.46149325,0.5089741,0.46129185,0.55861115,0.4664176,0.48636034,0.4672788,0.6016494,0.5077765,0.44781998,0.51202977,0.70003086,0.51920086,0.3506178,0.50882983,0.6307119,0.54175776,0.24971497,0.5063873,0.5680394,0.6352347,0.48005602,0.63520473,0.5759701,0.7281268,0.49543813,0.731982,0.5670599,0.8173018,0.51671386,0.8173876
carolgoside2 - 03.png,go_side,0.53270125,0.46369278,0.5470049,0.45610037,0.51863354,0.45634225,0.56573474,0.46167713,0.49708703,0.46369815,0.61036706,0.5034507,0.46005714,0.5094084,0.71998644,0.512938,0.36141756,0.507457,0.65538013,0.5388773,0.26154512,0.5047174,0.5788051,0.63394254,0.49315366,0.6347223,0.58641833,0.729117,0.5088857,0.7333204,0.5858178,0.81755054,0.524183,0.82002187
carolgoside2 - 04.png,go_side,0.56537545,0.46199694,0.58079237,0.45455563,0.5521977,0.45471364,0.6030541,0.46183884,0.5319977,0.46271226,0.6519521,0.50547975,0.4931401,0.5107503,0.7546999,0.5140927,0.38944474,0.50890666,0.7043563,0.5374128,0.28008416,0.50406486,0.6168097,0.6395891,0.5237814,0.6403364,0.62426674,0.7403924,0.54114467,0.7423283,0.61883056,0.8347676,0.55854595,0.83494633
carolgoside2 - 05.png,go_side,0.56395984,0.47418147,0.58108026,0.4659998,0.54976046,0.46601614,0.60626006,0.47425452,0.52768344,0.4749343,0.66021574,0.52432114,0.4849776,0.5288399,0.77519834,0.535873,0.36985868,0.52550495,0.7105785,0.5616838,0.25166214,0.5205516,0.61662805,0.67041373,0.51441526,0.6704651,0.627589,0.7827048,0.5367052,0.783987,0.62410915,0.88658017,0.5494738,0.8860684
carolgoside2 - 06.png,go_side,0.55138975,0.4959956,0.57201374,0.48665708,0.5352971,0.4866164,0.59918654,0.49540147,0.5089549,0.49645355,0.65640163,0.5516172,0.4625365,0.5562723,0.7867859,0.5652269,0.33266237,0.55435133,0.71898353,0.5904393,0.19349353,0.5504499,0.6122004,0.723529,0.49949226,0.7224205,0.61006707,0.84266055,0.51604563,0.8438376,0.6027435,0.9703753,0.5330933,0.9707427
carolgoside2 - 07.png,go_side,0.5237137,0.5074775,0.5465243,0.49700588,0.5067672,0.4970911,0.57711387,0.5067673,0.47917497,0.50755954,0.6395932,0.5692243,0.42600155,0.5731912,0.7888646,0.58647597,0.27616718,0.5691177,0.6996313,0.6196102,0.1235619,0.5673311,0.58116966,0.761904,0.45567328,0.7603689,0.58511555,0.902443,0.4758157,0.90298414,0.5829348,0.98921347,0.0,0.0
carolgoside2 - 08.png,go_side,0.52149236,0.4371835,0.5462009,0.4255529,0.5016686,0.42610562,0.5799893,0.43797672,0.47037274,0.43978912,0.6519852,0.510607,0.4112859,0.5138487,0.8194279,0.5266391,0.24353614,0.50685185,0.7343031,0.55407566,0.082308665,0.50354886,0.5837554,0.72018504,0.44391707,0.71794945,0.58018225,0.8761784,0.46769705,0.8748984,0.58033234,0.98876673,0.47814956,0.9842047
carolgoside2 - 09.png,go_side,0.56973344,0.32778716,0.59688294,0.3171528,0.54903203,0.31723604,0.63104665,0.33428073,0.5139545,0.3348416,0.7031845,0.40923798,0.45102978,0.41386366,0.8757937,0.42577517,0.2777715,0.41466573,0.7807802,0.44883755,0.10607554,0.40878537,0.63467497,0.62813544,0.48869684,0.62473065,0.62243575,0.79880494,0.50469786,0.7912307,0.6218004,0.96889025,0.5135903,0.96116745
carolgoside2 - 10.png,go_side,0.5703276,0.28083858,0.59706354,0.2702786,0.54921025,0.27080488,0.63132524,0.288588,0.5141912,0.29033408,0.70562774,0.36451033,0.45064595,0.37020352,0.88037276,0.3819675,0.281769,0.36866903,0.7709162,0.40504944,0.11131295,0.36198807,0.6313712,0.5830882,0.48354277,0.5804554,0.6211348,0.7504493,0.49746498,0.7492412,0.6185077,0.91553944,0.50838673,0.9148588
carolgoside2 - 11.png,go_side,0.54005796,0.31090656,0.5676013,0.30067438,0.5211428,0.3008765,0.6047474,0.31992155,0.48993477,0.3208196,0.68398756,0.39519793,0.4229041,0.4006025,0.8525831,0.40828001,0.25352004,0.39461818,0.7447094,0.43362167,0.08845889,0.39021602,0.60320824,0.61231965,0.4521982,0.6097308,0.58938193,0.7758081,0.46415788,0.7753455,0.5749017,0.9456102,0.48336813,0.9459719
carolgoside2 - 12.png,go_side,0.50289917,0.45789188,0.52968085,0.44715396,0.48404828,0.4463525,0.56437784,0.46001297,0.4522966,0.45952693,0.633752,0.5340208,0.38295498,0.5352184,0.80570865,0.55159736,0.21211328,0.5311011,0.709016,0.5764872,0.052981567,0.5262598,0.56030023,0.75448495,0.40753895,0.75070024,0.5650802,0.90782845,0.42403504,0.9072752,0.0,0.0,0.0,0.0
carolgoside2 - 13.png,go_side,0.5476102,0.47715724,0.57242304,0.4650001,0.52755237,0.46558288,0.6047189,0.47722977,0.4959966,0.47909936,0.6749794,0.55101234,0.4348162,0.55259776,0.84649557,0.5731194,0.26753274,0.54679644,0.7558066,0.6012395,0.105303444,0.5444959,0.60440314,0.76767933,0.46169305,0.7644693,0.6029638,0.92834604,0.47712955,0.9278597,0.0,0.0,0.0,0.0
carolgoside2 - 14.png,go_side,0.7176195,0.4607491,0.7409449,0.4490166,0.69546646,0.4490228,0.76714206,0.4620226,0.655478,0.46228907,0.8357146,0.5410618,0.5878053,0.5404288,0.99029076,0.5578825,0.4248853,0.53509694,0.92551076,0.5833498,0.26933157,0.5277837,0.77105147,0.75363684,0.6244125,0.7500012,0.76949227,0.912985,0.63559425,0.9074152,0.0,0.0,0.0,0.0
carolgoside2 - 15.png,go_side,0.767938,0.45707297,0.7918876,0.44526705,0.7449568,0.44532427,0.81860673,0.45832342,0.70442826,0.45852664,0.880586,0.5366947,0.63516134,0.53436553,0.9994025,0.5607295,0.46740612,0.5340648,0.9449739,0.5894781,0.3089773,0.52781135,0.82447857,0.7489242,0.67633176,0.744964,0.8212003,0.9081004,0.6765294,0.90264535,0.0,0.0,0.0,0.0
carolgoside2 - 16.png,go_side,0.7834172,0.41846317,0.8067834,0.40597555,0.7603242,0.40634018,0.83426124,0.41762286,0.7222107,0.41824752,0.89194727,0.4969676,0.65645343,0.49238214,1.0,0.52437603,0.4831432,0.4914426,0.951826,0.54151136,0.32136324,0.48233008,0.83099645,0.7070964,0.68939054,0.7022945,0.83234745,0.8688456,0.69038695,0.86443084,0.8141832,0.9864817,0.699714,0.9848794
carolgoside2 - 17.png,go_side,0.77619356,0.37144423,0.80005795,0.36003166,0.75377417,0.3595426,0.8255654,0.37507764,0.7125443,0.37392855,0.8852495,0.45394048,0.6425895,0.45105755,1.0,0.47552237,0.47522813,0.45304656,0.93939096,0.49450564,0.31975725,0.44737017,0.8251683,0.665594,0.67989737,0.6609061,0.82533723,0.8266976,0.6789755,0.8191842,0.8028434,0.9810593,0.69294864,0.97838646
carolgoside2 - 18.png,go_side,0.7281295,0.35133258,0.7530591,0.34025174,0.7065757,0.3401211,0.7835295,0.35563058,0.66945136,0.35560086,0.85427225,0.43245023,0.6024896,0.43355697,0.99356776,0.45039684,0.43071598,0.4336766,0.912178,0.47061464,0.26928762,0.42710364,0.7852622,0.64466196,0.6388142,0.6408973,0.7714559,0.8068114,0.64264816,0.8009732,0.7452799,0.97011507,0.65625256,0.9701529
carolgoside2 - 19.png,go_side,0.547046,0.33357385,0.57434946,0.323544,0.52765447,0.32258812,0.60799116,0.3408083,0.4930481,0.33938605,0.68105334,0.41390193,0.42415896,0.4174239,0.84901226,0.4343162,0.25364965,0.4169781,0.73494965,0.45504972,0.08568594,0.4106065,0.6075618,0.6260674,0.45759824,0.62288773,0.59987575,0.7875717,0.4670889,0.7853413,0.58717614,0.94967043,0.4798432,0.9501038
carolgoside2 - 24.png,go_side,0.54491657,0.64163226,0.56895864,0.6308827,0.52553636,0.6303734,0.59681433,0.639215,0.49198776,0.63810146,0.65795094,0.70600617,0.42549732,0.7056673,0.82025284,0.7294033,0.2706931,0.70765865,0.7251056,0.7562233,0.099501714,0.71398,0.5943689,0.9078507,0.4532024,0.90457743,0.0,0.0,0.0,0.0,0.0,0.0,0.0,0.0
carolgoside2 - 25.png,go_side,0.5557796,0.5803575,0.5765118,0.5704693,0.5383001,0.5699594,0.60113806,0.57925314,0.50954723,0.5794002,0.6546036,0.6371939,0.45590553,0.63795066,0.79482335,0.6582421,0.3199001,0.6363916,0.6918084,0.6806591,0.17918883,0.6393843,0.60233676,0.8151953,0.48225102,0.8120955,0.6018073,0.94454503,0.49533367,0.9461659,0.0,0.0,0.0,0.0
carolgoside2 - 26.png,go_side,0.5283092,0.5137481,0.54735625,0.5053669,0.5148459,0.5048685,0.5730434,0.51379156,0.49218795,0.5132769,0.62611556,0.5664817,0.44636527,0.5688879,0.7420686,0.58660877,0.33315063,0.5723382,0.6485022,0.6022674,0.21123321,0.56934005,0.56616455,0.7184072,0.4628263,0.7154545,0.56544125,0.8353724,0.4703225,0.8334664,0.55297256,0.94985014,0.47918215,0.94777393
carolgoside2 - 27.png,go_side,0.54986477,0.47846138,0.5661587,0.47053906,0.53680986,0.4705729,0.58844244,0.47574523,0.51527834,0.47698203,0.63640636,0.5221983,0.47459462,0.5239011,0.736814,0.54009694,0.3668651,0.5242624,0.65511054,0.55473787,0.25442198,0.52539766,0.59021384,0.6596616,0.49693727,0.65725714,0.58840376,0.7614347,0.50912905,0.7619295,0.57149225,0.86388934,0.5206214,0.8611651
carolgoside2 - 28.png,go_side,0.58747125,0.46873,0.6033943,0.46109468,0.5746335,0.46115744,0.62632287,0.46618474,0.5551813,0.46788925,0.67250985,0.50969523,0.51775753,0.5126802,0.76615655,0.52865726,0.41962352,0.517858,0.69029063,0.5435041,0.31886324,0.5184339,0.6284725,0.64386356,0.53647095,0.6425311,0.62765044,0.7386718,0.5441093,0.74088633,0.6127139,0.83417696,0.55865026,0.83556044
carolgoside2 - 29.png,go_side,0.7343677,0.4700671,0.75025755,0.46270823,0.7218023,0.4629455,0.7722371,0.46897787,0.7005858,0.47018167,0.8203361,0.5107567,0.66460085,0.5141905,0.921399,0.5276746,0.57531554,0.5191421,0.83506113,0.5427229,0.4752389,0.5192623,0.7764377,0.64141,0.6869815,0.6390119,0.7770662,0.7389023,0.69364655,0.735927,0.7645852,0.8375953,0.70512456,0.8305239
carolgoside2 - 30.png,go_side,0.84485763,0.46763632,0.85954285,0.4599796,0.83013487,0.46053296,0.8795624,0.46618286,0.8087277,0.46876714,0.92001885,0.50982124,0.7709616,0.5125211,1.0,0.52927846,0.6728694,0.5202242,0.9357098,0.54435605,0.5771579,0.5179244,0.8796873,0.64037174,0.7899934,0.6390733,0.8794909,0.7349269,0.79089785,0.73571527,0.8713327,0.8319884,0.8061624,0.83305305
carolgoside2 - 31.png,go_side,0.85156435,0.481839,0.8658259,0.47416717,0.8372265,0.47452423,0.8832884,0.48014262,0.81399274,0.48195165,0.9244486,0.5265949,0.77650434,0.52628917,1.0,0.54550093,0.6770866,0.5309516,0.94442225,0.55764407,0.5795235,0.5294187,0.8872269,0.65713227,0.7982812,0.6544982,0.88274705,0.74790174,0.7969481,0.7462708,0.86709154,0.84070456,0.8109758,0.8426581
carolgoside2 - 32.png,go_side,0.7874486,0.4909344,0.8021336,0.48365456,0.7743633,0.48365366,0.82065105,0.4898912,0.75107837,0.49088055,0.8669032,0.53365034,0.7100472,0.5355216,0.96901065,0.55001044,0.617559,0.5387535,0.891111,0.56075686,0.5231138,0.53784436,0.82215935,0.66235083,0.73124915,0.6598872,0.82404906,0.7548748,0.7351022,0.7539565,0.8126667,0.8486616,0.7490074,0.8450808
carolgoside2 - 33.png,go_side,0.6960658,0.4921178,0.71068895,0.48495537,0.68446976,0.48488453,0.7306375,0.49051148,0.6644872,0.49133122,0.7758241,0.53428674,0.62393075,0.5363739,0.87120074,0.55096835,0.53195554,0.5389021,0.79675865,0.5610625,0.4342978,0.53714246,0.7303771,0.65734637,0.64289415,0.65523976,0.73543733,0.74947804,0.64663434,0.74969584,0.7232233,0.843915,0.66292876,0.8399859
carolgoside2 - 34.png,go_side,0.6475932,0.46632826,0.663338,0.45903233,0.6360669,0.45887655,0.686136,0.46528152,0.61884844,0.46586478,0.7289781,0.5077165,0.58224577,0.51140404,0.8262389,0.5258994,0.48858392,0.51588595,0.74491113,0.53834134,0.3864423,0.51321125,0.6815667,0.6334745,0.5978942,0.6318919,0.6822611,0.72725594,0.6041537,0.7284099,0.6781964,0.8185007,0.61524826,0.81538475
carolgoside2 - 35.png,go_side,0.4980281,0.46643612,0.51406926,0.45999694,0.4874718,0.45932466,0.53791,0.46742982,0.4717013,0.46749184,0.58068484,0.5099392,0.43421113,0.5114543,0.6677811,0.528152,0.34009415,0.5158167,0.5929883,0.5386374,0.24059552,0.5157108,0.53504986,0.6342364,0.44791967,0.6324935,0.5363873,0.7237608,0.45543683,0.72525567,0.52540505,0.8140307,0.47309718,0.8147496
carolgoside2 - 36.png,go_side,0.45266575,0.45703167,0.46876547,0.45082304,0.4420257,0.44998115,0.4908617,0.4598747,0.4254809,0.4592207,0.5295202,0.5018303,0.3894784,0.50366473,0.62810385,0.5188615,0.30040106,0.50626254,0.5410154,0.5313038,0.2013961,0.5067487,0.48497117,0.62205064,0.4039755,0.6200568,0.48477238,0.71378547,0.41272736,0.7144636,0.48576206,0.8056807,0.42481577,0.8023442
carolgoside2 - 37.png,go_side,0.3896197,0.40345737,0.40572578,0.39703137,0.37904543,0.39653125,0.42964742,0.40613014,0.36327118,0.40601534,0.4705567,0.4489089,0.32497135,0.45207477,0.56136906,0.46541083,0.22954012,0.45512366,0.4766095,0.47752154,0.13657133,0.45407975,0.4251771,0.56877667,0.3419046,0.56747204,0.42324734,0.6584704,0.34998456,0.6605902,0.4239859,0.75278974,0.36289582,0.75000995
carolgoside2 - 38.png,go_side,0.3281644,0.37335518,0.3430051,0.3666776,0.31718805,0.36648202,0.36341834,0.37472543,0.2980505,0.37463337,0.4077144,0.4198228,0.25817576,0.4206971,0.49995574,0.43531826,0.16569772,0.42051286,0.4140234,0.44594976,0.06570074,0.419752,0.35893375,0.5401334,0.27311978,0.53758895,0.35742822,0.6320191,0.2836299,0.6309721,0.3510546,0.7234316,0.29908964,0.716883
carolgoside2 - 39.png,go_side,0.37476715,0.37408364,0.3908337,0.36817428,0.36447287,0.36726964,0.41172248,0.37732705,0.34644887,0.3764281,0.4512407,0.4202328,0.30848876,0.42078292,0.5474488,0.43787816,0.2189494,0.4234033,0.46696702,0.44713318,0.119906925,0.42376775,0.40390337,0.5422678,0.3214658,0.53960836,0.40697965,0.6326823,0.33306676,0.6325683,0.40063027,0.7226505,0.35053542,0.7205327
carolgoside2 - 40.png,go_side,0.53902483,0.38555688,0.55420023,0.37976986,0.5280179,0.37946242,0.5741432,0.38969868,0.50884724,0.39014825,0.6155599,0.43238923,0.4711271,0.43461376,0.7073128,0.44794014,0.38286924,0.43730706,0.6265062,0.45556518,0.28615627,0.4375562,0.5724292,0.5506651,0.48894596,0.5485549,0.57308507,0.6392562,0.49479374,0.6394984,0.56564933,0.7307695,0.5152215,0.72676355
carolgoside2 - 41.png,go_side,0.66705793,0.3718754,0.6820836,0.36588264,0.65465134,0.36545056,0.7013289,0.37492785,0.63448054,0.37546524,0.7421771,0.41726682,0.5976362,0.41922295,0.83502465,0.43160546,0.5090467,0.4236167,0.7620764,0.44031832,0.4187237,0.42546642,0.7021067,0.5381676,0.61694777,0.5367296,0.7049573,0.6234715,0.6295234,0.6246157,0.69206864,0.7077006,0.64400584,0.7078727
carolgoside2 - 42.png,go_side,0.7545069,0.34810275,0.7681895,0.34201878,0.7416007,0.34185004,0.78381413,0.3513592,0.7203228,0.35259303,0.82463497,0.39311197,0.68150103,0.3955129,0.92122567,0.40980923,0.5888483,0.4007213,0.84872097,0.4201706,0.49529678,0.40207183,0.7852261,0.511421,0.7014236,0.5102205,0.78885394,0.59695417,0.7105358,0.59927815,0.7746336,0.68441874,0.7206266,0.687021
carolgoside2 - 43.png,go_side,0.78059757,0.3550716,0.796541,0.3486081,0.7679708,0.34838572,0.8180562,0.35819525,0.74593055,0.3587096,0.86077607,0.40317237,0.7090002,0.4066669,0.9551624,0.4146226,0.6181095,0.40887162,0.88217974,0.42761967,0.5215404,0.41005605,0.818391,0.5247722,0.73075205,0.52303165,0.8135781,0.60868824,0.7316635,0.6087778,0.802066,0.69892526,0.73654425,0.69593066
carolgoside2 - 44.png,go_side,0.7578241,0.54762167,0.7723708,0.54131454,0.74562025,0.5409263,0.79167545,0.5474908,0.7260724,0.54831916,0.83492583,0.5876782,0.68985593,0.58977956,0.93031716,0.6062893,0.5974947,0.5946204,0.84886473,0.6214412,0.49875662,0.6002108,0.7995434,0.70865226,0.71401715,0.707544,0.7992184,0.7987238,0.72385,0.80144644,0.794536,0.893344,0.73726285,0.89615804
carolgoside2 - 45.png,go_side,0.7323113,0.68280196,0.74587786,0.6754759,0.7193781,0.67575467,0.7633653,0.68213516,0.70079064,0.68431586,0.8071006,0.7229597,0.6670099,0.72657216,0.90881616,0.7397139,0.57992005,0.73229676,0.8314085,0.7574587,0.48674926,0.73301864,0.7778224,0.85007,0.6931915,0.8494768,0.7833299,0.9390833,0.7052984,0.9400307,0.7714193,0.98653877,0.7145135,0.9825264
carolgoside2 - 46.png,go_side,0.69756854,0.6800646,0.71192646,0.6727722,0.68494904,0.67272687,0.731717,0.6783832,0.6662686,0.67937446,0.7725473,0.7188887,0.6316433,0.7204687,0.8705891,0.73598444,0.5409015,0.7236657,0.80205125,0.753116,0.44527113,0.72652924,0.7404194,0.84439296,0.6561687,0.8431018,0.74532515,0.9328128,0.6654082,0.9343024,0.73787886,0.98873323,0.6724252,0.9841186
carolgoside2 - 47.png,go_side,0.5952309,0.6713811,0.60937387,0.6642071,0.582963,0.6643568,0.6301,0.6708394,0.56612253,0.6724003,0.67527664,0.7109631,0.52939206,0.7138934,0.7703672,0.72668016,0.44143006,0.71807116,0.695756,0.7448446,0.35481846,0.72014785,0.639217,0.840525,0.5509095,0.8393672,0.64310926,0.93280506,0.5561088,0.9341872,0.6293696,0.98456526,0.5652742,0.97913826
carolgoside2 - 48.png,go_side,0.45280963,0.66679525,0.46807766,0.65965295,0.4406032,0.6595091,0.48973262,0.666792,0.42332825,0.6678289,0.529849,0.7071221,0.3886509,0.7095593,0.6287986,0.7246262,0.29910767,0.7143051,0.55225295,0.7413946,0.20091002,0.7159273,0.48949125,0.8360228,0.40434495,0.834519,0.48589566,0.93188196,0.41129827,0.93320507,0.48033124,0.9866987,0.42243642,0.982627
carolgoside2 - 49.png,go_side,0.3537273,0.67017233,0.36871243,0.6630209,0.34264764,0.66285676,0.39164266,0.66944313,0.3283486,0.67039156,0.43390355,0.7093623,0.29214135,0.7112223,0.53125465,0.7277166,0.19840865,0.7164387,0.4555876,0.74255466,0.10339741,0.7169359,0.387533,0.83896804,0.30250308,0.8367976,0.38492286,0.9325469,0.30858675,0.9324855,0.37657985,0.98732895,0.31684005,0.9817935
carolgoside2 - 50.png,go_side,0.32071713,0.66364765,0.3355624,0.6567092,0.30931935,0.656173,0.35714263,0.66303515,0.29300278,0.6630421,0.39816952,0.7039044,0.25406793,0.70605433,0.49052757,0.7200464,0.15980881,0.70919394,0.41289955,0.73685473,0.06395453,0.71262795,0.35478124,0.8317072,0.2701688,0.83032334,0.34930664,0.92317355,0.2755539,0.9266991,0.33984336,0.9903312,0.28845406,0.9894645
carolgoside2 - 51.png,go_side,0.4574123,0.6623978,0.4725195,0.655776,0.44579196,0.6549393,0.4921781,0.6628535,0.42780396,0.6623553,0.5284696,0.70165795,0.39123982,0.7028805,0.62689614,0.7216165,0.3052722,0.7067314,0.55156666,0.7386961,0.21132647,0.7080128,0.49017954,0.8273871,0.4079645,0.82635826,0.4873327,0.9197951,0.4162514,0.92444676,0.48827597,0.9869164,0.43207273,0.98917335
carolgoside2 - 52.png,go_side,0.6120034,0.65627325,0.6268624,0.64941174,0.60033286,0.6483854,0.6449578,0.6554655,0.58096665,0.6541809,0.68280077,0.69551647,0.5409594,0.6956013,0.7813125,0.71529865,0.45199388,0.6990659,0.70412344,0.7330443,0.36076602,0.7019831,0.6467875,0.82282317,0.5630874,0.8212046,0.6435823,0.9180342,0.5720574,0.9206014,0.6411306,0.98916316,0.586935,0.9887467
carolgoside2 - 53.png,go_side,0.63938415,0.58074063,0.65281314,0.5730655,0.6272799,0.5733615,0.6718779,0.5768153,0.60915077,0.57832885,0.71217936,0.62133044,0.57636803,0.62128437,0.80441123,0.645449,0.4875435,0.6294168,0.76197374,0.660786,0.3950488,0.6339544,0.673108,0.7415336,0.59538525,0.73977125,0.67620385,0.8306513,0.6052999,0.8318657,0.67234284,0.9269337,0.6198753,0.92670274
carolgoside2 - 54.png,go_side,0.61366415,0.5192208,0.62657756,0.5116524,0.599679,0.51264983,0.64710325,0.5179691,0.5829604,0.5205419,0.6809918,0.56627804,0.55587023,0.5665563,0.73643094,0.6217073,0.4972987,0.61070764,0.73009115,0.67011744,0.43163422,0.6528357,0.6618133,0.6800334,0.58625877,0.68061876,0.673358,0.7654052,0.59109795,0.770142,0.67264587,0.8558129,0.618097,0.85863215
carolgoside2 - 55.png,go_side,0.58898526,0.4484648,0.6002395,0.44085762,0.57458586,0.44238228,0.6191722,0.44551614,0.55657053,0.4493415,0.64881414,0.49051878,0.53862995,0.49593517,0.67439926,0.5488383,0.5279328,0.5557917,0.6891484,0.6017718,0.5335169,0.60826355,0.64539355,0.59796363,0.572636,0.6018516,0.66153824,0.6858171,0.59480476,0.6900734,0.6746961,0.76995677,0.61598855,0.77441233
gabigoside - 01.png,go_side,0.53564703,0.35587987,0.5561305,0.34463626,0.51408905,0.3449105,0.5789579,0.35048056,0.47713712,0.35203865,0.6282233,0.4138575,0.41873845,0.415455,0.7499632,0.4377576,0.25517192,0.42585033,0.6126947,0.42555496,0.10314151,0.4304237,0.58275706,0.6015123,0.45861945,0.59821916,0.585235,0.73561263,0.45772442,0.73738796,0.6091447,0.8567461,0.46391866,0.8576846
gabigoside - 02.png,go_side,0.53420657,0.35198957,0.55484784,0.3406215,0.51231176,0.3413047,0.5798289,0.34703097,0.47702715,0.34963703,0.6311519,0.41160062,0.4210751,0.41371852,0.7527513,0.43621096,0.25704417,0.4243711,0.6165423,0.4228266,0.10468453,0.42902854,0.58370745,0.5999612,0.45901132,0.5967349,0.58546895,0.73467284,0.45769083,0.7370971,0.61063933,0.85687983,0.46288684,0.8575553
gabigoside - 03.png,go_side,0.5260228,0.3510329,0.54756117,0.3396566,0.5041934,0.34009856,0.5735271,0.34653163,0.46817678,0.34859812,0.62516165,0.41170028,0.4114125,0.41412747,0.7498947,0.43625903,0.24464723,0.42552957,0.6090175,0.4220323,0.09271748,0.4321996,0.57840824,0.6018748,0.4517174,0.59900725,0.57844245,0.73858017,0.45221293,0.74234486,0.6035639,0.8634287,0.45442238,0.8661875
gabigoside - 04.png,go_side,0.5716047,0.33311477,0.59470516,0.32065782,0.54783607,0.3212381,0.6212864,0.32865322,0.50572926,0.33071953,0.67683107,0.3998831,0.44340843,0.40229213,0.81183493,0.42449257,0.2544967,0.41258457,0.6639654,0.4147414,0.08363071,0.42289203,0.62096804,0.6104832,0.48387626,0.607531,0.6167678,0.7582572,0.4837036,0.76138055,0.64442235,0.8953443,0.4869426,0.8986153
gabigoside - 05.png,go_side,0.6354823,0.34761992,0.6581121,0.33464172,0.60912734,0.33492747,0.6817135,0.34245473,0.56251234,0.34443793,0.7353585,0.41666555,0.49507582,0.41827747,0.8816655,0.4436453,0.29527238,0.4292417,0.7370846,0.43069223,0.10317052,0.43880478,0.67390895,0.63945603,0.5318925,0.6352783,0.6675888,0.7960235,0.52613825,0.8006068,0.69347847,0.9314066,0.52531886,0.93632245
gabigoside - 06.png,go_side,0.57777286,0.3461421,0.6007358,0.3341161,0.55447996,0.3334738,0.6237147,0.34240013,0.5087312,0.3417865,0.67414004,0.41223642,0.43989784,0.412521,0.80878884,0.43528438,0.24808207,0.41885144,0.66438925,0.42453933,0.075193994,0.4287948,0.6151667,0.62245727,0.47780433,0.6191568,0.5994229,0.7692981,0.4699284,0.7750569,0.62346256,0.90327895,0.4739952,0.9119984
gabigoside - 07.png,go_side,0.51162404,0.35426286,0.5320908,0.34353134,0.49047002,0.34217554,0.5500757,0.3497733,0.44838127,0.34851545,0.59269863,0.40939707,0.38602346,0.4100009,0.7103822,0.43825844,0.21656947,0.41993994,0.58740664,0.42671123,0.0571935,0.42435333,0.5472292,0.60066617,0.42210603,0.59760493,0.52441734,0.7277701,0.40469223,0.7364597,0.54222214,0.85307753,0.4083841,0.8651752
gabigoside - 08.png,go_side,0.51989293,0.34614727,0.53936565,0.3367497,0.502295,0.33526722,0.55441415,0.34385446,0.46336213,0.34049633,0.5859219,0.4006351,0.40452665,0.39840278,0.6983126,0.42395157,0.25604802,0.40710312,0.587752,0.4126798,0.10801614,0.40836045,0.5371468,0.5718501,0.43166062,0.5673906,0.51998615,0.6921625,0.41866025,0.69303,0.53433925,0.8020338,0.4156967,0.80757797
gabigoside - 09.png,go_side,0.5920902,0.35225552,0.6102086,0.34412894,0.5760913,0.34243768,0.62467986,0.35204062,0.54029214,0.34838778,0.6544934,0.40208772,0.48690274,0.39980197,0.75634265,0.4247927,0.35113052,0.4109487,0.65966177,0.41342518,0.21551114,0.41349223,0.6076147,0.56015605,0.50949985,0.555785,0.5946526,0.67415863,0.4965507,0.67383575,0.6032785,0.77514666,0.48799303,0.78011376
gabigoside - 10.png,go_side,0.57633156,0.32484826,0.5914969,0.31583893,0.5587354,0.31539765,0.6031979,0.32050395,0.5251222,0.32032448,0.6339703,0.37020886,0.47764695,0.36904764,0.7357101,0.39107236,0.348758,0.37632182,0.6360656,0.38023257,0.22601832,0.3787872,0.5930971,0.5202463,0.5008314,0.51650155,0.57944006,0.6261213,0.4872693,0.6285851,0.5928929,0.7183683,0.4804364,0.7236723
gabigoside - 11.png,go_side,0.5425874,0.26482454,0.5568061,0.25609052,0.5266135,0.25688326,0.57061243,0.26234594,0.4955781,0.2638334,0.6066762,0.31183377,0.45113593,0.310692,0.6970996,0.33496085,0.32878327,0.3177475,0.61070716,0.31846496,0.2004344,0.316816,0.56429493,0.45539612,0.47340536,0.45221835,0.55427504,0.5574572,0.46150166,0.56005406,0.5591652,0.6497426,0.46112886,0.6527639
gabigoside - 12.png,go_side,0.5581066,0.25561267,0.5723047,0.24700752,0.5406738,0.24689631,0.58448404,0.253462,0.50992286,0.25385663,0.614754,0.30490372,0.46644354,0.3030392,0.7130888,0.32312867,0.3441439,0.3084303,0.627425,0.3097233,0.22765426,0.31103694,0.57653856,0.4467744,0.4902443,0.44317734,0.5663732,0.54600996,0.479376,0.5480778,0.5838119,0.6357432,0.47790685,0.6408623
gabigoside - 13.png,go_side,0.5830154,0.41644794,0.5953917,0.40783027,0.5659745,0.40870026,0.6060446,0.4116693,0.5354323,0.41490203,0.6407947,0.45747665,0.49829248,0.45894682,0.73206973,0.4766247,0.38394877,0.46587846,0.6508865,0.46537295,0.2600139,0.46966058,0.60846955,0.59779066,0.52307284,0.59588593,0.60642713,0.6956576,0.5174661,0.70026755,0.6136307,0.7892469,0.51509947,0.79711074
gabigoside - 14.png,go_side,0.5753384,0.4464517,0.58953655,0.43834013,0.5592412,0.43809575,0.601842,0.4430525,0.5290847,0.44356033,0.6320163,0.48827288,0.4882756,0.4877804,0.7232963,0.510024,0.3667165,0.49704573,0.6437496,0.4965947,0.24744675,0.49932158,0.5994892,0.6304183,0.5138926,0.6277924,0.59693605,0.73117113,0.50991344,0.7341354,0.61554927,0.8304991,0.5096648,0.83767855
gabigoside - 15.png,go_side,0.5745272,0.35163474,0.5887988,0.3425337,0.5565008,0.34351355,0.6028619,0.34824705,0.52470416,0.3515226,0.6404074,0.3975547,0.4836515,0.3972995,0.73489666,0.4207787,0.35829887,0.4042494,0.6447679,0.40584934,0.23629972,0.40474293,0.60361004,0.5467723,0.509512,0.54343575,0.6013686,0.6548823,0.5077375,0.6555119,0.6150819,0.7631226,0.51163226,0.7609649
gabigoside - 16.png,go_side,0.61704665,0.2681209,0.63135463,0.2593984,0.59934294,0.26049954,0.6484665,0.26856062,0.56792015,0.27149755,0.6931295,0.32000777,0.5234584,0.3202211,0.78746843,0.3382091,0.39372632,0.3233783,0.6839668,0.32588753,0.26549685,0.32496563,0.65125054,0.46907687,0.5498625,0.46625876,0.64892906,0.5832471,0.5455491,0.58401287,0.663664,0.69451606,0.55055,0.69247377
gabigoside - 17.png,go_side,0.58287287,0.225241,0.5986341,0.2168027,0.5647546,0.21753074,0.6166079,0.22603899,0.5356609,0.22918403,0.6553513,0.2776429,0.4948793,0.27887893,0.74770576,0.29609504,0.3621197,0.28335363,0.6481395,0.2824902,0.23404504,0.28270555,0.6181784,0.43093675,0.5209804,0.4282514,0.6177004,0.54122525,0.52062786,0.54297316,0.64129615,0.6544482,0.5262793,0.6552905
gabigoside - 18.png,go_side,0.5756669,0.23815848,0.591269,0.22935782,0.5582583,0.22985895,0.60830057,0.23638159,0.5290366,0.23882219,0.6490087,0.28817618,0.48847553,0.28840595,0.7432995,0.309723,0.3560778,0.29515275,0.6458841,0.2960529,0.22666964,0.29691824,0.61529964,0.4427547,0.5187309,0.4393672,0.61082166,0.55440384,0.5161422,0.5538142,0.62921023,0.6665618,0.5206292,0.66595554
gabigoside - 19.png,go_side,0.5952997,0.31119692,0.61024535,0.3026229,0.5770187,0.30284184,0.6252733,0.3089658,0.5462788,0.31110474,0.6617177,0.35798267,0.5028747,0.35866922,0.75804967,0.376984,0.36921895,0.36377102,0.66447026,0.36690682,0.24397086,0.36738846,0.6262235,0.5106132,0.5302253,0.50830096,0.6217711,0.6215634,0.5257135,0.62600505,0.64647216,0.7300792,0.52908134,0.7364646
gabigoside - 20.png,go_side,0.59177697,0.3223836,0.60587204,0.31344453,0.5729613,0.3141839,0.6192758,0.31921193,0.5404651,0.32244745,0.6559569,0.36800575,0.4976576,0.36953974,0.75156844,0.3884132,0.36670312,0.37701318,0.6559468,0.3771531,0.24379724,0.37864307,0.61849046,0.52098805,0.5230735,0.5185399,0.612573,0.63222253,0.5180727,0.6354536,0.63089395,0.74129623,0.51773185,0.7443153
gabigoside - 21.png,go_side,0.52195704,0.39077088,0.5366483,0.38166746,0.5062305,0.38251668,0.5524805,0.386681,0.47625783,0.38841376,0.5907899,0.43393022,0.4310015,0.43442938,0.6807321,0.45612082,0.30185962,0.44208595,0.5841673,0.44455302,0.16754377,0.4451701,0.5485783,0.5793817,0.4533798,0.5773397,0.5388718,0.68745327,0.44596493,0.692922,0.5499768,0.7883939,0.43989995,0.7947261
gabigoside - 22.png,go_side,0.48575807,0.44202816,0.49889368,0.4329984,0.46823567,0.43415138,0.5110311,0.43542764,0.435239,0.43907923,0.54416275,0.47901016,0.39440256,0.48124975,0.6301007,0.50158584,0.27698132,0.49038616,0.5450555,0.49263564,0.14918989,0.49567905,0.50489694,0.6213505,0.41466215,0.61965317,0.50032735,0.71639663,0.40874657,0.72323453,0.4964321,0.8086655,0.40316173,0.81558025
gabigoside - 23.png,go_side,0.48139083,0.4658213,0.49458742,0.45732602,0.4652865,0.45752585,0.50465167,0.45974514,0.4341758,0.46088406,0.5316616,0.501312,0.3915614,0.5021783,0.6201004,0.5226338,0.27883142,0.5116808,0.5316153,0.5155492,0.16519581,0.51341164,0.4947452,0.63415325,0.41182446,0.6321272,0.48621035,0.72775126,0.3966234,0.7343538,0.4949032,0.8155131,0.39260557,0.8252253
gabigoside - 24.png,go_side,0.5123919,0.4656645,0.5267439,0.4582186,0.49785137,0.45750868,0.5390075,0.46233383,0.46805146,0.46108547,0.5638042,0.50119334,0.42766815,0.501366,0.6504963,0.5186703,0.32144997,0.50913143,0.5609574,0.5131371,0.2116394,0.5110126,0.5264783,0.6300654,0.44745487,0.62752557,0.513333,0.71991104,0.43381613,0.72430754,0.5206549,0.803157,0.42526063,0.8118447
gabigoside - 25.png,go_side,0.53170514,0.423037,0.54575276,0.41549793,0.5171403,0.41477653,0.5593021,0.41903684,0.4899059,0.41797698,0.587271,0.46001467,0.44901893,0.45814517,0.6689355,0.47641155,0.34055215,0.46203297,0.5881159,0.46521008,0.23909956,0.46368763,0.5493731,0.58634907,0.46867716,0.5829453,0.5352786,0.6735682,0.44959772,0.677019,0.5397668,0.7521152,0.4495552,0.7597783
gabigoside - 26.png,go_side,0.52907646,0.37529293,0.5429226,0.36805907,0.51483595,0.3676586,0.55829036,0.37245306,0.49025494,0.37222552,0.58732295,0.41225943,0.45469263,0.41003025,0.66608834,0.43169418,0.35333157,0.41253656,0.5841078,0.42163414,0.25391477,0.41190177,0.5502345,0.5321084,0.47217232,0.5284753,0.53842115,0.6161386,0.4542319,0.61895615,0.54292667,0.6959769,0.45256162,0.6988199
gabigoside - 27.png,go_side,0.5364475,0.29104564,0.5510777,0.28366992,0.5236601,0.2830766,0.5694836,0.2868484,0.5022221,0.28711802,0.6035653,0.32687196,0.46920615,0.32530037,0.6718883,0.3462049,0.36381558,0.32878032,0.59478605,0.3401246,0.25428405,0.32845977,0.564851,0.45351914,0.48035604,0.45014307,0.5499578,0.53688455,0.45916587,0.53806967,0.54471236,0.619286,0.4595275,0.6243059
gabigoside - 28.png,go_side,0.5593819,0.16386862,0.57500225,0.15590745,0.5443119,0.15497485,0.59266126,0.16126321,0.52067417,0.16013081,0.6262791,0.21111837,0.4808279,0.20859252,0.7162271,0.23004481,0.37028006,0.21040055,0.6319904,0.2203264,0.25897962,0.20807207,0.5797779,0.34642655,0.49491706,0.34230432,0.5679696,0.43636528,0.47859654,0.4389974,0.56530905,0.5169212,0.47380963,0.5233237
gabigoside - 29.png,go_side,0.5818786,0.11169649,0.5976396,0.10291202,0.5675874,0.10333542,0.61732286,0.10768717,0.5435281,0.108914696,0.65630704,0.15846907,0.5044286,0.1569184,0.73876035,0.18337673,0.38627097,0.16186212,0.65160793,0.1692517,0.26435292,0.15882023,0.6054916,0.29860678,0.51757234,0.2940556,0.5879747,0.396469,0.4996492,0.3976258,0.5774225,0.48307225,0.4916247,0.48315623
gabigoside - 30.png,go_side,0.6180561,0.24927269,0.6330608,0.24178062,0.60516673,0.2412532,0.6509305,0.24643046,0.58125156,0.24597001,0.68665105,0.29106802,0.5415735,0.28958353,0.7630361,0.31125998,0.43257225,0.29344752,0.6866454,0.30179027,0.32305,0.2919848,0.6443004,0.42209333,0.55839866,0.41834405,0.6282403,0.51030475,0.5408212,0.51200974,0.62183994,0.598309,0.5394579,0.60036486
gabigoside - 31.png,go_side,0.65273476,0.3546773,0.6681193,0.3469922,0.63797355,0.3463358,0.6849623,0.3522633,0.61308545,0.35181352,0.7176968,0.39619255,0.57346594,0.3945752,0.8097753,0.4165128,0.45796093,0.3972127,0.7210817,0.4062897,0.3476575,0.39528823,0.67538464,0.5273206,0.5901053,0.5237651,0.66068995,0.62093633,0.57345355,0.6250675,0.66594464,0.7069624,0.56540626,0.71368957
gabigoside - 32.png,go_side,0.67430544,0.360624,0.6915217,0.35184282,0.6577321,0.3523097,0.7130478,0.35762835,0.6307965,0.35989192,0.75289655,0.4053943,0.591235,0.40470383,0.8415665,0.43099678,0.46543416,0.40905058,0.74856454,0.42004326,0.3387006,0.40454313,0.70196044,0.5561415,0.6029192,0.55179965,0.6889721,0.65760183,0.58748305,0.6593251,0.6857094,0.7615173,0.5823772,0.7599386
gabigoside - 33.png,go_side,0.6320559,0.35056406,0.65086555,0.34172106,0.6153223,0.34119213,0.6749463,0.34950617,0.5894255,0.34923983,0.71889377,0.4041998,0.5423286,0.40088388,0.8275776,0.42760605,0.3986,0.39840746,0.72038925,0.41898125,0.26025122,0.3983266,0.66587013,0.56426865,0.5615308,0.5588268,0.64872354,0.67716575,0.5430109,0.67888737,0.664172,0.78784627,0.542749,0.790437
gabigoside - 34.png,go_side,0.5825112,0.3554532,0.6036465,0.3457364,0.5660056,0.34536982,0.6336883,0.35258093,0.54106563,0.35324207,0.68744266,0.4089311,0.49057695,0.4072803,0.7964534,0.43586746,0.3297297,0.40889704,0.67891794,0.42481425,0.18584073,0.40897763,0.6298681,0.5856005,0.5106489,0.57987547,0.6155407,0.70544803,0.49631086,0.7050989,0.62613815,0.8250971,0.4984134,0.823053
gabigoside - 35.png,go_side,0.5542444,0.35213575,0.5780733,0.34178877,0.53944105,0.3417583,0.61492515,0.3494065,0.5177749,0.3498035,0.6752834,0.41017312,0.467145,0.40894046,0.7880342,0.43738168,0.30341396,0.41027662,0.657286,0.42402405,0.14905056,0.41024795,0.6124631,0.59455556,0.4887944,0.5891748,0.608728,0.7230481,0.4845321,0.7217333,0.6166636,0.84904736,0.481322,0.8435153
gabigoside - 36.png,go_side,0.56321317,0.34080803,0.586942,0.3301449,0.5471122,0.3302455,0.62705266,0.33654654,0.5264406,0.3378614,0.68650764,0.39761323,0.48164275,0.39514267,0.7952228,0.42811668,0.32450145,0.39666724,0.6663962,0.41869324,0.1838865,0.39819142,0.62514466,0.5851549,0.50078905,0.57890517,0.62457204,0.7122025,0.5003816,0.7102669,0.63948476,0.843989,0.5011781,0.8376225
gabigoside - 37.png,go_side,0.5271759,0.3406688,0.5494794,0.32982612,0.5117925,0.33123177,0.5889852,0.3360149,0.4924471,0.34001023,0.64811087,0.39270207,0.45239592,0.39408746,0.7440987,0.42367446,0.31694987,0.3987357,0.62214714,0.41267365,0.18813014,0.39621174,0.5963082,0.5713706,0.4747761,0.5679928,0.60659885,0.6891653,0.47261614,0.69371915,0.61599004,0.8111068,0.47685093,0.80661243
gabigoside - 38.png,go_side,0.52507675,0.33741605,0.5459522,0.32808456,0.510194,0.32781675,0.5831217,0.33295563,0.49293676,0.3337499,0.6356369,0.388566,0.45427495,0.38778886,0.7287389,0.41333342,0.32652572,0.3890954,0.59719485,0.40444347,0.21714632,0.3869067,0.58651686,0.55196625,0.4774479,0.54767394,0.5946947,0.6660982,0.4821761,0.66605824,0.6106125,0.77638566,0.48404872,0.7709819
gabigoside - 39.png,go_side,0.5327147,0.34013656,0.5517318,0.33074847,0.5200378,0.33156148,0.58742887,0.33453244,0.50618106,0.33731663,0.6359084,0.38454756,0.47554445,0.38430032,0.7138966,0.41257548,0.36039165,0.39165744,0.602071,0.39976478,0.2546212,0.3883593,0.5892946,0.5351035,0.4917772,0.5309804,0.6065056,0.6453094,0.5026917,0.64222044,0.62127066,0.7576084,0.5048328,0.7449785
gabigoside - 41.png,go_side,0.5635747,0.33492568,0.58045983,0.32682985,0.5516688,0.3270499,0.6103725,0.3304144,0.53796285,0.33223948,0.6524918,0.37554014,0.51081556,0.37582967,0.7237834,0.39811122,0.41091332,0.3816998,0.6238265,0.39123037,0.3147488,0.3806865,0.61522126,0.51220226,0.5279183,0.5091858,0.62769353,0.61172086,0.5329813,0.6103242,0.6379999,0.7104674,0.53278106,0.70277953
gabigoside - 42.png,go_side,0.6286551,0.31466672,0.64649194,0.30694267,0.6179954,0.3066621,0.6777886,0.31130114,0.6041193,0.3115972,0.7159874,0.35556138,0.5766651,0.35516253,0.7831032,0.37497106,0.48548594,0.35954565,0.68708575,0.36738357,0.39035043,0.35901096,0.6745265,0.48553526,0.58873165,0.4819843,0.6842113,0.58245146,0.58605474,0.58032024,0.6974743,0.679969,0.59540266,0.67089945
gabigoside - 43.png,go_side,0.67924273,0.31034172,0.6958859,0.30288157,0.6665106,0.30254716,0.7234724,0.30787578,0.6509491,0.3083612,0.76250464,0.35165685,0.6178622,0.35244372,0.8316594,0.3685762,0.5206667,0.35550144,0.7311464,0.36111325,0.4309525,0.35623655,0.722686,0.48495287,0.6351195,0.48213834,0.7258482,0.5788309,0.6295988,0.58007765,0.7371304,0.6701269,0.635008,0.66433775
gabigoside - 44.png,go_side,0.6570827,0.31383982,0.67354417,0.30637184,0.6451333,0.30641022,0.70069015,0.31128067,0.6297063,0.31227893,0.7401783,0.3542159,0.6005672,0.35453486,0.8137414,0.3752314,0.5038997,0.3584006,0.712673,0.36773106,0.41168144,0.3588744,0.7016729,0.48508075,0.6176189,0.48193845,0.7040705,0.5797769,0.61570114,0.5798771,0.7154049,0.6749567,0.6116771,0.66616154
gabigoside - 45.png,go_side,0.6096764,0.3176576,0.62684256,0.30981424,0.5981998,0.30983955,0.6567276,0.31396937,0.58320767,0.31487134,0.6965161,0.35847634,0.5550581,0.35798845,0.7603056,0.37855148,0.46472278,0.36225048,0.6654532,0.37121895,0.36796612,0.3610271,0.65443724,0.48675796,0.56741506,0.48296615,0.6651923,0.5827153,0.5613042,0.58043504,0.6689682,0.6782729,0.565553,0.6683862
gabigoside - 46.png,go_side,0.6174469,0.3681016,0.63373864,0.3604734,0.6066882,0.36030826,0.6622934,0.36346367,0.59265393,0.3640765,0.70215994,0.40622658,0.5633805,0.4053535,0.7667872,0.42760918,0.4694788,0.409779,0.6717493,0.42132932,0.37731466,0.40943733,0.6622423,0.530826,0.5775932,0.5271556,0.6716061,0.6261434,0.57284003,0.6242898,0.67628694,0.7213764,0.57630485,0.71234757
gabigoside - 47.png,go_side,0.6263159,0.40874857,0.64248174,0.40122715,0.6155373,0.40111983,0.6701413,0.40343183,0.6001814,0.4038107,0.7078347,0.44356474,0.57250035,0.44105333,0.7706719,0.46592256,0.48073435,0.44694045,0.6821793,0.4596186,0.39102292,0.4462583,0.6710275,0.56768775,0.5871212,0.56376386,0.68114793,0.66048765,0.5890219,0.6571432,0.68670654,0.7548873,0.5870172,0.74508494
gabigoside - 48.png,go_side,0.63076615,0.44983208,0.6466615,0.4427519,0.62083703,0.4423897,0.67440104,0.44555527,0.6073052,0.44547132,0.71207446,0.4861629,0.5795861,0.48322266,0.77024084,0.509079,0.4906007,0.4873744,0.6797453,0.5007609,0.40176436,0.48328713,0.67697763,0.60588795,0.59528524,0.6020442,0.6868778,0.6966689,0.5967106,0.6942035,0.6904427,0.7873279,0.6029478,0.779648
gabigoside - 49.png,go_side,0.6426387,0.44400886,0.6583512,0.43683562,0.6325882,0.43619376,0.6848528,0.4388346,0.6187381,0.43815634,0.7219111,0.4792705,0.5910657,0.4746719,0.7830771,0.50408304,0.5012978,0.47898233,0.6945793,0.49600613,0.4122684,0.4757458,0.68654615,0.5977672,0.60605067,0.59318537,0.6946893,0.6859024,0.6068319,0.6819659,0.69920415,0.77547884,0.6121887,0.7678245
gabigoside - 50.png,go_side,0.6618486,0.39266053,0.67597145,0.3853482,0.6511395,0.3853746,0.70002997,0.38669002,0.6376053,0.38773882,0.7393902,0.4279891,0.60985273,0.42322075,0.8012453,0.45312876,0.5209136,0.42674232,0.7121098,0.44304278,0.42915553,0.42448732,0.6987598,0.54831153,0.6186387,0.54341614,0.70942515,0.63525796,0.6201019,0.63128674,0.7078618,0.7215579,0.62510806,0.7134211
gabigoside - 51.png,go_side,0.6777648,0.33359492,0.69371134,0.3261815,0.6655784,0.32534432,0.7199957,0.32836998,0.65053356,0.32752013,0.75678855,0.3697002,0.61769974,0.3665581,0.82190853,0.39314252,0.52212995,0.3688865,0.7282316,0.38469413,0.43766698,0.36792737,0.71642065,0.49325716,0.6332958,0.4891104,0.7196538,0.58066493,0.628858,0.580256,0.7263281,0.66515106,0.6324236,0.65918416
gabigoside - 52.png,go_side,0.6861781,0.2786506,0.7025389,0.27093723,0.6730138,0.27066654,0.7284972,0.2735045,0.65467674,0.27417073,0.7656192,0.31592152,0.6246347,0.31193656,0.82862264,0.34076247,0.52963537,0.31557146,0.7330226,0.33037078,0.4353184,0.3117258,0.7224384,0.44084045,0.63398314,0.43630043,0.7278457,0.5285436,0.6302591,0.52673924,0.72536194,0.61737967,0.63484544,0.612035
gabigoside - 53.png,go_side,0.6541976,0.30841893,0.6702163,0.3008839,0.6426206,0.30019298,0.6946904,0.30373818,0.62714666,0.3027198,0.7303661,0.34544325,0.59601593,0.3414221,0.8000549,0.3712978,0.5018987,0.34426054,0.70299935,0.36125174,0.41302958,0.3406686,0.6885944,0.4708261,0.6081118,0.46593782,0.6891548,0.5617927,0.60410446,0.5592095,0.6962389,0.6447177,0.5990259,0.6354977
gabigoside - 57.png,go_side,0.6018706,0.39489716,0.6246698,0.38645774,0.5875974,0.38520244,0.65603775,0.3947047,0.56387615,0.39245674,0.69381815,0.44761404,0.5206337,0.44005728,0.77397925,0.4778694,0.38760042,0.441803,0.66208845,0.46569198,0.26115292,0.43510288,0.62751925,0.607412,0.5196237,0.599175,0.6222465,0.7187625,0.51181537,0.712061,0.61524624,0.83697844,0.49753785,0.82590896
gabigoside - 58.png,go_side,0.54788315,0.38916576,0.57027555,0.37904152,0.53030336,0.37873796,0.5975875,0.38716158,0.4992653,0.38594073,0.6419611,0.44796878,0.44585514,0.43856826,0.7380973,0.48283935,0.28890362,0.43710756,0.6146079,0.46715587,0.14898744,0.42813438,0.5654196,0.6248786,0.4475341,0.6158556,0.55668646,0.75326,0.4400178,0.74529654,0.55233777,0.87765485,0.4189459,0.86388195
gabigoside - 59.png,go_side,0.6586757,0.38503128,0.68374056,0.37449622,0.64012575,0.37385118,0.7131683,0.38505626,0.6063692,0.38305914,0.7619985,0.4503258,0.544822,0.4403737,0.8750276,0.48686722,0.37717402,0.43902647,0.73545,0.46786335,0.22406942,0.43169472,0.67627573,0.64773434,0.5449929,0.6379125,0.6655422,0.78624195,0.53317374,0.77988964,0.6648443,0.9231768,0.51940435,0.9114524
gabigoside - 60.png,go_side,0.61006284,0.39253798,0.63581246,0.38174027,0.5897943,0.38046739,0.66668403,0.39125225,0.55429304,0.3884722,0.7159941,0.4627078,0.4888959,0.4527623,0.8416739,0.49684545,0.30288878,0.4484199,0.69923186,0.47814095,0.13765839,0.44491795,0.63145804,0.66552305,0.49539942,0.65534323,0.615594,0.81079704,0.47726616,0.80535686,0.61931574,0.94935095,0.4565221,0.9397814
gabigoside - 61.png,go_side,0.6420561,0.38768575,0.6646507,0.37695614,0.6206905,0.376043,0.68756026,0.38620383,0.5817144,0.38552412,0.73987544,0.45141402,0.51660013,0.44388562,0.8608146,0.48648766,0.33349904,0.44037822,0.7268787,0.46729824,0.17062473,0.43824726,0.6709203,0.6525826,0.5329126,0.64418215,0.63559514,0.78732306,0.4994257,0.7896762,0.64310545,0.92622674,0.49980164,0.9300023
gabigoside - 62.png,go_side,0.71650195,0.39985615,0.738943,0.38928747,0.69610816,0.38821518,0.7597439,0.39926484,0.65448767,0.3971936,0.80595297,0.46329987,0.58850896,0.45645908,0.9344111,0.49617857,0.41525283,0.45778495,0.80072224,0.4763189,0.25433275,0.45534435,0.7315162,0.66030866,0.6013954,0.6520401,0.705349,0.7952831,0.57629555,0.79493666,0.7096699,0.9268113,0.5688282,0.9252875
gabigoside - 63.png,go_side,0.67669046,0.3967496,0.69932944,0.3864889,0.65636206,0.38498378,0.72187465,0.3959951,0.6172504,0.39375073,0.77099454,0.4585539,0.55382025,0.453136,0.89790666,0.4901515,0.37893456,0.4537427,0.768272,0.47572476,0.2163105,0.4518881,0.7033429,0.65285814,0.5716399,0.64519185,0.6730775,0.78604484,0.54076385,0.78738695,0.678057,0.9186316,0.5328757,0.922534
gabigoside - 64.png,go_side,0.5941093,0.38806567,0.6178137,0.37722695,0.57460845,0.37676457,0.64512676,0.3865908,0.5391702,0.38569915,0.6965379,0.45093578,0.47678223,0.44529507,0.8209384,0.48527738,0.30076262,0.44819388,0.68612486,0.46790746,0.13557905,0.44698137,0.62378347,0.6495596,0.4920143,0.6422506,0.6098942,0.7857595,0.4749971,0.78557706,0.62279683,0.9206316,0.47087988,0.91946775
gabigoside - 65.png,go_side,0.5799494,0.38098496,0.60321236,0.3705392,0.5615152,0.36985907,0.630323,0.38025048,0.52835196,0.3788996,0.68137014,0.44384378,0.4691074,0.43906742,0.8008128,0.47394162,0.29908872,0.4390833,0.670718,0.4610077,0.13651492,0.43654674,0.61306244,0.63695276,0.4866987,0.63023937,0.6031791,0.77268976,0.47375342,0.7719469,0.608785,0.90430367,0.46495336,0.9038035
gabigoside - 66.png,go_side,0.5992591,0.37152103,0.62156516,0.36126015,0.58032453,0.3609408,0.6477422,0.36989048,0.5473208,0.3693759,0.69624835,0.43383658,0.48789513,0.42980552,0.81662667,0.46203202,0.32054996,0.4301762,0.68413,0.45169997,0.16691908,0.42864528,0.62717545,0.6207227,0.5037103,0.61397994,0.61221194,0.7518499,0.4863953,0.75092643,0.6179346,0.8749518,0.47715092,0.87203044
gabigoside - 67.png,go_side,0.62041295,0.35447043,0.63918424,0.34410655,0.60099506,0.3444711,0.6607841,0.35204783,0.56596386,0.35328725,0.70957786,0.41304085,0.5125228,0.41242015,0.8239395,0.43737033,0.35239062,0.41532856,0.7008225,0.4252193,0.19729787,0.41261852,0.65275884,0.59071606,0.5361964,0.58667684,0.6411979,0.7162738,0.52580184,0.7181046,0.6505814,0.8296635,0.51726025,0.8314174
gabigoside2 - 02.png,go_side,0.43502274,0.16063973,0.451926,0.14911772,0.41383684,0.1497598,0.4806887,0.15465502,0.3883968,0.15634105,0.53833336,0.21830267,0.34432322,0.22335345,0.6816449,0.22922723,0.27101424,0.25656107,0.8366046,0.2298956,0.39434916,0.23106247,0.5108156,0.38197124,0.39511657,0.38764066,0.52581084,0.5064052,0.41852003,0.50598097,0.5344152,0.61253875,0.41862392,0.61220276
gabigoside2 - 03.png,go_side,0.43471086,0.32201934,0.450984,0.31159753,0.4153479,0.31196243,0.47882465,0.31661257,0.39195102,0.3177342,0.5345324,0.3713253,0.34741482,0.37581813,0.66688794,0.38317084,0.27236232,0.40804306,0.8052757,0.38492918,0.39114186,0.3857172,0.50773317,0.5279046,0.3947926,0.5330129,0.52002275,0.65025836,0.4110212,0.6499972,0.5287391,0.75809443,0.40962446,0.7584797
gabigoside2 - 04.png,go_side,0.48765156,0.34252182,0.50398934,0.3321607,0.46742535,0.33253562,0.5310228,0.33709183,0.44243747,0.33815247,0.5825842,0.39084136,0.3975218,0.3938481,0.7173803,0.3989958,0.32271966,0.420826,0.8539052,0.3981697,0.44576856,0.40530786,0.5583751,0.5482103,0.4456917,0.5527865,0.56631416,0.66965944,0.45889643,0.6717043,0.5873585,0.7792725,0.4521045,0.7816999
gabigoside2 - 05.png,go_side,0.42827266,0.32857597,0.44449624,0.31862465,0.40959853,0.31886452,0.47318444,0.3239427,0.38789746,0.32487613,0.5272532,0.37690717,0.3475075,0.38075194,0.65674514,0.38514966,0.27331463,0.4083419,0.7912321,0.38292816,0.38128075,0.38837767,0.5037435,0.5293604,0.39506108,0.5341679,0.5203278,0.647575,0.41363326,0.64740515,0.5340398,0.7548637,0.41333178,0.75495225
gabigoside2 - 06.png,go_side,0.32942292,0.33873266,0.3441285,0.3289055,0.31076476,0.32946166,0.3706186,0.3329756,0.28906852,0.3349543,0.42023268,0.3817683,0.24937764,0.38648888,0.5360177,0.38828555,0.17804238,0.41194677,0.6582456,0.38522747,0.28323513,0.39475235,0.41008326,0.5264239,0.30550626,0.5319365,0.42429918,0.6354879,0.32785413,0.6380755,0.44705635,0.7405478,0.331588,0.7424562
gabigoside2 - 07.png,go_side,0.33283234,0.35736662,0.34718397,0.34795743,0.3152698,0.34828293,0.37297982,0.351097,0.2960094,0.35250658,0.4193585,0.39738733,0.25823805,0.40212056,0.5351361,0.40500385,0.18886897,0.4278154,0.6506864,0.40320495,0.29403675,0.41081145,0.41006944,0.5350989,0.31278735,0.54047674,0.4248139,0.6411463,0.33871758,0.64342046,0.4479693,0.73778063,0.33602592,0.74073
gabigoside2 - 08.png,go_side,0.35658953,0.36746243,0.3703286,0.35803515,0.33963192,0.35895592,0.39435974,0.3615241,0.32005593,0.363737,0.43972564,0.40820143,0.2835828,0.41299447,0.55467767,0.4113789,0.21050861,0.4344594,0.67002136,0.4106689,0.3117232,0.41951114,0.42688936,0.5421927,0.33353123,0.547871,0.448256,0.6480656,0.35362148,0.65081674,0.47330847,0.7449749,0.3535805,0.74920076
gabigoside2 - 09.png,go_side,0.33551154,0.37417862,0.34956178,0.36441308,0.31695366,0.3650874,0.37482357,0.36729756,0.2955979,0.3694295,0.4221089,0.41499037,0.25547516,0.41854632,0.53497934,0.42293543,0.18184942,0.44398072,0.65566957,0.41896105,0.2854671,0.43093383,0.4094164,0.5578943,0.30759063,0.56275356,0.4241178,0.66775995,0.32934153,0.6701401,0.44750237,0.77134794,0.32937443,0.7725479
gabigoside2 - 10.png,go_side,0.3170604,0.38597724,0.3331532,0.3752429,0.29684404,0.37600923,0.3611784,0.3791135,0.27292898,0.38120222,0.41408482,0.43311834,0.22581524,0.4370023,0.5474163,0.439447,0.13790591,0.46183977,0.67925125,0.43597606,0.26187426,0.44450715,0.39366114,0.5918943,0.27932185,0.59757227,0.40834156,0.7150157,0.30169865,0.71913934,0.4379137,0.83106697,0.29362747,0.83365214
gabigoside2 - 11.png,go_side,0.3231169,0.38097405,0.34078285,0.36881936,0.30053416,0.37035623,0.3696775,0.3739213,0.27214804,0.37708202,0.42949396,0.43753487,0.22281049,0.44129974,0.57994646,0.44297135,0.12395624,0.46470425,0.7296376,0.44401124,0.26421973,0.44979164,0.4056744,0.6165113,0.27931178,0.622719,0.42292464,0.7536845,0.30019474,0.75643176,0.45098555,0.8813144,0.29159617,0.88084626
gabigoside2 - 12.png,go_side,0.31708434,0.38290977,0.3371303,0.37065056,0.29274127,0.3699307,0.36488658,0.37737504,0.25589523,0.37592736,0.42871335,0.44545642,0.19382286,0.4486314,0.5957638,0.44860566,0.097016394,0.47811252,0.7577728,0.45098376,0.25625634,0.45824188,0.39883083,0.6495624,0.25463584,0.65680605,0.4118174,0.79774225,0.27996096,0.80337733,0.42043647,0.9416994,0.26574627,0.95347613
gabigoside2 - 13.png,go_side,0.2856256,0.3799594,0.30913267,0.36631778,0.25888798,0.36547923,0.339778,0.37312022,0.21815155,0.3708979,0.40319788,0.44642633,0.15188493,0.44881994,0.5864398,0.4518834,0.0440684,0.48245135,0.74603254,0.45019904,0.232334,0.45804134,0.380036,0.6694241,0.22508842,0.6764085,0.38245356,0.8368167,0.24820958,0.8393546,0.41966003,0.9739882,0.22911881,0.98081976
gabigoside2 - 14.png,go_side,0.3133022,0.38582617,0.3363732,0.37276566,0.28496683,0.37129965,0.36314538,0.380988,0.23547038,0.3779031,0.42109248,0.45317262,0.17088932,0.45675367,0.59612006,0.45560676,0.08281138,0.49459392,0.7629357,0.4552638,0.26365468,0.47332823,0.3956325,0.68105835,0.23759584,0.6884466,0.41113672,0.8484385,0.26735783,0.8492891,0.4220559,0.9761324,0.23936659,0.9803132
gabigoside2 - 15.png,go_side,0.36565134,0.37778684,0.38915145,0.3667465,0.34024465,0.36471322,0.41822746,0.377493,0.30113503,0.37328812,0.47357306,0.44275,0.24899252,0.44787905,0.63293374,0.44770554,0.19039595,0.48208195,0.7775628,0.44323054,0.35349265,0.4580273,0.4567626,0.657249,0.31520864,0.6642874,0.4500873,0.817723,0.3194271,0.8254761,0.47022882,0.9558167,0.30657563,0.9757256
gabigoside2 - 17.png,go_side,0.37460062,0.3669704,0.39043704,0.3577057,0.35190085,0.35622028,0.40844595,0.3650247,0.31467018,0.36282924,0.45018116,0.41849244,0.2759786,0.4231073,0.56301135,0.42590448,0.24950437,0.44888002,0.6648929,0.4201422,0.36178377,0.4318088,0.44013327,0.5853098,0.33052278,0.591059,0.43932927,0.7054811,0.3226424,0.7166498,0.44065347,0.82003677,0.32527313,0.8430712
gabigoside2 - 19.png,go_side,0.35766023,0.33382615,0.36746204,0.32485646,0.33775252,0.32402012,0.37298098,0.32784477,0.2961959,0.32679287,0.40110728,0.37353104,0.26049826,0.38004947,0.4933437,0.37774205,0.25382107,0.40429908,0.5869512,0.37249765,0.34717092,0.3853793,0.39882743,0.516853,0.31055474,0.5230562,0.40474707,0.6174585,0.29972857,0.62685907,0.39460567,0.71828437,0.29767075,0.7369792
gabigoside2 - 20.png,go_side,0.3593414,0.37464884,0.37063348,0.36682883,0.3415196,0.36555174,0.3784968,0.36981833,0.3043677,0.36794925,0.4045353,0.40975758,0.27263325,0.416158,0.49837658,0.410855,0.25733462,0.4374073,0.5817879,0.4064538,0.34103438,0.42439997,0.3976709,0.54041564,0.3152707,0.54612076,0.40510315,0.63755065,0.30902615,0.64547735,0.40430558,0.72899777,0.3159615,0.7483971
gabigoside2 - 21.png,go_side,0.39964515,0.39028236,0.40853077,0.38183838,0.38118845,0.3817415,0.41508275,0.3829359,0.3458179,0.38336286,0.44116727,0.42118296,0.3137131,0.42794922,0.5296282,0.4234756,0.30504614,0.45181456,0.6156129,0.4171291,0.38244516,0.4386291,0.43694147,0.55219984,0.35633925,0.557994,0.44757462,0.6440429,0.35105368,0.65293163,0.44608787,0.73367167,0.35345536,0.7498588
gabigoside2 - 22.png,go_side,0.40884203,0.32043257,0.4212954,0.31304714,0.39038214,0.31170765,0.43117988,0.31768838,0.35510287,0.31603903,0.4580974,0.35817468,0.3270919,0.3632253,0.54592836,0.36077318,0.30997634,0.38200554,0.6371429,0.35714805,0.38544855,0.37068158,0.45079187,0.49407974,0.36706787,0.49901107,0.4612314,0.5896624,0.3610297,0.5964142,0.46080402,0.6822988,0.37450725,0.7007699
gabigoside2 - 23.png,go_side,0.40008572,0.2313336,0.41212142,0.22365044,0.38118032,0.22185442,0.42044407,0.23025794,0.34328997,0.22736341,0.45237485,0.27771112,0.3141641,0.27709937,0.5513795,0.2864663,0.29734778,0.29064554,0.6478924,0.28745148,0.38098586,0.2815869,0.44531834,0.42099163,0.35615438,0.4237867,0.4546957,0.5268062,0.34870565,0.5313637,0.45644242,0.630726,0.36136237,0.64393854
gabigoside2 - 24.png,go_side,0.4123735,0.19433798,0.42696822,0.18725209,0.39429092,0.18453382,0.4372714,0.19615941,0.35756344,0.19091748,0.46556768,0.24608967,0.3270907,0.2430873,0.55791706,0.25681636,0.3131394,0.25472894,0.65360165,0.25940448,0.3920306,0.24282698,0.45752156,0.39048022,0.36803657,0.3924971,0.46646458,0.49682093,0.3608423,0.50088704,0.46924365,0.6029838,0.3739945,0.6175512
gabigoside2 - 25.png,go_side,0.42459664,0.2912194,0.43790728,0.28410068,0.4064748,0.28167164,0.44618997,0.2915324,0.36751184,0.2869728,0.47324172,0.33829328,0.3374097,0.33797604,0.5697505,0.34396318,0.32314214,0.35278425,0.66441023,0.34362617,0.40924382,0.34331977,0.4670891,0.4753993,0.3806282,0.4782322,0.4736501,0.5824458,0.37113053,0.5859907,0.47679082,0.6865802,0.3782131,0.70144445
gabigoside2 - 26.png,go_side,0.46558997,0.37610158,0.4768383,0.36781076,0.44658533,0.36661506,0.48400408,0.37246433,0.4075588,0.37013236,0.51132315,0.41951925,0.37190375,0.4213563,0.601351,0.42384312,0.36016443,0.43931574,0.6938362,0.42143947,0.4485239,0.42575505,0.5046661,0.56298476,0.4170943,0.56699556,0.5065682,0.66690046,0.40798417,0.6740487,0.5018454,0.7709322,0.4072023,0.7866133
gabigoside2 - 27.png,go_side,0.39012307,0.37346092,0.40366718,0.364739,0.3708595,0.36407542,0.4142347,0.37044993,0.33446032,0.36867443,0.440056,0.41670585,0.29823202,0.41958627,0.54016924,0.42154735,0.27471128,0.44018823,0.6360791,0.41634113,0.36882603,0.42576373,0.43646052,0.56443006,0.3468606,0.56901807,0.43739933,0.67476064,0.33912972,0.6817473,0.4492292,0.7768512,0.3394187,0.7921509
gabigoside2 - 28.png,go_side,0.23997723,0.35244295,0.25497204,0.34387216,0.21974716,0.34245613,0.2711234,0.34966606,0.18388031,0.34755567,0.31023762,0.395989,0.14863336,0.40192288,0.42751294,0.39670822,0.110187106,0.4252538,0.5351753,0.39332283,0.21841532,0.40869796,0.303464,0.5482135,0.20104802,0.5543872,0.31412446,0.6633811,0.2027685,0.66918236,0.3220495,0.7708567,0.2093156,0.786824
gabigoside2 - 29.png,go_side,0.41240945,0.34660807,0.4269538,0.3359161,0.3883216,0.3365249,0.4470525,0.33971792,0.3533058,0.34199074,0.49244565,0.3910083,0.31564948,0.3990281,0.6167119,0.39512748,0.2666866,0.42632005,0.73755187,0.38827217,0.38678712,0.40738815,0.48994043,0.5502716,0.38082045,0.5578378,0.49205774,0.66818726,0.3872105,0.67943233,0.5078428,0.77687526,0.3846532,0.7932904
gabigoside2 - 30.png,go_side,0.5232584,0.29670593,0.5378756,0.28558537,0.50022095,0.2871695,0.56230396,0.29116476,0.47083724,0.29543027,0.619956,0.34644955,0.43119618,0.35523468,0.75926965,0.34693614,0.36232722,0.3829693,0.89926434,0.3432472,0.49020442,0.3609909,0.605321,0.51162314,0.490455,0.5187634,0.61565024,0.6376338,0.5021078,0.6409722,0.63002205,0.7527691,0.5021498,0.7561484
gabigoside2 - 31.png,go_side,0.4546514,0.3465106,0.47032702,0.33579916,0.4320815,0.33752495,0.4991007,0.34239963,0.405264,0.34707376,0.55858386,0.39663094,0.367422,0.40623713,0.6965978,0.39679873,0.28916553,0.43370545,0.84862995,0.39272374,0.40101734,0.41459513,0.5432151,0.56171626,0.4261021,0.57005227,0.5591087,0.68164957,0.4500156,0.6876375,0.5721655,0.80687195,0.45124912,0.81324637
gabigoside2 - 32.png,go_side,0.5309575,0.35705587,0.54698974,0.3460852,0.5093709,0.34806818,0.578807,0.35195953,0.48708755,0.35699195,0.641663,0.40632147,0.45124993,0.41421846,0.78265065,0.4073842,0.36871964,0.44090456,0.93289536,0.3989195,0.48995203,0.4216963,0.63015944,0.56722164,0.51479125,0.5742812,0.6454855,0.68927515,0.53786176,0.69204766,0.66776437,0.8086897,0.5326424,0.80935043
gabigoside2 - 33.png,go_side,0.6891976,0.37216687,0.705885,0.36156026,0.67128193,0.3627459,0.7404818,0.36427614,0.6542896,0.3675332,0.8037392,0.41579434,0.61950433,0.4246093,0.93522304,0.41134045,0.5355773,0.4498704,1.0,0.40634647,0.6510406,0.42993924,0.78483254,0.5720503,0.67450076,0.57755065,0.80394065,0.6882512,0.6992847,0.6858847,0.8293828,0.8028096,0.69589686,0.8063088
gabigoside2 - 34.png,go_side,0.7743679,0.3738272,0.7895306,0.36436978,0.7567714,0.36562404,0.81996244,0.36704433,0.73908406,0.37090662,0.87865347,0.4116774,0.7044688,0.4201275,0.9973976,0.41160196,0.63034403,0.44547993,1.0,0.40941948,0.728897,0.42954344,0.85904056,0.5589501,0.7535291,0.5625066,0.87211215,0.67021227,0.779835,0.6657148,0.8938414,0.77507704,0.7727403,0.7756666
gabigoside2 - 35.png,go_side,0.77733606,0.39648885,0.7903936,0.3873264,0.7607945,0.389285,0.8181195,0.3908597,0.74335843,0.39564636,0.8786725,0.43544325,0.7121506,0.44237417,0.9916741,0.43523034,0.6444178,0.4640675,1.0,0.42904714,0.74250895,0.4497511,0.856889,0.5741651,0.7569256,0.57748586,0.8683371,0.6731799,0.77938884,0.6693609,0.8798596,0.77949053,0.7748808,0.78190297
gabigoside2 - 36.png,go_side,0.76445264,0.42454034,0.77755535,0.41585076,0.74889946,0.41710886,0.80456865,0.4184933,0.7342266,0.42232764,0.86179334,0.4590483,0.7008681,0.4667941,0.98222023,0.45629972,0.6316313,0.48822188,1.0,0.44542915,0.71947414,0.4713905,0.8433724,0.59100175,0.7467823,0.59444755,0.85826844,0.69379157,0.7700719,0.6902891,0.8777235,0.7913459,0.7637647,0.7911034
gabigoside2 - 37.png,go_side,0.81811816,0.45008862,0.83151597,0.4422082,0.80194634,0.44371125,0.85766643,0.4468245,0.783087,0.45068482,0.9130354,0.48535946,0.75359565,0.49250484,0.9982406,0.48316175,0.69199985,0.5119133,0.99636227,0.48713374,0.7768487,0.5000896,0.9062241,0.61388564,0.80816776,0.6170903,0.9168884,0.712833,0.8233701,0.70707804,0.9262616,0.8124093,0.8273044,0.81683964
gabigoside2 - 38.png,go_side,0.8630014,0.4867406,0.8760254,0.47926727,0.84729105,0.4810119,0.90098435,0.4846883,0.8294784,0.48920652,0.9467314,0.5218534,0.8000993,0.52884245,1.0,0.52365685,0.7401127,0.5512304,0.9923689,0.5206632,0.8271432,0.53739345,0.9486866,0.648458,0.8543594,0.6518055,0.96822137,0.74998516,0.87480384,0.7434787,0.984532,0.8493674,0.8828617,0.8488658
gabigoside2 - 39.png,go_side,0.60453165,0.47215953,0.61317724,0.46468407,0.58990216,0.46653813,0.6309962,0.469137,0.57447964,0.47390208,0.6732236,0.5045998,0.5468969,0.5123357,0.7671228,0.50232327,0.48850504,0.5314387,0.8601201,0.49260238,0.56861806,0.51684225,0.67081183,0.61195654,0.59515345,0.61835915,0.6979673,0.69967175,0.6158276,0.70384705,0.7157066,0.78097284,0.6205873,0.78616244
gabigoside2 - 40.png,go_side,0.54240954,0.4577804,0.55226123,0.45104507,0.52891076,0.45182556,0.5692871,0.45695084,0.5147183,0.45915395,0.602503,0.4911727,0.48802212,0.49640766,0.6874845,0.4886737,0.43482876,0.5119746,0.77822655,0.48087382,0.5004487,0.49953902,0.59675884,0.5930602,0.52833855,0.59783196,0.6147313,0.67448306,0.54066753,0.67759746,0.632756,0.7535944,0.54264706,0.7580885
gabigoside2 - 41.png,go_side,0.53936285,0.40165552,0.54907066,0.39481592,0.5251901,0.39534125,0.5645751,0.39921498,0.5085762,0.40108997,0.59721076,0.43365914,0.47755086,0.43746704,0.6836502,0.43261963,0.42871064,0.4516599,0.77147025,0.42611602,0.50264335,0.44017652,0.59047675,0.53366494,0.51680815,0.53758985,0.6029349,0.61630034,0.5251381,0.6185859,0.612373,0.6930278,0.51585454,0.695
gabigoside2 - 42.png,go_side,0.56975764,0.24209204,0.5801051,0.234438,0.55582184,0.23477685,0.5972999,0.23749591,0.53953063,0.23878236,0.6316713,0.27581823,0.50788623,0.27887866,0.7211394,0.2783572,0.4540612,0.29537922,0.8104425,0.27286693,0.52934873,0.28138232,0.61334294,0.38360167,0.5395429,0.3867475,0.6232174,0.46736977,0.5444735,0.46842667,0.63034236,0.54238147,0.54009557,0.54259187
gabigoside2 - 43.png,go_side,0.58419853,0.14787985,0.5945618,0.13993555,0.5694639,0.14074668,0.6121771,0.14344944,0.5522556,0.14573571,0.64887285,0.18468072,0.5197541,0.18801725,0.7425542,0.18575941,0.46350548,0.20421901,0.8338308,0.17902131,0.5332019,0.19162558,0.6258995,0.29561058,0.5490611,0.29851955,0.63273865,0.3841291,0.55096287,0.38550156,0.6394513,0.46398827,0.5477413,0.46454385
gabigoside2 - 44.png,go_side,0.5708423,0.37736318,0.5803722,0.37017724,0.55704767,0.3703566,0.5945449,0.37390777,0.53964925,0.3747598,0.62680286,0.40884292,0.50700516,0.41212803,0.71398723,0.4089181,0.45770833,0.42836854,0.8008921,0.40425152,0.53235906,0.41371927,0.6150673,0.5110967,0.5431375,0.51452017,0.6274575,0.5938763,0.54695976,0.59400445,0.63910645,0.6662794,0.54961544,0.66804993
gabigoside2 - 45.png,go_side,0.5741912,0.4550571,0.5844031,0.44827607,0.5606759,0.44820565,0.6012643,0.4516483,0.544048,0.45214874,0.63314646,0.48596638,0.5150983,0.488991,0.71822697,0.4860709,0.46718097,0.50457966,0.80382943,0.48224476,0.5302966,0.49452317,0.6218836,0.5852853,0.5504532,0.58873934,0.6386666,0.66714334,0.5561186,0.66887707,0.6499847,0.7408545,0.55325896,0.7445402
gabigoside2 - 46.png,go_side,0.5939585,0.4681533,0.6049236,0.46269313,0.5818334,0.4621635,0.6223632,0.46749583,0.5659676,0.46703848,0.658452,0.49824628,0.5379273,0.5018966,0.74512225,0.4971578,0.4887751,0.51717716,0.838644,0.49294245,0.5481067,0.5087794,0.6436087,0.59680736,0.56994927,0.6002686,0.65586543,0.67218715,0.5739882,0.67323333,0.65926844,0.750866,0.5768493,0.75636
gabigoside2 - 47.png,go_side,0.6501043,0.46309945,0.66002554,0.45613873,0.6367358,0.4563693,0.6762544,0.45938647,0.6197815,0.46038535,0.7092071,0.4934568,0.5890922,0.497059,0.79793394,0.4937759,0.5424504,0.51380897,0.8850642,0.4883874,0.61453533,0.50123835,0.6927424,0.5928295,0.62059504,0.5964684,0.7063451,0.6727583,0.6254816,0.6752101,0.7122765,0.7466169,0.62396014,0.7509277
gabigoside2 - 48.png,go_side,0.7002064,0.44155762,0.70998853,0.4351458,0.6866775,0.43543157,0.72605056,0.43941557,0.6710855,0.44051147,0.7583722,0.47322747,0.6393313,0.47602704,0.8406421,0.47229245,0.5914326,0.49079886,0.9346239,0.46646932,0.6620104,0.48156232,0.74837565,0.5734295,0.6755258,0.576656,0.7544301,0.6502612,0.6739813,0.65208083,0.76499,0.72367156,0.6719919,0.7253055
gabigoside2 - 49.png,go_side,0.7266308,0.4013196,0.736353,0.39499208,0.7134909,0.3950001,0.75210553,0.39913377,0.6952482,0.39970165,0.78407305,0.43360215,0.6643852,0.43691057,0.86790717,0.43276283,0.6146743,0.45338613,0.95691425,0.42812455,0.6853497,0.442508,0.76726615,0.53508353,0.6955127,0.538632,0.7794838,0.61755615,0.70210147,0.61941427,0.7836256,0.6924727,0.6936666,0.69627166
gabigoside2 - 50.png,go_side,0.5933186,0.39510193,0.6032486,0.3880965,0.57866275,0.38873303,0.62042826,0.3925669,0.5619308,0.3946796,0.6539699,0.4287991,0.53331614,0.43195045,0.7408925,0.4289717,0.47901312,0.44633877,0.83112293,0.4219247,0.54614615,0.43696168,0.6421693,0.5328789,0.56897014,0.53631103,0.6501345,0.6155266,0.572524,0.6186492,0.6641853,0.69378614,0.5663556,0.6968546
gabigoside2 - 51.png,go_side,0.44372794,0.39032778,0.4549316,0.383187,0.42955446,0.38333842,0.474636,0.3873895,0.4117779,0.38820955,0.51070976,0.42468727,0.3798107,0.4276705,0.5969477,0.4256826,0.32058048,0.44593546,0.6995722,0.41931924,0.40191522,0.43277538,0.49610227,0.53402495,0.4174483,0.53797024,0.5117199,0.6235201,0.42859337,0.62444574,0.5185677,0.70862913,0.42455438,0.7102598
gabigoside2 - 52.png,go_side,0.4039516,0.3771925,0.41451207,0.3683679,0.38699874,0.3703133,0.43466333,0.3720237,0.36904255,0.37673444,0.47976717,0.41413608,0.33709073,0.41845113,0.58559525,0.41548043,0.27313653,0.435236,0.6862077,0.40938443,0.35722202,0.42167056,0.46340373,0.53468347,0.377677,0.5384506,0.47638276,0.6301377,0.38823733,0.63112074,0.48939484,0.72175765,0.38301483,0.7202585
gabigoside2 - 53.png,go_side,0.45817623,0.37554374,0.4719093,0.36748418,0.44179228,0.36739555,0.4940615,0.37301123,0.42001268,0.37317953,0.5386365,0.41693994,0.3810706,0.419659,0.6482085,0.41698897,0.3094196,0.44019365,0.76047075,0.41065073,0.40490714,0.42503312,0.5192826,0.5502124,0.42453757,0.5539268,0.52845466,0.65660673,0.43602166,0.65609056,0.53736246,0.7585653,0.42528272,0.7608125
gabigoside2 - 54.png,go_side,0.46656945,0.37781605,0.48068225,0.36812493,0.44707793,0.36874402,0.5035777,0.37302545,0.4219549,0.37483168,0.55343944,0.42171174,0.37865627,0.42568424,0.67820716,0.4239539,0.30042607,0.449483,0.8076805,0.4197393,0.41837096,0.43253177,0.5301883,0.5711979,0.4246651,0.5758909,0.5404423,0.68876994,0.436442,0.690076,0.5515358,0.79913116,0.42372945,0.8027079
gabigoside2 - 55.png,go_side,0.35104766,0.3710901,0.36726904,0.3607729,0.3291922,0.36118937,0.3921552,0.36620167,0.29888988,0.36757362,0.44562325,0.41909322,0.25294858,0.42306158,0.5733737,0.42187026,0.17290485,0.44759,0.7066552,0.41979456,0.29316553,0.42959225,0.4200064,0.5834716,0.30210397,0.58837116,0.42917666,0.7111465,0.31082872,0.71258074,0.42982635,0.83028126,0.29677927,0.8337752
gabigoside2 - 56.png,go_side,0.3080909,0.3624738,0.3255806,0.35249493,0.28473946,0.3513943,0.34839156,0.3597608,0.24878825,0.3580022,0.39665684,0.41326034,0.19459707,0.41603225,0.526576,0.41802943,0.11959406,0.44388163,0.657674,0.4166841,0.25068042,0.42615765,0.37075245,0.5875772,0.24517658,0.59289366,0.37409502,0.71503544,0.2497098,0.7217737,0.37811694,0.8402307,0.2350852,0.8545838
gabigoside2 - 57.png,go_side,0.44000486,0.36605808,0.45572656,0.3559702,0.41672492,0.3547898,0.47274333,0.3620838,0.37548646,0.36012468,0.5189226,0.4154442,0.32139564,0.42005873,0.6514354,0.41986924,0.25948983,0.45078623,0.78301436,0.41541168,0.38503972,0.42905232,0.49615663,0.5919195,0.37330508,0.5980579,0.5006805,0.7225718,0.37057054,0.72941935,0.49906927,0.8459704,0.361675,0.861629
gabigoside2 - 58.png,go_side,0.41538566,0.35510287,0.43029547,0.34544632,0.3926077,0.34404588,0.44511566,0.35138097,0.35234788,0.34888414,0.48250303,0.40233862,0.304996,0.40660793,0.60870683,0.40510935,0.25426167,0.43579656,0.7321677,0.39951396,0.37553364,0.41372377,0.4673935,0.5659681,0.35754344,0.571064,0.46516272,0.6908936,0.3559977,0.6953262,0.47428793,0.80483496,0.34266654,0.8188792
gabigoside2 - 59.png,go_side,0.4302798,0.36034232,0.44273418,0.35063267,0.40867895,0.3505288,0.45473745,0.35449305,0.3708278,0.3546488,0.49100035,0.4016343,0.32883844,0.4076419,0.6092083,0.40264896,0.29031378,0.4343322,0.718967,0.399047,0.39715433,0.41668227,0.48054582,0.55304676,0.37982455,0.5580831,0.4775795,0.6675775,0.37355322,0.6718903,0.48755166,0.7720711,0.3710911,0.78287804
gabigoside2 - 60.png,go_side,0.43170413,0.3540461,0.44364834,0.34582433,0.41279304,0.34494433,0.4548142,0.35073844,0.37742394,0.34971645,0.49015656,0.39586082,0.34292534,0.4003537,0.5948149,0.3960699,0.30708554,0.42163584,0.70266324,0.39107504,0.39979884,0.4092368,0.4776998,0.53426385,0.38623935,0.53881633,0.48756227,0.63846475,0.3830699,0.64113206,0.48334396,0.740325,0.384556,0.7521086
gabigoside2 - 61.png,go_side,0.44476408,0.3490736,0.45645824,0.3402744,0.42646924,0.33971584,0.4683232,0.34357905,0.39345267,0.3426681,0.5013085,0.3888106,0.35616794,0.3924777,0.6021596,0.39230835,0.3189307,0.4150077,0.70504576,0.38589415,0.41255397,0.39906654,0.4910759,0.52244675,0.40281868,0.527225,0.4982467,0.6256703,0.3991072,0.6308537,0.5015392,0.72090346,0.4011201,0.7347339
gabigoside2 - 62.png,go_side,0.46691954,0.3377853,0.47859773,0.32850432,0.44693932,0.3284912,0.49081284,0.33279496,0.41224533,0.33318794,0.5246057,0.3809479,0.37586862,0.38568866,0.63251024,0.38303018,0.33511057,0.40724462,0.7353773,0.3751706,0.43509126,0.3869771,0.51540834,0.5224633,0.42497244,0.5276332,0.5202908,0.6305447,0.4245002,0.6359921,0.5320393,0.7309142,0.42260486,0.74254155
gabigoside2 - 63.png,go_side,0.44140276,0.3001203,0.45368692,0.2911173,0.4204445,0.2904225,0.46629527,0.29723155,0.38313237,0.2964308,0.50702655,0.34709623,0.34358588,0.35020024,0.6151784,0.34757644,0.30280623,0.3706402,0.7304977,0.34289506,0.40787393,0.35569742,0.50213975,0.49423844,0.4018337,0.49894673,0.5082463,0.6060385,0.3997856,0.6088573,0.5073142,0.70954084,0.40614825,0.7210911
gabigoside2 - 64.png,go_side,0.446201,0.29570556,0.45771137,0.2862281,0.42600635,0.28666618,0.47303194,0.2911503,0.39515403,0.29278004,0.51664114,0.34180123,0.35956377,0.34605938,0.6262643,0.3438279,0.3104429,0.3673635,0.7395807,0.33595818,0.4126587,0.34958372,0.5072759,0.4858487,0.41217947,0.4906366,0.5155703,0.59857756,0.41591665,0.6011209,0.5209183,0.7026915,0.41731673,0.7103876
gabigoside2 - 65.png,go_side,0.50273925,0.3321868,0.5151735,0.32244828,0.48123378,0.32318985,0.53266615,0.32666135,0.45006093,0.32908562,0.5750297,0.37355912,0.41407034,0.37935802,0.6859055,0.3750632,0.36965784,0.40183547,0.7947789,0.36977124,0.47515112,0.3842398,0.5644259,0.5194534,0.46423298,0.524573,0.56841445,0.6307162,0.46384066,0.63552535,0.58161855,0.73365456,0.46530858,0.7422301
gabigoside2 - 66.png,go_side,0.40213084,0.33138025,0.41496333,0.32172593,0.38042727,0.32193428,0.43214178,0.32743087,0.34782076,0.3287685,0.47791,0.376661,0.30748612,0.38154522,0.5949499,0.38133132,0.25757238,0.4049949,0.7069934,0.3782222,0.3666871,0.38655344,0.4629269,0.5296826,0.3574099,0.53473043,0.46324056,0.64307827,0.354143,0.6495791,0.46808037,0.75228983,0.34799656,0.7647319
gabigoside2 - 67.png,go_side,0.40184233,0.32564408,0.4168185,0.31516847,0.37891307,0.31449136,0.43533987,0.3205711,0.34050655,0.3199826,0.48276174,0.37641767,0.29391605,0.38151026,0.6079205,0.38326898,0.23452067,0.40997222,0.7405763,0.37758023,0.35121366,0.38913026,0.466402,0.54505837,0.34925732,0.5514543,0.4679449,0.66993195,0.34239808,0.67744046,0.47181344,0.7918276,0.34253395,0.8064836
gabigoside2 - 68.png,go_side,0.4350517,0.3288807,0.45115474,0.31661907,0.40747866,0.31685188,0.4709822,0.3233908,0.3627729,0.32473618,0.5270631,0.38888884,0.30780104,0.39628363,0.67679554,0.39500248,0.23696275,0.43046868,0.8282766,0.3894242,0.38919178,0.4047461,0.50648475,0.5861236,0.37126896,0.5944086,0.5054851,0.7303062,0.37298608,0.7407282,0.5076626,0.861995,0.3654402,0.8783898
gabigoside2 - 69.png,go_side,0.4313334,0.35468388,0.45155695,0.3405907,0.40254828,0.3407118,0.47545493,0.34479877,0.35458195,0.34520638,0.5334043,0.41298348,0.29369852,0.42205623,0.6973377,0.41677392,0.20734292,0.46363518,0.86567867,0.41179278,0.37826255,0.43203956,0.5109992,0.63470453,0.36236086,0.64391315,0.5076937,0.79595965,0.36728236,0.80315775,0.5173882,0.9454432,0.34744728,0.9575455
gabigoside2 - 70.png,go_side,0.4274084,0.3706708,0.44952792,0.35617766,0.3997475,0.35667604,0.48090863,0.36129248,0.3594296,0.36244842,0.54991114,0.43201187,0.29799852,0.43960816,0.7257363,0.43380174,0.19791077,0.47740868,0.8994079,0.42878178,0.37083334,0.4474905,0.51933706,0.65210205,0.3639251,0.66030645,0.5251865,0.8149356,0.38247675,0.8180417,0.5320853,0.9698398,0.36082193,0.9748379
gabigoside2 - 71.png,go_side,0.36925092,0.3848673,0.39041877,0.37083608,0.34410337,0.37244448,0.42689136,0.37590912,0.31415382,0.37927446,0.50143856,0.4460182,0.25959486,0.45342505,0.6812027,0.44919944,0.14054388,0.48725846,0.8657862,0.44875288,0.3192985,0.46150354,0.47435313,0.66079473,0.32528484,0.66928345,0.4822443,0.8219824,0.35394615,0.82420504,0.5070508,0.9673952,0.3329989,0.9671513
gabigoside2 - 72.png,go_side,0.31595933,0.38361776,0.33852997,0.37028298,0.29194736,0.37098148,0.37680528,0.3765188,0.26204216,0.3779294,0.45148817,0.44670403,0.20328012,0.45169157,0.62812656,0.45015618,0.08613143,0.48350108,0.79937595,0.44749606,0.24758069,0.45779058,0.41859326,0.66037285,0.26619405,0.6677212,0.43527746,0.8142942,0.30247,0.8157971,0.448349,0.9676964,0.2773671,0.9677516
gabigoside2 - 73.png,go_side,0.25603968,0.39583325,0.27781507,0.3825887,0.23364507,0.3836644,0.31957674,0.38722512,0.21089888,0.38962865,0.3936741,0.4543525,0.15788756,0.4590455,0.5631102,0.4592952,0.03404363,0.48790687,0.73066676,0.4562279,0.19141094,0.46607807,0.36686265,0.6556582,0.22411995,0.6628176,0.38542354,0.8108462,0.26323643,0.81242645,0.41802478,0.95254505,0.24354677,0.9536528
gabigoside2 - 74.png,go_side,0.2866356,0.40661252,0.30707252,0.39360952,0.26437318,0.39504117,0.34706056,0.39740804,0.24136412,0.40082166,0.41936657,0.4605188,0.19410251,0.46857798,0.57805365,0.46214098,0.08758208,0.4995651,0.7458248,0.4579531,0.22942208,0.47541264,0.40125942,0.6550887,0.2631884,0.66405743,0.43073127,0.7980425,0.3108516,0.8011931,0.45391428,0.93531793,0.30753303,0.9369674
joaogoside - 01.png,go_side,0.4694664,0.42811325,0.4870281,0.42173946,0.45722792,0.41938478,0.5044087,0.43188873,0.4309997,0.42686623,0.5387066,0.48561773,0.381644,0.47129852,0.6023312,0.52991927,0.26912767,0.46457097,0.50449276,0.5403569,0.15785764,0.45651543,0.5027943,0.6144134,0.40661713,0.6072024,0.508309,0.70597637,0.40165752,0.70775616,0.5000142,0.79543716,0.412501,0.79580724
joaogoside - 02.png,go_side,0.50202864,0.42958328,0.51741296,0.4225126,0.48892432,0.42098075,0.5318586,0.43074,0.46318156,0.42806825,0.56868064,0.48469058,0.41428244,0.47107196,0.63889533,0.5323699,0.29921407,0.46604094,0.54361683,0.5427556,0.19068913,0.45670423,0.5304703,0.61820674,0.43543458,0.6116355,0.5371878,0.7070906,0.4365054,0.7108935,0.53013337,0.7957255,0.4469183,0.7993962
joaogoside - 03.png,go_side,0.5697598,0.42961517,0.58515877,0.42248005,0.55642897,0.42127782,0.5995992,0.43095005,0.529279,0.4287948,0.6354484,0.4844763,0.48249075,0.4737544,0.70973676,0.5264444,0.37192762,0.47039828,0.6129983,0.5392236,0.26270404,0.46380693,0.59863335,0.61562866,0.5054639,0.6096223,0.6070584,0.7053905,0.5043275,0.7072307,0.6017064,0.7958037,0.5109316,0.79484826
joaogoside - 04.png,go_side,0.66926855,0.4276288,0.6839374,0.42027634,0.655071,0.41954768,0.6967065,0.42794564,0.6268778,0.42688894,0.7329291,0.48074478,0.5836994,0.47167888,0.81346047,0.5250395,0.4796352,0.47867644,0.72367066,0.5347097,0.36602432,0.48233652,0.6967787,0.61315554,0.6054843,0.6075483,0.70471245,0.70347345,0.6036162,0.70512223,0.69890475,0.7865387,0.6044844,0.7888658
joaogoside - 05.png,go_side,0.72583604,0.4304498,0.7401644,0.42288467,0.7117983,0.42243776,0.7537258,0.43029398,0.6833097,0.42966998,0.792603,0.483233,0.63682365,0.47577715,0.8667518,0.5243186,0.5317256,0.48185593,0.7738869,0.53842413,0.42324078,0.48706186,0.75749797,0.6128543,0.66323936,0.6076735,0.7638863,0.7030955,0.6552538,0.7045385,0.75308734,0.7879102,0.6628683,0.7873191
joaogoside - 06.png,go_side,0.63845736,0.42986184,0.65294135,0.42266208,0.62534595,0.42226088,0.6681344,0.43032342,0.5998606,0.42982572,0.7052319,0.48117763,0.5551789,0.4739218,0.77385277,0.52233917,0.44892603,0.48038638,0.688078,0.53462934,0.34193343,0.48405606,0.6709813,0.6063852,0.5798091,0.6014544,0.6787558,0.6949793,0.57321966,0.6960485,0.6728579,0.77928233,0.5824883,0.7770149
joaogoside - 07.png,go_side,0.5168096,0.43502763,0.53172433,0.42796385,0.50208944,0.42732513,0.5484953,0.43537587,0.47923052,0.43493217,0.58407944,0.48408365,0.43819743,0.47682852,0.6498402,0.52655196,0.33303934,0.48350793,0.56241775,0.53511447,0.23011254,0.48726866,0.55640644,0.6065431,0.4661376,0.6026315,0.5610845,0.690806,0.46069783,0.69336605,0.55684733,0.77642876,0.47010532,0.7771814
joaogoside - 08.png,go_side,0.4122823,0.43423414,0.42821252,0.42661464,0.400145,0.42611736,0.44874054,0.43425632,0.37895557,0.43253186,0.48568675,0.4855552,0.33741885,0.47793162,0.54839796,0.528161,0.22613664,0.48426586,0.46169832,0.5373337,0.11882948,0.48297587,0.4489386,0.6097606,0.35847902,0.60590374,0.4552961,0.6990522,0.36304456,0.70100254,0.45484287,0.78341895,0.35886985,0.7804002
joaogoside - 09.png,go_side,0.38764393,0.4362345,0.40381435,0.42907426,0.3757038,0.4282815,0.42485994,0.43609712,0.35526216,0.43507114,0.46161243,0.4876932,0.3154915,0.48073587,0.52442944,0.52968454,0.2090705,0.48428696,0.43280193,0.53912884,0.09797085,0.48575944,0.42800564,0.6129901,0.3394676,0.60904926,0.4328595,0.69795203,0.3396793,0.70458394,0.42667586,0.7791134,0.35242927,0.78421396
joaogoside - 10.png,go_side,0.64999497,0.4433074,0.6668866,0.43629736,0.63839066,0.43565342,0.689971,0.44401336,0.61875457,0.44311246,0.7304352,0.49548393,0.57953995,0.488571,0.7939123,0.5352118,0.47555795,0.4947737,0.7039569,0.5470712,0.37041664,0.49526846,0.6943444,0.6236415,0.602478,0.6186586,0.7029455,0.70969254,0.60912913,0.7094584,0.68502265,0.79388154,0.6150143,0.7892624
joaogoside - 11.png,go_side,0.7337414,0.473683,0.75051606,0.4665902,0.7222041,0.46595925,0.77336943,0.47437128,0.7032787,0.47345766,0.81408453,0.5254786,0.66486186,0.51797307,0.87814647,0.56867725,0.56334555,0.52337104,0.77678883,0.57899755,0.45598567,0.52341634,0.7806493,0.6527926,0.68949413,0.64758223,0.79199016,0.74292696,0.6921292,0.742519,0.7860936,0.82935476,0.70662624,0.8240643
joaogoside - 12.png,go_side,0.701968,0.52439487,0.7190767,0.51633275,0.6906311,0.51608825,0.7436199,0.52218294,0.6733873,0.5210674,0.78616434,0.57376075,0.6340621,0.56610346,0.8472032,0.6190102,0.5265692,0.571646,0.746451,0.6280085,0.4194638,0.5702632,0.7531998,0.7015585,0.66026473,0.6969209,0.76854736,0.7965861,0.6650595,0.79500264,0.76918334,0.8842174,0.6684998,0.8740599
joaogoside - 13.png,go_side,0.6579613,0.5554405,0.67443293,0.54800874,0.6459373,0.54714286,0.69711983,0.5546088,0.62873787,0.55348474,0.73589253,0.6054302,0.58976376,0.5978205,0.80548763,0.6514748,0.4839421,0.6025019,0.7048097,0.66095513,0.38428566,0.6021046,0.7042819,0.7344206,0.6146302,0.73011184,0.71622294,0.82766,0.6178801,0.8298144,0.72310585,0.9134436,0.6252482,0.91149604
joaogoside - 14.png,go_side,0.6197114,0.5041521,0.6360359,0.49666083,0.60679024,0.4960113,0.6591198,0.5026658,0.58807296,0.50176924,0.69886,0.5528475,0.54844624,0.54533523,0.7547512,0.5968547,0.44576934,0.548691,0.6457927,0.60602146,0.34349847,0.55012107,0.66533834,0.6783021,0.5742315,0.6735078,0.6763077,0.77198863,0.5759907,0.773696,0.65855056,0.86119884,0.5794997,0.8566447
joaogoside - 15.png,go_side,0.61527777,0.36552075,0.631475,0.3576281,0.60263306,0.35740423,0.6563723,0.36242673,0.5849572,0.362952,0.6978703,0.41482595,0.5476927,0.4059737,0.7483003,0.45737153,0.43642697,0.409724,0.6531432,0.46867973,0.32869872,0.4127374,0.662291,0.54194903,0.56769454,0.5365556,0.6719668,0.62849957,0.5652336,0.62824196,0.66148543,0.7177816,0.57796246,0.71411693
joaogoside - 16.png,go_side,0.61335,0.25319776,0.6295258,0.24574007,0.6007604,0.24478821,0.6502437,0.25185987,0.58065,0.25085747,0.68663305,0.304182,0.54038596,0.2964111,0.7463953,0.3483893,0.4317863,0.30377877,0.6548829,0.35971242,0.32356763,0.30700272,0.65172833,0.43093652,0.5604219,0.4264018,0.6604192,0.51562995,0.55674624,0.5178574,0.6540647,0.59489316,0.5677168,0.59574914
joaogoside - 17.png,go_side,0.5670758,0.23724486,0.5826826,0.22974192,0.55506116,0.22922836,0.60247034,0.2365352,0.5345259,0.23592438,0.63877654,0.2893085,0.49743724,0.28160015,0.701758,0.33082077,0.39606163,0.2875763,0.6115444,0.34083438,0.2907534,0.2892249,0.60407555,0.41257268,0.5185159,0.40738043,0.6074214,0.4938146,0.5169848,0.4941974,0.60279995,0.5747741,0.5306563,0.5720601
joaogoside - 18.png,go_side,0.51826507,0.23442808,0.5330275,0.22667508,0.504981,0.22637855,0.55160314,0.23207662,0.48346636,0.2324122,0.5882377,0.28388342,0.44579878,0.27662274,0.64751756,0.32477808,0.3429536,0.28332335,0.561477,0.33666515,0.24154991,0.2846643,0.55626124,0.40627605,0.46798202,0.401924,0.56313723,0.48384315,0.46686226,0.4855509,0.55460364,0.5593923,0.4826031,0.5597463
joaogoside - 19.png,go_side,0.45862815,0.2461188,0.4725284,0.23875347,0.44344956,0.23852572,0.48738313,0.24599805,0.41825196,0.24587913,0.5169674,0.29539248,0.37960774,0.28935224,0.58213556,0.33605304,0.27795014,0.29588252,0.5023458,0.34622055,0.18004026,0.29688105,0.49304277,0.41224188,0.41141877,0.40917617,0.50064176,0.490793,0.41190532,0.49497226,0.49953014,0.5678797,0.41966885,0.5683562
joaogoside - 20.png,go_side,0.41561878,0.34353462,0.42907086,0.33658472,0.40323287,0.33609608,0.44488811,0.34190735,0.38176078,0.34182915,0.4799305,0.39083627,0.34295705,0.38250092,0.5386364,0.43064663,0.24118556,0.38597554,0.44944248,0.44024518,0.1386265,0.38908845,0.44702274,0.5047271,0.36361456,0.50005096,0.45356095,0.58094954,0.36527818,0.58345115,0.44754118,0.65742874,0.38148946,0.65916216
joaogoside - 21.png,go_side,0.49219754,0.45359927,0.50430197,0.44612354,0.4791597,0.446614,0.5185357,0.4516144,0.4579505,0.4527632,0.55176866,0.49738103,0.42142174,0.49273568,0.6137418,0.53634894,0.32473695,0.4980736,0.53100514,0.5477213,0.22602567,0.4997701,0.52445185,0.6098579,0.44802064,0.6069846,0.5289901,0.6887717,0.44501367,0.69316405,0.5302683,0.76913744,0.44837704,0.7689777
joaogoside - 22.png,go_side,0.606271,0.50105,0.6170407,0.49395537,0.5912318,0.4945467,0.6289125,0.4988471,0.56823695,0.501077,0.6680232,0.5450351,0.5295443,0.5397674,0.73300797,0.5838191,0.43645334,0.547156,0.64857394,0.59823155,0.34290788,0.5504702,0.64509195,0.65973747,0.5600642,0.65687704,0.6507916,0.7400008,0.55106497,0.7424628,0.64684874,0.82205486,0.5615493,0.8211758
joaogoside - 23.png,go_side,0.6772248,0.4978515,0.68783617,0.49081907,0.6625885,0.49205133,0.6982286,0.49862954,0.63942105,0.5024555,0.73504823,0.54621255,0.60323817,0.54149604,0.8026428,0.5876354,0.5060591,0.54719675,0.71946734,0.59824437,0.41081688,0.54688996,0.7042355,0.6628584,0.6236096,0.65956986,0.7120098,0.7431888,0.62234515,0.7469047,0.7043274,0.82543683,0.62571394,0.8246001
joaogoside - 24.png,go_side,0.5810046,0.49186093,0.59285957,0.48500758,0.566691,0.4860411,0.60637426,0.49264166,0.54280555,0.49586555,0.64467376,0.5410314,0.5079725,0.5348638,0.7086723,0.5812294,0.412465,0.5391284,0.6223072,0.58860266,0.31475037,0.53767484,0.6121869,0.6566094,0.5283562,0.65214777,0.6158213,0.7362539,0.525411,0.7379294,0.6085133,0.8237635,0.5353855,0.8190459
joaogoside - 25.png,go_side,0.5338812,0.44447738,0.5463456,0.4373813,0.52045786,0.4380956,0.56177765,0.44570914,0.5009332,0.44782093,0.5981647,0.492389,0.463326,0.48767263,0.6574217,0.53304446,0.36474523,0.49232855,0.56491536,0.5396921,0.26712227,0.491278,0.5699976,0.60574776,0.48859072,0.60251164,0.5775803,0.68840295,0.48254174,0.6925161,0.57294774,0.775692,0.48826498,0.7729072
joaogoside - 26.png,go_side,0.5416019,0.3852538,0.5536181,0.3788007,0.5284632,0.37950933,0.5671638,0.3879524,0.5067817,0.39093015,0.6049297,0.43527904,0.4711237,0.4306181,0.6627364,0.4674348,0.37104848,0.43285707,0.5753929,0.4767806,0.26523072,0.43472293,0.57769823,0.5500302,0.49202836,0.54683995,0.58853006,0.6272261,0.48687184,0.62938285,0.5820946,0.70962155,0.49519426,0.7098967
joaogoside - 27.png,go_side,0.5577393,0.36499342,0.5692686,0.35821185,0.54439455,0.35936347,0.58313555,0.36656106,0.5232538,0.37003842,0.6191745,0.4130632,0.48770186,0.4099288,0.67723197,0.4497615,0.3898714,0.41405776,0.5886047,0.4569464,0.295355,0.41360208,0.59218264,0.5259691,0.5122933,0.5234607,0.6014822,0.6068956,0.513358,0.61186373,0.593309,0.69043124,0.51970845,0.6878208
joaogoside - 28.png,go_side,0.56240934,0.35696444,0.5730471,0.35031372,0.54894865,0.35160735,0.585926,0.35802054,0.52674496,0.36205065,0.62453085,0.40386608,0.49358904,0.40149242,0.68438125,0.43833667,0.3980177,0.4061045,0.6026738,0.4489051,0.29457048,0.4064597,0.5976527,0.51693606,0.5176248,0.51429933,0.6017991,0.59529024,0.51471984,0.5994828,0.5914482,0.68065584,0.5160118,0.6791175
joaogoside - 29.png,go_side,0.45352417,0.34175786,0.46638173,0.335306,0.43954468,0.33600193,0.48244616,0.34562054,0.41921923,0.3477405,0.5156268,0.39111692,0.3829489,0.38730958,0.57218146,0.42667773,0.28613654,0.39129332,0.49210435,0.4321143,0.18919432,0.3901759,0.48974252,0.5003302,0.40935752,0.49770862,0.49655715,0.5792383,0.40364066,0.58368844,0.49221614,0.66454184,0.41473192,0.66199976
joaogoside - 30.png,go_side,0.3630911,0.33735543,0.37623963,0.3306737,0.35174078,0.33132568,0.39393452,0.3390657,0.33230716,0.3402451,0.43354502,0.38692546,0.29473984,0.38168415,0.48330218,0.42076677,0.19491959,0.38367286,0.38944182,0.42960995,0.09375767,0.3833186,0.40417877,0.49857402,0.3205799,0.49471468,0.40568414,0.5814173,0.31488958,0.5821483,0.40043092,0.6640107,0.32150704,0.65805393
joaogoside - 31.png,go_side,0.5061758,0.3693248,0.5185372,0.36246276,0.4932989,0.3634176,0.53502,0.37065372,0.4714519,0.37233192,0.5730877,0.41621026,0.4375335,0.4114257,0.629045,0.45109037,0.3434575,0.4168132,0.5460843,0.46192297,0.24573146,0.4186198,0.5465883,0.52840585,0.46367458,0.5253453,0.5529825,0.60762686,0.46721438,0.60871387,0.55009323,0.6851587,0.46686077,0.6796297
joaogoside - 32.png,go_side,0.5989014,0.35945916,0.6123641,0.35210356,0.5853554,0.35272124,0.63267386,0.3582731,0.5676685,0.3603903,0.6693881,0.40447113,0.53483087,0.40161175,0.7239512,0.44256428,0.43879575,0.40744907,0.6364916,0.45349574,0.34211877,0.4087844,0.6429413,0.51732665,0.56257695,0.51503175,0.6528362,0.595505,0.5618932,0.60067356,0.64778054,0.67490625,0.5703661,0.67239106
joaogoside - 33.png,go_side,0.50529236,0.33285117,0.51868975,0.32523397,0.49383667,0.32599762,0.5387446,0.3307459,0.47626692,0.3319071,0.57732296,0.37795576,0.44043517,0.37273118,0.6298308,0.418088,0.3437154,0.37873748,0.5379599,0.42950767,0.24621746,0.37804556,0.5511636,0.4944952,0.46616474,0.49217564,0.562302,0.572169,0.46966043,0.5781958,0.57056355,0.64107454,0.47568077,0.64171517
joaogoside - 34.png,go_side,0.5109347,0.33336762,0.5245611,0.3258425,0.4989069,0.3264079,0.5432795,0.33189312,0.47885624,0.33252892,0.581579,0.3797052,0.44324622,0.37310368,0.6360349,0.4198045,0.3483969,0.37938285,0.5533116,0.42986482,0.24616438,0.3782285,0.55022293,0.49591342,0.4661183,0.4919856,0.55405855,0.57496023,0.46644813,0.5763865,0.54903203,0.65052634,0.47131795,0.6463716
joaogoside - 35.png,go_side,0.56556624,0.33105516,0.57922924,0.32398143,0.55159324,0.3243512,0.5952699,0.33150157,0.5278636,0.33291578,0.62811494,0.38041997,0.4932405,0.3742782,0.6878081,0.41918865,0.39821354,0.3782012,0.6049237,0.42903227,0.3015307,0.37616622,0.59574187,0.49569032,0.51369613,0.49140847,0.5999665,0.5738137,0.51004046,0.57576805,0.5917626,0.6534923,0.5187827,0.6494824
joaogoside - 36.png,go_side,0.59924585,0.3356586,0.6113541,0.32825264,0.58505,0.32867828,0.6230243,0.33460212,0.5599251,0.33643493,0.6598757,0.38450983,0.5210845,0.3762598,0.7250876,0.42849258,0.42318618,0.38196477,0.64280015,0.435959,0.32118756,0.38084278,0.62497604,0.5037802,0.53934145,0.49864805,0.62733513,0.5826327,0.5332613,0.58423895,0.6174606,0.6633404,0.54608816,0.6626613
joaogoside - 37.png,go_side,0.54680896,0.34813094,0.55894274,0.33983845,0.53342247,0.34093496,0.5709736,0.34557328,0.50718564,0.3471227,0.6049739,0.3969732,0.46785346,0.39102903,0.67249644,0.4376865,0.37117118,0.39564228,0.5900334,0.44802678,0.26477104,0.39232594,0.5701032,0.515899,0.4896391,0.51214534,0.5742203,0.59834117,0.48440132,0.6012875,0.56390667,0.6739382,0.48350704,0.6714364
joaogoside - 38.png,go_side,0.5350127,0.38643858,0.54650885,0.37856162,0.51934206,0.37908936,0.55597305,0.38320515,0.49067044,0.38543847,0.59047616,0.43284094,0.45199278,0.42515337,0.65370613,0.47412506,0.3564278,0.43010244,0.56772166,0.4839845,0.2549517,0.4311666,0.55794924,0.55230904,0.4710629,0.5478792,0.5636019,0.6288588,0.4636582,0.6324389,0.5487032,0.70477605,0.4714242,0.7072923
joaogoside - 39.png,go_side,0.53524923,0.39652842,0.546585,0.38862988,0.51952636,0.38954136,0.5573665,0.3951957,0.49254072,0.3973605,0.589313,0.4440758,0.4530426,0.43886873,0.6551906,0.4840171,0.35884088,0.4433223,0.5750272,0.4947288,0.2638939,0.44149372,0.5595586,0.55936813,0.4785666,0.5563037,0.5658635,0.63870263,0.47011876,0.644573,0.5555279,0.71565616,0.4766637,0.7167114
joaogoside - 40.png,go_side,0.48698458,0.3749466,0.4985,0.36757466,0.47267163,0.36805642,0.5083478,0.37339914,0.44616598,0.3750554,0.5379712,0.42190263,0.4101676,0.41576198,0.604686,0.4603572,0.31794238,0.41972727,0.5260258,0.4705343,0.21952383,0.41805127,0.508399,0.5375287,0.43101066,0.53388584,0.5156235,0.61455023,0.43051443,0.6180255,0.5111996,0.6875911,0.43581212,0.68753
joaogoside - 41.png,go_side,0.46401992,0.35677838,0.4750645,0.34893578,0.4505694,0.35001773,0.4864095,0.35553998,0.42674264,0.35727417,0.51954335,0.4035724,0.38911256,0.39788827,0.5785166,0.44165185,0.29867426,0.4016003,0.5029206,0.44924465,0.20335722,0.3983463,0.49083257,0.5154283,0.41294578,0.512485,0.4997004,0.59428114,0.4082746,0.5988286,0.49095148,0.66953456,0.4098133,0.66985464
joaogoside - 42.png,go_side,0.4846574,0.328523,0.49596846,0.3214547,0.4713762,0.3219205,0.50610965,0.32777268,0.44712716,0.32947415,0.5378117,0.37532446,0.4107545,0.36985025,0.60026693,0.4126708,0.31964037,0.3744211,0.51953346,0.42121077,0.22039285,0.37200356,0.509269,0.48913717,0.43219823,0.485571,0.51569337,0.56706077,0.43070042,0.56942743,0.50972277,0.6409437,0.441334,0.6401544
joaogoside - 43.png,go_side,0.50665265,0.33727345,0.5172267,0.33015507,0.49412128,0.33106208,0.529142,0.33725467,0.46974462,0.3386527,0.5671287,0.3845444,0.4320638,0.37811276,0.62705654,0.42087907,0.34532997,0.3824832,0.5390535,0.42959684,0.24964602,0.38147384,0.53442526,0.49820578,0.45246857,0.49416876,0.5343345,0.5750167,0.4513999,0.5765515,0.52952975,0.6485812,0.4541275,0.64577633
joaogoside - 44.png,go_side,0.5540008,0.38401496,0.5650535,0.37685382,0.54058856,0.3777257,0.5762259,0.38254192,0.51682156,0.3848726,0.6068998,0.42831066,0.48329175,0.42375153,0.6666086,0.46347287,0.39772704,0.4295392,0.592409,0.4721666,0.30208695,0.42884237,0.57662565,0.53763556,0.5020147,0.53420055,0.58531356,0.6130919,0.49780566,0.61538845,0.5747068,0.6857188,0.50409794,0.6837527
joaogoside - 45.png,go_side,0.5991361,0.39267212,0.6092865,0.3859717,0.5867923,0.38707486,0.62215567,0.39335132,0.5646701,0.39541748,0.6607948,0.43785363,0.52817893,0.432232,0.71498156,0.47350705,0.44275647,0.43688586,0.63778967,0.48312223,0.3492051,0.43635798,0.6297362,0.5468109,0.54857904,0.5432253,0.6304432,0.6204125,0.5428741,0.6227805,0.6236194,0.6928042,0.54919314,0.6897225
joaogoside - 46.png,go_side,0.59666485,0.3942454,0.6085895,0.38766766,0.58499575,0.38842908,0.62474495,0.39476177,0.5651048,0.3959924,0.6623632,0.43873855,0.5304615,0.43350425,0.71512437,0.47368938,0.44495696,0.43856165,0.63788223,0.48262623,0.3479169,0.4364513,0.6311831,0.5473919,0.55052984,0.5438505,0.6323267,0.6209058,0.54657346,0.62265044,0.62608653,0.6931087,0.55278635,0.6889464
joaogoside - 47.png,go_side,0.59038705,0.39208803,0.6018779,0.3854688,0.57845616,0.3863266,0.6171279,0.39263287,0.5574769,0.3940191,0.6542086,0.43665704,0.5228794,0.4315358,0.7072834,0.4697484,0.43793893,0.43592674,0.6241037,0.48014364,0.3444815,0.4355325,0.6241666,0.5444373,0.5435644,0.5411005,0.6252254,0.61791277,0.54240644,0.61972463,0.62415487,0.6902044,0.5485659,0.6860462
joaogoside - 48.png,go_side,0.5351973,0.39506996,0.5472311,0.3881706,0.5240283,0.38934165,0.5645579,0.39416647,0.50655526,0.39623055,0.6009936,0.43780792,0.47540012,0.43275243,0.64862347,0.47295028,0.3918428,0.4383505,0.56689245,0.4818647,0.29453593,0.43576434,0.56867796,0.54352695,0.49285057,0.5394281,0.57121634,0.6191419,0.4894739,0.6183846,0.56283253,0.69171655,0.49764052,0.68331254
joaogoside - 49.png,go_side,0.50861907,0.4108597,0.52054924,0.4041722,0.4959565,0.4043784,0.53494287,0.40894103,0.4771456,0.41052374,0.5664919,0.45268813,0.44386154,0.44639036,0.61823493,0.49109107,0.35559613,0.45098698,0.53133357,0.4981866,0.26506606,0.45164272,0.535694,0.55797476,0.45974833,0.55451477,0.5502167,0.63128626,0.4615552,0.6342451,0.5411851,0.7033792,0.47162983,0.7034253
joaogoside - 50.png,go_side,0.4878023,0.43147853,0.4994943,0.42443344,0.47572932,0.42496473,0.5158612,0.4297469,0.45845488,0.431112,0.54696816,0.47353142,0.42657194,0.46871653,0.597581,0.50909793,0.33682245,0.47279003,0.5193115,0.51926184,0.25114486,0.47257584,0.51831704,0.5792605,0.44703105,0.5762781,0.52520233,0.651337,0.4462042,0.6545637,0.5244495,0.72465664,0.44976494,0.7213038
joaogoside - 51.png,go_side,0.48598304,0.42405888,0.49708557,0.4172592,0.47375283,0.41786793,0.51229054,0.4214408,0.45464042,0.42378485,0.54590625,0.46678266,0.42553705,0.45991653,0.59519345,0.5032573,0.3360395,0.46516564,0.5149887,0.5100231,0.24327664,0.46475527,0.51462007,0.5748277,0.44108054,0.570267,0.5195436,0.64712894,0.44606662,0.64653736,0.51372397,0.7216397,0.45478964,0.7149188
joaogoside - 52.png,go_side,0.48025393,0.40912467,0.49253222,0.40195525,0.46767503,0.40230072,0.5076893,0.406664,0.44637597,0.4080569,0.5406889,0.45391035,0.41381496,0.4468746,0.59135073,0.49102548,0.32523525,0.45010942,0.5079141,0.5013671,0.229076,0.45009664,0.5098855,0.5643424,0.4328962,0.5600324,0.51323766,0.6406025,0.43355668,0.6425166,0.505054,0.7182285,0.44773346,0.71715987
joaogoside - 53.png,go_side,0.49679112,0.4121801,0.51065457,0.4046087,0.48320442,0.40495664,0.5273875,0.4118806,0.46125615,0.41265643,0.561172,0.4613319,0.4230133,0.4546132,0.6232291,0.50413966,0.31846675,0.4587293,0.5267416,0.5108508,0.21790631,0.45798504,0.52767694,0.5812894,0.44560605,0.5769618,0.5314716,0.66575134,0.44233257,0.6680732,0.5343856,0.74797726,0.44399476,0.7438746
joaogoside - 54.png,go_side,0.5135013,0.41114286,0.5283872,0.40329814,0.49759957,0.40313,0.54575455,0.41008657,0.47392443,0.41065848,0.5855538,0.4629286,0.43324253,0.45557913,0.654426,0.5085643,0.32601464,0.45979548,0.5419801,0.52029216,0.21443103,0.45913392,0.5548947,0.5935647,0.46104482,0.5891121,0.5582394,0.68444306,0.4520926,0.68700165,0.55847394,0.7722585,0.46378914,0.7733892
joaogoside - 55.png,go_side,0.52570164,0.41133016,0.54183215,0.40210992,0.5109152,0.40301543,0.5619381,0.4094164,0.4854612,0.410792,0.6084771,0.46648479,0.43857688,0.4600129,0.67536336,0.5169351,0.31811494,0.46495098,0.56145406,0.52901804,0.19261979,0.46014988,0.5697779,0.6096332,0.46603242,0.6056478,0.57835764,0.712105,0.46492094,0.7157389,0.567303,0.80629724,0.4688479,0.803396
joaogoside - 56.png,go_side,0.58095825,0.41794366,0.5975855,0.40889847,0.563572,0.40938175,0.6172374,0.4174677,0.535618,0.419506,0.6624039,0.4764284,0.48639095,0.46908405,0.7415858,0.5322041,0.35310805,0.4756779,0.6143441,0.54840887,0.22923103,0.4750977,0.61997575,0.6325847,0.51150537,0.62742907,0.6315709,0.7400324,0.5136643,0.74446696,0.6340531,0.8434358,0.5198773,0.8426632
joaogoside - 57.png,go_side,0.67693716,0.4207073,0.69435006,0.4098573,0.65851575,0.4115926,0.7161961,0.41764802,0.627963,0.42135242,0.7673383,0.48404208,0.57702905,0.4777594,0.85204923,0.5403562,0.436544,0.48447603,0.73011047,0.5577013,0.296626,0.4811043,0.71960145,0.6526893,0.604625,0.6475904,0.73372984,0.768379,0.60438716,0.77099097,0.72891796,0.87933624,0.6055031,0.8735396
joaogoside - 58.png,go_side,0.737336,0.42163265,0.7544086,0.4107574,0.71778,0.41184363,0.77336663,0.4182114,0.68393505,0.42121,0.8279749,0.48444393,0.6271052,0.47731963,0.9202446,0.54445946,0.48191682,0.48496968,0.7947735,0.56124985,0.34246406,0.48521435,0.7841831,0.6600523,0.6610082,0.65490955,0.79356736,0.7797497,0.6551457,0.78660303,0.7839285,0.89471847,0.66112244,0.89683026
joaogoside - 59.png,go_side,0.68152547,0.4230243,0.70039505,0.41255286,0.6610267,0.4133331,0.7223646,0.42164797,0.6285205,0.42416957,0.773771,0.4876998,0.57474273,0.479984,0.8679638,0.54686904,0.4228457,0.48595634,0.7394644,0.56628096,0.2824766,0.487665,0.7289265,0.66655844,0.60693175,0.66082364,0.738968,0.78690654,0.6109256,0.7905748,0.7398846,0.90516466,0.61452425,0.9040196
joaogoside - 60.png,go_side,0.56939316,0.43056485,0.5901341,0.42005417,0.5524542,0.42096,0.6167158,0.42956555,0.5242225,0.43117973,0.67041373,0.496489,0.4716809,0.48896152,0.7570097,0.5584916,0.3197746,0.49642593,0.62304914,0.57690305,0.16555172,0.4961837,0.62558025,0.67549884,0.5042808,0.6697538,0.6426147,0.8042408,0.50898516,0.8041254,0.6445318,0.9266307,0.50465274,0.91652817
joaogoside - 61.png,go_side,0.53020823,0.43539578,0.54996103,0.42488128,0.51401246,0.42549622,0.57550627,0.43327639,0.4866932,0.43409616,0.6317008,0.49987376,0.43219817,0.49188736,0.71586835,0.56374335,0.28029507,0.5028999,0.57479906,0.57917434,0.1308353,0.5020974,0.5879284,0.67612684,0.46550268,0.6708997,0.60031784,0.80641484,0.4699969,0.8075694,0.6060782,0.9241818,0.46705982,0.9189796
joaogoside - 62.png,go_side,0.5629304,0.45837474,0.5821108,0.44813055,0.547034,0.44875044,0.6066073,0.4557134,0.5202145,0.45666113,0.6581075,0.5199034,0.46732262,0.5114459,0.738818,0.58116126,0.32187057,0.52036214,0.61578345,0.5987741,0.18082154,0.5182094,0.61311626,0.6891826,0.49693948,0.68355787,0.6288017,0.81126314,0.4997442,0.81154674,0.62669295,0.92507505,0.49671507,0.91755474
joaogoside - 63.png,go_side,0.60104734,0.43682227,0.6177482,0.4272734,0.58412033,0.42783803,0.63809204,0.4340192,0.5576225,0.43635988,0.6841851,0.49420446,0.5094019,0.4864481,0.75628257,0.5504404,0.38050118,0.49294156,0.6417305,0.56364155,0.25083917,0.4935252,0.64690876,0.65095955,0.5372847,0.6465178,0.66656536,0.75674266,0.54175603,0.7636787,0.6628794,0.8594822,0.55546826,0.8618257
joaogoside2 - 02.png,go_side,0.49622446,0.19466835,0.5078181,0.18250816,0.4732077,0.18583821,0.53056675,0.18976761,0.44705832,0.19844253,0.5950059,0.25361753,0.40466776,0.27037507,0.7344956,0.27087867,0.343126,0.33612728,0.87553895,0.2790875,0.44928664,0.34994203,0.5678,0.41756472,0.45256454,0.42549714,0.5669581,0.53179,0.4496894,0.5340818,0.56993645,0.6331027,0.4486385,0.6322275
joaogoside2 - 03.png,go_side,0.4572224,0.2963955,0.4689518,0.284609,0.43608165,0.28701583,0.48914784,0.2895635,0.40976533,0.29578027,0.54956,0.35007566,0.36617097,0.3648774,0.68482137,0.3622345,0.3044626,0.42632195,0.82269996,0.3702014,0.41225958,0.44033873,0.5251505,0.5096462,0.41601467,0.51689,0.527738,0.6246151,0.41688722,0.62350035,0.5260813,0.7177914,0.41722098,0.71560764
joaogoside2 - 04.png,go_side,0.34108728,0.33956176,0.35494307,0.3284506,0.32167512,0.33077347,0.3811966,0.33398277,0.30076393,0.3399109,0.4434042,0.39189085,0.2602066,0.4063956,0.5784524,0.39807346,0.19102676,0.45934698,0.7060738,0.40180162,0.29906622,0.47016758,0.4164665,0.544693,0.30772635,0.55196595,0.42045474,0.65604424,0.3122956,0.65697753,0.42179796,0.7550875,0.31012174,0.75472695
joaogoside2 - 05.png,go_side,0.34583277,0.35281202,0.35869196,0.3427465,0.32645577,0.3443954,0.38045514,0.34967327,0.30247542,0.35426685,0.43587223,0.40330145,0.2656361,0.4180043,0.5655462,0.41176465,0.20286173,0.47299045,0.6889681,0.41770834,0.311194,0.48447412,0.41088688,0.55276245,0.30761188,0.5602473,0.41198662,0.66158676,0.30929592,0.66296685,0.40809384,0.7569185,0.30364153,0.7609758
joaogoside2 - 06.png,go_side,0.38801652,0.3775588,0.40014076,0.36725548,0.3689548,0.36954704,0.42206445,0.37449223,0.34821314,0.38049,0.47784457,0.42810833,0.3088183,0.4417592,0.60275775,0.4373232,0.25321633,0.49684426,0.7240655,0.44064552,0.35895482,0.5158258,0.45335585,0.5731061,0.35164607,0.57963884,0.45037544,0.67736953,0.34824246,0.6797944,0.45497307,0.7700582,0.34595528,0.7711988
joaogoside2 - 07.png,go_side,0.30097428,0.3875119,0.3133274,0.3773044,0.28213194,0.37976578,0.33738783,0.38337365,0.2628874,0.38988936,0.39173108,0.43492654,0.22643967,0.44930932,0.5101355,0.44229576,0.16908091,0.5010327,0.6220626,0.44524634,0.26934522,0.5164882,0.36799783,0.5753183,0.26878005,0.5822136,0.36844608,0.67507225,0.26857427,0.67857116,0.37446442,0.76826376,0.26662517,0.7692196
joaogoside2 - 08.png,go_side,0.26005527,0.40437892,0.27200124,0.3944876,0.24267916,0.39641854,0.29383138,0.39970356,0.22403823,0.40464595,0.3466843,0.45108104,0.18783043,0.46300668,0.45906553,0.4580534,0.12979984,0.5119636,0.5723678,0.4598593,0.22863331,0.52940315,0.32551482,0.5871759,0.23068415,0.59335726,0.329033,0.6853838,0.22706725,0.6873606,0.32814166,0.76952267,0.22482282,0.77344847
joaogoside2 - 09.png,go_side,0.31096238,0.42192262,0.3224598,0.41281733,0.29446316,0.41465247,0.34466237,0.41896027,0.27781862,0.42399305,0.39614975,0.46492153,0.2418242,0.47752583,0.50967604,0.4732138,0.18862563,0.52729976,0.6167961,0.47517407,0.2821403,0.54387057,0.37396777,0.59690595,0.28079242,0.6030443,0.37867916,0.6921332,0.28198043,0.6942869,0.38340393,0.77734697,0.28033927,0.7803939
joaogoside2 - 10.png,go_side,0.44671044,0.40819076,0.45676497,0.39875492,0.42897856,0.40114397,0.47467893,0.40474805,0.40919137,0.41071296,0.52188057,0.45299876,0.37729383,0.46452382,0.62481713,0.4614868,0.32620704,0.5098827,0.72925127,0.46010497,0.41443157,0.52206945,0.5037888,0.5788483,0.41754562,0.5848848,0.50653934,0.6682154,0.41135162,0.67232233,0.5031902,0.7509201,0.40765664,0.7559466
joaogoside2 - 11.png,go_side,0.54629505,0.39757863,0.5555839,0.38818547,0.52953345,0.39029762,0.5709848,0.39372078,0.51008457,0.39903545,0.6205375,0.44144005,0.47595242,0.45323864,0.73427683,0.44661874,0.43083376,0.49863717,0.83233017,0.44589457,0.52431935,0.50944775,0.6011771,0.5661685,0.5156532,0.57165116,0.600925,0.65571606,0.50884956,0.6569319,0.59985924,0.73612994,0.5045416,0.73858476
joaogoside2 - 12.png,go_side,0.47097024,0.36427748,0.4812059,0.35570028,0.45328498,0.3576422,0.49906954,0.36294162,0.43316954,0.36809546,0.54547685,0.40818593,0.40230468,0.41895995,0.65207833,0.4152415,0.3551011,0.46238273,0.74594724,0.41656655,0.44372508,0.47572717,0.52679724,0.52972734,0.44165114,0.53492945,0.526396,0.61832875,0.4388851,0.62034637,0.5262768,0.698861,0.43234715,0.70343417
joaogoside2 - 13.png,go_side,0.31703848,0.35308114,0.327503,0.34479788,0.3003483,0.3471267,0.34872335,0.35190076,0.28265145,0.35783607,0.39651394,0.3965308,0.2554379,0.40889475,0.49623576,0.4038091,0.20783165,0.45105237,0.5941896,0.4050496,0.29142243,0.4602645,0.3792181,0.5148339,0.294304,0.5211327,0.38629535,0.6000832,0.29113886,0.6028173,0.3859401,0.6802545,0.29272425,0.68315995
joaogoside2 - 14.png,go_side,0.25501886,0.38530365,0.2657135,0.37737653,0.23933546,0.37912765,0.2864775,0.38350514,0.22212829,0.38834083,0.33329195,0.4272837,0.19430168,0.4414299,0.4344173,0.43318033,0.15142305,0.4823444,0.5362023,0.43351245,0.2358854,0.49438798,0.3168524,0.54417676,0.23270373,0.5517284,0.32623103,0.6277957,0.23171873,0.63295215,0.31944507,0.70657235,0.22932878,0.7116743
joaogoside2 - 15.png,go_side,0.3375699,0.39575228,0.3480929,0.38800964,0.322593,0.38961658,0.36915338,0.3937583,0.30682096,0.39829174,0.41686004,0.43647462,0.27905008,0.45075017,0.51577723,0.442544,0.23852092,0.4914296,0.61210006,0.44222116,0.31887686,0.5015346,0.40010947,0.5522628,0.31641033,0.5596191,0.41007864,0.6336859,0.31565776,0.6378003,0.39971083,0.71166736,0.31395105,0.71528846
joaogoside2 - 16.png,go_side,0.45240456,0.39156142,0.46111363,0.3838263,0.43631396,0.3855447,0.47760049,0.38999465,0.4165024,0.3950275,0.52302426,0.43258002,0.3889227,0.44644216,0.6223185,0.43856642,0.35153255,0.48579264,0.7211658,0.43972978,0.430123,0.49802878,0.5054943,0.5473548,0.4249398,0.5544534,0.51375353,0.6316101,0.42441902,0.6362586,0.49667314,0.7102002,0.41595852,0.7141525
joaogoside2 - 17.png,go_side,0.5287887,0.39213204,0.5369123,0.38384235,0.5123676,0.3858033,0.55226314,0.38838032,0.4915482,0.3939885,0.5985308,0.43212044,0.46294227,0.4473348,0.69726914,0.43766767,0.42600223,0.48777658,0.7963499,0.43799365,0.50962186,0.4987691,0.58289284,0.5471463,0.5016107,0.55490583,0.5888164,0.630483,0.4955235,0.6359378,0.57064444,0.70780504,0.48975864,0.71350014
joaogoside2 - 18.png,go_side,0.5394557,0.37824735,0.5490613,0.3695422,0.52270246,0.3716916,0.5653319,0.37540665,0.5037118,0.38131875,0.60989845,0.41897133,0.47123492,0.43180174,0.7114005,0.42846224,0.43313769,0.47664386,0.8045271,0.42844498,0.5207549,0.4861768,0.59714323,0.53852075,0.5120369,0.5447984,0.59466594,0.6222731,0.50836945,0.6272165,0.5921379,0.69997627,0.5007753,0.7032789
joaogoside2 - 19.png,go_side,0.50750846,0.34535512,0.5153911,0.33678564,0.4897775,0.33893976,0.5321519,0.3429172,0.4681666,0.3489511,0.5840109,0.39015844,0.435725,0.40346214,0.689521,0.39727542,0.39846733,0.4454881,0.79174787,0.3986405,0.48946443,0.45925885,0.56417507,0.514868,0.47493264,0.5218049,0.5715191,0.60097164,0.4715258,0.6045754,0.55680585,0.68509775,0.4682533,0.68859625
joaogoside2 - 20.png,go_side,0.4746631,0.34343022,0.48454526,0.3338299,0.45542738,0.33668247,0.502374,0.34198007,0.43397278,0.34925964,0.5563914,0.39225635,0.39929,0.40656188,0.675196,0.39699632,0.3503992,0.45454735,0.78508955,0.39835575,0.44784585,0.4641195,0.5387875,0.52771807,0.44469255,0.53442323,0.53488064,0.62653023,0.43986657,0.62879395,0.53764445,0.71446335,0.44089106,0.7156563
joaogoside2 - 21.png,go_side,0.48534173,0.34246588,0.49651635,0.33252764,0.46577138,0.33492202,0.51830363,0.34087154,0.44366527,0.34743094,0.57927877,0.39358726,0.4043497,0.40833184,0.69961935,0.40115237,0.3562062,0.45997307,0.8192386,0.4035416,0.4610744,0.47213736,0.55822855,0.53937453,0.45124334,0.5463878,0.5572949,0.64402944,0.44519562,0.64536387,0.5527609,0.74063396,0.45211494,0.7419751
joaogoside2 - 22.png,go_side,0.49100918,0.3437876,0.5021782,0.3329803,0.4697146,0.33605474,0.52514,0.34035468,0.44734344,0.3486403,0.58989316,0.39580402,0.4094563,0.41236383,0.7265708,0.402436,0.35554305,0.4651866,0.84997165,0.40396044,0.47867408,0.47347176,0.5699856,0.5515647,0.46062276,0.5596147,0.5622752,0.6623244,0.4591133,0.6672338,0.5704197,0.7624252,0.45724377,0.7675499
joaogoside2 - 23.png,go_side,0.41257823,0.34233955,0.42592633,0.3314855,0.39311346,0.33379048,0.45380995,0.33793005,0.3744255,0.34447175,0.51925576,0.3932578,0.33537775,0.40935442,0.65639204,0.4002383,0.27750883,0.46251768,0.781912,0.40056258,0.39510283,0.4697128,0.49924135,0.5496143,0.38718474,0.55760276,0.4963858,0.66385275,0.39001167,0.66837186,0.5053866,0.7627108,0.3873314,0.7668854
joaogoside2 - 24.png,go_side,0.33886927,0.35005167,0.35261813,0.33947366,0.31882104,0.34225592,0.38062313,0.3468695,0.29875973,0.35396376,0.4440662,0.40181792,0.2640855,0.41694644,0.57781726,0.40885413,0.20563392,0.4687111,0.6995403,0.41092297,0.30890852,0.47770014,0.42085823,0.55253667,0.31244022,0.5598859,0.42587987,0.66380906,0.31637144,0.6652715,0.43241203,0.7614624,0.32361156,0.761084
joaogoside2 - 25.png,go_side,0.26632074,0.35415012,0.27970076,0.3439255,0.2483287,0.346663,0.30877772,0.35073736,0.23268045,0.35769394,0.3724973,0.4043379,0.1991529,0.41890538,0.50012404,0.41093686,0.1388834,0.46713346,0.61624604,0.41160733,0.24033059,0.47857192,0.35435507,0.54852575,0.25036034,0.5559708,0.3576054,0.6550288,0.25264022,0.6586892,0.36921075,0.7464467,0.2585165,0.74854153
joaogoside2 - 26.png,go_side,0.3390524,0.35619968,0.35271454,0.34644616,0.32155535,0.34905866,0.38172597,0.35328665,0.30634433,0.3598483,0.4402117,0.4038995,0.2761702,0.4176483,0.5565283,0.4086284,0.21617849,0.4619872,0.66971385,0.40822813,0.3027346,0.47112265,0.42137468,0.54201466,0.32306886,0.54881555,0.42905533,0.64370567,0.3288834,0.6457144,0.4303076,0.7336622,0.3333227,0.7322651
joaogoside2 - 27.png,go_side,0.4467247,0.37123048,0.4597636,0.3621492,0.43113902,0.364001,0.48992032,0.36767435,0.41842633,0.37285724,0.5480244,0.4146734,0.38647214,0.42860177,0.6585917,0.41891053,0.3274942,0.46780807,0.77335495,0.41854775,0.41276312,0.48110214,0.53331983,0.5502818,0.4354712,0.5587076,0.5402356,0.6479449,0.4358479,0.6582539,0.54347545,0.73746085,0.4394405,0.74754775
joaogoside2 - 28.png,go_side,0.48051202,0.40778297,0.49275568,0.39827663,0.46522725,0.40052816,0.5223864,0.40255758,0.45561352,0.40861055,0.5794774,0.44974107,0.42468283,0.4616794,0.68591434,0.45401204,0.36673206,0.50232553,0.80153346,0.45264316,0.45019335,0.5124034,0.5578672,0.5789407,0.46584064,0.58473,0.56454647,0.67428637,0.47431713,0.6755831,0.56700826,0.75842375,0.48153177,0.75506455
joaogoside2 - 29.png,go_side,0.5270692,0.4229004,0.5388815,0.4137668,0.5122369,0.4156131,0.5644592,0.4184437,0.50014365,0.42336255,0.616086,0.46447176,0.4704683,0.47562233,0.722996,0.46879238,0.41288936,0.5153083,0.8274026,0.4669065,0.49037677,0.5271509,0.5967368,0.5890212,0.5098085,0.59476614,0.60503834,0.6827979,0.51094747,0.6852334,0.6134908,0.76119304,0.51357335,0.7614744
joaogoside2 - 30.png,go_side,0.5515948,0.42837903,0.56305647,0.4194455,0.5363089,0.42109674,0.5876571,0.42314675,0.5214703,0.42758676,0.64039284,0.4687568,0.4886148,0.47864553,0.7414538,0.47478774,0.43842795,0.5162061,0.8465808,0.47550482,0.52259487,0.5312482,0.61772484,0.5921987,0.52747506,0.5974931,0.61962557,0.6844952,0.5273357,0.68647224,0.6102426,0.7666255,0.5367033,0.7655739
joaogoside2 - 31.png,go_side,0.548281,0.4483411,0.5596221,0.4393063,0.53193974,0.44117805,0.5812527,0.444714,0.5162819,0.4495368,0.63011086,0.49061978,0.4849979,0.49980786,0.7390286,0.49642783,0.43123907,0.53830624,0.8412914,0.49527428,0.5082386,0.55084586,0.6087103,0.6178115,0.52218574,0.6223531,0.6105344,0.7100864,0.52055824,0.71113855,0.61976737,0.79378045,0.5246224,0.7926487
joaogoside2 - 32.png,go_side,0.5432702,0.47164786,0.5533228,0.46250278,0.52682346,0.46459132,0.57146335,0.46782058,0.50855666,0.47302002,0.62081295,0.5147662,0.4752437,0.524652,0.72818524,0.5204647,0.4226226,0.56470966,0.82853764,0.52083755,0.5080569,0.57545143,0.5989606,0.6416432,0.512361,0.64644104,0.6025318,0.73556834,0.5090221,0.73607045,0.5992695,0.82072437,0.5043588,0.82104766
joaogoside2 - 33.png,go_side,0.565545,0.47307214,0.5756321,0.46422198,0.54879445,0.46614707,0.5936518,0.4698891,0.53038794,0.47482175,0.6420186,0.5154619,0.49750072,0.5247719,0.7479928,0.52224326,0.44978794,0.5638648,0.85137576,0.52379936,0.533596,0.57494533,0.6211254,0.6419236,0.5346419,0.6465253,0.6212587,0.7348868,0.52865154,0.7362939,0.62069345,0.8190054,0.52875847,0.8212872
joaogoside2 - 34.png,go_side,0.5653675,0.45201424,0.5748187,0.4427462,0.5483555,0.44498083,0.5921337,0.44730884,0.5299642,0.45304385,0.6411223,0.4933945,0.49781522,0.5035945,0.7528115,0.4976206,0.4509947,0.5410682,0.8509893,0.49969867,0.5373168,0.5517111,0.6189796,0.61690444,0.5341039,0.6217729,0.61645323,0.7097156,0.5290474,0.7119982,0.6202456,0.7926433,0.5264268,0.7948423
joaogoside2 - 35.png,go_side,0.48797148,0.4347114,0.49754146,0.4257043,0.47129786,0.4277751,0.51534075,0.43023956,0.4530356,0.435608,0.5623969,0.47640014,0.42069364,0.48585674,0.66472656,0.48411754,0.37242815,0.5240281,0.7611,0.48497382,0.45890656,0.5346387,0.54133016,0.5995069,0.45653033,0.6043126,0.54080796,0.6880526,0.44927707,0.6911918,0.5406063,0.770626,0.4454722,0.7740156
joaogoside2 - 36.png,go_side,0.40508652,0.40478736,0.41434819,0.39621335,0.38818756,0.39821753,0.43130875,0.4017649,0.36995277,0.40712187,0.47688088,0.44598335,0.33871454,0.45512107,0.57931376,0.45334312,0.29269204,0.49238768,0.6731741,0.45543644,0.37218532,0.5031202,0.45771262,0.5652971,0.3746432,0.56988746,0.45651203,0.65268844,0.368126,0.65567154,0.4617041,0.7353892,0.3648513,0.73871136
joaogoside2 - 37.png,go_side,0.3786259,0.37995958,0.3881077,0.37170258,0.3631757,0.37312162,0.40387335,0.37735605,0.34530067,0.3812097,0.44607282,0.4209586,0.31484905,0.42943847,0.54615533,0.427501,0.27214584,0.46399748,0.6339147,0.42892668,0.35081318,0.47289687,0.42809096,0.53729707,0.35033166,0.5420023,0.430439,0.62077147,0.34762523,0.6243937,0.43101746,0.6951013,0.34715354,0.7003167
joaogoside2 - 38.png,go_side,0.39129257,0.36425465,0.40022442,0.35603818,0.37600935,0.35771152,0.41715708,0.36064044,0.3608971,0.3652824,0.45939356,0.40244162,0.3323487,0.41111988,0.55165523,0.4102138,0.2889273,0.445332,0.6414013,0.41020823,0.36040667,0.4538615,0.44331807,0.51423305,0.36795136,0.51907986,0.44410473,0.5925055,0.36313215,0.59762335,0.44740668,0.6645954,0.36676922,0.6704687
joaogoside2 - 39.png,go_side,0.41358122,0.3573264,0.42309147,0.35095382,0.40021828,0.35165888,0.439815,0.3566274,0.38462186,0.35919785,0.48054013,0.39524302,0.35894987,0.40532082,0.5707932,0.40067738,0.32134336,0.43632823,0.6608118,0.4016609,0.38941967,0.44480106,0.46559876,0.5018428,0.39240435,0.5074928,0.47114334,0.57702583,0.39012438,0.5810508,0.46576428,0.6490854,0.3906188,0.6553057
joaogoside2 - 40.png,go_side,0.43089932,0.34176213,0.43844908,0.33448136,0.4166103,0.33641255,0.4544775,0.33902538,0.4006627,0.34420714,0.49654618,0.37660798,0.37653434,0.38669363,0.5868862,0.38222826,0.3370619,0.4177338,0.67101634,0.38292775,0.40627107,0.42567018,0.4816083,0.4774132,0.41105863,0.48277107,0.48269156,0.5509285,0.40674996,0.5553135,0.47739133,0.621612,0.40467483,0.62445945
joaogoside2 - 41.png,go_side,0.43609273,0.3353392,0.4450385,0.32825986,0.42317766,0.3294363,0.45995182,0.33293924,0.40837553,0.3359077,0.4969679,0.36921623,0.38493115,0.37730113,0.5826467,0.37383667,0.34651506,0.40721127,0.6651124,0.37447426,0.4093933,0.41378233,0.4877603,0.4684233,0.4229137,0.47265273,0.48814595,0.53865373,0.41701463,0.54173267,0.48421574,0.6017595,0.41355267,0.6049751
joaogoside2 - 42.png,go_side,0.4321607,0.32274476,0.44094476,0.31631342,0.41963828,0.31772667,0.4567349,0.3213922,0.4057273,0.3252322,0.49230623,0.35682783,0.38582757,0.36534467,0.57471454,0.3612185,0.34492424,0.39180812,0.6533361,0.36197665,0.4067308,0.3984574,0.4781485,0.44968215,0.4134534,0.454396,0.4860297,0.51831657,0.41010076,0.5225634,0.486219,0.58471286,0.40662304,0.58701736
joaogoside2 - 43.png,go_side,0.44660246,0.3216593,0.4544002,0.31477013,0.43317655,0.3167099,0.47162703,0.31919417,0.42026535,0.32435182,0.50627565,0.35343662,0.40059254,0.3618969,0.58222973,0.3596484,0.36269107,0.38965794,0.6612997,0.3606915,0.42398587,0.39512846,0.49206525,0.44405106,0.42895973,0.44896585,0.5004064,0.5116049,0.42931864,0.5168908,0.4987894,0.5756339,0.42388356,0.57685494
joaogoside2 - 44.png,go_side,0.4371837,0.31387097,0.44540736,0.30721885,0.4248699,0.30879134,0.4610938,0.31131032,0.41219306,0.3156405,0.4975035,0.34572825,0.39270166,0.35568625,0.57759917,0.34957364,0.35260084,0.3840179,0.6535237,0.35066068,0.41799757,0.389099,0.48448852,0.4355556,0.42143512,0.44083005,0.4897843,0.5044426,0.41781056,0.5091802,0.48796532,0.56770754,0.41891232,0.5706732
joaogoside2 - 45.png,go_side,0.38053256,0.31913778,0.38834274,0.31270525,0.36857983,0.31405538,0.40570366,0.31732994,0.35821488,0.321387,0.44113344,0.35030147,0.33424807,0.35829425,0.515664,0.35700107,0.2982334,0.38625592,0.5938459,0.35744277,0.3592888,0.3917263,0.42562118,0.44086224,0.36141804,0.44589722,0.43754366,0.5065058,0.36702287,0.51235986,0.43549109,0.5704453,0.36730504,0.5724884
joaogoside2 - 46.png,go_side,0.3430394,0.3270213,0.35215172,0.3204583,0.33177364,0.3218759,0.37121513,0.32401043,0.3223032,0.32789862,0.4059551,0.35742903,0.30331945,0.36640546,0.482915,0.36263135,0.26146263,0.39394346,0.5599708,0.3635009,0.32515457,0.3986345,0.38870737,0.4466892,0.32624307,0.4518663,0.40212044,0.5118001,0.33138946,0.51697963,0.4033848,0.5768372,0.3296089,0.5790295
joaogoside2 - 47.png,go_side,0.33976552,0.35621214,0.34838393,0.34999874,0.32888883,0.3507756,0.36721152,0.35340267,0.31834677,0.35597542,0.40183884,0.38680345,0.29537886,0.3957451,0.47917017,0.391058,0.25783363,0.42448914,0.5544309,0.39083698,0.32154933,0.43115896,0.38794717,0.47602987,0.32543644,0.48155922,0.3998318,0.5440637,0.33361596,0.5489825,0.396731,0.60225695,0.32958248,0.60518664
joaogoside2 - 48.png,go_side,0.31626275,0.39376298,0.3247028,0.38717353,0.30479836,0.3879324,0.342271,0.39002067,0.29570797,0.39277822,0.3766032,0.42313445,0.2695329,0.43022475,0.45121714,0.43007,0.23225378,0.4600768,0.5255675,0.4300459,0.29782522,0.46885803,0.3619934,0.51544327,0.29840964,0.5198702,0.36993992,0.57904106,0.3028256,0.58316714,0.37513164,0.6364682,0.31009352,0.6384581
joaogoside2 - 49.png,go_side,0.28215533,0.41925687,0.29011592,0.41259277,0.26980025,0.4141062,0.3082661,0.41630384,0.25931764,0.42073163,0.34320924,0.4480713,0.2368206,0.45676056,0.41656408,0.4520543,0.1985017,0.4851612,0.49198487,0.45175427,0.25990757,0.49225837,0.3273666,0.5385978,0.26336315,0.54351634,0.3416184,0.6038651,0.26834196,0.6081013,0.33935353,0.6628518,0.26840338,0.6623362
joaogoside2 - 50.png,go_side,0.23341815,0.4395389,0.24288528,0.43347293,0.22236866,0.43454254,0.26060122,0.4372246,0.21171811,0.4403043,0.29574105,0.4682398,0.1898561,0.47829163,0.37045977,0.47339842,0.15098628,0.5087676,0.44423294,0.4728037,0.20964716,0.5132841,0.28334457,0.5611836,0.216387,0.56701267,0.30443317,0.62423974,0.21677652,0.62971145,0.30455816,0.68416774,0.2173175,0.6910018
joaogoside2 - 51.png,go_side,0.21055806,0.43944907,0.21905799,0.43287832,0.19884703,0.4337928,0.23699942,0.43633437,0.18895546,0.43947273,0.2712396,0.4696649,0.1624626,0.47748542,0.34364048,0.47369778,0.12177307,0.50520986,0.41843557,0.4747288,0.18562548,0.51255625,0.25454313,0.5626689,0.18974927,0.5673251,0.26546165,0.6278866,0.19247949,0.63263184,0.26730153,0.6891003,0.19547606,0.69046664
joaogoside2 - 52.png,go_side,0.35258868,0.43426389,0.36061215,0.42773902,0.34052882,0.42919528,0.37843755,0.43153042,0.3290877,0.4355605,0.4125027,0.46422654,0.30870768,0.47265887,0.48580983,0.4694841,0.26916447,0.5011909,0.56590086,0.46820042,0.3305967,0.50524276,0.40113953,0.5540224,0.33890846,0.55897164,0.40794837,0.61987513,0.33710065,0.6241006,0.40879154,0.68461144,0.33173826,0.6849508
joaogoside2 - 53.png,go_side,0.51372796,0.43482593,0.5223929,0.42855293,0.50128496,0.43007043,0.5388525,0.4329021,0.4881394,0.43701786,0.5752066,0.46509147,0.46850228,0.4751572,0.65578246,0.4695514,0.43080828,0.5044046,0.73093385,0.4690196,0.4919612,0.5070893,0.5609083,0.55651945,0.49524185,0.5617329,0.571882,0.62304246,0.49324057,0.62680095,0.56942457,0.6888597,0.49018174,0.69090605
joaogoside2 - 54.png,go_side,0.5763645,0.46425384,0.58478063,0.45759356,0.5642954,0.45849335,0.602543,0.46086034,0.5533165,0.46404287,0.63993347,0.49378082,0.5285035,0.502373,0.72179174,0.49705246,0.49259678,0.5316211,0.797146,0.4969928,0.55931413,0.5390313,0.6253639,0.58845663,0.558286,0.59322137,0.6294224,0.65591496,0.5566424,0.65992856,0.6318158,0.7225062,0.55470884,0.7252134
joaogoside2 - 55.png,go_side,0.57835937,0.49317878,0.58619505,0.48617765,0.565766,0.48763222,0.60312754,0.4891779,0.55220205,0.4932742,0.64279085,0.52372074,0.5289623,0.5336608,0.72510976,0.5277961,0.4953395,0.5633484,0.80426633,0.5281135,0.5639956,0.570649,0.6275212,0.61740565,0.5595268,0.62275726,0.6356073,0.6888886,0.5562942,0.693199,0.6284899,0.75537664,0.55728906,0.75727135
joaogoside2 - 56.png,go_side,0.57636356,0.52260906,0.58533,0.5162111,0.5637954,0.5174646,0.6035822,0.5198951,0.55164343,0.52379066,0.64368194,0.5524549,0.5313631,0.5635768,0.7239408,0.5574919,0.4983447,0.5920349,0.8043502,0.55893505,0.5567337,0.59827644,0.6295172,0.6516166,0.5600361,0.65718204,0.6351432,0.7199865,0.5535156,0.7238195,0.630885,0.7900875,0.5599754,0.7928312
joaogoside2 - 57.png,go_side,0.58351403,0.5453807,0.59142333,0.5382538,0.5701714,0.5398299,0.60831714,0.541316,0.5554661,0.5457143,0.6476688,0.5753547,0.5333627,0.58570457,0.731732,0.58156055,0.4989302,0.6180376,0.8138575,0.580582,0.56816626,0.6249706,0.6346965,0.6739344,0.5664404,0.67953736,0.6401324,0.74788374,0.5648601,0.75222355,0.6357772,0.81739485,0.56446666,0.81959206
joaogoside2 - 58.png,go_side,0.5344421,0.5498843,0.54226685,0.54275835,0.52109545,0.5441984,0.5588952,0.54566777,0.5063728,0.54983795,0.598401,0.5812032,0.48234037,0.59185714,0.68425137,0.58528024,0.44696128,0.6240311,0.76850957,0.5862203,0.519624,0.63177466,0.58523506,0.68067104,0.51629406,0.68654215,0.5943175,0.7571502,0.515948,0.7612264,0.58955634,0.82890594,0.50734746,0.83190084
joaogoside2 - 59.png,go_side,0.44314122,0.5390515,0.45130202,0.53157187,0.43018928,0.5329859,0.4684983,0.53419626,0.4166973,0.5382162,0.5083437,0.5710491,0.39236438,0.58139527,0.5952998,0.5741597,0.3518152,0.6127163,0.6782362,0.57412124,0.42065835,0.61894506,0.49424607,0.6731489,0.42591158,0.6787677,0.5017575,0.74954563,0.42420372,0.7536509,0.49958688,0.82262254,0.41759184,0.8266585
joaogoside2 - 60.png,go_side,0.3985308,0.41526836,0.40881577,0.40894747,0.38444272,0.4104361,0.42887992,0.41458818,0.37029055,0.41898507,0.46916237,0.44886115,0.35038456,0.4609676,0.5559371,0.4508879,0.3111315,0.48990634,0.6432514,0.45538458,0.37037227,0.49775612,0.45299834,0.55116767,0.38077715,0.5571208,0.46128097,0.62445134,0.38404998,0.626835,0.45710957,0.69864917,0.384696,0.7005287
joaogoside2 - 61.png,go_side,0.38019034,0.22682133,0.3890357,0.21938328,0.36597332,0.22085139,0.40876058,0.22386518,0.35108888,0.22808929,0.4549097,0.26365626,0.32486656,0.2750599,0.54726493,0.26806745,0.2916011,0.3080751,0.6410149,0.2684061,0.3645263,0.3166377,0.43814397,0.37315843,0.3602739,0.37922084,0.44635916,0.44674313,0.3632375,0.44909632,0.43331537,0.5220737,0.369032,0.522615
joaogoside2 - 62.png,go_side,0.352899,0.14760056,0.36174476,0.13974223,0.3380148,0.14188151,0.38109994,0.14458089,0.32297575,0.15027441,0.4281328,0.18788737,0.29755124,0.20022509,0.52018994,0.19242199,0.25835922,0.23258713,0.6110438,0.1948935,0.3331638,0.2436509,0.41131228,0.29661003,0.33327526,0.30333534,0.42338052,0.3779321,0.33710113,0.38331667,0.41041383,0.45086336,0.33952105,0.45497963
joaogoside2 - 63.png,go_side,0.28186402,0.2140107,0.29061487,0.20665765,0.26673946,0.20886284,0.30940437,0.21161315,0.25364423,0.21777159,0.35582632,0.2515934,0.23212656,0.26142776,0.44413298,0.25942248,0.18314819,0.2932525,0.536243,0.25755,0.2509185,0.3006987,0.33803847,0.35887846,0.26077807,0.3643375,0.35458192,0.4322698,0.26223713,0.43773633,0.3536093,0.50503266,0.2795667,0.5094193
joaogoside2 - 64.png,go_side,0.20522235,0.3091133,0.21568535,0.30285087,0.19215731,0.30421993,0.23711017,0.30902907,0.18056864,0.31306073,0.2811965,0.34538546,0.15702663,0.3567099,0.36665344,0.35023147,0.11818267,0.38568506,0.45220953,0.35346746,0.18168892,0.39402086,0.26592723,0.45050743,0.1897441,0.45672494,0.27191132,0.52049124,0.18959099,0.52600604,0.2699863,0.5963393,0.20457932,0.6020102
joaogoside2 - 65.png,go_side,0.30022103,0.42552677,0.3102912,0.41865382,0.28810042,0.41968414,0.33401117,0.422709,0.27761304,0.42588338,0.37735942,0.4588732,0.25422195,0.47006667,0.4633889,0.4612676,0.21725018,0.5007168,0.5517349,0.46153137,0.28263167,0.50787574,0.3620401,0.5618372,0.28796512,0.567888,0.37367588,0.6384146,0.29170558,0.641376,0.36958328,0.7102166,0.29369783,0.71054566
joaogoside2 - 66.png,go_side,0.3976469,0.51260805,0.4078134,0.50614196,0.38519356,0.5070444,0.42805287,0.5107554,0.37341523,0.51369876,0.47143045,0.546034,0.35055315,0.55683476,0.5604328,0.549184,0.3090623,0.58681935,0.6428794,0.549471,0.36925527,0.59376174,0.45679292,0.651284,0.3828786,0.6567053,0.4627376,0.72529554,0.37978426,0.7275611,0.4618041,0.8016194,0.38276848,0.8040852
joaogoside2 - 67.png,go_side,0.488864,0.5491388,0.4981414,0.54232675,0.47542226,0.5437522,0.51706654,0.54681575,0.46229705,0.55097264,0.561785,0.5835002,0.43981177,0.5942084,0.65319496,0.5876966,0.39866197,0.6238006,0.7398389,0.5881824,0.4586852,0.6309287,0.5457054,0.6903538,0.4707637,0.6957029,0.55149955,0.7649571,0.46278042,0.768509,0.5511,0.84503275,0.46736506,0.8477938
joaogoside2 - 68.png,go_side,0.5286477,0.53441226,0.5373911,0.5266325,0.5149079,0.52828974,0.5564294,0.5301599,0.50126284,0.53474075,0.6005513,0.5692365,0.47547647,0.58,0.69278985,0.57177955,0.43304867,0.61241394,0.78255683,0.57139957,0.5075448,0.61958784,0.5830932,0.67534584,0.5093095,0.6809788,0.5900541,0.75740826,0.5072997,0.7608988,0.58600307,0.83424306,0.5032461,0.83738875
carolgoforwad - 01.png,go_forward,0.42795342,0.44437975,0.44100535,0.43770248,0.41604906,0.4372842,0.46195447,0.4412624,0.39753118,0.44285917,0.49453,0.47151178,0.35988864,0.49281704,0.54508746,0.43533623,0.32296422,0.51267767,0.4593427,0.42458543,0.40462375,0.52251464,0.47013843,0.6029775,0.38610318,0.6099001,0.46804318,0.69685787,0.40073943,0.6986086,0.4721466,0.78674835,0.42229122,0.7903394
carolgoforwad - 02.png,go_forward,0.45744658,0.44281548,0.4704265,0.4355347,0.4440705,0.43595976,0.490548,0.4402343,0.42470986,0.44248456,0.52994764,0.47160256,0.3900573,0.4913151,0.5811116,0.4284698,0.35248086,0.5067212,0.4934538,0.41675696,0.43958738,0.51132673,0.503722,0.6012797,0.4138769,0.6083439,0.50640035,0.7023405,0.43529686,0.70338595,0.506744,0.7968473,0.43944368,0.8014742
carolgoforwad - 03.png,go_forward,0.50502545,0.44613412,0.5191131,0.43954366,0.49237174,0.4386087,0.5398618,0.44479722,0.47142035,0.44510108,0.5753606,0.47762358,0.43133298,0.4976007,0.6354199,0.4382058,0.3923143,0.51684374,0.5526006,0.42211962,0.480864,0.52660346,0.5500687,0.61178386,0.4615915,0.6179704,0.5494993,0.70999736,0.47831583,0.7092164,0.54653794,0.80623454,0.49453965,0.80931365
carolgoforwad - 04.png,go_forward,0.5417235,0.4512656,0.55605817,0.44380355,0.5266379,0.44384477,0.57862717,0.4491342,0.50499994,0.45205453,0.6162512,0.48480228,0.46517196,0.5072687,0.68071896,0.44456586,0.4168965,0.53130466,0.58577406,0.42741752,0.5157361,0.53851867,0.5893132,0.6304983,0.49579185,0.6370265,0.58913624,0.7377008,0.51985675,0.7368018,0.5953483,0.8385829,0.53207314,0.84042
carolgoforwad - 05.png,go_forward,0.55651444,0.45349047,0.5729151,0.44669217,0.5397288,0.446276,0.59767157,0.45605195,0.51578426,0.45818707,0.63922304,0.49477166,0.47080424,0.5173463,0.7114249,0.44872388,0.41833657,0.54157364,0.6100759,0.42630318,0.5132149,0.5497741,0.60663027,0.65745956,0.50085706,0.66328794,0.60794044,0.7774171,0.52179223,0.77653956,0.61234766,0.89329916,0.5377675,0.89579
carolgoforwad - 06.png,go_forward,0.5725275,0.4422696,0.5910682,0.4326153,0.55482453,0.43271524,0.6196119,0.4409696,0.52955765,0.44381297,0.66993624,0.48902762,0.47922656,0.51470447,0.7468794,0.43411896,0.4140045,0.54344016,0.63013166,0.41138193,0.53456753,0.55244464,0.62775546,0.67228377,0.51024806,0.67924386,0.6311725,0.80330473,0.5344854,0.7983441,0.63116413,0.9340877,0.5453147,0.9327694
carolgoforwad - 07.png,go_forward,0.5895991,0.42130005,0.60875535,0.4113416,0.5706293,0.41180053,0.640303,0.41913828,0.5449663,0.42373896,0.69857675,0.46726412,0.48708573,0.49503872,0.79044855,0.42371866,0.41578317,0.5337216,0.6557879,0.39102122,0.54610986,0.5451317,0.6579994,0.6736618,0.52420896,0.6807998,0.6515373,0.8238966,0.54985505,0.82585514,0.66285104,0.97215503,0.56410503,0.97851366
carolgoforwad - 08.png,go_forward,0.57127506,0.42373088,0.5939543,0.41401237,0.5536205,0.41316932,0.6278966,0.42527735,0.52747923,0.4259601,0.6826183,0.4778067,0.47101042,0.5057975,0.78205496,0.41185164,0.3924816,0.5399334,0.6480915,0.3867901,0.53834856,0.5461742,0.63382304,0.68671715,0.503187,0.69377303,0.64253694,0.84136206,0.5424212,0.83022964,0.652487,0.97700745,0.5364755,0.97273844
carolgoforwad - 09.png,go_forward,0.5455035,0.3165996,0.56719255,0.30727038,0.52612233,0.30754772,0.6043226,0.31897232,0.50191087,0.3229913,0.6657488,0.36861297,0.4422097,0.39881548,0.7548369,0.30626178,0.36298233,0.43335217,0.59787315,0.26913476,0.50340235,0.44497746,0.61490315,0.57938665,0.47691575,0.5868363,0.6094262,0.73102415,0.50989705,0.73199725,0.6095356,0.8820248,0.52692133,0.88879114
carolgoforwad - 10.png,go_forward,0.52704763,0.20085989,0.54936445,0.19079076,0.50640166,0.19145094,0.58702284,0.20389463,0.48029524,0.20858938,0.649718,0.25900313,0.4215019,0.29071644,0.7428896,0.18438263,0.33834037,0.31953374,0.5997219,0.1484125,0.48694226,0.3303212,0.60251975,0.474344,0.4620113,0.4828319,0.6019751,0.62343043,0.49463767,0.6226939,0.6065099,0.7708983,0.5182138,0.7748921
carolgoforwad - 11.png,go_forward,0.6226717,0.1978937,0.64497274,0.18842708,0.60264844,0.18887968,0.68192285,0.20242923,0.5765783,0.20663685,0.7467636,0.25606105,0.51684135,0.28729165,0.8488537,0.18640105,0.43560094,0.32006544,0.707254,0.14784671,0.5871931,0.3305871,0.70081794,0.47047666,0.5590299,0.47850096,0.6943642,0.6243946,0.5891036,0.6225286,0.7021662,0.77546847,0.6103313,0.7785227
carolgoforwad - 12.png,go_forward,0.7445196,0.21679856,0.7649978,0.20663889,0.7207479,0.20821223,0.7996929,0.2198775,0.6917684,0.22737421,0.86453056,0.27257273,0.63698554,0.3070687,0.97081333,0.20954934,0.5600857,0.34627026,0.82462037,0.17025992,0.7010493,0.35227954,0.8183582,0.49055073,0.67639935,0.4991952,0.8054617,0.6438877,0.6991429,0.64562976,0.81730676,0.79381657,0.7123407,0.7972205
carolgoforwad - 13.png,go_forward,0.7942578,0.27194133,0.8155756,0.26173526,0.771608,0.26218486,0.8490077,0.2728582,0.7419184,0.27756476,0.91375494,0.32552958,0.6830432,0.3591838,1.0,0.25483832,0.6161745,0.40053952,0.85222,0.21221763,0.7720646,0.40930152,0.8702843,0.5435125,0.72743607,0.5514179,0.8701718,0.703213,0.75630516,0.69727397,0.86091566,0.8535963,0.7806749,0.85278046
carolgoforwad - 14.png,go_forward,0.78103876,0.40042225,0.80205923,0.38824177,0.7563315,0.3895498,0.83443147,0.39589718,0.7232008,0.40226474,0.90171355,0.45128855,0.6670589,0.48479453,1.0,0.3863289,0.5915403,0.53059036,0.8679628,0.35558447,0.75565475,0.5416539,0.85810614,0.6826637,0.711918,0.6903913,0.85869884,0.8487513,0.738052,0.8391198,0.8596081,0.9941782,0.7439271,0.98769385
carolgoforwad - 15.png,go_forward,0.74329644,0.49198604,0.7638592,0.47915506,0.7194261,0.47983915,0.7933372,0.48418525,0.6859552,0.4890382,0.85454065,0.540697,0.63775015,0.5736014,0.9765895,0.47902223,0.56334037,0.62373793,0.8290692,0.4542061,0.72753114,0.63158506,0.82031214,0.766957,0.6827466,0.77446216,0.8307531,0.9358507,0.7101041,0.91959727,0.0,0.0,0.0,0.0
carolgoforwad - 16.png,go_forward,0.559172,0.53014356,0.5799811,0.5180813,0.53599703,0.5183892,0.6095781,0.5279057,0.50419086,0.5317004,0.66546255,0.58762,0.45638347,0.61744964,0.7875254,0.5264251,0.36352792,0.66840935,0.63942206,0.50002986,0.5231966,0.67690074,0.62770206,0.81434494,0.49168965,0.8199136,0.0,0.0,0.52464515,0.9591721,0.0,0.0,0.0,0.0
carolgoforwad - 20.png,go_forward,0.18393487,0.2665235,0.20781931,0.2585979,0.16426885,0.25775474,0.24257623,0.27774018,0.13580938,0.27791464,0.2997974,0.33499599,0.083402395,0.35923925,0.39118618,0.27624887,0.012545352,0.39007622,0.257639,0.24785012,0.13996737,0.40410775,0.25262904,0.53679496,0.11642288,0.54424334,0.24728806,0.67998767,0.1573251,0.6776907,0.25533944,0.8184878,0.16959634,0.82371044
carolgoforwad - 21.png,go_forward,0.31120023,0.4474946,0.3291998,0.4353785,0.28822374,0.43700206,0.3564339,0.44329005,0.25560114,0.44987166,0.4135357,0.50409675,0.20035633,0.534292,0.50897837,0.46346724,0.12098787,0.5852746,0.37076747,0.4480242,0.27473968,0.5994414,0.36595136,0.7096277,0.23605606,0.7180114,0.35707864,0.85705894,0.2600474,0.85236955,0.36503905,0.98724943,0.25825337,0.9820684
carolgoforwad - 22.png,go_forward,0.4748,0.62715936,0.49469966,0.6162936,0.45312786,0.6161134,0.5200227,0.6258432,0.41980734,0.62773347,0.56510705,0.68358463,0.37172624,0.7080153,0.673478,0.6542931,0.28997543,0.7727149,0.5254755,0.64862925,0.43999323,0.79049027,0.5257614,0.88687,0.3982916,0.891206,0.0,0.0,0.0,0.0,0.0,0.0,0.0,0.0
carolgoforwad - 23.png,go_forward,0.5527682,0.6464484,0.57299405,0.635283,0.53148896,0.6348234,0.60057825,0.64361364,0.49988493,0.6447197,0.64405364,0.70275354,0.45309952,0.724623,0.75938773,0.6732242,0.36805555,0.78718406,0.6143796,0.663691,0.51118755,0.80370057,0.5988158,0.90436083,0.47108606,0.90762275,0.0,0.0,0.0,0.0,0.0,0.0,0.0,0.0
carolgoforwad - 24.png,go_forward,0.5714939,0.6394801,0.59132797,0.62912184,0.55167425,0.628233,0.6170394,0.6377839,0.52170265,0.63785034,0.659938,0.6947019,0.4720959,0.71370524,0.7663427,0.66978896,0.39181763,0.7723802,0.6247386,0.6569552,0.5353077,0.7897584,0.6139984,0.8922251,0.48962176,0.8944906,0.0,0.0,0.0,0.0,0.0,0.0,0.0,0.0
carolgoforwad - 25.png,go_forward,0.54395026,0.62190324,0.5632994,0.61175615,0.52646065,0.61142325,0.59101355,0.619176,0.5021256,0.620222,0.636209,0.67087084,0.4530866,0.6877321,0.7237033,0.64929825,0.38304907,0.7364366,0.6025629,0.63258463,0.506157,0.7521261,0.58768266,0.8548133,0.4681345,0.8569987,0.57914877,0.9844469,0.0,0.0,0.0,0.0,0.0,0.0
carolgoforwad - 26.png,go_forward,0.5222821,0.5910185,0.53912014,0.5823801,0.50621057,0.58208597,0.56658274,0.5888264,0.48492584,0.5907199,0.6107859,0.6341132,0.43761715,0.6515589,0.68101954,0.6138391,0.3817328,0.6917338,0.56825876,0.5975802,0.48799583,0.7085944,0.5639722,0.7990899,0.45275074,0.8022041,0.5540498,0.9236897,0.4588529,0.92039686,0.548711,0.994123,0.0,0.0
carolgoforwad - 27.png,go_forward,0.5716782,0.5636035,0.586839,0.5561729,0.55716616,0.55510354,0.605556,0.56220645,0.5305437,0.56241745,0.6403566,0.60113025,0.48335633,0.6196667,0.71095157,0.57934964,0.4371396,0.6538353,0.615469,0.5657859,0.53846616,0.6701809,0.6025,0.7527283,0.5028304,0.75702995,0.58271706,0.8669183,0.5093113,0.8638081,0.57900137,0.9762814,0.5018224,0.974636
carolgoforwad - 28.png,go_forward,0.58201134,0.5343939,0.59526795,0.52771086,0.5688317,0.52737886,0.61309344,0.5359708,0.54722005,0.5364229,0.65058017,0.5753454,0.5055737,0.5895361,0.7079991,0.5509823,0.4611022,0.61469394,0.6243658,0.5380096,0.54343957,0.62928605,0.6057871,0.7112972,0.5152231,0.71504086,0.595539,0.81387585,0.5223288,0.81278956,0.5870026,0.91747314,0.5159941,0.9188317
carolgoforwad - 29.png,go_forward,0.58795744,0.50955695,0.6001245,0.50301445,0.57328916,0.50326496,0.6168981,0.5115885,0.5511052,0.51427495,0.6526574,0.5479107,0.5112223,0.56358814,0.71555394,0.52606916,0.46648702,0.59021086,0.62531227,0.51632863,0.5419897,0.6016345,0.61259943,0.67921937,0.5252146,0.6823299,0.6041083,0.7790145,0.52637434,0.77850395,0.5934333,0.8712277,0.5278483,0.8717658
carolgoforwad - 30.png,go_forward,0.67041266,0.47663143,0.68057567,0.4693516,0.6560626,0.46913207,0.6895884,0.47446007,0.62886685,0.4756099,0.7219879,0.51071143,0.5875229,0.5251584,0.7920968,0.49161845,0.5531956,0.55442333,0.6985038,0.4787746,0.63177544,0.56185484,0.6887521,0.6375078,0.60725003,0.6404051,0.67958,0.73403835,0.60653406,0.732137,0.6694965,0.81750214,0.60837764,0.82111424
carolgoforwad - 31.png,go_forward,0.7397481,0.45047742,0.751837,0.44320175,0.7253437,0.44426262,0.76739824,0.45056516,0.7029068,0.45330247,0.80755025,0.48556936,0.66734564,0.49870083,0.8665579,0.47168887,0.6347163,0.53029114,0.7849622,0.45661834,0.7085897,0.5361885,0.7708453,0.61405635,0.67951673,0.6172704,0.7598263,0.70684737,0.68530625,0.70790386,0.74979776,0.79458237,0.6894376,0.7964633
carolgoforwad - 32.png,go_forward,0.7991844,0.45096344,0.81010413,0.44407243,0.784012,0.44398004,0.823167,0.44889122,0.75696546,0.4509605,0.855864,0.4836926,0.7203306,0.5006936,0.92376894,0.46518663,0.69014657,0.5277736,0.8399926,0.45119888,0.7698813,0.5390985,0.82714045,0.61210656,0.7420885,0.61654985,0.8120618,0.70835525,0.73881054,0.70795876,0.80914396,0.7948536,0.73817354,0.79653144
carolgoforwad - 33.png,go_forward,0.7831487,0.44605142,0.7961898,0.43933174,0.7684933,0.4392684,0.81493074,0.44491732,0.74487627,0.44673952,0.8490543,0.47901303,0.7088686,0.49534622,0.9133717,0.46108967,0.67923975,0.52372974,0.8340293,0.44607195,0.75973284,0.5348109,0.8145569,0.6083688,0.72683203,0.612274,0.80211806,0.70268,0.7256775,0.701111,0.8002128,0.7931556,0.7377066,0.79309106
carolgoforwad - 34.png,go_forward,0.7776608,0.4407342,0.79033387,0.4339399,0.76239467,0.43455023,0.8093475,0.4402754,0.7386264,0.44369045,0.84548324,0.4742823,0.70260435,0.4917419,0.9075743,0.45435163,0.66824025,0.517463,0.8232301,0.4437567,0.74843174,0.5298567,0.80959845,0.60495555,0.72066694,0.60921884,0.7968387,0.700802,0.7220813,0.70040804,0.79049265,0.79494965,0.7322313,0.7930037
carolgoforwad - 35.png,go_forward,0.73779786,0.431583,0.75040096,0.42495725,0.72308236,0.425234,0.76757056,0.43304363,0.69898343,0.43485898,0.8072709,0.4681367,0.6619794,0.4837581,0.8710909,0.4453274,0.627681,0.5090222,0.79014564,0.4349231,0.707851,0.5172638,0.77074397,0.59750044,0.6786753,0.60208946,0.76274264,0.6968947,0.6897549,0.69625294,0.75523424,0.79050034,0.6886143,0.7917702
carolgoforwad - 36.png,go_forward,0.578956,0.4335893,0.5923033,0.42726442,0.5657559,0.42713264,0.6119016,0.4360531,0.54579437,0.43709064,0.65104383,0.47331974,0.5079088,0.4882852,0.7047074,0.4494879,0.4669516,0.51146144,0.6217535,0.43727753,0.5408681,0.5212497,0.61157405,0.5999526,0.52216834,0.6040997,0.6031094,0.6983853,0.52817833,0.6983107,0.5906699,0.79227513,0.52903956,0.79558784
carolgoforwad - 37.png,go_forward,0.42997098,0.43853566,0.4448889,0.4322793,0.4193977,0.4318195,0.47060335,0.43949395,0.40379247,0.44039968,0.5064069,0.4763772,0.36266404,0.4928888,0.5600325,0.45537254,0.31721637,0.51664394,0.47149003,0.44481272,0.39791012,0.5313247,0.463816,0.60703135,0.37471473,0.61133474,0.45460832,0.70323265,0.3808771,0.7043667,0.4509084,0.7980736,0.39125925,0.79861796
carolgoforwad - 38.png,go_forward,0.25752768,0.44281942,0.27439636,0.43610805,0.24667372,0.43600494,0.30531386,0.44471887,0.23309298,0.44555715,0.34408388,0.48567602,0.1934521,0.5008562,0.38791767,0.46455824,0.13958527,0.5258578,0.30014905,0.44634974,0.22530797,0.53694403,0.2979163,0.6166211,0.2055416,0.62105817,0.28733906,0.71171486,0.2155953,0.7130705,0.2785328,0.81079376,0.21956001,0.8127886
carolgoforwad - 41.png,go_forward,0.175194,0.43304798,0.19375129,0.42740914,0.16609523,0.42675936,0.2273426,0.4388028,0.15392807,0.43816918,0.26483625,0.47711822,0.114816815,0.49184337,0.30625498,0.45267555,0.061314166,0.51596797,0.22427003,0.4410135,0.14584711,0.5270812,0.22414508,0.6089484,0.13113442,0.61299205,0.21793006,0.7117602,0.1453673,0.7094175,0.21533374,0.8103907,0.15208337,0.8077799
carolgoforwad - 42.png,go_forward,0.23157713,0.43256095,0.24833408,0.42674163,0.22229558,0.42592648,0.2780861,0.4363169,0.20869738,0.43601814,0.31535056,0.47212997,0.16506639,0.4880964,0.36076856,0.45007434,0.11469146,0.51326114,0.2813012,0.43821216,0.20137888,0.52434915,0.27656537,0.60308254,0.18287644,0.60747963,0.2718419,0.7020571,0.1897705,0.7016401,0.26702875,0.7990643,0.20739356,0.79980636
carolgoforwad - 43.png,go_forward,0.23238589,0.38792264,0.24784489,0.3820367,0.22325723,0.38214996,0.27687702,0.3914685,0.21086335,0.39328772,0.31853503,0.4271928,0.16795948,0.44458196,0.36036253,0.40486348,0.11592833,0.46690848,0.27151257,0.39605856,0.20122248,0.47997737,0.28284508,0.5562925,0.18867673,0.5613365,0.27768135,0.65484345,0.19510138,0.6559402,0.27040747,0.7542616,0.21073252,0.75452757
carolgoforwad - 44.png,go_forward,0.25288132,0.3593756,0.2680011,0.35249764,0.24102727,0.35369024,0.29773605,0.36256367,0.22873446,0.36658114,0.34220654,0.4034703,0.19174284,0.41976237,0.38512656,0.37550864,0.13484928,0.44024935,0.29461306,0.3601907,0.22243895,0.4489991,0.3042366,0.5318402,0.21033601,0.53654265,0.2985268,0.6293467,0.22061162,0.6312114,0.2954794,0.72538465,0.23568034,0.72574866
carolgoforwad - 45.png,go_forward,0.3428291,0.3504291,0.35660002,0.34371522,0.3306004,0.3454306,0.38393006,0.3531344,0.3172762,0.35809484,0.4269027,0.39332378,0.28185672,0.41229516,0.46912625,0.366656,0.2349431,0.43314198,0.38345885,0.35253066,0.31237125,0.44374564,0.39214066,0.5224202,0.30210206,0.5285786,0.38584968,0.6167914,0.31181306,0.6189344,0.38286242,0.7144563,0.32455185,0.71285963
carolgoforwad - 46.png,go_forward,0.44293848,0.33820364,0.45542234,0.33175236,0.4291747,0.33302757,0.47769558,0.33968487,0.41069007,0.344807,0.5178566,0.37594232,0.37646642,0.39586177,0.57178116,0.35213175,0.33592892,0.41787747,0.48410803,0.3400985,0.41850692,0.4303857,0.4927669,0.5047389,0.4040446,0.5109624,0.48657396,0.6019388,0.41715127,0.60465217,0.48260385,0.6992267,0.42505822,0.6989012
carolgoforwad - 47.png,go_forward,0.47346738,0.33232608,0.4852027,0.32569367,0.45883855,0.32718754,0.5047807,0.33543062,0.439281,0.3401084,0.5483574,0.37113968,0.40637884,0.39005637,0.60216343,0.34266075,0.36889952,0.41128573,0.5229086,0.33409247,0.4491154,0.41671613,0.5219237,0.4941706,0.43217975,0.5004376,0.51837754,0.5912452,0.44373706,0.5918272,0.5152853,0.6860856,0.45138747,0.686635
carolgoforwad - 48.png,go_forward,0.48533046,0.41171438,0.49709642,0.40439296,0.47206843,0.4053439,0.5169796,0.40892345,0.45271072,0.41291982,0.5572444,0.44425502,0.4177572,0.4652135,0.60645604,0.41752064,0.38398984,0.4886637,0.5165246,0.4099155,0.46361482,0.49672008,0.5337406,0.5687135,0.44789377,0.5750078,0.528806,0.6645722,0.45425385,0.6623712,0.52106947,0.75879306,0.46984863,0.7570197
carolgoforwad - 49.png,go_forward,0.5085125,0.5171512,0.52089757,0.50963926,0.49558976,0.51044047,0.5427349,0.51192504,0.47717533,0.5159015,0.57902646,0.54324013,0.4448995,0.5656447,0.62795883,0.5256204,0.4127471,0.5949199,0.5344267,0.52152663,0.49067557,0.6060653,0.55701077,0.6721109,0.4727803,0.6796664,0.55274737,0.76632917,0.48630366,0.76855993,0.5461326,0.8566755,0.4918704,0.8569357
carolgoforwad - 50.png,go_forward,0.550943,0.5875661,0.5630847,0.5796088,0.53680813,0.5804093,0.58390605,0.58299106,0.51991624,0.5867554,0.6230807,0.61757314,0.48982447,0.6348786,0.6757803,0.6020017,0.45258185,0.66717124,0.590486,0.59530616,0.5300827,0.67576635,0.59839296,0.74721366,0.51573473,0.75191003,0.59549856,0.8437582,0.52541953,0.8441829,0.5934467,0.93103784,0.5314575,0.9328919
carolgoforwad - 51.png,go_forward,0.5854453,0.63220006,0.59734315,0.6243825,0.5719488,0.625261,0.6177525,0.6277163,0.5540429,0.63185084,0.65748954,0.6623185,0.51742184,0.6805525,0.7135817,0.645335,0.4811702,0.7118971,0.625362,0.6392235,0.5701031,0.72141373,0.62929153,0.7928157,0.54153633,0.7981068,0.626016,0.89509493,0.55113953,0.8966174,0.6220639,0.9872147,0.564038,0.98760486
carolgoforwad - 53.png,go_forward,0.5522813,0.13124907,0.5663009,0.12376538,0.53735834,0.1236574,0.5852633,0.13035487,0.5131921,0.13123567,0.6210733,0.17045096,0.47484148,0.18514888,0.6815889,0.14858454,0.43723804,0.21157457,0.604578,0.13689783,0.5219425,0.22564207,0.5765998,0.29886544,0.48525983,0.30326003,0.55905,0.39569736,0.49386925,0.3962766,0.5513215,0.48458368,0.49599123,0.4872201
gabigoorward - 01.png,go_forward,0.45843518,0.23292148,0.47818398,0.22440673,0.44072694,0.22227608,0.50554377,0.23138185,0.41277677,0.22925384,0.54800016,0.28055397,0.35973012,0.2970053,0.6293009,0.26509014,0.28087723,0.34552985,0.50092006,0.24686112,0.38792714,0.36635506,0.51758784,0.44914204,0.40102696,0.45243773,0.5134146,0.57073164,0.41407242,0.56482774,0.5323296,0.67941344,0.41260228,0.6798481
gabigoorward - 02.png,go_forward,0.47708932,0.26339293,0.4958464,0.25506198,0.46140873,0.25314596,0.52116,0.26209885,0.43513912,0.26011264,0.5650111,0.30763966,0.3841663,0.32488006,0.648533,0.28927174,0.3033287,0.37050635,0.5118335,0.27134904,0.4146737,0.390661,0.534674,0.46947682,0.4243638,0.4738332,0.5308425,0.58645606,0.43383864,0.5822028,0.555059,0.69523585,0.43104273,0.69937736
gabigoorward - 03.png,go_forward,0.49094576,0.33604807,0.5094099,0.32709953,0.4752713,0.3255721,0.5347967,0.33217725,0.44896957,0.33089074,0.5770616,0.37773785,0.3978056,0.3952611,0.64998347,0.35806036,0.32208258,0.43700558,0.5250066,0.3465149,0.42797098,0.45641398,0.54840845,0.5368369,0.43812957,0.54167014,0.5517515,0.65329796,0.4480391,0.64915544,0.57079285,0.76442033,0.4514827,0.76648885
gabigoorward - 04.png,go_forward,0.46942624,0.4042426,0.48823234,0.3966066,0.4532252,0.3947502,0.5156043,0.40356797,0.42759737,0.40206084,0.5547908,0.44708967,0.3779597,0.46258548,0.6285796,0.43155825,0.30233237,0.5020659,0.5098513,0.41684738,0.4013681,0.5231579,0.526206,0.60462177,0.41521272,0.60814375,0.5223293,0.71920043,0.42588624,0.7168381,0.54519266,0.8345816,0.4232555,0.83575594
gabigoorward - 05.png,go_forward,0.55423373,0.38122055,0.5728964,0.3726958,0.53636765,0.37079236,0.5981947,0.37881467,0.5079673,0.3771566,0.6411254,0.42683706,0.45292595,0.44206756,0.72473264,0.41219765,0.37320548,0.48724693,0.60150695,0.39652643,0.48438206,0.50830454,0.60711455,0.59800655,0.4899506,0.6008021,0.60043585,0.7227008,0.49702346,0.7177678,0.6209419,0.8395697,0.49447647,0.8404097
gabigoorward - 06.png,go_forward,0.5724709,0.37846345,0.5917351,0.36890054,0.5525639,0.3673972,0.61334693,0.3781045,0.5160613,0.3769797,0.66034997,0.42779106,0.454892,0.44735935,0.75886077,0.4045396,0.37097794,0.49593693,0.6298031,0.3911767,0.49620235,0.5173204,0.6197308,0.60976464,0.4941233,0.6148722,0.60777044,0.7403137,0.5003724,0.735337,0.6160633,0.8662781,0.49652493,0.86838055
gabigoorward - 07.png,go_forward,0.5499417,0.3767004,0.56831443,0.36636317,0.5274982,0.3644469,0.58820254,0.37256002,0.4870875,0.37131694,0.63826734,0.42625436,0.42047244,0.44609803,0.7507848,0.40797722,0.33408785,0.5023924,0.61481297,0.38942525,0.47957346,0.5255434,0.6022463,0.6243771,0.46785948,0.62939584,0.5868731,0.7623691,0.47122422,0.7612898,0.60530645,0.89217055,0.4646269,0.9016688
gabigoorward - 08.png,go_forward,0.51760274,0.38306415,0.5350642,0.3725984,0.4936221,0.37086484,0.5523952,0.37963724,0.44876873,0.3786426,0.6027041,0.43334532,0.38317564,0.45276883,0.7268551,0.4167795,0.30244136,0.5113786,0.59263325,0.39743832,0.45573843,0.53648806,0.56982845,0.6360637,0.4346566,0.64167535,0.5554593,0.7728149,0.43664894,0.7732756,0.5848783,0.90372956,0.436692,0.91649175
gabigoorward - 09.png,go_forward,0.51898414,0.38583022,0.53437567,0.37567613,0.49483415,0.37450406,0.54568976,0.38053006,0.4477657,0.38108742,0.5851411,0.42929453,0.38601574,0.45115614,0.70582104,0.42069885,0.33052072,0.5120182,0.591884,0.4004304,0.4748188,0.5321804,0.56313586,0.624028,0.4370123,0.63090837,0.53821576,0.75508124,0.43955806,0.76281583,0.57150596,0.8770232,0.4352873,0.8941025
gabigoorward - 10.png,go_forward,0.52317154,0.38263333,0.5360675,0.37235785,0.5015295,0.37235662,0.5430858,0.37661874,0.45619836,0.37813067,0.57937115,0.42356235,0.40206537,0.44350788,0.7009944,0.41190952,0.35971397,0.49867225,0.60397255,0.39294067,0.4951189,0.51378417,0.5623869,0.6007248,0.453942,0.6074111,0.5458553,0.72419,0.4546781,0.73024386,0.5747889,0.8313517,0.4521797,0.84656376
gabigoorward - 11.png,go_forward,0.48079923,0.38072586,0.4926682,0.37197044,0.46201178,0.37017944,0.4998889,0.37614188,0.42108297,0.3742018,0.5307926,0.4182637,0.37312204,0.43582818,0.63850653,0.4021281,0.3375547,0.4829447,0.5634753,0.38943294,0.45553046,0.49627823,0.5099545,0.5732893,0.41568297,0.57959193,0.50474477,0.6853146,0.4223198,0.6874667,0.5263329,0.7843055,0.4227722,0.8014584
gabigoorward - 13.png,go_forward,0.3849666,0.3760879,0.39398745,0.36902902,0.37091133,0.36740997,0.39683685,0.3730722,0.3334146,0.3704202,0.42588264,0.4069363,0.28910795,0.4229271,0.51747996,0.39311883,0.27163345,0.46208203,0.4545943,0.3861976,0.36356658,0.47459027,0.4132609,0.5375373,0.32745963,0.5448902,0.4147064,0.6350356,0.33599898,0.6402959,0.4276358,0.72151285,0.33140707,0.73864686
gabigoorward - 14.png,go_forward,0.41227493,0.40701568,0.42141697,0.39943272,0.39615732,0.39888737,0.426449,0.40092546,0.35966763,0.4015233,0.45241377,0.4311668,0.3204603,0.4516235,0.54033446,0.42095155,0.30313882,0.49136344,0.47168353,0.41878074,0.39157996,0.50404865,0.44227743,0.563115,0.36097947,0.57107186,0.43545192,0.6554672,0.36176315,0.65988517,0.4498206,0.7389262,0.36192212,0.75085133
gabigoorward - 15.png,go_forward,0.44152775,0.3964465,0.45128793,0.38916922,0.4260232,0.38793725,0.45614266,0.3904836,0.3903885,0.3897472,0.48049134,0.42074245,0.3494873,0.440105,0.5680046,0.41253293,0.3289109,0.481892,0.49481258,0.4076379,0.42170545,0.49381533,0.47418618,0.54874593,0.39297056,0.5563729,0.4654891,0.6388412,0.3940637,0.64309007,0.48489866,0.7161973,0.3964616,0.729628
gabigoorward - 17.png,go_forward,0.48260114,0.29911417,0.49260467,0.29216686,0.46790946,0.2904283,0.49657536,0.2960826,0.43122143,0.29366946,0.5230446,0.33192,0.3875552,0.34734645,0.61340415,0.3201387,0.36433354,0.38436165,0.54404694,0.30904275,0.45382842,0.398974,0.5084142,0.4663217,0.42618752,0.47202423,0.5003693,0.5636978,0.4265882,0.5651899,0.5121374,0.6492372,0.4213756,0.6606819
gabigoorward - 18.png,go_forward,0.50892067,0.32618347,0.51945966,0.31879523,0.4924556,0.31735826,0.5247759,0.32228258,0.45435345,0.3207823,0.55297935,0.3565299,0.4105137,0.3719882,0.6468376,0.34491208,0.3811855,0.41128778,0.5709056,0.3366189,0.47397515,0.4288544,0.5365853,0.49426693,0.44959444,0.49933198,0.5263111,0.59490323,0.44725138,0.59615904,0.5406499,0.6847476,0.4462534,0.69707793
gabigoorward - 19.png,go_forward,0.51280266,0.3734329,0.5254884,0.36485413,0.4949056,0.36391795,0.53391993,0.36851975,0.45759624,0.36770737,0.5659201,0.40757227,0.40890667,0.42198655,0.6660719,0.39792514,0.36928236,0.46750128,0.5713764,0.38339344,0.48167267,0.48401216,0.5489545,0.5577906,0.45238772,0.56205076,0.535479,0.66612875,0.448786,0.6678664,0.55889183,0.7598619,0.4485733,0.7732546
gabigoorward - 20.png,go_forward,0.4646708,0.38904178,0.4795444,0.38044703,0.4453352,0.37910053,0.49549872,0.38477963,0.4114203,0.38411552,0.534973,0.4280926,0.35951427,0.4429415,0.6317598,0.4178633,0.30307087,0.48914638,0.52961504,0.40198424,0.41388312,0.5068443,0.50673574,0.58676094,0.39762124,0.59014255,0.49526632,0.7044897,0.39633793,0.70370555,0.512245,0.8077328,0.39381972,0.8162283
gabigoorward - 21.png,go_forward,0.41137007,0.38966528,0.42971468,0.38075334,0.3943315,0.37856528,0.44925213,0.38750395,0.36044103,0.38370788,0.49131674,0.43397117,0.3025427,0.44627222,0.5821145,0.42066297,0.23366179,0.49057353,0.47137552,0.4019855,0.34946594,0.50812453,0.45201662,0.5981366,0.3341808,0.6020644,0.44945696,0.71464527,0.34076825,0.71244127,0.46029907,0.82748175,0.3337005,0.83651567
gabigoorward - 22.png,go_forward,0.41629934,0.37171492,0.43592095,0.36336195,0.39997613,0.3605743,0.46036658,0.37055242,0.37058064,0.36647183,0.5022896,0.41748887,0.3119631,0.43126327,0.5881427,0.39995837,0.23024356,0.47495407,0.46738976,0.38075736,0.35136825,0.49704656,0.4625918,0.5820948,0.34571284,0.58505225,0.45748815,0.7021079,0.3476564,0.69828665,0.46671906,0.8155035,0.33779132,0.8223542
gabigoorward - 23.png,go_forward,0.48636174,0.34970182,0.5062889,0.34131506,0.4710491,0.3393213,0.5349288,0.3473256,0.4460365,0.34487098,0.57684565,0.39355686,0.39498487,0.40733346,0.6557948,0.37640998,0.310164,0.4493793,0.5284392,0.36084032,0.422961,0.47149062,0.5341056,0.5544232,0.42310935,0.55628717,0.5261564,0.673534,0.42928857,0.66486984,0.5397402,0.786008,0.41529197,0.78083897
gabigoorward - 24.png,go_forward,0.51320916,0.32837063,0.5319066,0.32079163,0.49937776,0.31887066,0.5604316,0.32696453,0.47829318,0.3247975,0.5989212,0.36943462,0.42919248,0.3827177,0.66463286,0.35572767,0.35228863,0.42208427,0.5484872,0.3447576,0.44809225,0.44348776,0.56175107,0.52341866,0.45587048,0.5252616,0.5545485,0.6368309,0.45599428,0.6308407,0.56958914,0.7390993,0.45012096,0.7360555
gabigoorward - 25.png,go_forward,0.5340591,0.3083953,0.55240095,0.301246,0.52226347,0.29963535,0.58200526,0.3072899,0.50324124,0.30572078,0.6171122,0.34633622,0.45860958,0.36135554,0.6672007,0.3303627,0.38948068,0.39500746,0.5539515,0.3194892,0.47399333,0.41698277,0.5820129,0.4892667,0.48165372,0.49218175,0.5754175,0.59330124,0.48208266,0.58951,0.58573675,0.6944082,0.4781208,0.6913314
gabigoorward - 26.png,go_forward,0.5582576,0.29756346,0.57613987,0.29139447,0.5486209,0.2897664,0.60316,0.29923925,0.5308622,0.29654834,0.63825625,0.33772743,0.48700622,0.350134,0.68558145,0.32143843,0.4198906,0.38108513,0.5854735,0.3094771,0.49645898,0.40048724,0.6046962,0.4721803,0.51015276,0.47464612,0.5988004,0.57233155,0.5159597,0.5639262,0.6030035,0.66878635,0.5053599,0.6604837
gabigoorward - 27.png,go_forward,0.5734913,0.2795165,0.59138167,0.273256,0.56304586,0.2708848,0.61608845,0.2800099,0.5440625,0.2754445,0.64902043,0.31550956,0.5027579,0.32604825,0.6895911,0.29849854,0.446379,0.35788035,0.59292954,0.2932153,0.5176534,0.37714195,0.61877906,0.44600946,0.52347696,0.44862625,0.61781996,0.548115,0.52948296,0.5408815,0.62590003,0.63795984,0.52110857,0.6361912
gabigoorward - 28.png,go_forward,0.5828114,0.29825506,0.5987274,0.2919002,0.57306486,0.290801,0.6232708,0.29830018,0.5572053,0.29636917,0.6576347,0.33409303,0.51691574,0.3452541,0.69006497,0.3187209,0.46058494,0.37442923,0.5965019,0.31181353,0.5306848,0.3917754,0.62561446,0.46040303,0.53372306,0.46319896,0.6231381,0.5549906,0.53504735,0.54884785,0.62706524,0.6435256,0.52787924,0.63758254
gabigoorward - 29.png,go_forward,0.5823367,0.3456627,0.59747404,0.3390205,0.57281077,0.33758804,0.6198868,0.34294924,0.55619025,0.34033898,0.65356445,0.3774056,0.5170984,0.38799924,0.69035214,0.36499038,0.46352023,0.41776285,0.5993592,0.3602255,0.53040814,0.4344301,0.62523794,0.4965324,0.5373143,0.49926835,0.62138075,0.5902647,0.5364988,0.584623,0.6252491,0.6747397,0.53164285,0.6707619
gabigoorward - 30.png,go_forward,0.59797215,0.3899573,0.61371356,0.3835986,0.58798873,0.3816156,0.63654315,0.38825393,0.570532,0.38456106,0.6676848,0.4223212,0.5315306,0.43038893,0.7039081,0.41437444,0.4762711,0.46156436,0.6194921,0.40631035,0.54605824,0.48118588,0.6398758,0.5394772,0.5526633,0.5414018,0.63764143,0.6329758,0.5515027,0.62735015,0.642912,0.71701217,0.54905474,0.7147684
gabigoorward - 31.png,go_forward,0.5979935,0.43911517,0.6135666,0.4328176,0.58828133,0.43068373,0.6353798,0.43699363,0.5705014,0.4328995,0.6668105,0.47047624,0.5313822,0.47783273,0.7073925,0.463736,0.47676736,0.50886184,0.620487,0.45624653,0.54516625,0.5289192,0.6396575,0.58767927,0.55313236,0.5893029,0.6382426,0.6799779,0.5532353,0.67423034,0.6438672,0.76391786,0.5481538,0.7620185
gabigoorward - 32.png,go_forward,0.5949055,0.44185993,0.60942984,0.43530715,0.58310515,0.43377224,0.63148713,0.43941605,0.5661523,0.43783572,0.6611526,0.47305375,0.52762425,0.48317072,0.7038174,0.46587488,0.47159502,0.51533926,0.6147823,0.46023905,0.54343,0.5326875,0.6365019,0.5945776,0.5524388,0.5961217,0.6337154,0.6879978,0.55071807,0.6831834,0.64226395,0.77073765,0.5463763,0.767744
gabigoorward - 33.png,go_forward,0.5890969,0.34473047,0.6043814,0.3388517,0.5780045,0.3371457,0.6272019,0.34579647,0.561378,0.34392613,0.65614057,0.37943414,0.52320945,0.3919934,0.7004573,0.36131275,0.4650433,0.42025834,0.6118152,0.35694286,0.5308851,0.43633902,0.63046145,0.5040983,0.5466871,0.50622934,0.62594104,0.5974742,0.54383564,0.5918492,0.63384527,0.6807268,0.538461,0.67678463
gabigoorward - 34.png,go_forward,0.5842806,0.21099404,0.59992284,0.2045965,0.57535326,0.20325544,0.6239762,0.2107005,0.5592245,0.20901372,0.656749,0.24759088,0.51756376,0.26204297,0.69606155,0.23001471,0.4601327,0.28976977,0.5931089,0.22194648,0.5309011,0.3073369,0.6243488,0.3759094,0.5359004,0.37898415,0.61657155,0.47016078,0.530409,0.46383432,0.6179926,0.5593439,0.521173,0.55315423
gabigoorward - 35.png,go_forward,0.5958553,0.26510465,0.6113616,0.25897297,0.58563423,0.25696617,0.6348733,0.26514173,0.569658,0.2627785,0.66589946,0.29982448,0.52823895,0.31245515,0.70975155,0.28575554,0.4681982,0.34403193,0.60831225,0.27839682,0.539937,0.35782632,0.6361078,0.42350286,0.5495318,0.42531505,0.6293583,0.5185296,0.5454609,0.5119712,0.6341632,0.60181093,0.5400879,0.595796
gabigoorward - 36.png,go_forward,0.6403048,0.3339722,0.65504116,0.3270557,0.62931967,0.3257163,0.6785408,0.33114794,0.6150847,0.32950577,0.7100445,0.36628222,0.577649,0.37596992,0.7482864,0.35725266,0.5161055,0.40854928,0.6598051,0.34745574,0.5880397,0.42427886,0.68157655,0.49018976,0.598297,0.492012,0.6788583,0.580919,0.59887064,0.57762593,0.6854084,0.6594275,0.5885768,0.66103774
gabigoorward - 37.png,go_forward,0.6833008,0.36222348,0.6982433,0.35623267,0.672813,0.35447422,0.7226033,0.36170092,0.65807915,0.35979623,0.75193053,0.39464036,0.62022847,0.40541714,0.7949312,0.38228452,0.56012756,0.43391392,0.70420474,0.3741599,0.6323687,0.450415,0.7261948,0.51216406,0.6434907,0.5140307,0.72321177,0.6023285,0.6443049,0.5979495,0.73268247,0.6834123,0.6388479,0.6787635
gabigoorward - 38.png,go_forward,0.77395934,0.3724394,0.7879932,0.3667501,0.76336044,0.36624122,0.8143458,0.37182146,0.75079095,0.37219653,0.85042757,0.40187722,0.713968,0.4139131,0.8829666,0.39411116,0.66192925,0.4471762,0.7950831,0.38875297,0.7312699,0.46028832,0.8244944,0.52271444,0.7375323,0.52504134,0.8233672,0.60938805,0.73713636,0.6072219,0.82359344,0.6909139,0.7316008,0.6901392
gabigoorward - 39.png,go_forward,0.90603197,0.37513724,0.92173135,0.36924988,0.8964795,0.3680211,0.94733196,0.37488544,0.8812241,0.37261632,0.97098017,0.40522283,0.8533435,0.41521728,1.0,0.39883128,0.7893987,0.4496618,0.9144692,0.38889602,0.86492276,0.46694937,0.9489097,0.52424675,0.87222314,0.52643925,0.9491445,0.6153677,0.8718341,0.61164063,0.95148957,0.7021117,0.8651989,0.69514716
gabigoorward - 44.png,go_forward,0.42277974,0.45128605,0.43613103,0.44592828,0.41477686,0.44423538,0.4577275,0.45126736,0.40077892,0.44822943,0.48378924,0.48061898,0.37555158,0.49021447,0.5169021,0.47536337,0.3128377,0.5242483,0.43216053,0.46054834,0.3822333,0.5353428,0.46680906,0.593296,0.3951604,0.5958406,0.46998957,0.6799708,0.3989223,0.6771004,0.48257524,0.76018715,0.39010856,0.75635815
gabigoorward - 45.png,go_forward,0.38779408,0.49671328,0.4005599,0.49097782,0.37840635,0.48982337,0.42115903,0.49559036,0.36247885,0.49385354,0.44712982,0.5255918,0.33632177,0.535148,0.47288576,0.5208002,0.27465856,0.5706033,0.40085098,0.49796155,0.34345558,0.58275443,0.43019706,0.6402376,0.35603333,0.64279854,0.435745,0.7283819,0.3592397,0.7249868,0.44972694,0.8097777,0.3547613,0.8058957
gabigoorward - 46.png,go_forward,0.4023026,0.5072615,0.41584092,0.5012664,0.39191902,0.5008762,0.43745115,0.5053939,0.37559864,0.50507176,0.45983005,0.5339436,0.3499097,0.54499805,0.49488112,0.5298522,0.28491393,0.5783071,0.40335855,0.5223402,0.35594508,0.5944453,0.44117606,0.6500748,0.36974156,0.6532248,0.43963242,0.7396435,0.37103292,0.7385548,0.45512688,0.82453525,0.36619526,0.8206273
gabigoorward - 47.png,go_forward,0.44202304,0.49494606,0.45518228,0.48919916,0.43250436,0.48846942,0.4755335,0.49327466,0.41622052,0.49215558,0.5006122,0.5220487,0.38670406,0.5337982,0.53858775,0.51489156,0.32678783,0.5677019,0.4539538,0.51028013,0.3908479,0.5838377,0.48119146,0.64015025,0.40626672,0.64316833,0.48369253,0.7285887,0.40882388,0.7260157,0.49485394,0.8127836,0.4011772,0.80582255
gabigoorward - 48.png,go_forward,0.45230296,0.4621035,0.46595064,0.4552565,0.44091958,0.4541466,0.48623934,0.45941928,0.4245367,0.45829794,0.5161168,0.4930401,0.38859394,0.5033477,0.55371875,0.4844901,0.32895404,0.534923,0.46851102,0.4782101,0.39921027,0.5499306,0.4970972,0.6125978,0.41598925,0.61556965,0.49682182,0.7014574,0.4174071,0.6995523,0.50895405,0.78445894,0.40939623,0.7855807
gabigoorward - 49.png,go_forward,0.47350633,0.43940616,0.4889549,0.4318176,0.4606201,0.43171722,0.5095565,0.43722776,0.43954208,0.4369035,0.5426765,0.4738166,0.40001976,0.48295748,0.57915753,0.468597,0.34056437,0.5195293,0.49014175,0.45879623,0.41449663,0.53556496,0.51799303,0.60253996,0.42314035,0.60518885,0.5186892,0.69926834,0.43365428,0.6961933,0.52900934,0.7908568,0.42603302,0.7867697
gabigoorward - 50.png,go_forward,0.47505063,0.42448294,0.4916628,0.41663674,0.46133947,0.41620964,0.5137148,0.4226302,0.4387713,0.4217955,0.5516189,0.46108896,0.39383605,0.47184575,0.5993335,0.4521883,0.32690564,0.5112552,0.4971505,0.44379333,0.41114008,0.5279108,0.5232503,0.6060094,0.4189411,0.60910267,0.5197872,0.7116895,0.4305948,0.7083671,0.5328448,0.80789816,0.4191497,0.8060878
gabigoorward - 51.png,go_forward,0.45573446,0.42712432,0.47283646,0.418963,0.44187176,0.41720536,0.4925481,0.4257583,0.4140095,0.42235497,0.5338749,0.46877712,0.36138016,0.4804557,0.5933418,0.45383805,0.2914893,0.5206745,0.48193964,0.4453069,0.38837036,0.5413611,0.5046102,0.61847615,0.39229137,0.6223834,0.50691944,0.7331873,0.40760657,0.72763026,0.51487774,0.8435249,0.39596522,0.8446551
gabigoorward - 52.png,go_forward,0.48729298,0.4469814,0.5056938,0.43874627,0.4694705,0.43624103,0.5280231,0.44328317,0.43775347,0.44037545,0.5642983,0.48801935,0.38154814,0.5015044,0.6379879,0.4819591,0.30637753,0.5487506,0.50919425,0.47037992,0.41657776,0.57176405,0.5335737,0.65381986,0.41802672,0.6561115,0.526186,0.7750746,0.42692015,0.7698006,0.542633,0.88869923,0.41561,0.8863774
gabigoorward - 53.png,go_forward,0.51855975,0.46877736,0.5373065,0.45959875,0.5007675,0.45720097,0.55776083,0.4643697,0.4664062,0.46102425,0.59747946,0.50956506,0.4048714,0.5242152,0.6802014,0.50124997,0.32262364,0.57495284,0.554172,0.4945719,0.4447361,0.59683436,0.5642708,0.6802913,0.4449309,0.6838156,0.5597298,0.8057457,0.44840944,0.8010535,0.56781614,0.92090094,0.43826845,0.92361736
gabigoorward - 54.png,go_forward,0.55147177,0.41680282,0.56932145,0.40830112,0.53311735,0.40577814,0.5877283,0.41446403,0.4987221,0.41116354,0.62908596,0.4624315,0.43672225,0.4762273,0.7213884,0.45363754,0.36103436,0.5255253,0.585392,0.4404077,0.47687727,0.5485808,0.5977707,0.63440603,0.47818455,0.6370262,0.59141964,0.761771,0.48140824,0.75857186,0.6022314,0.8732314,0.47266454,0.8782025
gabigoorward - 55.png,go_forward,0.52775675,0.36134553,0.5455769,0.3525682,0.5096905,0.35091716,0.5655275,0.35941568,0.47725585,0.3579232,0.60840225,0.40795177,0.4182847,0.42354485,0.70209765,0.395547,0.33858675,0.47183508,0.5634652,0.38062036,0.45728803,0.49467847,0.5757435,0.5809577,0.45841843,0.5841895,0.56963843,0.70774287,0.46323317,0.70478916,0.5851122,0.8208004,0.45402288,0.8236527
gabigoorward - 56.png,go_forward,0.436544,0.34187138,0.45406324,0.3329471,0.41844657,0.3321815,0.47588444,0.33970392,0.3887247,0.34023026,0.5205326,0.38695255,0.33365652,0.40427047,0.60989773,0.37648442,0.2533121,0.45293263,0.46796864,0.36416897,0.37011215,0.47207198,0.49291387,0.5578921,0.3771075,0.5619475,0.4889195,0.6809303,0.38557535,0.6787012,0.51158196,0.7932484,0.37523407,0.79402673
gabigoorward - 57.png,go_forward,0.37646067,0.32482332,0.39551935,0.3168649,0.3586167,0.31519184,0.42179048,0.32625285,0.33091033,0.32514,0.4657842,0.37496883,0.27580035,0.3905736,0.5428112,0.36374274,0.19444636,0.43706876,0.40499258,0.34849352,0.30645278,0.45750666,0.43740988,0.54473966,0.31789342,0.5480299,0.43548813,0.6670787,0.3308719,0.6629244,0.45484275,0.7795082,0.3286571,0.77936864
gabigoorward - 58.png,go_forward,0.41480407,0.3275649,0.43482587,0.31845307,0.39595196,0.31642774,0.45784345,0.32895517,0.3610573,0.32668257,0.5031286,0.38069084,0.2996498,0.3987334,0.5927381,0.36392432,0.21456228,0.44850582,0.45542812,0.34973294,0.3447852,0.47106287,0.47402224,0.5600669,0.3479618,0.56528264,0.4680056,0.6862695,0.3573826,0.68205357,0.48621702,0.80956554,0.35532233,0.8120539
gabigoorward - 59.png,go_forward,0.4838067,0.33493742,0.5048799,0.32609266,0.46292344,0.32355124,0.52871376,0.33649498,0.42546052,0.33372086,0.5752136,0.3902185,0.35826033,0.40788472,0.680649,0.37638196,0.26505223,0.46318227,0.52922577,0.35925022,0.403365,0.48902008,0.5420497,0.58556736,0.40674636,0.5894668,0.52527285,0.72659403,0.41646194,0.7245631,0.5512243,0.8549893,0.4031697,0.85974413
gabigoorward - 60.png,go_forward,0.45302835,0.34461227,0.47432917,0.33519065,0.4307206,0.33226997,0.49787098,0.34502086,0.3901217,0.34162033,0.5480019,0.4010685,0.31989384,0.42033064,0.66380864,0.38382983,0.2260159,0.4787471,0.50789565,0.3713386,0.3772482,0.5040564,0.5100657,0.6043875,0.36945367,0.6092427,0.5010801,0.7487055,0.38123736,0.7468868,0.5202106,0.8778153,0.36774045,0.88631
gabigoorward - 61.png,go_forward,0.37189347,0.33378574,0.3920845,0.32391474,0.3495781,0.32173148,0.41420916,0.33178496,0.3097605,0.32962996,0.46177986,0.38688704,0.24483235,0.40538567,0.5782684,0.3721762,0.1586515,0.46143717,0.43260363,0.35691524,0.31154248,0.4855323,0.42902508,0.58497024,0.2955603,0.58965605,0.4093367,0.7232881,0.30112094,0.72368884,0.4365515,0.847954,0.2889816,0.8581464
gabigoorward - 62.png,go_forward,0.3743012,0.3400136,0.3923026,0.33087558,0.3536913,0.328839,0.4102594,0.33728132,0.31551796,0.3351277,0.4523954,0.38563377,0.25335047,0.40305832,0.5634931,0.37504125,0.18338983,0.45703128,0.43592146,0.3609959,0.31745848,0.47360906,0.4225383,0.5673774,0.29949915,0.57198554,0.40774307,0.6969752,0.30263034,0.6982316,0.43161103,0.8095728,0.2975307,0.82095134
gabigoorward - 63.png,go_forward,0.37493107,0.33857167,0.39136717,0.33026707,0.35573655,0.3274095,0.40649608,0.3357036,0.31811178,0.3318277,0.44411272,0.38122326,0.26018107,0.3957278,0.5457212,0.37156895,0.2025016,0.4445527,0.42513657,0.3572995,0.32601646,0.46000853,0.41687378,0.5479844,0.3027082,0.5514199,0.40458807,0.6692379,0.30337876,0.66773266,0.42444518,0.7761937,0.30024457,0.7859577
gabigoorward - 64.png,go_forward,0.35559556,0.34837747,0.37181035,0.3405856,0.33772227,0.3377877,0.38691252,0.34613124,0.30248147,0.3421963,0.4220715,0.38790134,0.24916682,0.40270922,0.52033496,0.37671414,0.19613974,0.4489384,0.40889427,0.36379376,0.31017828,0.46177515,0.39717942,0.54531527,0.29058596,0.54903936,0.38401487,0.65747976,0.28865227,0.65647155,0.4024796,0.7584722,0.2882935,0.7699704
gabigoorward - 65.png,go_forward,0.335159,0.336976,0.35036954,0.3288044,0.3175321,0.32707542,0.36454043,0.3336545,0.2833092,0.33152097,0.39932114,0.37499028,0.23156063,0.38878703,0.49320972,0.36499852,0.177324,0.4327748,0.38757977,0.35285836,0.28770417,0.44737068,0.37493965,0.52848047,0.27165312,0.53226876,0.3676973,0.6403883,0.27134132,0.64069223,0.38518807,0.7378422,0.26927403,0.7495272
gabigoorward - 66.png,go_forward,0.35007048,0.31745353,0.36516374,0.3098392,0.3332317,0.30754897,0.3791257,0.3146913,0.29954082,0.31156734,0.41228285,0.35379317,0.24947903,0.36692858,0.50466895,0.3440227,0.19857757,0.40875927,0.39893264,0.33449936,0.3046872,0.42508274,0.3863342,0.5019269,0.28604844,0.50483286,0.37384683,0.6110601,0.28294364,0.60886776,0.39083812,0.707679,0.2812629,0.7154352
gabigoorward - 67.png,go_forward,0.39042544,0.31291652,0.40761346,0.30685222,0.3778694,0.3025239,0.42045993,0.3142676,0.34392995,0.30523688,0.45139426,0.35149205,0.28995207,0.35985175,0.5394409,0.3400923,0.24713552,0.4005555,0.4474634,0.3309765,0.35377547,0.41597864,0.41904122,0.49386948,0.317512,0.49618483,0.40308776,0.60212344,0.31792873,0.5961955,0.41742146,0.6968138,0.3108539,0.70531577
gabigoorward - 68.png,go_forward,0.41775292,0.30782056,0.43368694,0.30111244,0.40335038,0.29798645,0.44664565,0.3074902,0.36994672,0.30186146,0.47429833,0.3448087,0.31842238,0.35330588,0.563715,0.33879605,0.26383606,0.3926937,0.46501946,0.3253205,0.3652634,0.4097879,0.43452266,0.48638988,0.33930168,0.48682138,0.41586822,0.5912138,0.33200997,0.58516467,0.42303574,0.6842974,0.31447545,0.6876361
gabigoorward - 69.png,go_forward,0.4521698,0.31073356,0.46780744,0.3032048,0.43770504,0.3004945,0.48066932,0.31004193,0.40348905,0.30384675,0.51590836,0.35222563,0.349087,0.3564992,0.5973707,0.34822172,0.29685158,0.39780167,0.50647223,0.33273342,0.4010822,0.41409904,0.46933535,0.49616054,0.36054054,0.49621278,0.43969396,0.60004145,0.3452527,0.5964305,0.44162992,0.69349235,0.32744724,0.69888705
gabigoorward - 70.png,go_forward,0.5160487,0.34311664,0.53305197,0.33607796,0.5016487,0.33293638,0.5475014,0.34228364,0.46847674,0.33630392,0.57532686,0.3819176,0.41266468,0.38795117,0.664575,0.37773216,0.349287,0.42794877,0.56882167,0.3635662,0.45031372,0.45011854,0.5221952,0.5278819,0.42269498,0.526317,0.49657857,0.637943,0.40657526,0.6297029,0.49367788,0.73277617,0.38297364,0.7316577
gabigoorward - 71.png,go_forward,0.4654159,0.30432257,0.48101512,0.29639465,0.44920066,0.29465604,0.4946711,0.30292767,0.41465476,0.29974666,0.52694523,0.3457139,0.36312282,0.35247928,0.61586154,0.33924478,0.30302626,0.38989896,0.5172523,0.3239326,0.4043846,0.40935487,0.47899717,0.48744994,0.37893975,0.48677656,0.45460352,0.5919176,0.35973972,0.58563346,0.45156842,0.684463,0.34356683,0.6838972
gabigoorward - 72.png,go_forward,0.38786593,0.27049956,0.40368754,0.26414198,0.37662566,0.2607764,0.41640267,0.2703029,0.34680676,0.26298591,0.45005468,0.3082867,0.29236522,0.31471044,0.5248636,0.2981918,0.242083,0.35058087,0.43531212,0.2882497,0.33668444,0.3692532,0.41209987,0.4423629,0.31222507,0.44346875,0.39642903,0.5484736,0.30613014,0.54182315,0.39749897,0.6371469,0.2951837,0.6402158
gabigoorward - 73.png,go_forward,0.3760754,0.27679986,0.38990316,0.27088723,0.36364722,0.26821405,0.40211713,0.27587554,0.33548576,0.27169693,0.4316224,0.30872554,0.28732264,0.31866208,0.5030231,0.30471477,0.24325597,0.35419878,0.4181243,0.29583752,0.32792196,0.37316236,0.40673912,0.43872315,0.31468356,0.44032252,0.38896292,0.53808266,0.3012249,0.5337991,0.3928668,0.62267643,0.29650086,0.624834
gabigoorward - 74.png,go_forward,0.43300992,0.3566483,0.44609684,0.34991577,0.42024884,0.34813833,0.4592215,0.35281166,0.39245927,0.350389,0.488523,0.3863755,0.3494933,0.3986434,0.55935365,0.37997973,0.308194,0.4321473,0.47056428,0.3732959,0.38951635,0.44978207,0.4635103,0.5139344,0.37583625,0.51686174,0.45162687,0.60578454,0.3660661,0.60286504,0.45782962,0.68872225,0.35713607,0.68992907
gabigoorward - 75.png,go_forward,0.47379208,0.4323446,0.4854218,0.42469594,0.46100417,0.42384914,0.49558267,0.42719266,0.4353152,0.42574838,0.5255928,0.46148226,0.39118215,0.47058403,0.59049493,0.45804673,0.34734038,0.50773597,0.5087336,0.4505478,0.43333325,0.5202071,0.50428283,0.5836338,0.4208729,0.5858134,0.49888182,0.675964,0.41560304,0.67376333,0.5020178,0.7503507,0.406069,0.755577
gabigoorward - 76.png,go_forward,0.5140134,0.4690264,0.5259252,0.46275693,0.5008299,0.4618497,0.53922117,0.46658605,0.47605896,0.46575254,0.57250226,0.4967992,0.43334103,0.50842357,0.63246506,0.49047872,0.39976883,0.5437919,0.5472126,0.48670632,0.47264615,0.5518368,0.54962164,0.61900455,0.46119323,0.6213583,0.5443349,0.70690066,0.45057145,0.7049734,0.5424408,0.7889815,0.4476002,0.79144305
gabigoorward - 77.png,go_forward,0.5512354,0.46093187,0.5621146,0.45435363,0.5375374,0.45328677,0.5734839,0.45702374,0.513299,0.45619863,0.6020495,0.48923257,0.47053927,0.49818352,0.6632766,0.48732704,0.43081665,0.53194803,0.58660406,0.47883683,0.51203114,0.5442435,0.58128124,0.606968,0.49808106,0.6088491,0.5731629,0.69533205,0.48940146,0.69409627,0.580708,0.7740771,0.4849299,0.77745754
gabigoorward - 78.png,go_forward,0.5634564,0.42334297,0.57615167,0.41592887,0.55189764,0.4153295,0.5882057,0.41946954,0.526888,0.41772062,0.62126845,0.45184132,0.48349535,0.46184617,0.6851847,0.44687775,0.4415796,0.49957344,0.6071355,0.44255143,0.5184249,0.50835407,0.5964526,0.5730383,0.50673854,0.5763434,0.5893402,0.66203856,0.5033371,0.6620879,0.5963555,0.74242765,0.49852508,0.7476473
gabigoorward - 79.png,go_forward,0.56799036,0.29931515,0.58173984,0.2915376,0.5548323,0.29103333,0.59475434,0.29557845,0.52656156,0.29416773,0.6270011,0.33129916,0.48249352,0.342367,0.69756484,0.323994,0.43908492,0.38166958,0.6199202,0.32046524,0.5276438,0.3955114,0.6015296,0.46289212,0.5082898,0.46654716,0.5925545,0.5553511,0.5069203,0.555458,0.6049434,0.6359971,0.5025312,0.63943774
gabigoorward - 80.png,go_forward,0.59006584,0.12875104,0.6058148,0.12020183,0.5735941,0.118248396,0.6202568,0.12467078,0.5401999,0.121800974,0.65331304,0.16903457,0.48827055,0.1826883,0.74538743,0.16044652,0.42985016,0.22942182,0.6334762,0.15459152,0.5375656,0.24506857,0.62241596,0.32084844,0.52231973,0.32369697,0.60463816,0.43141875,0.51961595,0.42749742,0.6154023,0.5169566,0.5080913,0.52042514
gabigoorward - 81.png,go_forward,0.5888157,0.25530267,0.6022074,0.24637827,0.57057786,0.24591672,0.6158955,0.25038207,0.53653646,0.25180623,0.6553819,0.2921018,0.48845768,0.31454062,0.7505754,0.2748868,0.4353203,0.36237258,0.6309596,0.2768642,0.54990965,0.3749667,0.63985085,0.447693,0.53804135,0.4551248,0.6401332,0.5601241,0.548236,0.56085795,0.666174,0.65629375,0.5533029,0.66454417
gabigoorward - 84.png,go_forward,0.6232692,0.44839376,0.64055294,0.43815035,0.60121596,0.43674177,0.658003,0.44346124,0.5593754,0.44332838,0.7072894,0.49188802,0.50392526,0.5170119,0.82196504,0.47285005,0.4407946,0.57565016,0.6899416,0.47438377,0.5872869,0.59144074,0.70262635,0.68618256,0.5750246,0.6942855,0.6980723,0.8269389,0.59168047,0.8217508,0.7384614,0.95906186,0.5914058,0.96099436
gabigoorward - 85.png,go_forward,0.7056809,0.43884274,0.72546524,0.42835456,0.6820986,0.42643255,0.7454973,0.43660995,0.63594407,0.43537518,0.79911226,0.48843664,0.57202655,0.51250416,0.92897713,0.4713047,0.4989278,0.5749326,0.775407,0.471976,0.6622551,0.59589857,0.7782613,0.6942064,0.6362634,0.70118433,0.7662747,0.84318316,0.6506304,0.83726656,0.79942966,0.98082626,0.6411622,0.9806166
joaogoforward - 02.png,go_forward,0.33597502,0.13288265,0.3517851,0.12379985,0.32117447,0.12588643,0.3840031,0.13050932,0.30757588,0.13817152,0.43304342,0.17191064,0.28280362,0.21138546,0.46469802,0.11230052,0.24633715,0.25968328,0.3489511,0.09713138,0.34586176,0.27278623,0.43330833,0.3339749,0.33490625,0.34729654,0.44499984,0.44354632,0.34599304,0.44784233,0.46123767,0.5255028,0.35316676,0.5382186
joaogoforward - 03.png,go_forward,0.43115297,0.3613326,0.4446043,0.35324302,0.4160944,0.35530958,0.46832377,0.35985854,0.3999284,0.36659142,0.5098019,0.39381894,0.3713234,0.42451078,0.537323,0.34949768,0.3300869,0.46926945,0.435619,0.33581114,0.42037854,0.4838552,0.5045272,0.5473021,0.41290766,0.55724126,0.5128998,0.6486845,0.4193817,0.6509381,0.5273978,0.7313949,0.42472863,0.73898476
joaogoforward - 04.png,go_forward,0.46069956,0.37115195,0.47588342,0.36362553,0.44612834,0.36476433,0.49985674,0.37171972,0.42863074,0.3758856,0.53997,0.40639383,0.39761832,0.43513978,0.5728371,0.35844755,0.3530036,0.476699,0.46809006,0.35194468,0.44151118,0.49192864,0.5277107,0.55889046,0.43120417,0.56853807,0.53366125,0.6587605,0.44222942,0.6603217,0.5493183,0.74060607,0.44395953,0.74883366
joaogoforward - 05.png,go_forward,0.48088983,0.35962752,0.49380872,0.3519191,0.46630833,0.35353887,0.516483,0.35926518,0.44840455,0.36563995,0.55651164,0.39580223,0.41563016,0.42693394,0.5971648,0.345305,0.38030887,0.4626448,0.49756888,0.3360185,0.46947163,0.48177695,0.5456397,0.5396506,0.45453364,0.54950994,0.5601559,0.643565,0.46112713,0.64421403,0.5750782,0.7294951,0.48199633,0.7319722
joaogoforward - 06.png,go_forward,0.503628,0.35802242,0.51643836,0.35039365,0.48919213,0.35159037,0.5384296,0.356333,0.4711584,0.36208516,0.57802653,0.3920844,0.43843502,0.4237226,0.6146186,0.34345374,0.40396288,0.4617789,0.51819867,0.33501107,0.49670047,0.48227885,0.5727211,0.5383028,0.48289907,0.5482835,0.5751031,0.64374584,0.4910052,0.643799,0.58243006,0.72835195,0.51133704,0.7293009
joaogoforward - 07.png,go_forward,0.5642352,0.35800898,0.57626367,0.34990865,0.54779774,0.35176516,0.5964287,0.35607266,0.52668816,0.3631714,0.63740325,0.39167368,0.4972173,0.4238647,0.6757087,0.34186733,0.46744868,0.46188453,0.5772959,0.33775052,0.55345947,0.47979397,0.6296215,0.53673774,0.539197,0.5465172,0.63436943,0.6425365,0.54053944,0.64153117,0.637214,0.72784346,0.5593644,0.72948396
joaogoforward - 08.png,go_forward,0.5593266,0.35814753,0.5717188,0.3509335,0.5436103,0.35213357,0.5888969,0.35961205,0.52204967,0.3650811,0.62729573,0.3921672,0.48950347,0.42418635,0.6729344,0.34190997,0.45966756,0.46456873,0.57127774,0.33915305,0.55075336,0.4799518,0.6209196,0.54348123,0.53146654,0.55333483,0.62273955,0.64705265,0.53467774,0.64720666,0.62842494,0.73107123,0.5439751,0.73683447
joaogoforward - 09.png,go_forward,0.5164163,0.35338905,0.5294718,0.34542924,0.5013724,0.34668592,0.5503805,0.35266787,0.48027268,0.3585727,0.5929427,0.39009684,0.44457364,0.42397732,0.6357875,0.34049767,0.41288435,0.46236354,0.5295886,0.33265835,0.51026756,0.4830718,0.5855588,0.5440953,0.48937568,0.5544658,0.5845522,0.650923,0.4945624,0.6477987,0.58869255,0.74199784,0.51368713,0.7399619
joaogoforward - 10.png,go_forward,0.5311817,0.34985474,0.545777,0.3408248,0.51499456,0.34176072,0.56973714,0.34600598,0.49279875,0.35161856,0.61705816,0.3864839,0.45293364,0.4220149,0.66454864,0.33450416,0.41438687,0.46342337,0.5376288,0.3271946,0.5206215,0.4880382,0.60338116,0.55828273,0.49710432,0.5688924,0.6007978,0.669675,0.50726926,0.66682285,0.59661585,0.76802295,0.51824677,0.76632035
joaogoforward - 11.png,go_forward,0.5665375,0.3483211,0.58249694,0.33984807,0.5493188,0.33890313,0.60528237,0.34692252,0.5225224,0.34947938,0.65317094,0.39096087,0.47075716,0.4285636,0.7064865,0.32957125,0.42426223,0.47497478,0.5688467,0.3233141,0.54197806,0.50534344,0.6389091,0.580788,0.51952744,0.5919429,0.6393908,0.7019077,0.52706504,0.7003073,0.6408939,0.8089745,0.5397022,0.81382334
joaogoforward - 12.png,go_forward,0.5725223,0.34677494,0.5899971,0.3370935,0.5531814,0.33835363,0.61657894,0.34487566,0.5276647,0.35163748,0.6722338,0.38769487,0.478086,0.43178472,0.73413205,0.3190819,0.41967663,0.49037403,0.58111405,0.31540844,0.5559542,0.51740056,0.65512705,0.5973076,0.53087586,0.6103813,0.6500663,0.73919743,0.5372226,0.7390906,0.6570084,0.8483428,0.54927754,0.8542313
joaogoforward - 13.png,go_forward,0.5560825,0.34960875,0.57626617,0.3399957,0.53815883,0.33968344,0.60725445,0.34990034,0.51244193,0.35311705,0.66372573,0.4001795,0.46273062,0.4427882,0.7260968,0.3211459,0.40350738,0.49492,0.5691812,0.31512898,0.54561824,0.5241363,0.6434059,0.60954046,0.5162212,0.62185824,0.64323545,0.75113755,0.5291059,0.74506015,0.6474692,0.8698721,0.53972256,0.8736714
joaogoforward - 14.png,go_forward,0.5761517,0.34417313,0.5933149,0.33426675,0.5572956,0.33504382,0.6222484,0.34218383,0.53194654,0.34800032,0.6813519,0.39071622,0.48405784,0.430246,0.7328745,0.31863475,0.43059716,0.4741171,0.5849712,0.31318545,0.560165,0.5080876,0.6589795,0.5878006,0.5331215,0.5989782,0.658828,0.7205283,0.5410575,0.7160011,0.6519997,0.8343796,0.5597756,0.8344755
joaogoforward - 15.png,go_forward,0.57905614,0.3496658,0.59471655,0.34070635,0.562781,0.34041268,0.6189989,0.34630167,0.5390064,0.34941185,0.6680377,0.39042163,0.4933596,0.424089,0.72066396,0.3298895,0.4480807,0.46506464,0.58855325,0.32251793,0.57228255,0.49217844,0.6469708,0.5682474,0.53603375,0.5777765,0.64768213,0.69166434,0.5428466,0.68809927,0.64951247,0.79479694,0.5572397,0.7972571
joaogoforward - 16.png,go_forward,0.54873735,0.34658706,0.5632139,0.33820242,0.5335768,0.33837107,0.58588445,0.34307322,0.5113569,0.34711185,0.6307893,0.38163745,0.4701793,0.41425717,0.6818607,0.33172512,0.43302315,0.45253286,0.55710167,0.3213023,0.5337321,0.47631532,0.6144721,0.5436244,0.51067966,0.55298924,0.61260647,0.65331995,0.5195446,0.65039474,0.6087218,0.75023794,0.53083205,0.7500963
joaogoforward - 17.png,go_forward,0.5289609,0.35904506,0.5418988,0.35050443,0.5119325,0.35185656,0.56194973,0.35560066,0.489544,0.36113942,0.6021103,0.39283857,0.4603011,0.42131484,0.6473678,0.34549224,0.41970408,0.45850775,0.54760146,0.3363744,0.50853044,0.47376323,0.5918691,0.5435618,0.5013217,0.55212915,0.5870497,0.6475292,0.5016864,0.64716595,0.5928021,0.73241943,0.506362,0.7368391
joaogoforward - 18.png,go_forward,0.51418287,0.35663524,0.52629954,0.3493576,0.49947906,0.3497965,0.5444648,0.3548875,0.4791753,0.35898623,0.5830094,0.38968894,0.44419986,0.41848156,0.6250201,0.34478596,0.41115564,0.45527354,0.5314065,0.33819735,0.505911,0.47018117,0.5742629,0.53397965,0.4852365,0.5421625,0.56842387,0.6350958,0.484025,0.63190347,0.5671975,0.71685994,0.49763227,0.7162665
joaogoforward - 19.png,go_forward,0.4926973,0.36040607,0.5057323,0.35317034,0.47899464,0.35299316,0.5247214,0.35872447,0.4590536,0.36116493,0.5611451,0.39437371,0.4235532,0.42115423,0.6044382,0.34743443,0.38840201,0.45309916,0.503238,0.3443167,0.47370198,0.4672263,0.54873365,0.5327508,0.4619912,0.54032415,0.54857343,0.632995,0.46414718,0.62922126,0.5510236,0.71196806,0.48179474,0.7128942
joaogoforward - 20.png,go_forward,0.48608086,0.35774583,0.49920937,0.35037014,0.47346875,0.35067266,0.52096885,0.3557272,0.4573266,0.3591314,0.5593509,0.39155626,0.42163923,0.4184051,0.5950188,0.34782368,0.3809745,0.45200044,0.4917234,0.3413816,0.46247765,0.4635928,0.54398894,0.5302206,0.45684516,0.5379438,0.5486222,0.630647,0.464728,0.6273387,0.5516286,0.7109575,0.4822178,0.7106985
joaogoforward - 21.png,go_forward,0.48522022,0.36330613,0.49792987,0.35590136,0.4735894,0.3565842,0.5199754,0.36180013,0.4592784,0.36608058,0.5620115,0.3975661,0.42181516,0.42597345,0.5943944,0.3507507,0.37948784,0.4572797,0.48268577,0.34763253,0.4633811,0.47051272,0.54803485,0.5378965,0.45870394,0.546255,0.5540238,0.63831663,0.46664757,0.63566095,0.55652165,0.7193373,0.4881026,0.7187601
joaogoforward - 22.png,go_forward,0.5075952,0.36965135,0.5222787,0.36274546,0.4958183,0.3629386,0.54856324,0.36937514,0.48076624,0.37263668,0.58694535,0.40452844,0.44391894,0.43295148,0.6127809,0.35580057,0.4001275,0.46259183,0.50495344,0.35393173,0.48696882,0.47907785,0.57572424,0.5465007,0.4833731,0.5552057,0.57934624,0.64480054,0.49209136,0.64358574,0.582671,0.7288261,0.5132168,0.72892076
joaogoforward - 23.png,go_forward,0.5574483,0.36284256,0.57134604,0.35614035,0.5475852,0.35644653,0.59702253,0.36280456,0.537792,0.3662366,0.6402381,0.39377135,0.49923542,0.42312548,0.6690316,0.344094,0.45252064,0.45624354,0.56154335,0.3416473,0.5342409,0.46704048,0.62218446,0.5397977,0.53149736,0.54848254,0.6330025,0.64001715,0.546626,0.6384009,0.6275531,0.71047574,0.5556298,0.712911
joaogoforward - 24.png,go_forward,0.61189884,0.34572893,0.62545526,0.33851555,0.6017968,0.33945617,0.6521064,0.34290367,0.5886301,0.34759283,0.6894104,0.37497306,0.55179906,0.40442184,0.7130963,0.3306893,0.51300997,0.43108517,0.6089142,0.3230476,0.59100187,0.44755557,0.6703697,0.5110388,0.58083594,0.5203065,0.6756757,0.6088027,0.5928596,0.60691404,0.67176515,0.6957907,0.6151566,0.689387
joaogoforward - 25.png,go_forward,0.6280477,0.2819596,0.6416984,0.27526635,0.6183042,0.27555776,0.6664638,0.28031498,0.6041834,0.28371695,0.7014811,0.31216946,0.56735957,0.340759,0.7353671,0.26618564,0.5284087,0.36712885,0.6386837,0.25783443,0.6080712,0.38334808,0.68311745,0.44562292,0.5965194,0.45448852,0.6830028,0.54410046,0.606505,0.5422219,0.68793184,0.6311317,0.6215916,0.62837464
joaogoforward - 26.png,go_forward,0.6943513,0.24935918,0.70848334,0.24341103,0.68339175,0.24347211,0.73331964,0.25111383,0.66967183,0.2542071,0.76670825,0.28252062,0.6344621,0.31017998,0.7965449,0.23534304,0.5957707,0.3389223,0.7036776,0.23009564,0.6662917,0.3509752,0.7460532,0.41903698,0.6606345,0.4269607,0.74683005,0.51629406,0.66687196,0.5158415,0.7463223,0.59687316,0.6816647,0.59538966
joaogoforward - 27.png,go_forward,0.81025004,0.22669883,0.82432574,0.21987936,0.79694927,0.22027895,0.8481586,0.22696722,0.78082085,0.23033616,0.8843253,0.25962883,0.7487413,0.2857496,0.9181169,0.211291,0.70512086,0.3154939,0.82448494,0.20552303,0.7799226,0.32698473,0.8637378,0.40065467,0.77690923,0.40815574,0.863538,0.49820665,0.7824334,0.49714464,0.86128074,0.57872456,0.78751796,0.5817702
joaogoforward - 28.png,go_forward,0.5759281,0.28630152,0.58797574,0.2790066,0.56641084,0.28020397,0.6134968,0.2830359,0.556501,0.28832445,0.6584203,0.31738168,0.5209204,0.34479743,0.6927897,0.27309296,0.48147798,0.3713819,0.5966259,0.2680009,0.564009,0.38107336,0.636419,0.445908,0.54939663,0.45376614,0.6431454,0.5399653,0.5519604,0.53835464,0.6442202,0.62089926,0.5719369,0.6214529
joaogoforward - 29.png,go_forward,0.37777823,0.34789047,0.39069897,0.34163362,0.36568925,0.3414499,0.41128427,0.34879452,0.350112,0.3507232,0.44281998,0.38112003,0.31733063,0.40296435,0.47331643,0.34011182,0.27755135,0.4314751,0.38743174,0.33142656,0.34946448,0.44526282,0.42351905,0.5091716,0.3432902,0.5153762,0.42708045,0.6021609,0.3496945,0.60015094,0.4271736,0.67745936,0.35739774,0.6799943
joaogoforward - 30.png,go_forward,0.40322164,0.3923932,0.41509235,0.38574272,0.39415875,0.38587132,0.43630716,0.3895187,0.38046017,0.39223024,0.47553268,0.42112523,0.3406323,0.4471492,0.5076213,0.38061303,0.3067061,0.47393438,0.41271853,0.37236807,0.38585675,0.4916627,0.4557697,0.5486763,0.36950818,0.5567467,0.4569376,0.64190334,0.36918703,0.64059186,0.4554385,0.7257658,0.38908345,0.7262075
joaogoforward - 31.png,go_forward,0.46399882,0.42215025,0.47617278,0.4154794,0.45117068,0.41559803,0.49289438,0.42197794,0.43300247,0.42439234,0.52580976,0.45370084,0.3988887,0.47687018,0.5656206,0.41390604,0.3597167,0.50961465,0.48451617,0.404527,0.4363933,0.52271605,0.5115876,0.58867943,0.4310062,0.5953734,0.50797355,0.6845834,0.43094572,0.6831816,0.5120586,0.759947,0.4361008,0.76504576
joaogoforward - 32.png,go_forward,0.26889795,0.41956472,0.28048006,0.4124219,0.25453392,0.41241857,0.29537508,0.41817802,0.23184551,0.4203396,0.32997537,0.45381752,0.1989115,0.47658974,0.36885893,0.40888876,0.16619167,0.50637674,0.27578333,0.39947614,0.24971443,0.5203502,0.3176887,0.58559376,0.23459306,0.59221166,0.3136803,0.68309253,0.23272549,0.67998296,0.3112587,0.75869375,0.23992388,0.7649825
joaogoforward - 33.png,go_forward,0.30972147,0.34179628,0.31959435,0.33475864,0.2953955,0.33539423,0.33104476,0.3404907,0.27251986,0.34458277,0.36696887,0.37348568,0.23735492,0.3990808,0.414476,0.3303687,0.21159935,0.4303943,0.3153488,0.32327008,0.2954721,0.4456775,0.3558837,0.5077802,0.2734296,0.515074,0.35354444,0.60364145,0.2731436,0.60252863,0.3549252,0.68083626,0.28357512,0.6837123
joaogoforward - 34.png,go_forward,0.30262524,0.2661122,0.31244323,0.25885594,0.28915417,0.2595588,0.32549298,0.2635219,0.267577,0.26784012,0.36266038,0.298096,0.2330206,0.3245582,0.40689662,0.25159413,0.20607491,0.355074,0.31220695,0.24349475,0.29343617,0.3701275,0.34970477,0.42726538,0.26779246,0.4346549,0.34721446,0.5245284,0.26765057,0.52117246,0.34577814,0.60036474,0.27373698,0.5994453
joaogoforward - 35.png,go_forward,0.29973596,0.19621865,0.31106088,0.18877123,0.28549454,0.18945731,0.3273239,0.19364999,0.26329425,0.19771937,0.36090723,0.2290984,0.23354344,0.2543325,0.40534607,0.18299544,0.20463358,0.28051963,0.30624738,0.17417067,0.28784305,0.2995144,0.34636715,0.35737106,0.26627663,0.3647123,0.3448069,0.45122844,0.268768,0.45041335,0.34687337,0.53109,0.27349457,0.53343385
joaogoforward - 36.png,go_forward,0.30633262,0.20991911,0.31705806,0.20285565,0.29244322,0.20312983,0.3329743,0.20708118,0.2727832,0.21054977,0.36830333,0.23957743,0.24208447,0.2641002,0.41241488,0.19737855,0.2177723,0.29417187,0.3266722,0.18674706,0.30076286,0.31072038,0.3553703,0.3680066,0.27560785,0.3751179,0.35077706,0.4624641,0.27410915,0.46272466,0.34820157,0.5372266,0.28456664,0.5422943
joaogoforward - 37.png,go_forward,0.34787276,0.32235515,0.35858324,0.31499597,0.33422405,0.3149344,0.37319207,0.31875393,0.31281495,0.3207776,0.40579027,0.35365766,0.28554502,0.37524277,0.44229808,0.31003562,0.25936642,0.40381497,0.35799095,0.2989186,0.33450118,0.41858777,0.39463,0.47552255,0.31815112,0.48136455,0.38526905,0.56749356,0.30972245,0.56332475,0.38373896,0.63983023,0.31364307,0.64293116
joaogoforward - 38.png,go_forward,0.39718348,0.39529198,0.4080602,0.38859653,0.38392368,0.38871002,0.4209872,0.39445984,0.36068076,0.3970495,0.45145848,0.42770845,0.32590207,0.4506414,0.4982111,0.38312843,0.29324841,0.47629216,0.40233162,0.3762143,0.3756424,0.492471,0.43169463,0.55611897,0.35238776,0.56202954,0.42633134,0.65024364,0.3494667,0.64636487,0.428927,0.72856265,0.350956,0.72751147
joaogoforward - 39.png,go_forward,0.44107115,0.39797944,0.4533843,0.3921,0.42820507,0.39181024,0.4700469,0.39893353,0.40567574,0.40090078,0.5012974,0.42955726,0.3687965,0.45396188,0.54602844,0.38770482,0.34000745,0.47852767,0.45936543,0.37497702,0.42255172,0.4976439,0.48060015,0.56387013,0.39428347,0.5710398,0.47276378,0.6608098,0.39055988,0.659946,0.46741235,0.75035864,0.3893184,0.7511596
joaogoforward - 40.png,go_forward,0.49655658,0.3898463,0.50941217,0.38400334,0.48594263,0.3834756,0.5263091,0.39297646,0.46681997,0.39315543,0.56461257,0.4272397,0.42662296,0.446716,0.60429674,0.37803376,0.39350304,0.4650373,0.507275,0.36729306,0.47268498,0.4813515,0.53638774,0.56103283,0.44679865,0.56586856,0.5289041,0.6604902,0.44272655,0.65389544,0.5261073,0.7537784,0.44684616,0.75039166
joaogoforward - 41.png,go_forward,0.5117489,0.38316098,0.5256907,0.37744367,0.50107104,0.37655082,0.5448377,0.38709038,0.48276514,0.3867033,0.5793783,0.42210633,0.44286558,0.44159275,0.6132347,0.37316114,0.40719625,0.45988935,0.5211983,0.3602809,0.48625985,0.47611958,0.550366,0.55456805,0.4623429,0.5596946,0.53789324,0.6549102,0.45389268,0.6507973,0.5392657,0.7466278,0.4677136,0.7455801
joaogoforward - 42.png,go_forward,0.5505611,0.3803284,0.56399924,0.3746202,0.5383387,0.3741199,0.5811794,0.38453045,0.5179391,0.3847449,0.61604804,0.41855153,0.4789135,0.4373272,0.6523919,0.37083215,0.4428634,0.4561471,0.56525147,0.3568285,0.5230362,0.47110665,0.58585364,0.5508254,0.49495867,0.5564483,0.5790624,0.6526229,0.49647045,0.6503332,0.5771008,0.7438211,0.4965506,0.74565536
joaogoforward - 43.png,go_forward,0.6418978,0.38080785,0.65471053,0.37464005,0.6288717,0.37453017,0.6713761,0.38368767,0.6073118,0.38483748,0.7081423,0.41848406,0.5699485,0.43815818,0.7483382,0.37040183,0.5347477,0.4579774,0.6613021,0.35868618,0.61884075,0.47392288,0.68016696,0.5532591,0.5889305,0.5590337,0.67389673,0.65503186,0.5896033,0.65170383,0.6717121,0.74869376,0.58589906,0.7493205
joaogoforward - 44.png,go_forward,0.7002443,0.37549162,0.7138283,0.36869597,0.6874103,0.3686451,0.7332674,0.37652406,0.666847,0.3782998,0.76929176,0.41063166,0.63082594,0.4334495,0.80740964,0.36023962,0.5920762,0.4556098,0.71480846,0.35085145,0.67533207,0.47029945,0.7425823,0.5478095,0.6540333,0.5537088,0.72754854,0.6500456,0.6446696,0.6448905,0.72461766,0.7411652,0.6506237,0.73903483
joaogoforward - 45.png,go_forward,0.63911295,0.38516745,0.6518053,0.37898493,0.6265399,0.3788865,0.6702384,0.38565376,0.6055477,0.38816136,0.7050164,0.41752556,0.56827253,0.4415577,0.7489092,0.37050942,0.5349034,0.46322387,0.6552359,0.35849562,0.6175988,0.48558837,0.6797412,0.5549811,0.59012014,0.5608258,0.666117,0.6558183,0.58119255,0.65130216,0.65989846,0.7486528,0.58374035,0.7448618
joaogoforward - 46.png,go_forward,0.5183931,0.38965136,0.53167355,0.38346907,0.5062854,0.38298637,0.549921,0.39120987,0.48501822,0.39277127,0.5819858,0.4235681,0.44484484,0.44930202,0.6259854,0.37805045,0.4123239,0.4755092,0.5285796,0.36644837,0.496748,0.49387962,0.55548173,0.5604284,0.4667894,0.56727284,0.5419197,0.6563449,0.45727313,0.6531872,0.53971976,0.74353373,0.46682322,0.7397264
joaogoforward - 47.png,go_forward,0.50728184,0.38984656,0.5205323,0.38319823,0.494409,0.3825486,0.53619576,0.39066795,0.47007766,0.39082026,0.5691918,0.42545885,0.4307935,0.4474578,0.6108542,0.37530896,0.3986458,0.47228873,0.51290745,0.36695483,0.481194,0.4914138,0.5415629,0.5615485,0.45303285,0.5671989,0.52822566,0.65895337,0.44805136,0.6511279,0.52522945,0.7465175,0.4513886,0.74284846
joaogoforward - 48.png,go_forward,0.3940916,0.39350167,0.40825585,0.3863214,0.3818478,0.3862516,0.42842552,0.39293343,0.36196148,0.3942048,0.46675795,0.4291547,0.321796,0.45243672,0.5048286,0.37969756,0.28335807,0.4767237,0.40231442,0.3694021,0.3617415,0.49528736,0.43452486,0.5702669,0.340727,0.57683414,0.42692015,0.6696616,0.34305444,0.66485846,0.41438034,0.7603735,0.33917016,0.7573332
joaogoforward - 49.png,go_forward,0.33987546,0.39023116,0.35452133,0.38331428,0.32802826,0.38293236,0.37820393,0.3887653,0.30942133,0.390685,0.41476235,0.42223227,0.26767534,0.44920114,0.4532661,0.37597957,0.22519675,0.47731274,0.34926468,0.36424702,0.30987576,0.50030285,0.38673636,0.57172495,0.29182693,0.5794454,0.38230038,0.6715,0.2969509,0.6697171,0.36822277,0.76111007,0.29990223,0.7581326
joaogoforward - 50.png,go_forward,0.34860408,0.39329448,0.36357212,0.38490525,0.33664188,0.3853938,0.38935885,0.3891549,0.31974918,0.39196715,0.4309565,0.42892784,0.2806845,0.45402274,0.466161,0.37922785,0.23522745,0.4798345,0.35685813,0.3674875,0.31876606,0.5013297,0.39784804,0.57699627,0.30212724,0.58392984,0.39810815,0.6778822,0.30966264,0.672425,0.38300136,0.7712146,0.30620536,0.7649346
joaogoforward - 51.png,go_forward,0.4327002,0.39359355,0.44717693,0.38599157,0.41993532,0.38629773,0.4716769,0.3908565,0.40121695,0.3943255,0.5096802,0.42551148,0.36161226,0.45441467,0.54885733,0.3785091,0.32286495,0.4827724,0.43855157,0.36638674,0.40915573,0.50631,0.47999963,0.5767538,0.38397887,0.58522844,0.47730774,0.67774487,0.3885155,0.6777612,0.46027502,0.7716166,0.38539895,0.76947343
joaogoforward - 52.png,go_forward,0.49296123,0.408651,0.5072004,0.4010854,0.47797918,0.4005093,0.52597815,0.4073664,0.4537017,0.40887022,0.5616365,0.44690564,0.41442323,0.47228682,0.61277086,0.3964691,0.3729521,0.5035808,0.5047499,0.38771465,0.46880242,0.5221706,0.5352636,0.5983435,0.44306895,0.60432523,0.52543217,0.70808417,0.43904114,0.7028136,0.5229995,0.79885274,0.4430514,0.79870623
joaogoforward - 53.png,go_forward,0.50595415,0.43912977,0.51896,0.43112767,0.48853907,0.4316456,0.53767586,0.43696082,0.4629831,0.44146302,0.5789634,0.47565648,0.4239012,0.5043971,0.62901735,0.42330858,0.3913203,0.5361833,0.51249486,0.416521,0.49280983,0.557863,0.5537072,0.63658667,0.4543748,0.6440648,0.5458475,0.7523785,0.4475574,0.7527877,0.5425831,0.84860563,0.4611749,0.8544312
joaogoforward - 54.png,go_forward,0.533719,0.44872501,0.547935,0.44078353,0.51610196,0.44007418,0.5660504,0.44682372,0.48778144,0.44890845,0.60957193,0.48807308,0.4423518,0.5172969,0.66562724,0.43145403,0.40465793,0.5528318,0.5357016,0.4221152,0.5182167,0.57581794,0.58437645,0.66542584,0.4767006,0.672195,0.5766063,0.7891204,0.47423524,0.7838637,0.56896156,0.8954693,0.477601,0.89668167
joaogoforward - 55.png,go_forward,0.5536103,0.4421911,0.5683181,0.43250895,0.53665024,0.43209466,0.58533317,0.43880457,0.50654423,0.4407881,0.6350577,0.48666874,0.45689705,0.5176023,0.69772255,0.42346498,0.4177997,0.5517165,0.56503147,0.41935807,0.538495,0.5731543,0.6078427,0.6697394,0.49574408,0.67802596,0.6030763,0.7970172,0.49931183,0.7893886,0.58534384,0.91306937,0.49867484,0.9127047
joaogoforward - 56.png,go_forward,0.59286815,0.4094787,0.60836804,0.39985767,0.5737836,0.39978027,0.630648,0.40675533,0.5452112,0.41035393,0.682194,0.45374465,0.49326867,0.48589742,0.7378274,0.3876402,0.4412234,0.5207254,0.60407543,0.3825713,0.5735639,0.5463851,0.65032786,0.6502219,0.52896196,0.6587045,0.64625365,0.78077245,0.52824855,0.776959,0.63636845,0.898857,0.5374844,0.90196437
joaogoforward - 57.png,go_forward,0.55329025,0.32410973,0.57128865,0.31544125,0.5343521,0.31569988,0.6001493,0.3236064,0.5086092,0.3284614,0.65551835,0.36792782,0.45683518,0.4064075,0.72186506,0.2965944,0.39788386,0.4474232,0.5587157,0.29510367,0.5240873,0.4738974,0.6186773,0.57282627,0.49209028,0.58178127,0.60651356,0.71205187,0.49352437,0.7091793,0.5986018,0.8277326,0.49508515,0.830004
joaogoforward - 58.png,go_forward,0.4841825,0.2399204,0.50406957,0.23059191,0.46545166,0.23075983,0.5338312,0.24098478,0.43839794,0.2448218,0.58746177,0.2903343,0.38466337,0.3265739,0.6499523,0.21370904,0.31203893,0.36591804,0.48616084,0.20871164,0.4502507,0.3919023,0.5452552,0.5022187,0.41754818,0.51084375,0.53782403,0.64642924,0.4272472,0.6389081,0.5319116,0.76675284,0.42715195,0.76424605
joaogoforward - 59.png,go_forward,0.3831071,0.17115636,0.40353978,0.16106716,0.36367637,0.16165505,0.4400026,0.16979219,0.3406304,0.17564113,0.5015052,0.2207805,0.28645325,0.26127377,0.55440575,0.14582887,0.20763326,0.30636057,0.36928016,0.13863733,0.35120502,0.33507732,0.46476185,0.45246822,0.32627562,0.46172553,0.4541353,0.5944788,0.34196162,0.5884864,0.44691852,0.7173125,0.34098876,0.71437204
joaogoforward - 60.png,go_forward,0.44119743,0.30163196,0.46203077,0.29131165,0.42272246,0.2914247,0.4971946,0.29719397,0.39708453,0.30148196,0.5552332,0.34842545,0.34229642,0.38646173,0.6137404,0.27329776,0.26886013,0.42817032,0.4334626,0.26756358,0.4067454,0.4591787,0.5116097,0.5614646,0.37790102,0.5696391,0.50815624,0.7049475,0.3932434,0.6953124,0.49905157,0.82892174,0.3986377,0.8204526
joaogoforward - 61.png,go_forward,0.51605064,0.41256863,0.5348679,0.4014495,0.49923322,0.4018697,0.5673193,0.40553048,0.47637996,0.41011775,0.62593055,0.45794418,0.42139494,0.4946009,0.6720169,0.38547295,0.35041395,0.53384733,0.5099061,0.38566485,0.48288438,0.5675453,0.5858238,0.663967,0.45660686,0.67293245,0.583957,0.8030913,0.47130427,0.793408,0.56705725,0.9256907,0.47695804,0.9186722
joaogoforward - 62.png,go_forward,0.5140378,0.414798,0.5330529,0.40439007,0.4974698,0.4043531,0.5637097,0.41055158,0.47332242,0.4139213,0.62076336,0.46199113,0.41587734,0.4964012,0.6690316,0.39049175,0.34587187,0.5338448,0.5099091,0.39070582,0.48062947,0.569414,0.58069,0.6664856,0.45043746,0.67468977,0.57756495,0.80367184,0.46175802,0.7933842,0.5594487,0.92572576,0.467509,0.91768384
joaogoforward - 63.png,go_forward,0.47017932,0.39245772,0.48837766,0.38411498,0.45371217,0.3829707,0.51574785,0.39197624,0.42857334,0.39332387,0.5658739,0.43766814,0.37237972,0.46820557,0.6183255,0.37426373,0.31106585,0.5040828,0.47225374,0.36532453,0.43773007,0.53485787,0.5294686,0.6342718,0.40496174,0.6408086,0.5231172,0.7620012,0.41465673,0.7534385,0.51085114,0.8789476,0.42188364,0.8740262
joaogoforward - 64.png,go_forward,0.45863912,0.37424484,0.47557026,0.3663617,0.44413772,0.36572275,0.50206953,0.37399688,0.4223329,0.3759133,0.5465861,0.41734165,0.37159982,0.44634363,0.5946107,0.3573068,0.31673577,0.4787386,0.46571732,0.3477525,0.43212795,0.5042999,0.50879765,0.59537137,0.3970634,0.60176164,0.49981034,0.7146522,0.4075914,0.7059336,0.49342316,0.8168217,0.4153366,0.8103384
joaogoforward - 65.png,go_forward,0.467781,0.37205234,0.48439133,0.36499658,0.45128646,0.36485454,0.5039799,0.37493926,0.42405564,0.3757945,0.5415707,0.4110537,0.38261205,0.43252045,0.5848786,0.36449537,0.33566135,0.46644795,0.47047517,0.35276246,0.43558636,0.4810282,0.51422673,0.57382894,0.40737382,0.5798225,0.50300163,0.6833464,0.4133645,0.6798971,0.505433,0.775065,0.41069126,0.7772752
joaogoforward - 66.png,go_forward,0.4456718,0.36741558,0.45846975,0.3596162,0.43278477,0.36038426,0.47759557,0.3645946,0.41572273,0.3683182,0.51967055,0.4013906,0.37677062,0.424988,0.5596047,0.35552394,0.32977185,0.4538196,0.46493495,0.3409358,0.42253864,0.4673593,0.49498913,0.5504254,0.404387,0.55644107,0.48247215,0.6541117,0.39987904,0.65122074,0.47783077,0.73572385,0.40273023,0.73486495
joaogoforward - 67.png,go_forward,0.43640196,0.3592562,0.4485126,0.35237655,0.42404997,0.3527719,0.4679343,0.35618806,0.4044994,0.35958636,0.49976143,0.38693455,0.36753765,0.41227946,0.5373103,0.34688887,0.3294763,0.43568352,0.4480043,0.33696094,0.40827614,0.45048437,0.47563085,0.52283084,0.3899336,0.5305406,0.46887332,0.6166378,0.38903278,0.6165475,0.46125957,0.70199156,0.38973308,0.7006596
joaogoforward - 68.png,go_forward,0.43446055,0.35526818,0.44485092,0.34922785,0.4218315,0.3489755,0.45811868,0.35485762,0.40333027,0.35697246,0.48838,0.38479054,0.3658306,0.4054204,0.52892774,0.3481027,0.3308463,0.43283203,0.44479904,0.33853844,0.40988642,0.4449795,0.4679622,0.51533407,0.38951325,0.5205319,0.46175778,0.60642695,0.38709456,0.60387224,0.46104676,0.6818962,0.39646837,0.6836275
joaogoforward - 69.png,go_forward,0.48546672,0.3671712,0.4964628,0.361132,0.47533247,0.3611768,0.51282805,0.36516735,0.45775425,0.36636335,0.53845596,0.39559805,0.42863655,0.41035858,0.56940836,0.3717353,0.38795123,0.4377576,0.53381085,0.33721292,0.4552823,0.44532892,0.5179825,0.515028,0.44427207,0.51898736,0.510464,0.59862256,0.44291204,0.59722626,0.51713073,0.6726111,0.44471502,0.67000127
joaogoforward - 70.png,go_forward,0.5134929,0.35754135,0.5242219,0.35186425,0.50555015,0.35122168,0.5393538,0.35557544,0.49014655,0.35519874,0.56499314,0.3848857,0.46030042,0.40058014,0.60038155,0.35684264,0.4192811,0.42575577,0.5386502,0.33480003,0.48993167,0.43344566,0.54323614,0.49885777,0.47372538,0.5029538,0.5381673,0.58039683,0.4756828,0.5781378,0.5431917,0.6553386,0.47660884,0.6500168
joaogoforward - 71.png,go_forward,0.51323956,0.386523,0.52335155,0.3809503,0.5054469,0.38055706,0.5386938,0.38417754,0.49124235,0.3844018,0.562603,0.4125498,0.46542197,0.42689636,0.5861253,0.38751164,0.42548662,0.45118582,0.5271284,0.36344886,0.49009207,0.45937148,0.54198486,0.5204576,0.4767187,0.52392745,0.5381118,0.59808713,0.47963968,0.5944094,0.5465244,0.66825324,0.4808711,0.6615787
joaogoforward - 72.png,go_forward,0.5280599,0.39856106,0.5382254,0.3940273,0.5206093,0.3934699,0.5525239,0.39932257,0.5067011,0.39898455,0.57226473,0.42458797,0.483191,0.43729144,0.597196,0.4023785,0.44580784,0.45915377,0.544037,0.37943015,0.51125914,0.46833307,0.5566435,0.5264615,0.49648324,0.52959466,0.55242366,0.59994334,0.49472508,0.5977853,0.5564597,0.6658701,0.49480376,0.6614466
joaogoforward - 73.png,go_forward,0.53461075,0.41854662,0.5444819,0.4134003,0.5270618,0.41267923,0.55735654,0.41652635,0.5119752,0.41593224,0.57412094,0.44085002,0.49095854,0.45393345,0.59954107,0.41911718,0.45462453,0.47377482,0.53083444,0.3994898,0.51586753,0.48336387,0.5604266,0.54123676,0.503962,0.5447353,0.5539033,0.61245936,0.5044079,0.61204106,0.5626306,0.6745938,0.49789858,0.6730061
joaogoforward - 74.png,go_forward,0.5375607,0.43020257,0.5482121,0.4250765,0.52978426,0.4243789,0.5637167,0.4283027,0.51527745,0.42774278,0.5808363,0.45258066,0.49492496,0.46493095,0.59915817,0.43153968,0.46026894,0.48509237,0.54428875,0.4097831,0.521337,0.49416724,0.56673086,0.55071515,0.50797045,0.55390716,0.5623516,0.6214659,0.5080743,0.62046313,0.56984746,0.6850665,0.5068799,0.683084
joaogoforward - 75.png,go_forward,0.55528915,0.41494873,0.5651952,0.4090783,0.54692143,0.4091115,0.581351,0.4113739,0.5334081,0.4127361,0.60458034,0.43771586,0.5152907,0.45275575,0.62607306,0.4115474,0.47698048,0.47027677,0.5576507,0.3961409,0.53694725,0.4819072,0.5870254,0.541254,0.5266004,0.5450659,0.5850201,0.6135118,0.52631253,0.61151445,0.59010744,0.6794676,0.5233345,0.67562246
joaogoforward - 76.png,go_forward,0.5731502,0.40859646,0.58315724,0.40289757,0.56449133,0.4026096,0.59773624,0.40595642,0.54923046,0.40647098,0.61913204,0.43245527,0.5299259,0.44685277,0.64516187,0.40735933,0.4911143,0.46575117,0.57756937,0.3870455,0.55776185,0.4747413,0.60625213,0.53639436,0.5459392,0.5401407,0.60107803,0.61043274,0.5458673,0.60902655,0.60576016,0.67741,0.53992933,0.6742457
joaogoforward - 77.png,go_forward,0.5794266,0.41297227,0.59060663,0.40772316,0.57010865,0.4077187,0.60784584,0.41173613,0.55462295,0.41244668,0.6337258,0.43710777,0.5284869,0.45474055,0.65692955,0.40340802,0.49193364,0.4749311,0.5845435,0.39318442,0.5576918,0.4865558,0.6193708,0.5484079,0.54877025,0.55350333,0.61048627,0.6269835,0.5477728,0.6271883,0.61395377,0.698316,0.5494846,0.6939581
carolgoback - 01.png,go_back,0.513646,0.37408787,0.52591074,0.36722848,0.49868017,0.36698973,0.545563,0.371,0.477573,0.37195045,0.58117795,0.40915522,0.44453523,0.41114473,0.6344602,0.37395722,0.38872352,0.37954783,0.59610164,0.3580251,0.41745174,0.3557799,0.55301964,0.5415532,0.46757942,0.5423723,0.559456,0.63174754,0.4759873,0.63640535,0.5472858,0.72585464,0.49049014,0.7299092
carolgoback - 02.png,go_back,0.5271275,0.38093424,0.54098254,0.3735545,0.5119407,0.3736102,0.5645197,0.37834522,0.49313948,0.37968814,0.59817547,0.4200722,0.462029,0.42181832,0.6509585,0.38310003,0.3971917,0.38762045,0.6204073,0.36462867,0.42812222,0.35848385,0.5658354,0.55678153,0.4815819,0.5571834,0.57114416,0.6528833,0.4918089,0.6557551,0.5653122,0.7506278,0.51042116,0.75070786
carolgoback - 03.png,go_back,0.54572856,0.40154186,0.5601723,0.3938802,0.5289769,0.39403066,0.5822367,0.3987731,0.5067875,0.40044636,0.6166417,0.44113094,0.47601843,0.4449201,0.6836054,0.4030968,0.41529772,0.41163474,0.63885134,0.3805873,0.4442485,0.37505847,0.5847054,0.5841301,0.49758753,0.5850196,0.59467036,0.6861117,0.5108853,0.6893111,0.58986187,0.7871157,0.5252758,0.7889285
carolgoback - 04.png,go_back,0.5329513,0.42994335,0.5480027,0.42127964,0.5150883,0.42129576,0.57141167,0.42589045,0.4921116,0.42736608,0.6168911,0.47546694,0.4561513,0.47787547,0.68975437,0.4296183,0.3837348,0.4352388,0.62641454,0.4089372,0.42455536,0.3997897,0.5817091,0.6311523,0.48409185,0.6305334,0.58776236,0.7436599,0.49390382,0.7429169,0.572441,0.8534308,0.5092462,0.85019433
carolgoback - 05.png,go_back,0.50181895,0.4558334,0.5185652,0.44479963,0.4829871,0.4458687,0.5467837,0.44850856,0.4601498,0.45183918,0.5959973,0.50910324,0.42353052,0.51199484,0.6673745,0.4563553,0.33988097,0.46330827,0.6149219,0.4321084,0.38146183,0.42316487,0.5554762,0.68080074,0.45084888,0.6809104,0.56479543,0.7977864,0.4585101,0.7983219,0.55629295,0.9282698,0.47362816,0.92318046
carolgoback - 06.png,go_back,0.5055098,0.47675803,0.52562106,0.4649947,0.48413107,0.4652229,0.5567439,0.47017816,0.4568926,0.47182435,0.6063764,0.53391963,0.416936,0.5361199,0.69222784,0.47180426,0.3270045,0.48108914,0.6241938,0.4491382,0.37423423,0.44441462,0.5582295,0.7272345,0.4416169,0.7265984,0.57123566,0.8570246,0.45011732,0.85747266,0.5658171,0.9896338,0.45923358,0.9847884
carolgoback - 07.png,go_back,0.55048513,0.4650459,0.5717632,0.45353395,0.52762395,0.45321816,0.60211813,0.46052414,0.496577,0.4611786,0.6546158,0.5273796,0.44930443,0.52969235,0.74940073,0.45501488,0.35564524,0.46757013,0.67108506,0.43825573,0.40797415,0.42820564,0.60438764,0.74229157,0.47287488,0.74104524,0.6162994,0.89039195,0.47499558,0.88926727,0.6100239,1.0,0.4744783,0.9908328
carolgoback - 08.png,go_back,0.54608536,0.44005454,0.5691281,0.4270816,0.52087337,0.42666653,0.60088146,0.43411934,0.48565573,0.43470874,0.654436,0.5065224,0.4378893,0.5081933,0.75655335,0.42919853,0.33825377,0.43850672,0.6759726,0.408394,0.40093264,0.39923677,0.6005147,0.7299395,0.46484214,0.72960603,0.613827,0.8914704,0.47150442,0.892166,0.6115053,0.9974451,0.48160183,0.99202335
carolgoback - 09.png,go_back,0.52469605,0.4081821,0.54821074,0.3959995,0.5004498,0.3956495,0.5816405,0.40550968,0.46767765,0.4057976,0.637703,0.47809833,0.41812634,0.47772878,0.74017924,0.4011918,0.31811106,0.40413967,0.6618709,0.38349807,0.38345897,0.3687111,0.5818025,0.69749933,0.4450102,0.69634277,0.59194744,0.8464978,0.45628887,0.85007864,0.5842043,0.9845228,0.46320897,0.9831755
carolgoback - 10.png,go_back,0.51286995,0.4001142,0.5377718,0.38802668,0.48953104,0.38715485,0.5735651,0.39751434,0.45762476,0.3965624,0.6265253,0.47034323,0.40888697,0.4703185,0.7305168,0.38920334,0.305373,0.39642286,0.6471974,0.36798254,0.37597638,0.3606251,0.5694981,0.6872119,0.4364313,0.6860144,0.5753374,0.83392566,0.4509044,0.8354335,0.5808604,0.9814705,0.46835572,0.98068947
carolgoback - 11.png,go_back,0.51192683,0.53350395,0.53335536,0.5201876,0.48942322,0.5201112,0.56503516,0.52417725,0.46024102,0.52512074,0.61555886,0.596492,0.4135202,0.5958514,0.7206222,0.5317403,0.30897918,0.5354924,0.63561976,0.4988022,0.3786843,0.49003503,0.5619929,0.8052418,0.43460804,0.8034348,0.57487035,0.9465169,0.44243264,0.9454583,0.0,0.0,0.0,0.0
carolgoback - 12.png,go_back,0.5124286,0.6022212,0.5329383,0.5879144,0.48939484,0.5882825,0.5645057,0.5892877,0.46137208,0.5914983,0.6144019,0.6583413,0.41694528,0.65798694,0.7202103,0.6070619,0.31814188,0.60821843,0.6403278,0.5660951,0.38207266,0.5584197,0.5642393,0.86284846,0.4359909,0.8612327,0.0,0.0,0.0,0.0,0.0,0.0,0.0,0.0
carolgoback - 13.png,go_back,0.50577325,0.6158682,0.52549577,0.60242337,0.4834094,0.602379,0.5547304,0.60407555,0.45560986,0.6053603,0.6035048,0.6713982,0.4065628,0.6713288,0.706448,0.6172926,0.30703902,0.62140214,0.62722903,0.5792304,0.37575945,0.5742659,0.5529743,0.8764715,0.42582896,0.8755073,0.0,0.0,0.0,0.0,0.0,0.0,0.0,0.0
carolgoback - 14.png,go_back,0.40165314,0.6427188,0.41840705,0.62852883,0.37673622,0.6301448,0.44322476,0.6315955,0.34450254,0.6365798,0.4924421,0.701459,0.29393303,0.7024376,0.597257,0.6451978,0.19436671,0.65060836,0.514957,0.6080044,0.26663727,0.6020006,0.4431789,0.9052184,0.31110367,0.9055779,0.0,0.0,0.0,0.0,0.0,0.0,0.0,0.0
carolgoback - 17.png,go_back,0.19708277,0.64695996,0.21843897,0.6332619,0.1729748,0.6332896,0.25169605,0.6370013,0.14320931,0.63841337,0.29842493,0.70569515,0.089104,0.7082424,0.3952562,0.6518763,0.0011182573,0.66676027,0.32271907,0.61011183,0.05904327,0.60423195,0.24278903,0.91686636,0.102340825,0.9178976,0.0,0.0,0.0,0.0,0.0,0.0,0.0,0.0
carolgoback - 18.png,go_back,0.30954427,0.65284157,0.3314871,0.6382253,0.2880505,0.6378076,0.36634496,0.64162385,0.26083016,0.64166385,0.4124169,0.7168945,0.20366704,0.7134452,0.5158208,0.66697574,0.099081606,0.6641761,0.44290185,0.61464316,0.1746857,0.61022556,0.35563168,0.93107456,0.213697,0.93017954,0.0,0.0,0.0,0.0,0.0,0.0,0.0,0.0
carolgoback - 19.png,go_back,0.3197289,0.65992653,0.34120792,0.6456026,0.2965592,0.64550656,0.37637398,0.6484898,0.26920325,0.64947456,0.42185786,0.72298497,0.21563782,0.72232693,0.5251256,0.6668161,0.106419384,0.6714586,0.44971207,0.6227998,0.18720618,0.6171573,0.36899737,0.9370812,0.23108758,0.9382344,0.0,0.0,0.0,0.0,0.0,0.0,0.0,0.0
carolgoback - 20.png,go_back,0.30311418,0.6117337,0.32510602,0.5982984,0.2801474,0.5978128,0.36007792,0.60395116,0.25298262,0.6040683,0.40662643,0.67867476,0.1974286,0.6750434,0.503446,0.615824,0.08859948,0.61510855,0.42709598,0.57614213,0.17457473,0.5662992,0.34557772,0.8936084,0.20662329,0.8925285,0.0,0.0,0.0,0.0,0.0,0.0,0.0,0.0
carolgoback - 21.png,go_back,0.2814635,0.4922623,0.3059297,0.47961256,0.25934833,0.4787063,0.3446356,0.48737827,0.23196135,0.48664135,0.39241174,0.56082964,0.18071207,0.559178,0.48577958,0.49123377,0.068726845,0.49356645,0.40576026,0.46054778,0.15216182,0.45160896,0.32537153,0.7766207,0.19153069,0.775344,0.33667535,0.93951285,0.20117696,0.9405724,0.0,0.0,0.0,0.0
carolgoback - 22.png,go_back,0.2886301,0.38829136,0.3137037,0.37752312,0.26668638,0.3761758,0.3516631,0.3874223,0.2374465,0.38566768,0.40466076,0.45639652,0.18356973,0.4577258,0.49728963,0.3833026,0.0698398,0.39431855,0.41047674,0.36237025,0.1549275,0.3536802,0.34158188,0.6741824,0.2067398,0.6733669,0.34757215,0.8334993,0.22193252,0.8305327,0.34409848,0.9849743,0.24222606,0.97885776
carolgoback - 23.png,go_back,0.31024078,0.33690995,0.33349338,0.32654172,0.2871457,0.32558063,0.369787,0.3366298,0.2573889,0.33600754,0.42186847,0.40384766,0.2007586,0.40434295,0.51680154,0.33725172,0.091077775,0.34103346,0.44245434,0.3085037,0.16728267,0.30013075,0.36371672,0.6184671,0.22633845,0.6178846,0.3653712,0.76658636,0.2415263,0.7722585,0.37088656,0.9161778,0.27139136,0.91750747
carolgoback - 24.png,go_back,0.45382679,0.314582,0.47493884,0.30373302,0.42968148,0.30400127,0.5072226,0.31356937,0.3982143,0.31591278,0.56913865,0.38292181,0.3474117,0.38788316,0.66914994,0.3120562,0.24017029,0.32641232,0.58611923,0.29021975,0.31160516,0.28441995,0.5157699,0.5911052,0.3815578,0.59178835,0.5237839,0.75207263,0.3922125,0.7515587,0.5117954,0.9038178,0.42023477,0.89969397
carolgoback - 25.png,go_back,0.72987705,0.29968804,0.7487197,0.28786433,0.70159066,0.2896331,0.7775465,0.29567954,0.6658177,0.3015453,0.84577125,0.36381808,0.6169105,0.36944315,0.9670514,0.29816994,0.5250074,0.31127962,0.8682479,0.27198982,0.57037973,0.26948348,0.7843867,0.579693,0.64463353,0.5784677,0.787134,0.7395994,0.647349,0.7410314,0.76846397,0.89470774,0.67495143,0.88869387
carolgoback - 26.png,go_back,0.86978674,0.28363714,0.8903535,0.27068096,0.8398656,0.2723752,0.91983354,0.27977666,0.8029524,0.28384525,0.9656329,0.35726997,0.7548246,0.35048798,1.0,0.31469494,0.6585701,0.29592112,0.9973758,0.26358286,0.7097645,0.25111786,0.91613346,0.575277,0.7789691,0.57175666,0.9131056,0.72278196,0.7661816,0.7266751,0.893801,0.8766854,0.79689795,0.8734041
carolgoback - 27.png,go_back,0.8212949,0.28805152,0.8394884,0.27597728,0.7928495,0.27711308,0.8640046,0.28370655,0.7526403,0.28719756,0.91954494,0.35759825,0.7046157,0.3540977,1.0,0.3152055,0.6114809,0.3049526,0.97225374,0.25846922,0.66282696,0.2543187,0.8736633,0.5658366,0.7400793,0.5634649,0.8750125,0.72318727,0.73036444,0.7224242,0.85030264,0.8775933,0.75980544,0.87278867
carolgoback - 28.png,go_back,0.7378105,0.29073378,0.7583758,0.27943712,0.7117417,0.27867883,0.7838789,0.28819615,0.6725241,0.28845757,0.8449239,0.35746983,0.62043434,0.36062598,0.9741722,0.28389022,0.5365463,0.29481807,0.86068726,0.25929904,0.5857641,0.2583901,0.7872114,0.57321745,0.6508712,0.57153827,0.7838565,0.71726716,0.6527273,0.72034633,0.7718719,0.86985755,0.6831511,0.8707768
carolgoback - 29.png,go_back,0.69264525,0.31591734,0.71182024,0.30468047,0.66667104,0.30495363,0.73683405,0.31264898,0.62934804,0.3149304,0.79781187,0.38066757,0.5806885,0.38457465,0.9261503,0.31425795,0.49267894,0.32575807,0.8221864,0.2892345,0.5398794,0.28971714,0.7394411,0.5941808,0.6083775,0.5927205,0.74665713,0.7448363,0.6082652,0.74639857,0.7342249,0.8953505,0.62968946,0.89470154
carolgoback - 30.png,go_back,0.6467531,0.4403474,0.6687605,0.4284713,0.62369597,0.42735198,0.69462603,0.4347068,0.5848606,0.432992,0.7497277,0.50338453,0.5383983,0.50438535,0.8653081,0.44408113,0.45715502,0.45295253,0.76723546,0.4052436,0.5069051,0.40258646,0.69574666,0.7104209,0.56473935,0.7086691,0.69155884,0.8644816,0.57205087,0.85992193,0.6793238,0.99153143,0.5776806,0.9853693
carolgoback - 31.png,go_back,0.62365663,0.55290735,0.64285207,0.5401876,0.5996148,0.5398943,0.6663845,0.5442813,0.5625276,0.5450537,0.71845955,0.61013573,0.51922834,0.61104953,0.8385588,0.5610426,0.43740347,0.565292,0.7380313,0.5175085,0.49271658,0.51428336,0.67374617,0.81209135,0.5474696,0.8105697,0.67844653,0.956301,0.54712534,0.954654,0.0,0.0,0.0,0.0
carolgoback - 32.png,go_back,0.57848936,0.6493877,0.59632033,0.63523626,0.55468524,0.6359895,0.61972016,0.63700354,0.5209195,0.639725,0.66935015,0.70692563,0.47290444,0.7064974,0.7911409,0.6609195,0.38427988,0.6622928,0.6918947,0.6124972,0.44373536,0.6099525,0.6226242,0.91047,0.49216154,0.9096694,0.0,0.0,0.0,0.0,0.0,0.0,0.0,0.0
carolgoback - 33.png,go_back,0.48934337,0.67412454,0.5074395,0.66091764,0.4666291,0.66103977,0.53132254,0.6631582,0.434575,0.6643878,0.57966465,0.7301801,0.38303334,0.7291247,0.69373494,0.68587404,0.29587698,0.68561953,0.6070859,0.64417183,0.3592726,0.63605696,0.5366164,0.9312232,0.4065108,0.9314833,0.0,0.0,0.0,0.0,0.0,0.0,0.0,0.0
carolgoback - 34.png,go_back,0.37636787,0.64189446,0.39464712,0.6291303,0.3559338,0.6291468,0.42345846,0.6323537,0.33193383,0.63367563,0.4705796,0.6970771,0.28513297,0.6944165,0.5650838,0.6537699,0.19216788,0.64960253,0.4871964,0.6134274,0.26207146,0.60414547,0.41846758,0.8874951,0.29685494,0.8859633,0.0,0.0,0.0,0.0,0.0,0.0,0.0,0.0
carolgoback - 35.png,go_back,0.34910473,0.59486187,0.36572766,0.5842615,0.3308839,0.5845551,0.39118755,0.58580536,0.30617428,0.58728856,0.4361562,0.6427554,0.2628213,0.64083076,0.5180142,0.60622495,0.18640582,0.6031393,0.4558101,0.5675208,0.2436019,0.5626167,0.3892045,0.8188632,0.2776676,0.81704223,0.39963114,0.943483,0.28425506,0.9437527,0.0,0.0,0.0,0.0
carolgoback - 36.png,go_back,0.4130795,0.53732765,0.42785603,0.52840966,0.39640883,0.5286081,0.44963366,0.5315437,0.37259266,0.53282857,0.4916568,0.5815814,0.33676273,0.5814111,0.5633627,0.54427826,0.27426764,0.54405457,0.5045233,0.5133015,0.3119512,0.51247627,0.44929734,0.7390177,0.35437968,0.73785615,0.4556673,0.8470888,0.36237276,0.84959733,0.43919984,0.9721113,0.36848754,0.9702509
carolgoback - 37.png,go_back,0.46255305,0.5031236,0.47588205,0.49563354,0.446509,0.4956467,0.49602553,0.50047946,0.4252478,0.50142366,0.53407186,0.5450751,0.39644095,0.54520416,0.5984802,0.513694,0.34341067,0.5116326,0.5490969,0.4866974,0.37474084,0.4807914,0.49977812,0.6823646,0.41569975,0.6815353,0.5077192,0.78520894,0.41800123,0.7875468,0.48899236,0.8856095,0.42770776,0.8888493
carolgoback - 38.png,go_back,0.49715897,0.46296152,0.5096953,0.45592973,0.4824326,0.45640567,0.5316838,0.46084222,0.46577233,0.4630461,0.568531,0.5021558,0.43675172,0.50356513,0.6243883,0.47225058,0.385648,0.47314006,0.5854453,0.4475917,0.41254464,0.4458424,0.5322599,0.631525,0.4507749,0.6310125,0.5421626,0.7286209,0.45020548,0.73114663,0.52840257,0.8242508,0.4716701,0.823926
carolgoback - 39.png,go_back,0.48120818,0.44156414,0.49151617,0.43509716,0.4675602,0.4351888,0.50828165,0.4379365,0.44878894,0.4399678,0.5438171,0.47688383,0.41418737,0.4777426,0.5996428,0.44501325,0.35847077,0.44472036,0.54868835,0.42330277,0.3974415,0.42349443,0.5083182,0.60161096,0.42711717,0.6015807,0.5142635,0.6892754,0.439296,0.6936333,0.5016133,0.78586316,0.4509641,0.7882727
carolgoback - 40.png,go_back,0.3393962,0.4384042,0.35107228,0.43125078,0.3281389,0.43139032,0.3741595,0.434155,0.3160586,0.4353021,0.41427827,0.4744548,0.2804991,0.47382757,0.45900026,0.44593668,0.21744604,0.44293833,0.4184666,0.42266458,0.26105142,0.41603798,0.3714007,0.59650487,0.28981522,0.5962549,0.37507197,0.68584657,0.29469073,0.69015527,0.36135462,0.7793253,0.31611338,0.7815409
carolgoback - 41.png,go_back,0.24380724,0.44066983,0.2572949,0.43404457,0.23184204,0.43342522,0.28153867,0.4388344,0.21811952,0.43784487,0.31510663,0.48011675,0.18510942,0.47524315,0.35005644,0.45345068,0.122388445,0.4443518,0.32533625,0.42669365,0.16832985,0.41720495,0.2744267,0.5972682,0.19380912,0.5955171,0.28026873,0.685972,0.19766043,0.68687713,0.2643506,0.772137,0.21110775,0.7732316
carolgoback - 42.png,go_back,0.26041502,0.44075644,0.27355886,0.43419763,0.24772833,0.4339185,0.29882935,0.4376385,0.2333463,0.4379812,0.32863572,0.47590992,0.20476551,0.47407448,0.3692921,0.45176136,0.1480976,0.44774258,0.34176219,0.42935875,0.18980514,0.42290455,0.28995255,0.5934367,0.21233769,0.59206456,0.29137248,0.6814701,0.2146076,0.68246776,0.28303826,0.7677572,0.22663201,0.766142
carolgoback - 43.png,go_back,0.27844423,0.44196123,0.29036877,0.43523914,0.26496163,0.43537042,0.31307873,0.43801892,0.24939716,0.43937352,0.3421516,0.47662538,0.22107048,0.47468027,0.382684,0.45227492,0.1629679,0.44682595,0.36048406,0.4307993,0.20586511,0.42277002,0.30456313,0.5931109,0.22865765,0.5918696,0.30481672,0.68193096,0.23299345,0.68328965,0.29420832,0.766873,0.24100561,0.76510996
carolgoback - 44.png,go_back,0.29348516,0.43845123,0.30572838,0.43207887,0.2799295,0.43183824,0.3283189,0.43617055,0.2664233,0.43658575,0.35920027,0.47383615,0.23883864,0.4730345,0.40113774,0.44930574,0.18229747,0.44758332,0.37094805,0.42834112,0.21899039,0.42151618,0.32338348,0.59628266,0.24884513,0.5952661,0.32927138,0.68219054,0.24876449,0.6832915,0.31714013,0.76623774,0.2580134,0.76790017
carolgoback - 45.png,go_back,0.39073673,0.43836987,0.4029125,0.43180898,0.37779906,0.43181565,0.42395553,0.43647808,0.3626197,0.43734962,0.45551956,0.4757474,0.3347746,0.4756679,0.5070809,0.44920343,0.28084964,0.44782993,0.46649688,0.4253848,0.3179936,0.42074478,0.41809225,0.593061,0.34476313,0.5923039,0.4221249,0.681251,0.3452059,0.68422526,0.40991303,0.76401824,0.35293552,0.76710564
carolgoback - 46.png,go_back,0.4879538,0.44009164,0.5000457,0.43300807,0.47365552,0.43311998,0.5187795,0.43694612,0.45473146,0.43809196,0.5506128,0.47729066,0.42717,0.47788918,0.6112434,0.4497674,0.37740144,0.44937986,0.5607765,0.4265629,0.41182292,0.42140734,0.513491,0.5970802,0.43921232,0.5962691,0.517705,0.6865843,0.4396829,0.689308,0.5051744,0.7718615,0.44834584,0.77464235
carolgoback - 47.png,go_back,0.5875559,0.43534607,0.5999903,0.42854497,0.5732865,0.42877066,0.6202043,0.4334343,0.55519724,0.4350859,0.6566727,0.473024,0.52573395,0.47415158,0.72066736,0.44500214,0.47458383,0.44412768,0.6642688,0.42375243,0.50575733,0.41915908,0.6179132,0.59953105,0.53807354,0.5985761,0.62065375,0.692731,0.53726864,0.6955904,0.60820913,0.78548855,0.5532415,0.7856169
carolgoback - 48.png,go_back,0.71773326,0.43524662,0.72954166,0.42782068,0.7022476,0.42818177,0.74645466,0.43204144,0.6788148,0.4331384,0.7856599,0.47184908,0.64896274,0.47079605,0.84803075,0.4433856,0.60111064,0.4428178,0.79463243,0.41756466,0.63317835,0.41242406,0.746191,0.60124516,0.65884495,0.6000331,0.7412461,0.6972536,0.6640104,0.69816595,0.7331501,0.7908675,0.6697521,0.7913962
carolgoback - 49.png,go_back,0.7415855,0.435162,0.7533646,0.42816317,0.72742295,0.42784607,0.76917297,0.43317732,0.7049111,0.43308896,0.8081022,0.47352856,0.6750089,0.47429648,0.87664825,0.44235334,0.6300918,0.44769278,0.8220728,0.41823226,0.6496397,0.41778213,0.7698208,0.6023267,0.6862021,0.60118395,0.7720641,0.69995743,0.6867162,0.6997474,0.7595866,0.79616505,0.68393064,0.796795
carolgoback - 50.png,go_back,0.72493505,0.43349412,0.73619133,0.4264686,0.7097213,0.42662317,0.75064576,0.43191236,0.6847308,0.43273517,0.78946614,0.47172326,0.6538984,0.4722753,0.8560438,0.4428966,0.61004454,0.44607514,0.8013118,0.41685164,0.6310323,0.4162738,0.7506031,0.5995047,0.6643415,0.5986208,0.74556386,0.69668007,0.6641892,0.6984893,0.73368174,0.7885609,0.66590375,0.79075676
carolgoback - 51.png,go_back,0.71609515,0.41286224,0.7278005,0.40533745,0.6994933,0.40573096,0.7440499,0.40988553,0.6746757,0.4117064,0.78121835,0.4521871,0.648606,0.4542576,0.85033816,0.42416155,0.6025212,0.4277931,0.79079163,0.40194145,0.6242934,0.3985227,0.745891,0.5785691,0.665135,0.5776439,0.73832077,0.6715821,0.65419847,0.67335844,0.7174443,0.7598135,0.6574265,0.7619197
carolgoback - 52.png,go_back,0.6842368,0.37106624,0.6950394,0.36337307,0.6691771,0.36314946,0.709111,0.36525503,0.64456844,0.36602983,0.7488055,0.40633076,0.613243,0.40649712,0.82210183,0.3754121,0.568654,0.37633362,0.7604601,0.35507128,0.5970639,0.35229316,0.7088106,0.53617907,0.626762,0.53409034,0.69729626,0.6257206,0.62120855,0.62540585,0.6742891,0.71873593,0.6209992,0.71793395
carolgoback - 53.png,go_back,0.6785042,0.29830563,0.69008213,0.2908997,0.663133,0.29127192,0.7079713,0.2942863,0.64115524,0.29628235,0.7475195,0.3348627,0.6114142,0.33560172,0.8141838,0.30345696,0.56314474,0.304804,0.75975597,0.28214735,0.59114695,0.2785693,0.702388,0.46224833,0.62031806,0.46024776,0.69831306,0.5550889,0.61716056,0.55473864,0.6723394,0.65258694,0.62262076,0.6513741
carolgoback - 54.png,go_back,0.72079825,0.25110674,0.7328664,0.24382168,0.70557827,0.24450225,0.75342524,0.24682051,0.68525106,0.24969484,0.79094255,0.28691706,0.6581014,0.2890967,0.8545989,0.25452128,0.6114588,0.25729394,0.80703276,0.2326253,0.6364235,0.22981575,0.7458637,0.41469067,0.66312337,0.41374737,0.7416063,0.5068286,0.6595238,0.5096071,0.7215808,0.6049831,0.6595121,0.60515535
carolgoback - 55.png,go_back,0.64938384,0.25748342,0.6604487,0.25099912,0.6346881,0.25116974,0.67719734,0.25711486,0.61376625,0.2581596,0.715993,0.29789382,0.58249897,0.29692748,0.77505505,0.26184732,0.5315721,0.26366335,0.725853,0.24335934,0.56524944,0.24026614,0.6708718,0.42286438,0.5879959,0.42148602,0.66815376,0.5121831,0.59639305,0.51323247,0.64980346,0.6052867,0.59161216,0.6063316
carolgoback - 56.png,go_back,0.5101403,0.27236995,0.52246565,0.26577103,0.49636066,0.2654385,0.5426876,0.27016476,0.47684246,0.27075508,0.5814957,0.30971876,0.44420436,0.30932942,0.6411666,0.27475563,0.3905681,0.27444035,0.5863888,0.25848395,0.43119702,0.2538281,0.54212356,0.43507463,0.45817322,0.4335845,0.5383322,0.5215526,0.4626922,0.5225377,0.5210851,0.6137827,0.4709446,0.61300975
carolgoback - 57.png,go_back,0.42652643,0.2934365,0.43908113,0.28683075,0.41272047,0.28663403,0.4599644,0.2917093,0.39396948,0.29246274,0.49514362,0.331854,0.36076632,0.3312814,0.55139107,0.30285418,0.30636504,0.30006728,0.50786364,0.28240612,0.34433737,0.27561653,0.45619336,0.45274234,0.37350485,0.45174804,0.45966077,0.5410991,0.3757749,0.5437854,0.44945592,0.6339274,0.39296824,0.63402486
carolgoback - 58.png,go_back,0.39097977,0.32891822,0.40289748,0.3222007,0.37726718,0.32228604,0.4230668,0.32730266,0.36050647,0.32852677,0.45749786,0.36895972,0.33128747,0.36898896,0.5165135,0.33743823,0.27039918,0.3349416,0.46719816,0.31853968,0.3081077,0.3113456,0.42139494,0.4887695,0.3458441,0.4881,0.42437157,0.57785356,0.3468845,0.58141845,0.41444117,0.6630266,0.35392857,0.6659624
carolgoback - 59.png,go_back,0.35930914,0.37993008,0.37173083,0.37284392,0.34501147,0.37323362,0.3937791,0.37699834,0.32859936,0.37861508,0.42825392,0.41820592,0.30180213,0.41680843,0.47913873,0.39425802,0.240248,0.3875394,0.43885693,0.3714932,0.2732416,0.36450058,0.39191326,0.5385122,0.3154853,0.53747094,0.39202794,0.6283081,0.31721818,0.63127536,0.3816543,0.71542346,0.3287675,0.7171247
carolgoback - 60.png,go_back,0.4127316,0.3931065,0.42472866,0.38651952,0.3991795,0.38641945,0.44424394,0.39186049,0.38090944,0.39232367,0.48110113,0.4314671,0.349961,0.4302367,0.5303243,0.40454382,0.30100375,0.40225056,0.4945752,0.38119003,0.3299591,0.3768446,0.44533682,0.54852355,0.36417422,0.5479007,0.454144,0.6381437,0.36917734,0.6408092,0.4387723,0.7306347,0.3871395,0.73389834
carolgoback - 61.png,go_back,0.6781669,0.3918887,0.6897393,0.3854005,0.664428,0.38542432,0.7081535,0.3908367,0.6450089,0.39172125,0.747093,0.42939138,0.61486465,0.4296013,0.80417895,0.4008776,0.56918687,0.40263534,0.7643463,0.38102153,0.5930591,0.37885714,0.71141136,0.5509604,0.629372,0.55032235,0.7177795,0.64174056,0.63285744,0.64320844,0.7034211,0.7355899,0.6494362,0.73658806
carolgoback - 62.png,go_back,0.9031343,0.38279557,0.91615176,0.37626892,0.8866433,0.3767375,0.9364179,0.3826368,0.86513215,0.38405266,0.9677602,0.42375198,0.8397645,0.4220896,1.0,0.3980052,0.79078966,0.39654213,0.98820066,0.37542653,0.8181439,0.37289032,0.93917245,0.5468562,0.85901016,0.5456507,0.9402304,0.6382247,0.85214424,0.63878393,0.9196446,0.7257392,0.8640263,0.73046744
carolgoback - 65.png,go_back,0.5212027,0.14744763,0.5344209,0.14038523,0.50643617,0.1401572,0.5555588,0.14529715,0.48585668,0.14606273,0.5911574,0.18983823,0.4527187,0.19048342,0.6518984,0.15775417,0.40153244,0.15784399,0.601718,0.13228688,0.43099976,0.12910372,0.5505761,0.31802294,0.46564874,0.31747225,0.55214447,0.40675357,0.46675313,0.4113668,0.53936034,0.4984601,0.48547712,0.50096875
joaogoback - 01.png,go_back,0.5425527,0.43234798,0.55902696,0.42576963,0.52477413,0.4261968,0.58783245,0.4352132,0.5036064,0.43772575,0.628047,0.47623265,0.47109306,0.48009747,0.67442447,0.4201938,0.40848336,0.43144214,0.60569346,0.42831632,0.48477742,0.42788336,0.5994462,0.63492477,0.49895534,0.63569015,0.6014953,0.7423239,0.5196031,0.74543476,0.5952412,0.8472891,0.53601396,0.8430901
joaogoback - 02.png,go_back,0.5607457,0.4326259,0.57721317,0.42698792,0.5451778,0.42630374,0.6039817,0.43689072,0.52435184,0.43707728,0.64037937,0.47743216,0.49006623,0.4807283,0.68786466,0.4221401,0.43105096,0.43276268,0.60396785,0.42847916,0.50051284,0.431153,0.60940063,0.62922055,0.51254296,0.6293343,0.6060891,0.731171,0.5242853,0.7346751,0.6022792,0.8326123,0.5366655,0.8316761
joaogoback - 03.png,go_back,0.5322209,0.42745572,0.54747564,0.42147458,0.5157458,0.42136005,0.5717057,0.43128136,0.49389547,0.4324971,0.60946834,0.47207376,0.4620486,0.47359043,0.65592355,0.41831115,0.4101197,0.42535016,0.58880234,0.42255622,0.4742452,0.42242005,0.57815945,0.62515116,0.48333552,0.62482965,0.57733977,0.72422975,0.49849084,0.7275108,0.56352943,0.8235357,0.5088559,0.8196635
joaogoback - 04.png,go_back,0.5462729,0.42746451,0.5613212,0.42142126,0.53012615,0.4211411,0.58558404,0.4308048,0.5088959,0.4316989,0.62176895,0.47078827,0.47736374,0.47233889,0.66580325,0.4161467,0.42324546,0.42366335,0.60459435,0.42929882,0.4932993,0.42446202,0.5919836,0.62030053,0.49917048,0.62013835,0.590194,0.7151293,0.5166516,0.7176851,0.573302,0.812831,0.5223271,0.8098387
joaogoback - 05.png,go_back,0.60895133,0.41433227,0.6228956,0.40773037,0.5919774,0.40774873,0.6438309,0.41525146,0.568011,0.4166976,0.68441534,0.45665285,0.53955424,0.45923686,0.73519677,0.40654576,0.4909955,0.41474912,0.65873486,0.41482326,0.5626999,0.41393673,0.661091,0.6002495,0.56934506,0.6009775,0.6573944,0.6987493,0.5717023,0.7022268,0.64775735,0.78786296,0.58903515,0.78989476
joaogoback - 06.png,go_back,0.610107,0.40874097,0.6229161,0.4019124,0.5931688,0.40189224,0.6436866,0.40800244,0.5701356,0.40984184,0.6826438,0.44684756,0.5415484,0.44917387,0.72806007,0.3982457,0.4988948,0.4054069,0.65752333,0.40287146,0.5624263,0.40524465,0.65687543,0.5894561,0.5658758,0.5899278,0.6528484,0.6766539,0.5720798,0.683211,0.636252,0.76953477,0.57873577,0.77300173
joaogoback - 07.png,go_back,0.55484986,0.38789862,0.5660115,0.38223362,0.53816783,0.38244265,0.58368516,0.38913158,0.51659197,0.3911878,0.6198233,0.4253484,0.490531,0.42806938,0.6693588,0.37947747,0.44934997,0.38559207,0.610103,0.3867912,0.5185769,0.38293853,0.59976995,0.5580461,0.51799715,0.5590625,0.6028717,0.6486655,0.5204947,0.65376747,0.59039587,0.7314391,0.53061694,0.73629445
joaogoback - 08.png,go_back,0.503409,0.38043305,0.5151724,0.37534073,0.48887426,0.3755581,0.5345786,0.38379538,0.47100472,0.3858092,0.568702,0.41834757,0.44493797,0.4214509,0.6150321,0.37505832,0.40919834,0.38251057,0.5537888,0.37913692,0.47359422,0.38143095,0.54509866,0.54343444,0.4664643,0.5439996,0.5500991,0.6289966,0.47243133,0.633182,0.5373187,0.707537,0.4894178,0.70814484
joaogoback - 09.png,go_back,0.49940586,0.369308,0.51054007,0.36431232,0.4861444,0.36397946,0.5289355,0.3717846,0.46745402,0.372602,0.5644722,0.40479368,0.44024086,0.40579048,0.6013465,0.3611811,0.40904868,0.36762202,0.538237,0.36632618,0.4710489,0.36781976,0.5413985,0.52529234,0.461373,0.5249972,0.54233986,0.6024905,0.4704969,0.60430557,0.5311586,0.6815415,0.4855741,0.68218213
joaogoback - 10.png,go_back,0.5002511,0.37479237,0.5108491,0.37038335,0.48749772,0.36995152,0.5280272,0.37828898,0.47191846,0.37896287,0.56083745,0.4084573,0.44760996,0.41040894,0.60467345,0.37042,0.41874066,0.37599155,0.5399796,0.37186238,0.47325683,0.37520266,0.53948057,0.52341384,0.4668098,0.523116,0.5436921,0.6020754,0.46817672,0.6037734,0.5302733,0.6739855,0.48232195,0.674434
joaogoback - 11.png,go_back,0.49457097,0.38017908,0.5054615,0.37462652,0.48440394,0.37548545,0.5235675,0.37951705,0.4704694,0.38155913,0.5468063,0.41261435,0.44780308,0.41442618,0.59456855,0.38117614,0.40478584,0.3818017,0.5340199,0.37648603,0.46399495,0.37608376,0.52273,0.5254043,0.45881268,0.526219,0.5341154,0.60258424,0.47383037,0.6019609,0.52976155,0.68204576,0.47781494,0.6818539
joaogoback - 12.png,go_back,0.46767944,0.3816784,0.47655734,0.3762302,0.45850602,0.3764989,0.49189702,0.38006058,0.4452267,0.3806796,0.51617104,0.41337427,0.42352507,0.4124028,0.55002934,0.38341907,0.3779406,0.38183117,0.5168953,0.37791398,0.43847007,0.38036805,0.494641,0.52050877,0.43403518,0.5197091,0.50352865,0.5990396,0.44525367,0.5943376,0.4975569,0.66938,0.45295724,0.6647412
joaogoback - 13.png,go_back,0.48669896,0.3839009,0.4967719,0.37879845,0.4761866,0.37909737,0.5139236,0.3841768,0.46142688,0.38483298,0.53654736,0.4165358,0.44272608,0.4153573,0.55993193,0.39290926,0.40516335,0.38690302,0.5481313,0.3821842,0.44476718,0.3744132,0.5174411,0.52157474,0.45464963,0.52106225,0.5260618,0.5984593,0.46017715,0.597028,0.5170611,0.66527045,0.47269252,0.66547453
joaogoback - 14.png,go_back,0.52920663,0.38644987,0.5382891,0.38157228,0.5190556,0.3820399,0.55388635,0.38684693,0.5046657,0.38792363,0.5774033,0.41802,0.4855227,0.41756022,0.60220253,0.3943451,0.44992244,0.390513,0.5908302,0.38388833,0.49156752,0.3787692,0.5589644,0.5192945,0.4974895,0.51898587,0.56770706,0.5947287,0.50376815,0.59317124,0.5566769,0.66025865,0.513474,0.65989155
joaogoback - 15.png,go_back,0.53788596,0.38800442,0.5476285,0.38283408,0.5298236,0.38341054,0.56555104,0.38578373,0.519409,0.38703093,0.5852401,0.4144143,0.5005028,0.41510844,0.61879396,0.38580522,0.4570091,0.3853596,0.5689113,0.38564608,0.5190431,0.3844896,0.565888,0.5145752,0.51081485,0.5149152,0.572482,0.5857087,0.5210536,0.58362967,0.572602,0.65512186,0.5268346,0.65275
joaogoback - 16.png,go_back,0.53871137,0.38912237,0.54813445,0.38383934,0.5303126,0.38451833,0.56551325,0.38655773,0.51944184,0.38796425,0.5849014,0.41549298,0.500955,0.41559175,0.6176054,0.3878059,0.45674735,0.3857021,0.56855506,0.38697925,0.51970524,0.38561708,0.5675233,0.5157615,0.51290816,0.5159216,0.5737793,0.5864681,0.52299714,0.58401805,0.57372344,0.6569003,0.5263799,0.65397435
joaogoback - 17.png,go_back,0.5359827,0.38958767,0.5454604,0.38495383,0.5267611,0.38537169,0.56165814,0.38972557,0.51317084,0.3909297,0.5810251,0.4178467,0.4947373,0.4199897,0.6030324,0.38807058,0.45882088,0.39271325,0.5844389,0.38083047,0.5007006,0.38546425,0.5636407,0.5191633,0.5055697,0.5196702,0.5692303,0.59502816,0.51510245,0.5937192,0.5702484,0.66170204,0.52273965,0.6606518
joaogoback - 18.png,go_back,0.52223074,0.3998986,0.5324065,0.3945222,0.5120428,0.39444643,0.54831576,0.3996155,0.49657094,0.39932805,0.5709467,0.4332609,0.47478276,0.43222347,0.6056703,0.40709478,0.43323898,0.40496227,0.57904977,0.39850917,0.4868103,0.39911368,0.55320966,0.54240286,0.4897487,0.5420957,0.5641007,0.6218118,0.49736187,0.62031883,0.55443716,0.69072056,0.5075525,0.69103867
joaogoback - 19.png,go_back,0.5226924,0.4024381,0.5339893,0.39690948,0.50865847,0.39704815,0.5533004,0.4026096,0.4900507,0.4043876,0.5851524,0.43638098,0.46461853,0.4379978,0.61599684,0.39672345,0.42482987,0.40064928,0.5669947,0.3974713,0.4768487,0.39600804,0.5664311,0.56008327,0.4877361,0.5605551,0.5698627,0.64500916,0.49305972,0.6490951,0.5593508,0.72627705,0.50941414,0.7267547
joaogoback - 20.png,go_back,0.51229227,0.40878814,0.5250676,0.4034206,0.4970338,0.40361896,0.54683137,0.41189378,0.47695747,0.4137702,0.5837526,0.44902125,0.44804475,0.45058775,0.61766183,0.40120032,0.40096423,0.40716237,0.5619608,0.40532973,0.46634713,0.40436003,0.56284565,0.5847648,0.4752565,0.58535326,0.56297934,0.67705667,0.48693022,0.68163234,0.5519069,0.76808167,0.49851853,0.76856107
joaogoback - 21.png,go_back,0.5004169,0.3723401,0.51411563,0.3656348,0.4822053,0.36576286,0.5351184,0.37402257,0.45727503,0.37617788,0.57532156,0.41792738,0.42508245,0.42112467,0.6256118,0.35835567,0.37393638,0.3673279,0.5453185,0.36831337,0.45231158,0.36923215,0.5500462,0.5662581,0.455602,0.5669322,0.5525455,0.6702746,0.4611751,0.6750959,0.54591596,0.76542115,0.48438668,0.76709634
joaogoback - 22.png,go_back,0.47097287,0.24181485,0.48516694,0.2332609,0.44969413,0.23403622,0.50880915,0.24119088,0.4236701,0.24540654,0.5552585,0.29260916,0.39408627,0.29669884,0.6083606,0.22516331,0.34242433,0.23361398,0.50646484,0.2346485,0.4267868,0.23723108,0.52544,0.4646149,0.42176658,0.465204,0.51685226,0.5613387,0.43426043,0.5700209,0.5024149,0.6674204,0.44207475,0.66844624
joaogoback - 23.png,go_back,0.39534336,0.07931755,0.41397902,0.07036932,0.3739781,0.069719344,0.44253805,0.08124593,0.34555438,0.082057364,0.49444652,0.14089093,0.3088184,0.14186738,0.55827665,0.06338391,0.25504997,0.06864548,0.44479394,0.07366974,0.353557,0.074610986,0.4531322,0.32307193,0.33716,0.32274255,0.44683063,0.43210292,0.34634683,0.44074196,0.43196505,0.5400383,0.3663942,0.5456387
joaogoback - 24.png,go_back,0.39416155,0.14400496,0.41217124,0.13475819,0.37362897,0.13350949,0.43888488,0.14251515,0.34507903,0.14201605,0.4896482,0.20229928,0.30946892,0.20106064,0.55711335,0.12813339,0.25292426,0.13024603,0.4442766,0.13932149,0.3501113,0.14537463,0.44680774,0.37829703,0.33641073,0.3767953,0.43428785,0.4840661,0.34462738,0.49146318,0.41744715,0.590191,0.35196912,0.5975861
joaogoback - 25.png,go_back,0.583915,0.2394988,0.60057294,0.23269032,0.5622878,0.23265392,0.62614465,0.24370123,0.53279364,0.24584118,0.6713562,0.29113072,0.49928233,0.29385766,0.74382067,0.2276204,0.44284624,0.23384298,0.64577365,0.24141091,0.5234617,0.23702218,0.62624675,0.46290237,0.5180407,0.46208316,0.61873454,0.57821137,0.5184576,0.58328366,0.60691583,0.6814942,0.53033775,0.6820098
joaogoback - 26.png,go_back,0.7336987,0.30738953,0.749189,0.29949066,0.7119567,0.2991647,0.770447,0.30984443,0.68159634,0.3113509,0.8200224,0.35997415,0.64710003,0.36107337,0.89235497,0.29126754,0.605092,0.2995253,0.7948286,0.30415836,0.6758739,0.3095257,0.7812122,0.5372673,0.6700698,0.5354849,0.7675599,0.6381443,0.6722727,0.642496,0.7450706,0.7455028,0.6848422,0.74482083
joaogoback - 27.png,go_back,0.63827163,0.3628671,0.6530615,0.35451984,0.61745995,0.35529274,0.6767187,0.36321896,0.59096926,0.36690417,0.72574544,0.4131238,0.5577385,0.4158828,0.7876452,0.34647915,0.50391763,0.35619077,0.7008187,0.35780126,0.5882281,0.35902587,0.69130975,0.58390987,0.584311,0.5833996,0.6815292,0.68428487,0.59467894,0.68811953,0.6636977,0.79472923,0.60479665,0.7901369
joaogoback - 28.png,go_back,0.5139025,0.39383113,0.5303473,0.38567895,0.4950393,0.38617948,0.55942494,0.3937317,0.47277147,0.3966108,0.60449165,0.44230902,0.43846276,0.4445229,0.6535427,0.38534787,0.3720587,0.39076394,0.5660751,0.38854098,0.45450887,0.38886943,0.5654322,0.6043484,0.46110103,0.60426116,0.5624405,0.7103511,0.47119945,0.7163025,0.5521981,0.81807125,0.48648942,0.81682944
joaogoback - 29.png,go_back,0.47944793,0.44814652,0.49490634,0.44100115,0.46417743,0.4411538,0.52122235,0.44937414,0.44441494,0.4508645,0.5675725,0.49570513,0.4093972,0.49681333,0.6109994,0.4422705,0.34879816,0.44669884,0.5326182,0.4439976,0.42797422,0.4383388,0.53513,0.6507044,0.43496975,0.6505562,0.5282462,0.75228333,0.43976676,0.75610197,0.5142482,0.8645201,0.44862306,0.86276346
joaogoback - 30.png,go_back,0.5061526,0.45882195,0.5216206,0.45219183,0.4889121,0.4523914,0.5477978,0.4614359,0.467645,0.46351558,0.5879798,0.5050884,0.43402693,0.50801194,0.6370726,0.45154542,0.37536713,0.45674968,0.5595054,0.4587838,0.4539699,0.45333096,0.55342793,0.6607294,0.45598695,0.66107225,0.5541381,0.7669483,0.46229404,0.77244484,0.5440808,0.86755466,0.4813682,0.8671427
joaogoback - 31.png,go_back,0.60352975,0.45468518,0.618111,0.44793743,0.58526224,0.44811118,0.64084053,0.45605567,0.56074506,0.45795068,0.68054485,0.4979378,0.5320711,0.49953806,0.7250873,0.45037037,0.4773296,0.4536114,0.6556804,0.45359564,0.5513764,0.44970217,0.65339404,0.6487885,0.5581734,0.649571,0.6478375,0.75430524,0.56056905,0.7601768,0.63680154,0.8511378,0.5767846,0.855527
joaogoback - 32.png,go_back,0.6947952,0.45315465,0.707398,0.4460042,0.6759902,0.4467603,0.72820467,0.45323688,0.6519883,0.45681003,0.77139366,0.4961593,0.6209908,0.49813148,0.8258633,0.44549116,0.56947416,0.45052102,0.74200666,0.4465112,0.63921654,0.448965,0.7375742,0.6458594,0.64266026,0.6451766,0.7379779,0.7454333,0.6481977,0.7493081,0.72558975,0.84569114,0.6650319,0.84433764
joaogoback - 33.png,go_back,0.68146837,0.45408848,0.6948898,0.44810826,0.664846,0.4480039,0.7151209,0.45654705,0.64067286,0.45794433,0.7572006,0.49585602,0.6084615,0.496808,0.80434614,0.4485207,0.56838864,0.4523784,0.7232559,0.45136866,0.624487,0.45018002,0.72599643,0.6430885,0.6301301,0.64224315,0.7252229,0.7380778,0.6339573,0.74180514,0.7079351,0.84234077,0.6491921,0.8421109
joaogoback - 34.png,go_back,0.50242704,0.4439742,0.51518905,0.43791658,0.48689649,0.43786556,0.53623945,0.4449337,0.46569824,0.44634312,0.5777722,0.48382208,0.43143582,0.48362595,0.6208141,0.4368465,0.38498443,0.43917248,0.54960823,0.43874523,0.4535792,0.43688688,0.5440625,0.6265074,0.45008126,0.6253644,0.54614836,0.7227524,0.45466533,0.7249511,0.5316648,0.821505,0.47219458,0.820151
joaogoback - 35.png,go_back,0.31506917,0.43774053,0.32957152,0.43177578,0.30125448,0.43109578,0.3531819,0.4395985,0.28255105,0.43883583,0.39349338,0.47961923,0.24867158,0.47613814,0.42535773,0.43209308,0.19737545,0.43177196,0.35495412,0.433373,0.2687504,0.4286111,0.35603237,0.6178752,0.2622445,0.61617535,0.3554562,0.71363205,0.27162963,0.71399754,0.3427864,0.8101376,0.28235915,0.81005454
joaogoback - 36.png,go_back,0.31112903,0.4394208,0.3256967,0.4331259,0.29696184,0.43263096,0.3494239,0.44063425,0.27788955,0.44020528,0.39080408,0.48145506,0.24367088,0.4782912,0.42248636,0.4320161,0.19279152,0.43295622,0.35012808,0.43511516,0.26149476,0.4287741,0.35343164,0.62245184,0.25775558,0.6208028,0.35579246,0.7185266,0.2690195,0.71787286,0.34239998,0.8183743,0.28122738,0.8163096
joaogoback - 37.png,go_back,0.33463982,0.44352448,0.3498919,0.43628258,0.31803423,0.4364111,0.3768413,0.44314185,0.29734898,0.44491687,0.4183665,0.48627996,0.26239064,0.4868666,0.45641175,0.43479285,0.20347889,0.43754172,0.38782886,0.436462,0.2775392,0.43507197,0.38387582,0.6388141,0.283798,0.63880724,0.38299754,0.7363177,0.2919554,0.7428714,0.36932728,0.8426119,0.30748266,0.84369636
joaogoback - 38.png,go_back,0.34909922,0.43668473,0.36637595,0.42850325,0.33104053,0.4288171,0.39785773,0.43686187,0.31087184,0.43912548,0.44348562,0.48602372,0.27394912,0.487274,0.48224068,0.42628235,0.20697059,0.43137962,0.40070885,0.431224,0.30121946,0.43038532,0.4041476,0.6542758,0.29542553,0.6536796,0.40524822,0.7637613,0.30747488,0.76718545,0.38842982,0.8742125,0.31894484,0.8692442
joaogoback - 39.png,go_back,0.3946951,0.37288973,0.4137941,0.36570778,0.3758576,0.3652054,0.44567627,0.37806958,0.35247117,0.37893462,0.49064478,0.42647657,0.31152114,0.42954665,0.53498256,0.3526136,0.24219482,0.36426604,0.43519998,0.3664821,0.3364025,0.36934006,0.4509355,0.6080726,0.3344397,0.6079936,0.4399569,0.7179404,0.34726465,0.7242529,0.4279963,0.834001,0.36114043,0.8346762
joaogoback - 40.png,go_back,0.4519548,0.3189894,0.472713,0.31037992,0.43227556,0.3097488,0.506274,0.3208627,0.40655923,0.3212964,0.5547275,0.37326956,0.36782387,0.37550172,0.6069235,0.29905632,0.29562727,0.31024644,0.5088875,0.31496248,0.39899334,0.31330007,0.50995564,0.5501142,0.39351135,0.5502989,0.50355166,0.67021024,0.40697077,0.6732768,0.4914274,0.78190607,0.42578,0.7820135
joaogoback - 41.png,go_back,0.5136305,0.28676784,0.53151315,0.2776893,0.49463126,0.2778405,0.562802,0.28579935,0.47213644,0.28796694,0.61097,0.3398795,0.43341187,0.34154066,0.6620183,0.27118334,0.36488545,0.2776961,0.56311494,0.28304702,0.46416175,0.2824303,0.56528866,0.5140241,0.4537691,0.51343024,0.5630425,0.62020177,0.4672974,0.62496215,0.54685706,0.72536623,0.48285374,0.7212864
joaogoback - 42.png,go_back,0.5615504,0.2605613,0.5767259,0.2534456,0.54384685,0.2533752,0.6013206,0.26263556,0.5213147,0.26454878,0.64393866,0.30824488,0.48969087,0.3109058,0.69931114,0.24574009,0.43529686,0.252334,0.61070514,0.256629,0.5141121,0.25583825,0.6116638,0.46958092,0.51298803,0.46948975,0.60022753,0.56350464,0.52730626,0.5696925,0.5866624,0.6600771,0.5341813,0.660193
joaogoback - 43.png,go_back,0.5464706,0.21953565,0.560973,0.21257888,0.5281211,0.21312743,0.586054,0.2195297,0.50517255,0.22227034,0.6242615,0.26238987,0.47843897,0.26396453,0.6656577,0.20707895,0.42510468,0.2119433,0.5831749,0.21564244,0.5136375,0.21702439,0.590612,0.40148783,0.4996698,0.40192893,0.58906883,0.4988909,0.5087713,0.50573504,0.57301915,0.58622605,0.5138127,0.5923551
joaogoback - 44.png,go_back,0.49008462,0.190688,0.50191057,0.18416104,0.4740716,0.18497002,0.52202636,0.1901318,0.4533919,0.1935498,0.5605532,0.22922951,0.42478275,0.23262727,0.60645443,0.17944323,0.37792867,0.185555,0.52322227,0.19041246,0.44225374,0.18623795,0.5315753,0.36119583,0.44679973,0.36166635,0.53341764,0.4520276,0.45201415,0.45673993,0.5246055,0.53339267,0.47381845,0.5337418
joaogoback - 45.png,go_back,0.48779488,0.17098536,0.49937466,0.1657518,0.4725721,0.16553664,0.518006,0.17248434,0.45186776,0.17386468,0.55230314,0.20711419,0.4263534,0.21017052,0.5958168,0.1567096,0.39130023,0.1652518,0.5189034,0.16814128,0.44738287,0.17025952,0.5289516,0.32793015,0.44941717,0.32820868,0.5339047,0.41481885,0.4520248,0.41810602,0.52219504,0.4921717,0.4695566,0.49452373
joaogoback - 46.png,go_back,0.52879107,0.1804925,0.5386087,0.17506103,0.5137928,0.17536056,0.5550244,0.179912,0.495765,0.18254581,0.58592236,0.21179463,0.47334605,0.21555126,0.6287155,0.17017248,0.44231856,0.17815314,0.56496197,0.17674679,0.49750936,0.18031682,0.56630546,0.33341673,0.4938624,0.33430323,0.5726415,0.41272128,0.5009187,0.41728815,0.562253,0.4862676,0.5149997,0.48766968
joaogoback - 47.png,go_back,0.5918611,0.18735002,0.602583,0.18195187,0.57904106,0.18218878,0.6205153,0.18860507,0.5647082,0.18978636,0.6551394,0.22280109,0.5436067,0.22416297,0.6919812,0.18210724,0.51191044,0.1881762,0.6325815,0.18379484,0.5681634,0.18245468,0.6334196,0.34175327,0.56071913,0.34175825,0.63450724,0.41731426,0.5601325,0.41976258,0.6256514,0.4849415,0.57410836,0.48696706
joaogoback - 48.png,go_back,0.6346244,0.22468816,0.6432938,0.21933419,0.62428,0.21973656,0.656476,0.22412811,0.60832494,0.2250207,0.6814872,0.25661904,0.5855796,0.25736234,0.72502023,0.2221407,0.54769945,0.22562073,0.68158966,0.21529943,0.60755074,0.22508883,0.66175485,0.36697412,0.5991981,0.36704606,0.66632754,0.44469887,0.60765153,0.44296998,0.6592992,0.5146548,0.6168686,0.5136594
joaogoback - 49.png,go_back,0.6632913,0.29642585,0.6731297,0.2904804,0.65234554,0.29087082,0.68639404,0.29330462,0.63487506,0.29478732,0.70927954,0.32140332,0.6186876,0.32737455,0.7581629,0.29003805,0.5933435,0.3016245,0.6982071,0.28363562,0.5872747,0.28781155,0.6902268,0.42776155,0.6312332,0.42888272,0.6939583,0.5056166,0.6367615,0.50563145,0.68863297,0.58081424,0.6416082,0.58000576
joaogoback - 50.png,go_back,0.68277943,0.37203568,0.69120085,0.36696222,0.67291164,0.3670502,0.7041862,0.37111595,0.6570841,0.37120563,0.72993994,0.40132648,0.63308775,0.40126067,0.77070856,0.3721149,0.5983774,0.3747152,0.73599243,0.36412048,0.6479983,0.3737331,0.7111163,0.50541985,0.6473457,0.50519824,0.7194103,0.5814086,0.6538632,0.5797407,0.7059688,0.64835185,0.66165,0.6477122
joaogoback - 51.png,go_back,0.678717,0.41672784,0.6874202,0.4116981,0.66891253,0.4118172,0.70103997,0.41629955,0.65359217,0.41651148,0.7275365,0.44661716,0.63082975,0.4470155,0.7641971,0.41572478,0.59868324,0.4175122,0.7277328,0.40527707,0.6418733,0.40842426,0.7095234,0.55124265,0.6452487,0.55118006,0.7205541,0.62603104,0.65104955,0.6244071,0.70575374,0.6941793,0.66253406,0.69308496
joaogoback - 52.png,go_back,0.6377206,0.40138057,0.64628434,0.3960686,0.6278087,0.39611247,0.66008276,0.39947644,0.61222374,0.39949942,0.68579936,0.4300726,0.58996975,0.42959088,0.72570235,0.399199,0.55469,0.40089008,0.6896041,0.3919144,0.6056673,0.40297788,0.66907525,0.53626907,0.60596615,0.5359328,0.6746148,0.6157653,0.6124946,0.6136843,0.6686895,0.6876899,0.6219525,0.68691605
joaogoback - 53.png,go_back,0.61267763,0.32141688,0.6224305,0.3163903,0.6022301,0.3164851,0.637731,0.32138863,0.58699214,0.32157314,0.6627522,0.35175556,0.5684372,0.35236153,0.70248073,0.31864238,0.5327784,0.3203319,0.67155886,0.31362814,0.55413765,0.31649813,0.6463751,0.46032113,0.584667,0.46016932,0.6577812,0.5428893,0.5942517,0.54046607,0.6458364,0.6172163,0.5991066,0.61469287
joaogoback - 54.png,go_back,0.60639095,0.29767087,0.6153474,0.2925631,0.595435,0.2933444,0.63024247,0.29799345,0.580062,0.2998317,0.65437835,0.32999665,0.56229335,0.33026248,0.69007117,0.29990143,0.5248404,0.2978911,0.6668907,0.29449934,0.56680423,0.29570606,0.6384303,0.4398408,0.5774637,0.43976805,0.6475463,0.52042127,0.5834679,0.5187679,0.64056104,0.59326714,0.5914633,0.59273165
joaogoback - 55.png,go_back,0.609034,0.33802238,0.6193791,0.33303818,0.5991142,0.33282351,0.6368337,0.33771473,0.58428735,0.3371257,0.66134983,0.36835703,0.56339145,0.36710197,0.6919548,0.33804685,0.52562535,0.3364726,0.6732849,0.32752213,0.5565271,0.3318294,0.64476603,0.47450012,0.5796643,0.47387248,0.6515535,0.5561965,0.5855415,0.5546934,0.6427519,0.62846494,0.5941292,0.6290899
joaogoback - 56.png,go_back,0.6134435,0.4105326,0.6227921,0.404753,0.6039002,0.4047368,0.6375275,0.40736282,0.58904475,0.40735227,0.6625212,0.43822393,0.56847817,0.439347,0.705136,0.4016372,0.534274,0.40464824,0.64659494,0.40156335,0.5862785,0.40321735,0.6453019,0.5466888,0.583812,0.5467031,0.6538308,0.6252618,0.59370947,0.622523,0.6424474,0.6991798,0.60048026,0.69640255
joaogoback - 57.png,go_back,0.5946657,0.47969276,0.603868,0.47399378,0.5855512,0.47370505,0.61907667,0.4763263,0.5710343,0.47569972,0.64472556,0.5072055,0.5497012,0.5075621,0.67889154,0.4766189,0.51478726,0.47914666,0.63295275,0.4674045,0.56764346,0.4747896,0.63029015,0.6129563,0.5670164,0.61311007,0.63425887,0.6895745,0.57074505,0.68895054,0.62839144,0.7586885,0.58215606,0.7605515
joaogoback - 58.png,go_back,0.45214415,0.5013904,0.46138152,0.49613717,0.44334453,0.49583057,0.47635916,0.4987613,0.4291877,0.49806705,0.49963456,0.52698094,0.4079154,0.5276797,0.5330815,0.49453962,0.37674758,0.4989485,0.49548894,0.48558328,0.41168857,0.49384376,0.48093352,0.6297965,0.41987073,0.6296905,0.48708263,0.7051269,0.42459857,0.7037879,0.47636208,0.77398485,0.43220264,0.7739135
joaogoback - 59.png,go_back,0.46135777,0.50245583,0.4693396,0.49661773,0.45187902,0.49671367,0.482142,0.49783257,0.4365983,0.49817964,0.50730735,0.5269681,0.4157389,0.5272965,0.5409778,0.49832565,0.3823489,0.50110954,0.49696514,0.4895593,0.42524007,0.49631578,0.48687303,0.6292328,0.42606816,0.62844867,0.49243355,0.70356584,0.42912775,0.69924325,0.4827299,0.77046233,0.44136775,0.7657252
joaogoback - 60.png,go_back,0.48767117,0.49852464,0.49689895,0.4938018,0.4788879,0.49387127,0.5107926,0.49790418,0.46441758,0.49829686,0.5294055,0.52547646,0.44477952,0.52728826,0.56341875,0.49491727,0.41503876,0.5003373,0.52702814,0.48401663,0.45314386,0.491434,0.5091138,0.624406,0.45261613,0.62434644,0.5099022,0.69782203,0.45868993,0.69617033,0.50705314,0.7653017,0.46050805,0.7639429
joaogoback - 61.png,go_back,0.47000766,0.49189466,0.4784425,0.48655295,0.46089604,0.4865566,0.49268922,0.48864952,0.4464343,0.4885658,0.5170597,0.51768166,0.4243033,0.5162666,0.54754996,0.49247968,0.39032567,0.4881962,0.52127045,0.48152137,0.43401793,0.4784274,0.49696225,0.61673903,0.43509012,0.616062,0.5023744,0.68947417,0.43689635,0.687963,0.4907547,0.7552,0.44714296,0.7556281
joaogoback - 62.png,go_back,0.40499425,0.4826141,0.41550395,0.47683826,0.3964158,0.47709984,0.4333782,0.47862932,0.3843383,0.4792437,0.45267376,0.5086831,0.36474642,0.5089368,0.4891642,0.47976488,0.32944173,0.47868875,0.4360149,0.47417825,0.38162643,0.4732227,0.4288108,0.61254936,0.37078187,0.612307,0.43587264,0.68433356,0.38045382,0.68181396,0.43343234,0.75374556,0.38172275,0.7513994
joaogoback - 63.png,go_back,0.36408204,0.47496828,0.3745091,0.46920425,0.35588667,0.4695428,0.39272365,0.4712062,0.34475243,0.47210532,0.41293702,0.50120574,0.326105,0.5030026,0.44854245,0.47089684,0.28788328,0.47285864,0.39364207,0.4683532,0.33966362,0.46487087,0.3893581,0.6054767,0.33217815,0.6057581,0.3951754,0.67620254,0.3415667,0.6740375,0.39533046,0.74595237,0.3423616,0.74324244
joaogoback - 64.png,go_back,0.34574777,0.4415297,0.35526434,0.43638492,0.33680922,0.43632558,0.37261665,0.43877423,0.32404453,0.43874088,0.39684626,0.46707937,0.30606192,0.46592554,0.42177236,0.44086307,0.27273515,0.43791842,0.4012046,0.42751175,0.2995857,0.428004,0.37416288,0.56590897,0.31308562,0.5647979,0.3803091,0.63991874,0.31578365,0.637173,0.37121317,0.70455533,0.32373148,0.7037352
joaogoback - 65.png,go_back,0.37355477,0.39768648,0.382062,0.39251566,0.3654263,0.39269653,0.3964235,0.39540604,0.35292125,0.39594755,0.4179632,0.42471406,0.3328146,0.4247962,0.45427212,0.39275253,0.29296723,0.39292896,0.40776512,0.38638452,0.3456576,0.3880916,0.39547655,0.5238549,0.3399133,0.5232232,0.39620444,0.59742254,0.3483871,0.5936859,0.39825672,0.6656595,0.35392925,0.6616995
joaogoback - 66.png,go_back,0.41502067,0.35865623,0.42390248,0.35284644,0.40654755,0.35316223,0.43858308,0.35432166,0.3937139,0.35538274,0.45787036,0.38342428,0.37660667,0.38424733,0.4944371,0.3521538,0.3360856,0.352434,0.4361446,0.3507575,0.38116166,0.35049176,0.43376482,0.48384535,0.3809746,0.4830746,0.44047078,0.55534387,0.39212567,0.5504124,0.4392803,0.6238153,0.3957618,0.6180682
joaogoback - 67.png,go_back,0.4575118,0.32145748,0.46662948,0.315497,0.44874176,0.31598184,0.4819138,0.3171907,0.43603048,0.31862345,0.50159985,0.34790492,0.41923714,0.34942514,0.5370139,0.31768972,0.3797159,0.3188054,0.48737454,0.31425536,0.42429322,0.31350112,0.47995967,0.4490592,0.42620143,0.4489902,0.4898069,0.51807433,0.4380024,0.5147073,0.48714033,0.58869874,0.43900734,0.5853999
joaogoback - 68.png,go_back,0.49897704,0.33198395,0.50820833,0.32652554,0.49139103,0.32656777,0.52498233,0.3281627,0.48040545,0.32853326,0.5453362,0.35642892,0.46334404,0.35693654,0.57640743,0.32453746,0.42397997,0.32472327,0.52516794,0.3251723,0.47680172,0.32597935,0.5232587,0.45750868,0.46931055,0.45705923,0.52946347,0.52846205,0.47921988,0.52488077,0.52895224,0.59541816,0.4851609,0.5924197
joaogoback - 69.png,go_back,0.5451581,0.3442718,0.5546517,0.33836985,0.5367356,0.33903918,0.5713041,0.33971033,0.5251859,0.34148374,0.5910812,0.36865234,0.50731564,0.37171346,0.62865984,0.33518374,0.4639845,0.33956802,0.5718014,0.33942738,0.5164654,0.33725047,0.5676966,0.4726562,0.51319355,0.4733316,0.5760333,0.5436277,0.5239737,0.541118,0.57540524,0.61562663,0.5248134,0.61199635
joaogoback - 70.png,go_back,0.5506393,0.35744572,0.558975,0.35208988,0.54223454,0.35199898,0.57303715,0.35440648,0.5289047,0.35437894,0.5980732,0.38398695,0.5081789,0.38503698,0.63195,0.35200873,0.47588015,0.3569991,0.5857144,0.34566647,0.5223262,0.35377163,0.57725126,0.48667675,0.51741,0.48624307,0.58230615,0.5609447,0.52655315,0.5573049,0.5742097,0.6292341,0.5297067,0.62554526
joaogoback - 71.png,go_back,0.5507219,0.3526167,0.5596848,0.34696257,0.54114234,0.34712294,0.57526714,0.35001516,0.52699167,0.35054037,0.602902,0.38192427,0.5063034,0.38222456,0.6417539,0.35172722,0.4668473,0.35365462,0.5942224,0.34361014,0.5175057,0.35139638,0.5841128,0.48983437,0.5206666,0.48941818,0.59099185,0.5681583,0.5303529,0.56484735,0.5860812,0.63943875,0.539896,0.6367628
1725302135364.png,nao_acao,0.5052381,0.1049898,0.518742,0.08888542,0.49157947,0.08856066,0.5365872,0.10464936,0.47055483,0.103409186,0.5518078,0.22226125,0.44598407,0.2209173,0.5688238,0.35416394,0.42178115,0.35384387,0.5718217,0.46035987,0.41676247,0.46069565,0.5246898,0.4721089,0.45644802,0.4712925,0.52680343,0.6438511,0.44938985,0.6480798,0.51806647,0.80421376,0.45739216,0.80708414
1725302318820.png,nao_acao,0.3698307,0.32824203,0.37770694,0.31585446,0.35995322,0.31735393,0.39163435,0.3212529,0.34843013,0.32430515,0.4083164,0.39928806,0.3255623,0.38758555,0.4295383,0.47980466,0.27924323,0.41642618,0.43069297,0.5501524,0.31774995,0.40728045,0.39125904,0.5690692,0.34003285,0.56843996,0.39535415,0.6852817,0.34746525,0.6949283,0.39949122,0.80707294,0.34637752,0.8084362
1725302323594.png,nao_acao,0.36897752,0.28349197,0.37663049,0.27078944,0.35937175,0.27283505,0.3902662,0.27651554,0.34836647,0.28034818,0.40844834,0.35832244,0.32429525,0.34331614,0.42599413,0.44668904,0.2746394,0.37123328,0.42859355,0.5176983,0.3136797,0.36136478,0.39188695,0.5305386,0.3397307,0.5287957,0.39698887,0.6505172,0.34703776,0.65957725,0.39870405,0.77654904,0.34843656,0.7771069
1725302327167.png,nao_acao,0.3647724,0.3141823,0.37186533,0.30163437,0.35503224,0.30361575,0.38439652,0.3061348,0.3424672,0.30998728,0.40275875,0.38900098,0.31876317,0.36963096,0.41767874,0.4738527,0.2676953,0.39479357,0.41588575,0.54668844,0.30704314,0.38641968,0.3829121,0.5591788,0.33059856,0.5544539,0.38447416,0.6715621,0.3329228,0.6806725,0.38550296,0.79895353,0.3334832,0.8034764
1725302330651.png,nao_acao,0.3770303,0.3232489,0.38453588,0.310571,0.36698142,0.31224945,0.3972944,0.3155,0.35481232,0.31872514,0.4125634,0.3958945,0.32988164,0.38056317,0.42977807,0.48182952,0.27894455,0.40610266,0.42931697,0.5585444,0.3163017,0.39974028,0.39321116,0.56642073,0.34199488,0.56423646,0.39618626,0.6848764,0.34856603,0.6934128,0.4003829,0.8074225,0.34801412,0.80609906
ezgif-frame-114.png,nao_acao,0.4146318,0.35860163,0.42403436,0.34186924,0.4041954,0.34294173,0.4378391,0.34516683,0.38785836,0.34762344,0.45743033,0.432882,0.36880302,0.43712336,0.45833012,0.55542094,0.3705298,0.56407744,0.41936132,0.6168529,0.40509707,0.6275839,0.44791195,0.6920602,0.3861837,0.69396806,0.44606978,0.88838536,0.38735038,0.8886941,0.0,0.0,0.0,0.0
IMG_20241016_111004.jpg,nao_acao,0.48088017,0.28191116,0.48823744,0.27162164,0.47297195,0.27144626,0.49815124,0.27857485,0.46087644,0.2786112,0.5174986,0.3370273,0.44628587,0.34630677,0.5551034,0.4022449,0.43022922,0.43080354,0.5862328,0.45575812,0.44051826,0.49263963,0.5166027,0.49297908,0.4709602,0.49948242,0.52638066,0.59695554,0.46501067,0.60558414,0.52465177,0.6970385,0.47092244,0.71241087
IMG_20241017_140351.jpg,nao_acao,0.46389747,0.3653841,0.4727414,0.34956744,0.45448095,0.35068384,0.4869188,0.36373752,0.44270432,0.36598405,0.5095121,0.47357026,0.4240171,0.47573116,0.5271115,0.6067717,0.40916497,0.60928804,0.5323078,0.725804,0.41263208,0.73018384,0.50008744,0.71758795,0.44495922,0.72019696,0.49866268,0.89908415,0.45416144,0.90241945,0.0,0.0,0.0,0.0
IMG_20241017_140352.jpg,nao_acao,0.49688977,0.14274366,0.50605834,0.12892659,0.48808485,0.12993602,0.5202688,0.14817744,0.47675034,0.150433,0.53979236,0.25060982,0.45944613,0.25488383,0.5609394,0.38080058,0.44191933,0.3820207,0.5564826,0.4909618,0.4481322,0.4907926,0.52832574,0.47838303,0.47868037,0.4815289,0.5270067,0.6396584,0.48097494,0.6486576,0.5155305,0.8063214,0.49534887,0.81190985
IMG_20241017_140405.jpg,nao_acao,0.42157653,0.028680665,0.430291,0.016315006,0.41412923,0.015638959,0.4440683,0.03191872,0.40393457,0.03001659,0.4614363,0.1293151,0.38598004,0.1270811,0.47793618,0.24539484,0.37006843,0.24031012,0.478356,0.35263276,0.36548805,0.34239462,0.44511238,0.3371823,0.39750472,0.33697122,0.44244796,0.48487955,0.40803367,0.48566046,0.43892002,0.63042593,0.41649926,0.6330592
IMG_20241017_140406.jpg,nao_acao,0.46434313,0.12294952,0.47347733,0.110292524,0.45739377,0.1098345,0.48692927,0.12216708,0.44790718,0.12070693,0.50064886,0.2115343,0.43004534,0.21065463,0.51406765,0.3302686,0.41059503,0.32490528,0.51491386,0.43488026,0.40764567,0.4232031,0.48089698,0.4164798,0.43693426,0.41626018,0.47521135,0.5615206,0.44115168,0.5613239,0.46974725,0.70396537,0.44734558,0.7053669
IMG_20241017_140406_1.jpg,nao_acao,0.4671229,0.07704136,0.47505894,0.06389955,0.4593644,0.064245254,0.4873016,0.07591016,0.44856226,0.07651257,0.50348395,0.17176983,0.4307217,0.16957049,0.51606447,0.28680864,0.4122463,0.2782473,0.51716363,0.38998687,0.40738317,0.38014057,0.482928,0.37364548,0.43717888,0.37267342,0.47665122,0.5177135,0.4427992,0.5172203,0.46780238,0.6584064,0.44842198,0.65986794
IMG_20241017_140407.jpg,nao_acao,0.46680987,0.08558167,0.47438756,0.07257841,0.45892784,0.07297233,0.48572525,0.08407257,0.44762853,0.084604,0.5016878,0.17820153,0.42977655,0.17546895,0.51322305,0.2922575,0.4105902,0.28294063,0.5149699,0.39511043,0.4068853,0.38475293,0.48222676,0.37738216,0.4370454,0.37613222,0.4737346,0.5212649,0.43957445,0.5201775,0.46284112,0.66007006,0.44473124,0.6604646
IMG_20241017_140408.jpg,nao_acao,0.43066445,0.051986292,0.43863553,0.038335476,0.4221724,0.039792746,0.45151514,0.052039642,0.4113383,0.055247087,0.46964282,0.14886491,0.39692384,0.1517675,0.48518765,0.2653143,0.3770321,0.26201546,0.49084052,0.3699502,0.37914413,0.35820833,0.4570677,0.35591814,0.41137257,0.35899195,0.45191035,0.50374544,0.41715547,0.50702894,0.4460849,0.6432737,0.4254068,0.6483313
IMG_20241017_140409.jpg,nao_acao,0.34396502,0.06977815,0.35278526,0.056375057,0.33621615,0.056596395,0.36586028,0.06666878,0.32548928,0.066635974,0.38114053,0.15706007,0.30826977,0.15770367,0.3973663,0.27649224,0.2887464,0.2761504,0.4043922,0.37925544,0.29029888,0.3781121,0.3672673,0.3711732,0.32212368,0.37244493,0.36206087,0.5166514,0.3261993,0.51852375,0.35648248,0.6580709,0.33386052,0.6627448
IMG_20241017_140410.jpg,nao_acao,0.37298647,0.15000871,0.37946448,0.13668829,0.36415228,0.13804005,0.38784206,0.14787552,0.35027695,0.15055062,0.40368417,0.24165823,0.33054498,0.24087302,0.41675746,0.35224324,0.31081256,0.3470321,0.42309862,0.4516808,0.3087962,0.44731668,0.38733122,0.44257295,0.3416316,0.44297177,0.3767422,0.58888876,0.34403583,0.5907669,0.36608413,0.7271677,0.34946853,0.73080915
IMG_20241017_140410_1.jpg,nao_acao,0.38594258,0.15016107,0.3929644,0.13697398,0.3769773,0.13745673,0.4015795,0.14897639,0.36243162,0.14921987,0.41543394,0.24278164,0.34320465,0.23917153,0.42954758,0.3534071,0.32204285,0.3432029,0.43638647,0.4512341,0.32295606,0.4465067,0.40078294,0.4417626,0.3558535,0.44183654,0.38932562,0.5871239,0.35732022,0.58896613,0.37847483,0.7253237,0.359925,0.72964185
IMG_20241017_140411_1.jpg,nao_acao,0.5128883,0.1748833,0.52012277,0.16166526,0.5048517,0.16311112,0.531684,0.17193209,0.4940764,0.17511597,0.5488304,0.26313463,0.47807246,0.26448476,0.5623718,0.37280256,0.46159858,0.37131152,0.5695333,0.47201434,0.45860395,0.47070572,0.5339893,0.46071866,0.4896217,0.4617358,0.52691686,0.60369927,0.4943831,0.6047148,0.5195094,0.7429404,0.502014,0.7449776
IMG_20241017_140412.jpg,nao_acao,0.5053226,0.1693482,0.5130631,0.15672122,0.4974923,0.15720637,0.5250575,0.1686043,0.48664206,0.16926803,0.5414526,0.25976223,0.46986333,0.25855282,0.5559264,0.37035307,0.45109358,0.36325964,0.56104374,0.47351262,0.44975746,0.46492696,0.5258394,0.4573677,0.48100245,0.45777768,0.51739186,0.600989,0.48408782,0.6025949,0.5094543,0.7425203,0.48963886,0.7461989
IMG_20241017_140806.jpg,nao_acao,0.5426511,0.2611287,0.5523066,0.24578997,0.53372586,0.24664934,0.5672062,0.2640307,0.5223269,0.26557276,0.5927202,0.36784396,0.4996402,0.36553916,0.6452976,0.46823773,0.44982973,0.446879,0.69512194,0.5585955,0.3971833,0.5095877,0.5716649,0.6241363,0.51563555,0.6242969,0.57661515,0.79157203,0.51445854,0.80027485,0.5696826,0.9524866,0.52710766,0.9591191
IMG_20241017_140807.jpg,nao_acao,0.55231804,0.28262937,0.56196725,0.2680601,0.54371077,0.2664125,0.5747371,0.285188,0.5304839,0.2813381,0.5911602,0.39275914,0.508628,0.39087766,0.6087087,0.5336809,0.49218377,0.52895415,0.60463756,0.64598817,0.49850515,0.64297485,0.5793601,0.6427924,0.5253256,0.6433771,0.5796366,0.81956595,0.5176672,0.8249419,0.5719773,0.9731809,0.52843755,0.9771172
IMG_20241017_140807_1.jpg,nao_acao,0.5382099,0.21623148,0.54820037,0.20136051,0.52864546,0.19909273,0.5593087,0.21968238,0.5117749,0.21364592,0.5729892,0.3353179,0.4877292,0.32964447,0.58856744,0.47857702,0.4678056,0.471253,0.58396935,0.598127,0.47385976,0.59352493,0.555377,0.5978557,0.5007503,0.59565485,0.5537808,0.77724123,0.49222007,0.7785725,0.5424547,0.9361441,0.49417016,0.94495857
IMG_20241017_140808.jpg,nao_acao,0.5247258,0.19578269,0.53439885,0.18008418,0.5149947,0.17914505,0.54683024,0.196146,0.5002734,0.1938509,0.56369805,0.3092077,0.48012388,0.3085182,0.58084345,0.4491458,0.4618271,0.44840598,0.5764961,0.56948334,0.46713114,0.5691859,0.54879045,0.57263947,0.4949416,0.57282585,0.5494976,0.75016874,0.48679402,0.75529677,0.54087985,0.9033995,0.4905098,0.9157052
IMG_20241017_140809.jpg,nao_acao,0.50259423,0.16251965,0.5138256,0.14737692,0.49392465,0.14620449,0.53151876,0.16771619,0.48271054,0.16469942,0.552302,0.2861068,0.46352482,0.2857836,0.568185,0.43755388,0.44224,0.43083808,0.5617468,0.5681196,0.446437,0.5552504,0.5341328,0.5609548,0.47612596,0.5611513,0.53672105,0.7471692,0.4696876,0.75028884,0.5294758,0.91167754,0.4826012,0.9137608
IMG_20241017_140810.jpg,nao_acao,0.4938862,0.07954697,0.5058174,0.06407446,0.48567086,0.063017674,0.5254488,0.08349483,0.4761921,0.07981485,0.5457764,0.20470682,0.45975503,0.20027603,0.5613445,0.35918906,0.43958685,0.34176558,0.55121875,0.48356378,0.43947816,0.45924306,0.5250475,0.47378328,0.46934617,0.47004443,0.5249531,0.65562207,0.46386653,0.6514628,0.523581,0.8095321,0.4715514,0.80465364
IMG_20241017_140810_1.jpg,nao_acao,0.47929078,0.16200952,0.49057177,0.14574905,0.47090277,0.14578308,0.5101258,0.16196062,0.46170038,0.16129787,0.5304877,0.2813509,0.44591662,0.28079376,0.5482389,0.42989907,0.42724112,0.42127144,0.53787524,0.55665404,0.4264917,0.54144067,0.5136972,0.55101943,0.45955458,0.5498199,0.5174168,0.73116714,0.45576307,0.73234946,0.5172016,0.8891204,0.46345428,0.8890917
IMG_20241017_140811.jpg,nao_acao,0.5067485,0.113814615,0.5170377,0.098072395,0.4965585,0.09833605,0.5333433,0.117833994,0.48297587,0.118176356,0.5532278,0.24305826,0.4627218,0.24130589,0.57024467,0.39891076,0.44382173,0.38924816,0.5613716,0.5206048,0.44876033,0.5093852,0.53567374,0.51519316,0.4779589,0.5152723,0.53814876,0.6924507,0.47489542,0.70217186,0.5322086,0.86015075,0.48100045,0.8688638
IMG_20241017_140812.jpg,nao_acao,0.488613,0.25361943,0.4987182,0.23770507,0.4786383,0.23625623,0.5113333,0.25759128,0.4624531,0.25417292,0.52977,0.37522167,0.43775156,0.3745481,0.5451404,0.5282584,0.4174543,0.5301692,0.5390879,0.6526088,0.42237094,0.65369916,0.5116774,0.650653,0.45191777,0.65031374,0.51196647,0.8466352,0.44483626,0.84552103,0.49344555,0.99021596,0.4598235,0.9891647
IMG_20241017_140812_1.jpg,nao_acao,0.4587218,0.26851028,0.46725264,0.25247082,0.4479917,0.2532678,0.47749636,0.27118134,0.4305671,0.27310318,0.49528658,0.38307163,0.40807307,0.38650224,0.5144666,0.5287453,0.39426088,0.5373953,0.51288617,0.64454997,0.40426326,0.6578312,0.48814937,0.6439649,0.43074486,0.6476972,0.48853365,0.83472836,0.42714873,0.8432406,0.477047,0.98690295,0.44036853,0.9889159
IMG_20241017_140813.jpg,nao_acao,0.5016656,0.17597638,0.51054996,0.16209598,0.49234214,0.16124523,0.5218712,0.18088694,0.47758767,0.17852242,0.5388915,0.28844664,0.45911598,0.285667,0.5541603,0.42541417,0.44157717,0.41862392,0.5519969,0.531651,0.44700325,0.5277553,0.5258846,0.5300231,0.47460917,0.52979213,0.5262325,0.6978601,0.46901408,0.7035129,0.5176962,0.8487589,0.4730064,0.86473334
IMG_20241017_140814.jpg,nao_acao,0.4826179,0.28805804,0.4918594,0.2738978,0.47360697,0.2726309,0.50366664,0.2919325,0.45950758,0.28888047,0.51965743,0.39758867,0.43722248,0.3961587,0.53448236,0.5314703,0.4193396,0.5321071,0.52953726,0.6479943,0.42421108,0.6481265,0.504898,0.64546025,0.4510536,0.6455786,0.5066629,0.81997293,0.44404384,0.8238288,0.49694374,0.9714291,0.45142883,0.97806376
IMG_20241017_140815.jpg,nao_acao,0.5031497,0.20093448,0.5136066,0.18724139,0.49454376,0.1851396,0.5279396,0.20717436,0.48161796,0.20159875,0.5442206,0.31745142,0.46295923,0.31191182,0.55914026,0.45753494,0.44391277,0.44355503,0.5533228,0.5672756,0.44694722,0.55140054,0.52787185,0.55877614,0.47538418,0.55655915,0.5269906,0.7297188,0.46872288,0.7301562,0.52175915,0.8824102,0.4734588,0.8894954
IMG_20241017_140815_1.jpg,nao_acao,0.4349424,0.21764535,0.44466215,0.20307796,0.42681047,0.20210476,0.459314,0.21795122,0.41597563,0.21568038,0.47610918,0.32165658,0.39923394,0.32227075,0.49523667,0.45469707,0.38246894,0.4516448,0.48687208,0.5675355,0.38757995,0.5620256,0.46389228,0.56398666,0.41460165,0.56505084,0.4687089,0.72968435,0.4119817,0.73436546,0.4659187,0.8730623,0.4197705,0.87982213
IMG_20241017_140816.jpg,nao_acao,0.4767141,0.24837247,0.486544,0.23437826,0.46867248,0.23319912,0.500638,0.25094417,0.45735756,0.24718082,0.5159383,0.35994682,0.43812826,0.35267422,0.52976066,0.494804,0.41588762,0.47501057,0.52011335,0.60558724,0.41661713,0.58868736,0.49499997,0.6024784,0.44553536,0.59827894,0.49373046,0.7695874,0.4379659,0.76887494,0.4884808,0.9176391,0.4396056,0.91979337
IMG_20241017_140817.jpg,nao_acao,0.43568662,0.2930825,0.44500414,0.27875188,0.4265848,0.27727386,0.45678008,0.2963665,0.4121517,0.29291052,0.47285286,0.40333143,0.39053196,0.40171522,0.49013364,0.5365158,0.37454617,0.5366353,0.48578554,0.65536916,0.3783307,0.65627325,0.4606115,0.65476507,0.40674198,0.65526205,0.46424687,0.83035,0.40223262,0.8342203,0.45549938,0.9802644,0.41041505,0.98665816
IMG_20241017_143644.jpg,nao_acao,0.47352746,0.14374894,0.48189598,0.13139176,0.46619487,0.13024276,0.49405596,0.14401138,0.45512044,0.14142326,0.51093334,0.2262353,0.43834957,0.22708392,0.53837514,0.3211437,0.4142837,0.32737127,0.52866375,0.40863064,0.41835967,0.41258052,0.50373816,0.4218529,0.45758533,0.42242923,0.5019863,0.5720545,0.4603906,0.57362604,0.5023277,0.7205662,0.46360514,0.72391015
IMG_20241017_143646.jpg,nao_acao,0.49433756,0.17013532,0.5017425,0.15871453,0.48655295,0.15737131,0.51014346,0.17218302,0.4732966,0.16830328,0.52132124,0.2516275,0.45473075,0.25260428,0.53389686,0.3525292,0.44233644,0.36436352,0.54510933,0.4459443,0.43712077,0.46703082,0.5117293,0.4424237,0.46860954,0.44442725,0.5126743,0.5960981,0.4714438,0.5996349,0.5004688,0.7497012,0.46940166,0.75311726
IMG_20241017_143647.jpg,nao_acao,0.5292909,0.2201697,0.5373406,0.2072607,0.5209663,0.20658682,0.5469952,0.21638878,0.50681716,0.21394363,0.555812,0.2984558,0.4894434,0.29960355,0.5647982,0.4046085,0.47483647,0.41328636,0.57572687,0.5004143,0.47189876,0.5191551,0.54500157,0.49610552,0.5016966,0.49820545,0.54293805,0.64744943,0.50068355,0.653175,0.53333133,0.79682654,0.4945299,0.8043988
IMG_20241017_143648.jpg,nao_acao,0.5295063,0.22894418,0.5365438,0.21522361,0.5201474,0.21578018,0.54441655,0.22434305,0.5039596,0.22507927,0.5555378,0.31113964,0.4868662,0.3152197,0.56585735,0.42245513,0.47367013,0.43632507,0.57701874,0.52440286,0.47645545,0.54665554,0.5459599,0.51926583,0.50111806,0.52260005,0.5435705,0.67980367,0.50142837,0.685807,0.53648955,0.8338873,0.49364644,0.84090483
IMG_20241017_143648_1.jpg,nao_acao,0.5221243,0.22970171,0.5304107,0.21511856,0.512009,0.21257049,0.5369627,0.22509474,0.4908861,0.2190994,0.54178447,0.31525484,0.47074124,0.31476396,0.55486983,0.43505284,0.457002,0.4479402,0.561589,0.54254806,0.45807058,0.5672351,0.5319621,0.5328531,0.4855307,0.5340268,0.5286786,0.7081702,0.47386864,0.71387476,0.51272494,0.85895526,0.46655658,0.87388235
IMG_20241017_143649.jpg,nao_acao,0.51926196,0.20371869,0.52857316,0.18862891,0.5092516,0.18622017,0.5384458,0.19920446,0.49062297,0.19439678,0.5500437,0.29600924,0.47301304,0.298312,0.5646817,0.4188422,0.45961982,0.43412003,0.57384914,0.53209263,0.45823342,0.55742186,0.54022396,0.525813,0.49094662,0.5271523,0.53934616,0.7054573,0.48223755,0.7066712,0.52386796,0.8660088,0.48265454,0.87840986
IMG_20241017_143650.jpg,nao_acao,0.46460915,0.29279673,0.47595865,0.2749153,0.4544287,0.2720238,0.48909998,0.2862203,0.43573764,0.28013244,0.50411046,0.391113,0.41540623,0.39424023,0.5217747,0.5295631,0.4037618,0.54419756,0.5304955,0.66102123,0.40028036,0.68416446,0.49418506,0.6482543,0.43516824,0.65120995,0.49287555,0.870435,0.43143067,0.87078434,0.0,0.0,0.0,0.0
IMG_20241017_143651.jpg,nao_acao,0.4832679,0.23998052,0.49465472,0.22242644,0.47272807,0.22121155,0.5104873,0.23533219,0.45624554,0.23273005,0.52713597,0.34257117,0.43799296,0.34539846,0.5447188,0.48788592,0.4258991,0.49925587,0.5519952,0.621487,0.42101645,0.63529074,0.515995,0.60236406,0.45736593,0.60446733,0.51509625,0.81932896,0.45422602,0.8208164,0.50303394,0.9840765,0.46349862,0.9824041
IMG_20241017_143652.jpg,nao_acao,0.44722256,0.19201428,0.45739162,0.17699794,0.4372201,0.17446609,0.46979406,0.18963696,0.42008033,0.18426912,0.4796188,0.2872197,0.40239766,0.28778967,0.4936661,0.41916758,0.38603148,0.42877066,0.5018107,0.5351368,0.3852587,0.55582255,0.46792462,0.5196803,0.41826573,0.5209594,0.46514726,0.7038531,0.41088578,0.7082248,0.4534547,0.86914814,0.40956166,0.8800096
IMG_20241017_143653.jpg,nao_acao,0.49741715,0.20236585,0.5072881,0.1889028,0.487874,0.1850867,0.517477,0.20348285,0.46974576,0.19513021,0.5256604,0.29516828,0.45034668,0.29439256,0.53888065,0.41976604,0.43613607,0.43138605,0.5477524,0.53307027,0.43448895,0.5546181,0.51372766,0.5248581,0.4649484,0.5252587,0.512531,0.7053693,0.4578739,0.70640814,0.49388325,0.8600253,0.45445168,0.8736376
IMG_20241017_143654.jpg,nao_acao,0.47284532,0.14403287,0.4826904,0.1303905,0.46320567,0.12828834,0.49282667,0.1450392,0.4449454,0.14099222,0.5056121,0.23538491,0.43043086,0.24094097,0.5228399,0.35177633,0.41836667,0.37317663,0.5317685,0.45748818,0.42234838,0.490477,0.49800426,0.4583923,0.44787058,0.4619259,0.50091773,0.62943393,0.44454798,0.6314787,0.48640046,0.78685373,0.4443492,0.8014444
IMG_20241017_143654_1.jpg,nao_acao,0.5086245,0.19710106,0.5176131,0.18371648,0.50010437,0.18188298,0.52788323,0.19523987,0.48509508,0.18987368,0.5355515,0.28582144,0.46654803,0.28324816,0.543862,0.39880884,0.44949716,0.4031396,0.5543109,0.50348675,0.4475384,0.51764584,0.521304,0.49527326,0.47663105,0.49497423,0.5137729,0.6596135,0.47283843,0.6609744,0.50307244,0.81861246,0.46504486,0.82053334
IMG_20241017_143655.jpg,nao_acao,0.52636874,0.17808506,0.5339283,0.16431649,0.5170032,0.16483986,0.5429195,0.175139,0.50170493,0.17584203,0.5529258,0.26230478,0.48688558,0.26498917,0.56226915,0.36921555,0.47268927,0.3792868,0.5736323,0.4638853,0.47357297,0.4863438,0.5431149,0.4646793,0.50000435,0.46685633,0.5425587,0.62173843,0.50034225,0.62437534,0.5357621,0.7758915,0.49368483,0.7788758
IMG_20241017_143656.jpg,nao_acao,0.4758851,0.11141081,0.48434484,0.098625004,0.46749303,0.09678977,0.49397603,0.11075981,0.45287874,0.10561466,0.50350153,0.19326502,0.43495843,0.19243681,0.51379067,0.30288404,0.42609197,0.31219676,0.5172915,0.40092677,0.43163025,0.42103237,0.49205458,0.38635284,0.4471066,0.38711542,0.49008995,0.5462557,0.44775802,0.5465807,0.4793747,0.7070949,0.4435688,0.7054099
IMG_20241017_143656_1.jpg,nao_acao,0.4843333,0.1371247,0.4931197,0.12496126,0.47672445,0.122652784,0.5041036,0.13815278,0.46421674,0.13171443,0.51304966,0.22283788,0.4470742,0.21694846,0.5208321,0.33374655,0.43457422,0.33101353,0.52600354,0.43092462,0.43411878,0.4411456,0.49863976,0.41585308,0.45501378,0.41352066,0.4976985,0.5718283,0.45250046,0.5690082,0.48937142,0.728751,0.44757044,0.7242207
IMG_20241017_143657.jpg,nao_acao,0.37699208,0.15098387,0.38506955,0.13728341,0.3679553,0.13749592,0.395795,0.15008873,0.3539308,0.1499689,0.40825814,0.239249,0.34057495,0.24441957,0.42359757,0.35064206,0.32985568,0.36592233,0.43529603,0.4501729,0.3343941,0.47298712,0.40441135,0.45076063,0.3598074,0.45539433,0.40758106,0.60628283,0.3607512,0.6133282,0.40145093,0.7607499,0.35981378,0.76822037
IMG_20241017_143658.jpg,nao_acao,0.3513579,0.21802436,0.35947153,0.20370267,0.34259456,0.20486611,0.37252095,0.21264032,0.33125037,0.21533808,0.39116156,0.30350974,0.31808382,0.30840248,0.4056845,0.41913903,0.30841243,0.4319734,0.41337916,0.5234844,0.30555528,0.53977656,0.3816124,0.5152613,0.33370543,0.517389,0.3792608,0.6783097,0.33384007,0.67908514,0.37723273,0.83440864,0.33397526,0.8365527
IMG_20241017_143659.jpg,nao_acao,0.44154826,0.27609465,0.45004454,0.26212698,0.43283305,0.26282218,0.46261957,0.27347282,0.4205313,0.2747957,0.4763288,0.36335814,0.4063062,0.36685896,0.48716152,0.47769657,0.3911237,0.48469126,0.49433926,0.5829492,0.3886412,0.5926736,0.46225098,0.57411,0.4165174,0.5757081,0.4605885,0.7368221,0.41513106,0.73864156,0.45070183,0.8993859,0.4107427,0.90047914
IMG_20241017_143659_1.jpg,nao_acao,0.48966235,0.2929483,0.4970434,0.2787693,0.48089543,0.27934766,0.50662136,0.28778276,0.46711257,0.28878564,0.52089876,0.37822753,0.4525552,0.38174605,0.5357907,0.4949483,0.4386655,0.5039815,0.5460544,0.59743685,0.44006002,0.6117339,0.5125359,0.59084797,0.4681504,0.5934151,0.5111105,0.75401247,0.46710962,0.7563579,0.508767,0.9122198,0.46580043,0.91461533
IMG_20241017_143700.jpg,nao_acao,0.6112657,0.30344924,0.6192077,0.28934914,0.6021968,0.28959212,0.62937135,0.298039,0.5876571,0.29803586,0.6414768,0.38871,0.5708387,0.38785672,0.65126926,0.5049546,0.55492026,0.50845987,0.6597528,0.6069122,0.55381984,0.61987364,0.6271532,0.60216355,0.5808351,0.6013304,0.61862445,0.7683411,0.57597846,0.7666943,0.6138696,0.9267239,0.5660773,0.9256585
IMG_20241017_143701.jpg,nao_acao,0.46581548,0.2826718,0.47456598,0.26851478,0.45723906,0.26768878,0.48572406,0.27989897,0.44368204,0.27716187,0.497947,0.37482187,0.42678878,0.37501368,0.5100324,0.49039772,0.41270533,0.49892586,0.52078235,0.5935464,0.41122648,0.61164975,0.487321,0.58840644,0.44107175,0.58909315,0.4825855,0.7543625,0.4387538,0.75581366,0.47613284,0.9151422,0.4326122,0.91816235
IMG_20241017_143702.jpg,nao_acao,0.32203102,0.2943818,0.33231077,0.28223953,0.3136954,0.2774455,0.34520936,0.29790625,0.2989952,0.2877679,0.35695592,0.38570523,0.28367376,0.3869331,0.37475473,0.50304174,0.2705135,0.5173331,0.384759,0.61079204,0.26935866,0.6379233,0.3494838,0.59769595,0.30239996,0.6001126,0.35177013,0.77376425,0.29685596,0.7748525,0.34115118,0.9461994,0.29793292,0.9594052
IMG_20241017_143703.jpg,nao_acao,0.33674097,0.23063259,0.34664783,0.21833865,0.32857752,0.21443768,0.3590628,0.233935,0.31476277,0.2257317,0.3712984,0.3207912,0.2987959,0.3242908,0.38956496,0.43774122,0.2887625,0.45608577,0.39998567,0.5450337,0.2885911,0.57006437,0.36722738,0.5374381,0.3200704,0.54112244,0.37100354,0.7101564,0.31339335,0.7144994,0.3625093,0.87353736,0.31678322,0.88973373
IMG_20241017_144209.jpg,nao_acao,0.43076855,0.31389818,0.44090244,0.30044,0.4222126,0.29745537,0.454243,0.3168925,0.40856412,0.31012136,0.46834466,0.41882813,0.39004955,0.4154411,0.4849505,0.53576446,0.37000948,0.53226435,0.48327154,0.63508195,0.36907622,0.6299833,0.44939867,0.64235896,0.4007641,0.6405239,0.44815964,0.79453444,0.39481047,0.79351664,0.42930767,0.9430964,0.40178493,0.9483942
IMG_20241017_144209_1.jpg,nao_acao,0.5087805,0.2971918,0.5179524,0.28318623,0.49912837,0.2815671,0.5299393,0.2974176,0.48385546,0.29417723,0.5454053,0.39840034,0.4666896,0.398923,0.5661865,0.5140732,0.45013854,0.51878774,0.5660424,0.6225411,0.44881612,0.6257637,0.53167975,0.6325109,0.4816058,0.633088,0.53498846,0.78007644,0.47743657,0.78197247,0.5192907,0.93202966,0.48743027,0.93654394
IMG_20241017_144211.jpg,nao_acao,0.55347186,0.25932333,0.56199354,0.24474515,0.542502,0.24206102,0.56984377,0.26059094,0.5208783,0.2552318,0.5812712,0.36815944,0.49836513,0.36870432,0.5988394,0.4879358,0.4768457,0.49666238,0.5987995,0.5965126,0.4795294,0.61199933,0.5666605,0.6124339,0.5149919,0.6134828,0.563568,0.7656326,0.5067858,0.77032185,0.5413024,0.9119309,0.51248795,0.92531836
IMG_20241017_144211_1.jpg,nao_acao,0.51627946,0.17717245,0.5241435,0.16103262,0.50449735,0.15822797,0.53011394,0.17361075,0.47984326,0.16809145,0.5395011,0.28754604,0.4579218,0.28682944,0.5565128,0.41044548,0.43852326,0.41433588,0.55460894,0.5243164,0.43910202,0.5320446,0.5272871,0.532499,0.47623605,0.5333103,0.5228978,0.679714,0.464537,0.6870287,0.5009155,0.82722414,0.46894178,0.8450605
IMG_20241017_144212.jpg,nao_acao,0.533387,0.13731037,0.54188967,0.12093813,0.521669,0.11942687,0.548902,0.13532111,0.49812797,0.1319086,0.5588443,0.2512912,0.4769194,0.25109035,0.5786287,0.37584138,0.4582991,0.3839915,0.57857335,0.4781812,0.46239668,0.49256316,0.5471427,0.50008875,0.49709523,0.50103414,0.5431533,0.65599096,0.49103075,0.65951484,0.5279163,0.7924214,0.49749961,0.80754626
IMG_20241017_144213.jpg,nao_acao,0.43672574,0.058833554,0.44601655,0.042248204,0.42558095,0.042361833,0.45556167,0.05725661,0.4046749,0.05715004,0.4699691,0.17273581,0.38837558,0.17787227,0.49491704,0.2983345,0.3730055,0.310618,0.49911824,0.40630966,0.37843543,0.41909313,0.46451408,0.42009577,0.41361085,0.4247603,0.4656835,0.57469743,0.41413167,0.5829509,0.4575435,0.7109201,0.42351595,0.7248988
IMG_20241017_144213_1.jpg,nao_acao,0.3630849,0.24195611,0.37274665,0.22648543,0.35215732,0.22506887,0.3858086,0.24291393,0.33516425,0.24100493,0.40412694,0.35298213,0.31761467,0.3590644,0.4275811,0.47596928,0.30027995,0.48800442,0.431253,0.58389664,0.30410185,0.5984122,0.39423418,0.5996751,0.34016663,0.6047785,0.40057957,0.761085,0.33902436,0.7701771,0.38737366,0.9135132,0.35471904,0.9314402
IMG_20241017_144214.jpg,nao_acao,0.34989563,0.12946878,0.36135587,0.113824286,0.33951157,0.11208498,0.37705466,0.13234349,0.32411903,0.12887996,0.3950329,0.247568,0.30860028,0.2514889,0.4203601,0.37668887,0.29255658,0.38312718,0.4234237,0.48759985,0.29455844,0.4913554,0.38748774,0.4985485,0.33306846,0.5022809,0.39153937,0.66407,0.33555585,0.6690423,0.38294092,0.80808824,0.34899113,0.81720525
IMG_20241017_144214_1.jpg,nao_acao,0.5083575,0.27737975,0.5190334,0.26347572,0.49836633,0.2594073,0.5306743,0.2811598,0.48027745,0.2719608,0.5409155,0.38950875,0.45817715,0.38307068,0.5605409,0.5158759,0.43847415,0.5066362,0.55786043,0.6272747,0.4364131,0.622497,0.52460617,0.6322505,0.4723326,0.6301282,0.5216893,0.7902336,0.4661646,0.7936468,0.5052032,0.94328487,0.47184637,0.9529686
IMG_20241017_144216.jpg,nao_acao,0.5541154,0.20774235,0.56412995,0.19358878,0.54393595,0.19022742,0.5753627,0.21153127,0.5259229,0.20431533,0.5868849,0.32179976,0.5048553,0.31827882,0.60496145,0.44486463,0.48207453,0.44202575,0.6021793,0.55632806,0.4821983,0.5499068,0.56799096,0.56194705,0.51684433,0.56010926,0.5661913,0.7159088,0.50930434,0.716811,0.54614,0.8576532,0.5124956,0.8641478
IMG_20241017_144216_1.jpg,nao_acao,0.5794095,0.12292169,0.5894365,0.10774276,0.5686865,0.10527838,0.6001527,0.12522678,0.5497027,0.119810075,0.61274993,0.23962393,0.5284554,0.2381184,0.6320326,0.3657118,0.5083981,0.36874127,0.6306135,0.4751583,0.5095274,0.47876143,0.5955389,0.48587057,0.5434384,0.48532048,0.592477,0.6458475,0.53757113,0.6480132,0.5741891,0.7819606,0.542633,0.79382807
IMG_20241017_144217.jpg,nao_acao,0.67408264,0.18628433,0.6842838,0.17071946,0.6634182,0.16883342,0.6960136,0.18615879,0.6452381,0.18181068,0.7096319,0.30088475,0.62425816,0.29833576,0.7292736,0.42530054,0.59870553,0.4235417,0.7261752,0.5349046,0.59820724,0.53156966,0.68857396,0.54910654,0.6364739,0.5468387,0.68251216,0.70493084,0.6282676,0.7043268,0.66506934,0.8457089,0.6309818,0.85274756
IMG_20241017_144218.jpg,nao_acao,0.52683663,0.19363101,0.53694266,0.17860256,0.51669055,0.17648567,0.54900086,0.19427308,0.49988008,0.1894119,0.5632065,0.30739528,0.48036936,0.30592793,0.58395684,0.42777243,0.45992038,0.43069398,0.58266145,0.5353483,0.46079373,0.5411868,0.5469272,0.54939103,0.4962978,0.5487009,0.54489076,0.70510596,0.49223158,0.70652723,0.5290849,0.8446684,0.49727914,0.85523707
IMG_20241017_144218_1.jpg,nao_acao,0.45215115,0.17790426,0.46231672,0.16292527,0.44194618,0.16100407,0.4749572,0.17970918,0.42504674,0.17594913,0.4910655,0.2897194,0.4084005,0.29293576,0.5147639,0.41288492,0.39078516,0.41775605,0.5165565,0.52253443,0.3921223,0.5265263,0.48004645,0.53221804,0.4286452,0.5351273,0.47935724,0.6875594,0.42576683,0.69301087,0.46532986,0.82545555,0.4379234,0.83929896
IMG_20241017_144219.jpg,nao_acao,0.29596576,0.16566938,0.3070654,0.14936742,0.28511238,0.14902584,0.32289693,0.16601539,0.26959246,0.16597846,0.34287685,0.2773441,0.25706488,0.2865052,0.37313023,0.39918315,0.24331364,0.41472265,0.37642425,0.5098874,0.24648438,0.52556056,0.33997536,0.52653474,0.28626466,0.53306013,0.34612718,0.68588203,0.29050878,0.69554347,0.33932313,0.8205406,0.3051183,0.8359698
IMG_20241017_144220.jpg,nao_acao,0.27233547,0.15637922,0.28297883,0.13994032,0.2613381,0.14034677,0.2998883,0.15723427,0.24696325,0.15895346,0.3234337,0.26832613,0.23229872,0.2789423,0.3515223,0.39128777,0.21844275,0.40951863,0.35435525,0.5052268,0.22284494,0.5230988,0.3189047,0.5207447,0.26158988,0.5279751,0.3294915,0.67714405,0.26331943,0.6873031,0.3198256,0.819093,0.28597304,0.8329952
IMG_20241017_144221.jpg,nao_acao,0.43429697,0.1659034,0.4447316,0.15085763,0.42472348,0.14989507,0.4582324,0.16760644,0.40944684,0.16456872,0.475479,0.27996284,0.392726,0.2793358,0.49973103,0.40523654,0.3741618,0.4037869,0.49992907,0.5120885,0.37583363,0.5153719,0.46155253,0.5220728,0.4096355,0.52265346,0.46047541,0.67651945,0.40920776,0.6801167,0.44966656,0.8224299,0.41765833,0.82855636
IMG_20241017_144221_1.jpg,nao_acao,0.5121664,0.30973724,0.5225284,0.29537007,0.50288326,0.2923068,0.53465575,0.3116292,0.4866679,0.30507958,0.54857343,0.4141932,0.46730563,0.41443485,0.5688179,0.53393954,0.44836342,0.5369415,0.56985337,0.64179677,0.44722918,0.64284885,0.53356284,0.65155774,0.4822953,0.6523285,0.5305488,0.8135401,0.47712505,0.8153634,0.51350254,0.96020854,0.48540965,0.9680216
IMG_20241017_144222.jpg,nao_acao,0.4615974,0.16565716,0.47078493,0.15261813,0.45310062,0.15147427,0.48308042,0.168911,0.4399762,0.16554743,0.49894887,0.26581913,0.420263,0.265752,0.51527524,0.37411305,0.40865022,0.379984,0.5191303,0.47093904,0.4100738,0.4748501,0.48820853,0.47809336,0.43770373,0.47940046,0.48267883,0.62281376,0.443971,0.6243557,0.47739318,0.7580499,0.44859654,0.759197
IMG_20241017_144223.jpg,nao_acao,0.49066553,0.24341495,0.49889597,0.23070082,0.482718,0.2296688,0.5093141,0.24533892,0.46982306,0.24246383,0.52450114,0.33901492,0.44975096,0.33852318,0.5409224,0.43964165,0.43676797,0.44563794,0.5442652,0.5295085,0.43596417,0.5350898,0.5133917,0.5415727,0.4649662,0.5417941,0.50908893,0.67692876,0.46767858,0.6777635,0.501381,0.80693406,0.47085297,0.8087051
IMG_20241029_132737.jpg,nao_acao,0.50120234,0.12454568,0.50885546,0.10754881,0.4900363,0.109213136,0.5175781,0.12211695,0.47252512,0.12592708,0.5330995,0.23522416,0.4555878,0.23976927,0.55271924,0.3698609,0.4423032,0.3818305,0.55981964,0.48092806,0.44607615,0.50227296,0.5289017,0.49293116,0.47993106,0.49662888,0.5303198,0.6738335,0.47822383,0.6808298,0.5226525,0.8462366,0.48683393,0.853234
IMG_20241029_132738.jpg,nao_acao,0.49682748,0.20141119,0.50537455,0.18199623,0.48728362,0.18359943,0.51782227,0.17804025,0.47264236,0.1808152,0.5378339,0.27760765,0.45630524,0.28237978,0.5572906,0.41061112,0.43850648,0.41563052,0.56060356,0.53257406,0.43859676,0.544529,0.5282019,0.54464763,0.47619244,0.54820657,0.5361148,0.7293845,0.4749356,0.7337983,0.52887046,0.90877473,0.491046,0.9119315
IMG_20241029_132739.jpg,nao_acao,0.5104332,0.18621813,0.5197638,0.16731279,0.4998036,0.16915257,0.53486985,0.17322636,0.48689094,0.17777972,0.55634207,0.2849391,0.47306874,0.28837952,0.57734346,0.42465523,0.45962197,0.42568848,0.5819834,0.55064696,0.46058115,0.5563357,0.5405026,0.5611621,0.48727545,0.5617444,0.5419614,0.7510725,0.48357332,0.7544209,0.5352468,0.929817,0.494262,0.92902493
IMG_20241029_132740.jpg,nao_acao,0.76434994,0.14619215,0.7756769,0.12821631,0.754103,0.12882379,0.7930936,0.14683284,0.74103206,0.14800413,0.81262666,0.2727059,0.7224705,0.27349412,0.8324888,0.42328733,0.69955677,0.41794053,0.8310208,0.55835176,0.6892385,0.54262435,0.78470045,0.5589533,0.7267678,0.5565476,0.784007,0.7607836,0.72101223,0.75913435,0.77446026,0.95042396,0.72687995,0.9416839
IMG_20241029_132740_1.jpg,nao_acao,0.62254393,0.17731273,0.63240397,0.16050771,0.61296225,0.16203654,0.64899087,0.17754747,0.6019688,0.18076892,0.6714899,0.2949372,0.5855434,0.29779908,0.69098306,0.43678254,0.5631821,0.436495,0.6913688,0.56682146,0.5500741,0.55659777,0.6494043,0.57195103,0.5947207,0.57084477,0.65286684,0.7651442,0.5880124,0.7626614,0.6409802,0.9480715,0.60208166,0.93952984
IMG_20241029_132741.jpg,nao_acao,0.46571553,0.22172104,0.47549206,0.20630749,0.45686114,0.20718071,0.4916898,0.2249272,0.44664633,0.22679743,0.5143314,0.33984584,0.42995483,0.34444386,0.5343578,0.4820306,0.40879098,0.48373383,0.5338737,0.60761946,0.39395046,0.6047467,0.49434233,0.6100757,0.44085458,0.6110525,0.49653178,0.8018306,0.43629557,0.8061709,0.48249835,0.9763599,0.45254484,0.97738826
IMG_20241029_132741_1.jpg,nao_acao,0.28953788,0.1740155,0.30120954,0.15753765,0.28008133,0.15657774,0.3180327,0.17780666,0.26696637,0.17516208,0.33851847,0.29942,0.2484232,0.3005855,0.35887372,0.44965646,0.22582407,0.44701225,0.35746297,0.577496,0.21205571,0.5781501,0.31872323,0.5865858,0.26000562,0.5864831,0.31939933,0.78972906,0.25660396,0.7904798,0.30805632,0.96967113,0.2685337,0.9701001
IMG_20241029_132742.jpg,nao_acao,0.25266463,0.1547348,0.26444012,0.13637793,0.24266519,0.13622059,0.28276986,0.15461601,0.23021561,0.15412311,0.3048816,0.28318083,0.21324168,0.2854078,0.32436627,0.43732625,0.19586152,0.4356663,0.32289207,0.56730074,0.18858185,0.5690385,0.28991422,0.57375777,0.23019613,0.5750265,0.2964905,0.77894837,0.2294396,0.78281707,0.2898324,0.9625523,0.24335891,0.96849024
IMG_20241029_132742_1.jpg,nao_acao,0.3025259,0.16296431,0.31424102,0.14602935,0.29333568,0.14509982,0.33221465,0.1651026,0.2819632,0.1628275,0.35239893,0.28798622,0.2638555,0.28837186,0.37067866,0.43601754,0.24327105,0.43184376,0.36853907,0.5657309,0.23420618,0.56528896,0.33198965,0.57491505,0.27439004,0.5744049,0.33490226,0.77345103,0.2717533,0.77595615,0.32707542,0.9569964,0.28269044,0.9607944
IMG_20241029_132743.jpg,nao_acao,0.37526873,0.10204574,0.38687548,0.08624053,0.36618507,0.08370906,0.40318555,0.105399236,0.35357445,0.0989069,0.41952336,0.22980106,0.3317548,0.21985371,0.4299799,0.38196975,0.30689675,0.3579344,0.42141944,0.50482017,0.30180526,0.48744735,0.3905686,0.51146984,0.33439335,0.5044827,0.38731092,0.70954883,0.32649148,0.7031108,0.37184,0.89806074,0.3269145,0.89567167
IMG_20241029_132744.jpg,nao_acao,0.60088784,0.028551733,0.6105608,0.011838634,0.59001523,0.010143156,0.6208223,0.03124301,0.57027894,0.026745163,0.6353007,0.16368878,0.5436658,0.15459077,0.6441593,0.32325223,0.5155252,0.30880654,0.6372412,0.4591086,0.51214784,0.4500654,0.60371345,0.45804623,0.545525,0.4502005,0.5946842,0.6586997,0.52870774,0.64854854,0.56749785,0.8496922,0.52709496,0.8429382
IMG_20241029_132744_1.jpg,nao_acao,0.475538,0.14543669,0.48231003,0.12734728,0.46414182,0.1303565,0.4896649,0.14088784,0.44559252,0.1474925,0.50827694,0.25656438,0.42881903,0.26472256,0.53241664,0.39223602,0.4200051,0.4114996,0.53975207,0.50797695,0.43107006,0.5372906,0.50944847,0.5264852,0.45880058,0.53366286,0.51915705,0.7116585,0.46230248,0.72408915,0.518016,0.889403,0.4744622,0.90591604
IMG_20241029_132745.jpg,nao_acao,0.5241045,0.12637043,0.5308639,0.10969779,0.5132784,0.11140278,0.53772354,0.12414706,0.4950532,0.12803268,0.5532843,0.23711151,0.47809586,0.2427368,0.57451445,0.36772433,0.46642905,0.38202697,0.5805441,0.47551218,0.47870436,0.5022821,0.5517245,0.49322596,0.5045535,0.4992471,0.55977774,0.6691447,0.50928736,0.68179846,0.55646807,0.83508986,0.5167259,0.853504
IMG_20241029_132745_1.jpg,nao_acao,0.61045545,0.14756846,0.6174817,0.13038073,0.59946436,0.13282941,0.6252232,0.1450584,0.581209,0.15065944,0.6427117,0.25853044,0.5648264,0.26630533,0.6639844,0.38981923,0.5532103,0.40625697,0.6703959,0.50172937,0.56341356,0.5261936,0.64018214,0.5179888,0.59054214,0.52427393,0.6459879,0.6954417,0.5912128,0.7075839,0.64106005,0.8659097,0.6002706,0.8814163
IMG_20241029_132746.jpg,nao_acao,0.5084287,0.18438354,0.51607615,0.16776717,0.49785098,0.16967848,0.52610284,0.18217948,0.48245332,0.18686432,0.5453948,0.29117244,0.4686172,0.29885808,0.5675536,0.42129266,0.45933264,0.4387456,0.57470536,0.5344794,0.47096407,0.5637865,0.54498,0.55076176,0.49551073,0.5568748,0.5506999,0.7303977,0.49630186,0.74068516,0.54846436,0.89967,0.50614494,0.9137085
IMG_20241029_132746_1.jpg,nao_acao,0.48977977,0.19646916,0.49822494,0.18049026,0.47997773,0.17991386,0.5059067,0.19618411,0.4612271,0.1945282,0.5201191,0.30818883,0.44113457,0.3081865,0.5362463,0.4486442,0.42519853,0.4522055,0.54245806,0.56090754,0.43540964,0.5798941,0.50933444,0.57419276,0.45775774,0.57598346,0.5091913,0.7623516,0.45434883,0.7675736,0.49769762,0.93747884,0.45797163,0.94846195
IMG_20241029_132747.jpg,nao_acao,0.557802,0.13759336,0.5640066,0.11978847,0.5454702,0.122398145,0.5690856,0.14061147,0.5236979,0.14661391,0.5862129,0.26592737,0.5034812,0.27253544,0.6097416,0.41374105,0.49274746,0.43454713,0.6210282,0.5363567,0.504768,0.5679416,0.58924866,0.5494934,0.53547597,0.5558134,0.5884078,0.75592464,0.5315987,0.76693887,0.5843478,0.9414311,0.5385631,0.95241463
IMG_20241029_132748.jpg,nao_acao,0.6004277,0.12138292,0.6054683,0.10259237,0.5876484,0.10659763,0.60862005,0.12145373,0.5639181,0.13058208,0.62586325,0.24804735,0.5455004,0.25805375,0.6489063,0.3965774,0.5386127,0.4212218,0.66366416,0.51044065,0.5512241,0.5497724,0.6355174,0.52907705,0.58358693,0.5382686,0.63742274,0.7301523,0.5809566,0.74708104,0.63251835,0.9162444,0.5892468,0.9318764
IMG_20241029_132749_1.jpg,nao_acao,0.51873714,0.11088308,0.52673703,0.09465176,0.5083232,0.0916892,0.5312301,0.11304909,0.4840558,0.105946034,0.5413811,0.23801725,0.45820576,0.23527236,0.55866486,0.38657582,0.43689695,0.3891226,0.562342,0.51172036,0.44016477,0.525796,0.5271577,0.5274608,0.4744947,0.5279985,0.5232442,0.7274614,0.46507084,0.7289132,0.5080564,0.910763,0.46879303,0.92561305
IMG_20241029_132750.jpg,nao_acao,0.5037346,0.12367237,0.51221675,0.1077406,0.49385786,0.104625076,0.5178261,0.12603314,0.47089303,0.118373126,0.5303963,0.25049394,0.44369286,0.24634317,0.547347,0.40372774,0.42186958,0.40194124,0.55291706,0.5298438,0.4256504,0.53529537,0.5145276,0.53943765,0.4587541,0.53934455,0.51304054,0.7457846,0.45066538,0.74389386,0.49585363,0.93381274,0.45728523,0.94016
IMG_20241029_132750_1.jpg,nao_acao,0.619264,0.17610507,0.6272339,0.16040553,0.60880613,0.1605414,0.63577664,0.1764129,0.5911348,0.17661186,0.64998853,0.28822887,0.57250947,0.2876351,0.66734487,0.41974473,0.5548249,0.41947296,0.6700443,0.5344065,0.5581798,0.5377711,0.6378949,0.5458849,0.5887238,0.5462884,0.63783926,0.721773,0.58473986,0.7236742,0.62966377,0.88909024,0.5898239,0.8957427
IMG_20241029_132751.jpg,nao_acao,0.41092148,0.33948204,0.4175437,0.32675445,0.4025261,0.3263163,0.42431933,0.33915138,0.38741508,0.33780923,0.43760234,0.43426868,0.36754104,0.43266204,0.4494172,0.5475007,0.35327822,0.5498766,0.4519575,0.6472908,0.35198706,0.6561102,0.4250608,0.65334016,0.37937325,0.6535572,0.42600474,0.8155913,0.38230783,0.81337607,0.42502853,0.97142553,0.3852163,0.9695548
IMG_20241029_132752.jpg,nao_acao,0.4112565,0.34645355,0.4183815,0.33322453,0.40332305,0.33423254,0.42907488,0.34539196,0.39225426,0.34765583,0.4465507,0.44016662,0.37556952,0.44241363,0.4591715,0.55364776,0.36324823,0.5577247,0.46485946,0.6534045,0.3616159,0.66317207,0.43637452,0.6615293,0.3898204,0.66333145,0.44001037,0.82042474,0.39270726,0.8194689,0.43757242,0.9693589,0.40048,0.9673718
IMG_20241029_132809.jpg,nao_acao,0.3744471,0.31129274,0.38334015,0.2955055,0.36579406,0.29823688,0.40183607,0.30605662,0.35798424,0.31280327,0.42658365,0.4028429,0.3442044,0.41044658,0.44690678,0.52385616,0.32594755,0.53594494,0.44415084,0.6416237,0.33450168,0.65069777,0.4184279,0.64212763,0.36464605,0.646201,0.43039975,0.8059886,0.36321393,0.81284463,0.43403164,0.9785486,0.37494078,0.977585
IMG_20241029_132809_1.jpg,nao_acao,0.399639,0.29021204,0.40640378,0.27295172,0.390061,0.27894467,0.4233441,0.2806272,0.3826774,0.29496512,0.45643228,0.37156993,0.3717153,0.38855597,0.498337,0.48058122,0.34518242,0.5042589,0.5224267,0.57742345,0.32465625,0.61781836,0.44911978,0.6108821,0.39578474,0.61949164,0.46614152,0.7710005,0.39727646,0.7832997,0.4609588,0.93836075,0.41438973,0.9363826
IMG_20241029_132810.jpg,nao_acao,0.49038607,0.36987332,0.49726364,0.35256308,0.48028386,0.35859147,0.51226705,0.36146373,0.47054464,0.3759436,0.5433186,0.45618588,0.45509246,0.47119668,0.57111347,0.57410526,0.4335345,0.5949912,0.57570076,0.685788,0.4459222,0.7102757,0.5400251,0.7041095,0.4821501,0.71299386,0.55101264,0.87562054,0.48084813,0.88877517,0.54044366,0.9942471,0.49865463,0.9908689
IMG_20241029_132811.jpg,nao_acao,0.51480645,0.36328074,0.52174115,0.34552485,0.5037524,0.35158145,0.5364271,0.3525171,0.49184555,0.36761704,0.5670835,0.45233667,0.4794924,0.46847424,0.5881615,0.58089435,0.4653952,0.60282373,0.58815676,0.69585073,0.4829015,0.720818,0.56430364,0.7142651,0.5056474,0.7219,0.5713837,0.89385915,0.50597554,0.897202,0.0,0.0,0.0,0.0
IMG_20241029_132811_1.jpg,nao_acao,0.5221487,0.27222037,0.5279224,0.25387284,0.51036406,0.2618811,0.5409776,0.26097855,0.49879628,0.28113058,0.56932545,0.35440123,0.48849174,0.37815085,0.5943992,0.47848034,0.47751984,0.51586425,0.60317284,0.5800658,0.4996588,0.6250761,0.5761256,0.6002095,0.52176917,0.61537474,0.58735174,0.7528858,0.5217129,0.78218216,0.58631384,0.9229419,0.5327131,0.9421621
IMG_20241029_132812.jpg,nao_acao,0.4894205,0.22622798,0.4959389,0.20832253,0.4781273,0.21450987,0.5078797,0.21664487,0.46489626,0.23153391,0.53210765,0.31143403,0.4521095,0.32948512,0.55630106,0.43250516,0.43793684,0.46356562,0.5655899,0.53919226,0.4559279,0.5737726,0.53265333,0.5525797,0.48103148,0.5636425,0.5402337,0.7110687,0.47687417,0.7339779,0.53585035,0.87286603,0.48492035,0.8896164
IMG_20241029_132812_1.jpg,nao_acao,0.46475604,0.1688305,0.47169825,0.15190361,0.45434198,0.15706158,0.48454338,0.16111964,0.44252354,0.17301348,0.50849086,0.26029152,0.43088466,0.27257162,0.53211796,0.37747583,0.4146409,0.3999731,0.539217,0.4857552,0.43064392,0.51194793,0.5061301,0.498719,0.45696583,0.5060123,0.514452,0.6535717,0.4547556,0.66940564,0.51296353,0.81102973,0.45748344,0.8232824
IMG_20241029_132812_2.jpg,nao_acao,0.38629767,0.13609321,0.39419967,0.11952892,0.37611234,0.12377556,0.4088632,0.13124551,0.3654253,0.14155963,0.43435672,0.23139836,0.3515089,0.24265635,0.45959008,0.35791606,0.33450085,0.37366423,0.46013805,0.47128797,0.34514996,0.4854898,0.42977154,0.47335604,0.37680104,0.4795555,0.4389265,0.6277933,0.37223825,0.6425459,0.43600857,0.7895998,0.380067,0.79783416
IMG_20241029_132813.jpg,nao_acao,0.44691756,0.077085085,0.45549232,0.061000586,0.4376796,0.064822346,0.47196758,0.07601702,0.4280253,0.08458445,0.49861005,0.17849025,0.41362497,0.18764392,0.521799,0.3115864,0.3908707,0.31994337,0.5187676,0.43028843,0.39840522,0.4378992,0.48643124,0.42352968,0.4313755,0.42770925,0.49353284,0.58682555,0.4268297,0.59384847,0.48600304,0.75727916,0.43464613,0.7553152
IMG_20241029_132813_1.jpg,nao_acao,0.48213923,0.04519559,0.49219227,0.029222393,0.47341183,0.030769702,0.5092125,0.043936454,0.46295387,0.04648914,0.53171057,0.14985645,0.4485274,0.15260556,0.55261546,0.28005084,0.42886126,0.2805583,0.5462175,0.39182547,0.43246037,0.3881988,0.5158195,0.38877845,0.46161577,0.38910106,0.520114,0.5550356,0.4585625,0.55686545,0.516493,0.7156031,0.4626638,0.7131448
IMG_20241029_132814.jpg,nao_acao,0.255744,0.20873043,0.2644651,0.19196385,0.24744856,0.19535989,0.28427956,0.1995101,0.24173027,0.20796943,0.31368208,0.29859683,0.23198943,0.31090292,0.3434774,0.41628438,0.21503976,0.43293473,0.3402921,0.53067374,0.22309443,0.5441293,0.3102447,0.5403823,0.25852785,0.5472377,0.3273704,0.693933,0.26417497,0.70639664,0.3334988,0.85550797,0.2756891,0.8630167
IMG_20241029_132815.jpg,nao_acao,0.31963715,0.29413736,0.32868293,0.27966636,0.3123294,0.28077468,0.3464777,0.29194015,0.3052749,0.29453415,0.37047783,0.38676137,0.28908005,0.39031598,0.3911522,0.51125306,0.2660036,0.51122886,0.3800131,0.61996806,0.26944587,0.6194551,0.353022,0.61763185,0.3005246,0.6185636,0.36327827,0.7739932,0.29546627,0.77773345,0.35644984,0.94416904,0.30302262,0.9409976
IMG_20241029_132815_1.jpg,nao_acao,0.1967619,0.361002,0.20640543,0.34538865,0.1890831,0.34682587,0.22574778,0.3578452,0.18202592,0.36121592,0.255084,0.454126,0.16167538,0.4606414,0.27642053,0.58168876,0.13643788,0.5877986,0.2648408,0.6993292,0.13907482,0.7056499,0.23710571,0.7060769,0.17539847,0.70914537,0.2443855,0.88181883,0.17074941,0.8887902,0.23102987,0.98874885,0.0,0.0
IMG_20241029_132817.jpg,nao_acao,0.6901303,0.30547655,0.6980146,0.28976196,0.6822764,0.29270878,0.71384674,0.2995197,0.67524135,0.30705863,0.74044484,0.3950761,0.66071343,0.4035606,0.76929796,0.5180976,0.64417654,0.5237105,0.76258016,0.6278523,0.64929134,0.62880296,0.7317765,0.63168085,0.6801864,0.6355779,0.7429787,0.7871483,0.67710036,0.79461765,0.7453389,0.9548239,0.68903106,0.9483573
IMG_20241029_132817_1.jpg,nao_acao,0.8152452,0.25851274,0.8242263,0.2414574,0.80546343,0.24525483,0.8418963,0.2523201,0.7952506,0.2608435,0.869533,0.3564533,0.7789738,0.36051768,0.89395005,0.48535344,0.75349337,0.4822875,0.8824662,0.6069978,0.7569144,0.5949045,0.8498966,0.6031895,0.79191685,0.60245454,0.85550267,0.765318,0.78226817,0.76709586,0.8489324,0.94240975,0.78496724,0.9327692
IMG_20241029_132818.jpg,nao_acao,0.7190331,0.28283325,0.7279739,0.26743305,0.7105105,0.26895252,0.7438005,0.27982742,0.7009617,0.28346643,0.76629096,0.37778366,0.6839158,0.37926015,0.78652644,0.5045387,0.65966004,0.49824294,0.7758603,0.6166782,0.66142374,0.6097493,0.74582213,0.61487997,0.6926737,0.61342156,0.7474203,0.7726728,0.68102247,0.77450424,0.73857945,0.93988913,0.6834076,0.9317622
IMG_20241029_132818_1.jpg,nao_acao,0.37160924,0.26875687,0.38076252,0.2548932,0.3640642,0.25489867,0.39646018,0.26897958,0.3554005,0.26870546,0.4170118,0.36703908,0.33791444,0.365333,0.43569925,0.48795107,0.31385916,0.47984898,0.42499638,0.5948895,0.3135725,0.5900724,0.3969266,0.59840536,0.34653488,0.5957119,0.39903593,0.75693136,0.33777136,0.7572371,0.39240435,0.92154175,0.33746043,0.91871953
IMG_20241029_132819.jpg,nao_acao,0.26546076,0.25412524,0.27537343,0.23915745,0.2571139,0.23934081,0.29259178,0.25334844,0.24729984,0.253603,0.31496438,0.35628015,0.22860432,0.3547065,0.3350253,0.48213193,0.20135628,0.47282836,0.32247084,0.59070873,0.20276396,0.5861077,0.29251224,0.5952302,0.23733987,0.59269094,0.29628974,0.75759524,0.22892231,0.7592962,0.2874374,0.9299398,0.2276748,0.92956346
IMG_20241029_132819_1.jpg,nao_acao,0.19753292,0.24977295,0.20656933,0.2335969,0.18799286,0.23656677,0.22345205,0.2482489,0.1772614,0.25526223,0.25178272,0.34802935,0.15928577,0.35654712,0.2772856,0.48224384,0.13302912,0.4892361,0.270671,0.59930015,0.14028013,0.6104782,0.23985745,0.5998128,0.17909971,0.60475445,0.25060326,0.76960444,0.17256986,0.780768,0.24342656,0.9482234,0.18306528,0.9530897
IMG_20241029_132820.jpg,nao_acao,0.23685788,0.26848158,0.2457793,0.25111496,0.22599447,0.25485474,0.26164177,0.26780045,0.21324787,0.27680853,0.29060552,0.37477714,0.19209538,0.38359162,0.31637764,0.51465636,0.16689111,0.52498764,0.3129222,0.63200414,0.17656964,0.653312,0.2786531,0.64380616,0.21428886,0.6491557,0.28627285,0.82629615,0.20784435,0.8394629,0.2739184,0.9880881,0.22494063,0.9891962
IMG_20241029_132820_1.jpg,nao_acao,0.26369262,0.17179315,0.27254626,0.15246849,0.25127816,0.15654036,0.2871038,0.16651377,0.23541367,0.17622009,0.3143603,0.2851052,0.21576907,0.29313505,0.3422919,0.42667934,0.1896169,0.43911743,0.3416981,0.5508547,0.20748234,0.5708273,0.30456072,0.5609991,0.24092804,0.566942,0.31431043,0.7397033,0.23572923,0.756074,0.30758432,0.9159813,0.23936984,0.9326577
IMG_20241029_132821.jpg,nao_acao,0.34370542,0.26570764,0.34991366,0.24885407,0.33196172,0.25347748,0.3594844,0.26318988,0.31348774,0.274464,0.3857743,0.36731717,0.29709604,0.3821063,0.41591826,0.49290827,0.28296977,0.52486044,0.42067194,0.60406417,0.3051243,0.64975,0.3900336,0.6199491,0.3323991,0.6308078,0.39723867,0.791752,0.33118463,0.8145507,0.39390194,0.96883935,0.33692685,0.9865152
IMG_20241029_132821_1.jpg,nao_acao,0.16767836,0.18277141,0.17529081,0.16428165,0.15443806,0.16832982,0.18557383,0.180554,0.13343044,0.19035643,0.20932852,0.29293305,0.109913655,0.301308,0.2328714,0.4311596,0.0808925,0.44784972,0.2340994,0.55344236,0.099110894,0.5809853,0.19881089,0.56803256,0.13403443,0.57418054,0.20016319,0.7488897,0.11911972,0.7685663,0.18628268,0.9282513,0.11790001,0.94862956
IMG_20241029_132822.jpg,nao_acao,0.26639172,0.18549088,0.2726037,0.16681908,0.25339934,0.17258516,0.28229982,0.17879912,0.23466022,0.19288303,0.3075838,0.28689986,0.21892685,0.30199626,0.33564338,0.4165173,0.20173088,0.4442813,0.34241214,0.5326464,0.22380058,0.5673206,0.3099928,0.54675454,0.25304314,0.5576494,0.31699443,0.7129039,0.24794587,0.7385745,0.31165215,0.8780723,0.25141555,0.90398693
IMG_20241029_132823.jpg,nao_acao,0.41162172,0.2274731,0.41678035,0.20914918,0.39973828,0.21591482,0.4252977,0.2193149,0.38281193,0.23525324,0.44969893,0.32324216,0.36887935,0.3401829,0.4757294,0.4465965,0.35514635,0.47571447,0.4804746,0.55616426,0.37613517,0.5852123,0.45023465,0.5677093,0.39872018,0.5785989,0.4579367,0.7279539,0.39586112,0.75388664,0.45339605,0.89375174,0.39787894,0.9145889
IMG_20241029_132824.jpg,nao_acao,0.64804417,0.22778295,0.65350664,0.20986229,0.6358282,0.21633294,0.66172457,0.22170657,0.61850053,0.23691477,0.68354255,0.32297167,0.60149676,0.3356212,0.7057899,0.4479926,0.58354414,0.4701661,0.70842,0.5625324,0.5999502,0.5821569,0.67855084,0.5713091,0.6252956,0.57782567,0.6810312,0.7363729,0.6136346,0.75289786,0.6744222,0.90105265,0.6154424,0.907778
IMG_20241029_132824_1.jpg,nao_acao,0.64032996,0.21624306,0.64692336,0.19910064,0.62877584,0.2029795,0.6553502,0.20961393,0.6101146,0.21833523,0.67290634,0.31063262,0.5898572,0.31559977,0.68893,0.43581203,0.5660464,0.44494668,0.6860037,0.5522759,0.57709384,0.55961794,0.65591156,0.5552258,0.60303444,0.55601066,0.6509093,0.713217,0.5860963,0.7215915,0.6334674,0.8701025,0.58148146,0.8726604
IMG_20241029_132825.jpg,nao_acao,0.6793691,0.15857089,0.6854141,0.14036272,0.667613,0.14614505,0.6939272,0.14955369,0.6496555,0.16239662,0.71421987,0.25463128,0.6314915,0.26307273,0.7332298,0.38115174,0.6082539,0.39580235,0.73048806,0.496207,0.62058306,0.5146576,0.6987444,0.5022046,0.64671427,0.50465107,0.6968238,0.6595181,0.63340724,0.6707565,0.6825661,0.8100909,0.6288207,0.81413263
IMG_20241029_132825_1.jpg,nao_acao,0.6071685,0.27372092,0.61349195,0.25668088,0.59598863,0.26045966,0.62162715,0.26531938,0.57861036,0.27409247,0.6386177,0.359803,0.5590669,0.3659034,0.65800124,0.48470023,0.5360174,0.49553046,0.65448517,0.5944348,0.54795426,0.6081221,0.62575877,0.5997701,0.5746171,0.60188067,0.62327003,0.7555094,0.5607503,0.76634634,0.61132574,0.9036534,0.5573265,0.90781665
IMG_20241029_132826.jpg,nao_acao,0.65394425,0.2928942,0.6601124,0.27574193,0.6427269,0.28048432,0.6694395,0.2834089,0.6269661,0.29422355,0.6892998,0.37659723,0.6051619,0.3790168,0.71296763,0.48895702,0.56328756,0.48827934,0.71564007,0.5897975,0.57580674,0.5983982,0.67344016,0.61911887,0.62120897,0.6202235,0.6671793,0.77218044,0.60951006,0.78357506,0.6576422,0.9231526,0.6037843,0.92501396
IMG_20241029_132826_1.jpg,nao_acao,0.5965574,0.38979954,0.6029979,0.37274078,0.586233,0.37661743,0.61314213,0.38027292,0.57111984,0.38932744,0.63752407,0.47243965,0.54718184,0.47302878,0.6621245,0.5804114,0.5073606,0.5736315,0.6583093,0.68220097,0.5261018,0.67692375,0.61964846,0.7192203,0.5614486,0.71956235,0.616644,0.88602066,0.5521306,0.8911833,0.0,0.0,0.0,0.0
IMG_20241029_132827.jpg,nao_acao,0.595593,0.4601893,0.60354036,0.44568932,0.5858692,0.44780216,0.6169417,0.45657873,0.572944,0.46133512,0.6409638,0.5528465,0.54923373,0.5459951,0.6670065,0.67159164,0.5019837,0.6483606,0.6608066,0.7785586,0.51686805,0.7571687,0.61078817,0.8208522,0.5508189,0.8159512,0.0,0.0,0.0,0.0,0.0,0.0,0.0,0.0
IMG_20241029_132827_1.jpg,nao_acao,0.52765566,0.46027648,0.53717136,0.44503447,0.5187605,0.44611794,0.5547896,0.45607495,0.50826836,0.45828068,0.5811122,0.5570975,0.48494813,0.549181,0.60351527,0.6915697,0.4393512,0.66702247,0.5899816,0.81469184,0.45410463,0.7821199,0.5512925,0.83299905,0.48810986,0.82685196,0.0,0.0,0.0,0.0,0.0,0.0,0.0,0.0
IMG_20241029_132828.jpg,nao_acao,0.5205805,0.41957632,0.5314277,0.40280953,0.5126794,0.40209794,0.55099803,0.41336134,0.50503796,0.41171232,0.5772438,0.51823133,0.47707376,0.50432456,0.5856805,0.6622159,0.43834138,0.618663,0.5610164,0.7746944,0.44971094,0.7029423,0.5391914,0.7913696,0.4730334,0.7806518,0.5239147,0.97721684,0.0,0.0,0.0,0.0,0.0,0.0
IMG_20241029_132828_1.jpg,nao_acao,0.5059889,0.3536446,0.5158765,0.3362174,0.49745485,0.33792552,0.53586805,0.34643847,0.49007046,0.350812,0.5652452,0.45076585,0.4715379,0.4522467,0.5869179,0.5852879,0.4485587,0.5797179,0.5811578,0.71466184,0.44316554,0.70205164,0.53949463,0.7149293,0.47736245,0.71260166,0.53800625,0.89377195,0.4650234,0.8954451,0.0,0.0,0.0,0.0
IMG_20241029_132829.jpg,nao_acao,0.5261064,0.26432115,0.53521246,0.24794035,0.516635,0.25096035,0.55225384,0.26207593,0.506261,0.26903716,0.578473,0.3650324,0.48925516,0.3702398,0.59830004,0.50164455,0.46889067,0.50237274,0.57689065,0.6204797,0.4743655,0.6190738,0.5605422,0.61553085,0.502313,0.6160655,0.56970704,0.7862283,0.4949672,0.7887851,0.5602055,0.9638505,0.50673,0.9558313
IMG_20241029_133423.jpg,nao_acao,0.48836276,0.11789178,0.5004712,0.09525267,0.47655135,0.09928997,0.5241656,0.10473898,0.4651403,0.11453105,0.55593675,0.23759498,0.4527079,0.24890333,0.5787561,0.41120413,0.4373276,0.41716796,0.5734917,0.5696559,0.4377429,0.56892914,0.5417082,0.56561464,0.47380054,0.5694783,0.54774356,0.7802804,0.47297928,0.78909785,0.54173803,0.96092004,0.4908862,0.9590842
IMG_20241029_133424.jpg,nao_acao,0.50585896,0.11428819,0.5165229,0.094256215,0.49307525,0.09778988,0.53322476,0.10927401,0.47653174,0.11740733,0.5600095,0.23661184,0.4598806,0.24571571,0.59134096,0.39913163,0.4358484,0.40567318,0.6079079,0.5435966,0.4250953,0.5509463,0.5459846,0.5475864,0.48000196,0.5529109,0.55201364,0.75947154,0.48060024,0.76837814,0.54532444,0.9273558,0.5012823,0.9253241
IMG_20241029_133425.jpg,nao_acao,0.542585,0.17894666,0.5524245,0.16002232,0.5311982,0.16150872,0.5676274,0.17162193,0.51611763,0.17532808,0.58905476,0.28962454,0.49573952,0.29387182,0.6061727,0.44066855,0.47161597,0.44209716,0.611807,0.5813759,0.46341702,0.57978624,0.5722172,0.57922953,0.51246256,0.5818243,0.57778925,0.7706918,0.5067596,0.7795587,0.56440663,0.9406634,0.5280071,0.9454012
IMG_20241029_133426.jpg,nao_acao,0.42888692,0.13102357,0.43897387,0.11209301,0.4174947,0.11490102,0.45653698,0.12221954,0.4039908,0.12840566,0.4794183,0.24444658,0.38926512,0.24809584,0.5031164,0.3993504,0.37006444,0.39712432,0.51075,0.52690667,0.36174783,0.52950966,0.46661997,0.52826756,0.41007525,0.5307683,0.47705868,0.71350944,0.41327846,0.72296983,0.47581103,0.88320976,0.42625293,0.88586575
IMG_20241029_133426_1.jpg,nao_acao,0.2862381,0.29242653,0.29730487,0.27301738,0.27534676,0.27471456,0.31648967,0.28524074,0.2635695,0.2895228,0.34251446,0.40646005,0.2422121,0.40901038,0.36577308,0.5572615,0.21720274,0.5565189,0.3784354,0.6994159,0.19625945,0.70304954,0.32418454,0.7083952,0.25918695,0.7098777,0.33028924,0.9125612,0.2607407,0.9206188,0.0,0.0,0.0,0.0
IMG_20241029_133427.jpg,nao_acao,0.5053199,0.27239135,0.515371,0.25426137,0.49523413,0.2553972,0.5315712,0.2671543,0.4832486,0.269912,0.55501515,0.38503468,0.46440253,0.38611874,0.57676893,0.5320394,0.44314787,0.5231063,0.58897555,0.67222536,0.4247681,0.6561007,0.54043406,0.6749687,0.48056397,0.6763682,0.5448853,0.87399524,0.47811458,0.88100725,0.0,0.0,0.0,0.0
IMG_20241029_133427_1.jpg,nao_acao,0.6578944,0.26009697,0.66797346,0.24034269,0.64718294,0.24298958,0.6840173,0.25225082,0.63406473,0.25816146,0.70987713,0.37177485,0.61438787,0.37560344,0.7340181,0.5241836,0.59166527,0.5177816,0.74640983,0.6696524,0.5746985,0.6509509,0.6940432,0.66754484,0.6316748,0.66935694,0.6985807,0.8721542,0.6298917,0.8762429,0.6812832,0.98287183,0.0,0.0
IMG_20241029_133428.jpg,nao_acao,0.5909427,0.1613683,0.6012237,0.14371847,0.5805483,0.14521751,0.6178753,0.15830529,0.56757456,0.16141129,0.6383323,0.2764311,0.54773587,0.27619767,0.65465665,0.4263737,0.5191652,0.41773745,0.66175336,0.5653823,0.50483733,0.54989916,0.61388963,0.55496734,0.55607706,0.5529287,0.6161322,0.7450574,0.54608786,0.74452984,0.6021436,0.9134075,0.5606338,0.9022463
IMG_20241029_133429.jpg,nao_acao,0.40355283,0.16795965,0.4142647,0.14906721,0.39299527,0.1504163,0.43179798,0.15946263,0.38052353,0.16273333,0.4539256,0.27873352,0.36353666,0.28185096,0.47493187,0.4269266,0.3380023,0.42263526,0.48326194,0.56229115,0.32540518,0.55653626,0.4377221,0.5620557,0.37987468,0.56351805,0.44250453,0.75376564,0.37634155,0.7599792,0.43728206,0.91023296,0.39024383,0.91218984
IMG_20241029_133429_1.jpg,nao_acao,0.38475537,0.049667038,0.3945073,0.030438412,0.3730166,0.03313381,0.41067508,0.039765183,0.35947254,0.04610285,0.43391025,0.16191833,0.3425163,0.16354094,0.45964932,0.3161267,0.32192546,0.31304222,0.46730784,0.4577256,0.314263,0.45280117,0.42394486,0.44730347,0.3651893,0.4497601,0.4326011,0.6306026,0.36870754,0.6376578,0.42885372,0.78050774,0.3868259,0.7834357
IMG_20241029_133430.jpg,nao_acao,0.3902488,0.20654514,0.39994213,0.18784742,0.3791877,0.19057697,0.41650102,0.19706187,0.36677405,0.20373598,0.43986294,0.31113333,0.35138246,0.31815636,0.46464598,0.45336926,0.33169895,0.45992407,0.475323,0.5840779,0.32317227,0.5914146,0.4327064,0.58611786,0.3768751,0.5909943,0.44275644,0.76398915,0.37931448,0.77551365,0.43960175,0.91372615,0.3991388,0.9177893
IMG_20241029_133431.jpg,nao_acao,0.5802691,0.2683376,0.5905108,0.25087264,0.5702306,0.2508264,0.6056969,0.26328498,0.55658764,0.26292822,0.6250354,0.37616274,0.5354814,0.37304336,0.64087385,0.522006,0.5078984,0.51062536,0.6439709,0.6628932,0.49465638,0.64199793,0.6000674,0.64797205,0.5431645,0.64466345,0.60141116,0.8314804,0.5353286,0.827517,0.5822266,0.98096347,0.5506398,0.97462165
IMG_20241029_133431_1.jpg,nao_acao,0.58630973,0.2606885,0.5971216,0.24335511,0.57643926,0.24321376,0.6121823,0.25958794,0.56252253,0.25852877,0.62987405,0.3789089,0.5376437,0.37161082,0.6427727,0.53139555,0.5070444,0.5083704,0.64562106,0.67528635,0.48956436,0.6446202,0.5989444,0.6642776,0.53926885,0.658687,0.5932505,0.86448604,0.52947223,0.8617685,0.5694104,0.9884667,0.53959525,0.9764393
IMG_20241029_133432.jpg,nao_acao,0.36841798,0.31822118,0.3785764,0.29944032,0.35773072,0.30132094,0.39501783,0.31235763,0.34523177,0.3171123,0.42085674,0.42809305,0.32363874,0.4316103,0.4435435,0.57637644,0.30121815,0.57372785,0.45491767,0.7182986,0.28486043,0.7159769,0.40376747,0.7181956,0.34067884,0.72082675,0.4075171,0.91716355,0.34281105,0.92775726,0.0,0.0,0.0,0.0
IMG_20241029_133433.jpg,nao_acao,0.48806807,0.16693607,0.49785665,0.15025012,0.47796157,0.15156144,0.5135173,0.16641618,0.46537682,0.16911998,0.53410417,0.28166136,0.4463375,0.2806505,0.5533048,0.4310308,0.41891572,0.41922224,0.56323713,0.5649194,0.40482467,0.5497638,0.51387477,0.55476326,0.45781094,0.553667,0.5183122,0.739889,0.45038655,0.74199694,0.50733215,0.9017272,0.46497223,0.8959169
IMG_20241029_133434.jpg,nao_acao,0.44973263,0.20316826,0.45955026,0.18597329,0.43897504,0.18829314,0.47563428,0.20129073,0.42649335,0.20652941,0.49586666,0.3169316,0.40835822,0.3183377,0.5172136,0.4656081,0.38352308,0.45773417,0.5260426,0.6005283,0.3699323,0.5898407,0.47759116,0.5934398,0.4218305,0.59417146,0.48117873,0.77368695,0.4177411,0.7835687,0.47441804,0.9426246,0.43043894,0.9430559
IMG_20241029_133435.jpg,nao_acao,0.4187046,0.16797048,0.42856762,0.15002008,0.4081801,0.15249866,0.44585362,0.16465913,0.39644504,0.1702017,0.4707237,0.28320414,0.37977788,0.2868982,0.49359182,0.43258741,0.35460326,0.42921683,0.50448763,0.5690947,0.34166345,0.5673786,0.45513028,0.565487,0.3972619,0.56742334,0.46375898,0.7550326,0.39439324,0.7598851,0.4554709,0.9206416,0.41539344,0.9208641
IMG_20241029_133436.jpg,nao_acao,0.7061651,0.19603392,0.7169578,0.17783594,0.69472164,0.17918365,0.7339434,0.19286494,0.68002,0.19563644,0.75227106,0.3165923,0.6565915,0.3112172,0.76863265,0.47322276,0.62310433,0.45225105,0.77499986,0.61917007,0.60505426,0.58884144,0.7196179,0.60325897,0.6586125,0.5982457,0.716037,0.7963666,0.647485,0.7979266,0.70040727,0.97342545,0.6559245,0.96241343
IMG_20241029_133437.jpg,nao_acao,0.5388971,0.1363521,0.55014664,0.119168,0.5283202,0.11863004,0.565622,0.13603687,0.51324064,0.13377604,0.57957435,0.26316023,0.48920643,0.2519711,0.59022564,0.42414084,0.4539735,0.3907826,0.59467554,0.5637826,0.434591,0.5257026,0.5438339,0.5470791,0.4864877,0.53867096,0.53757167,0.73839325,0.47071943,0.73370636,0.52296877,0.9057696,0.47171474,0.89768255
IMG_20241029_133437_1.jpg,nao_acao,0.4898438,0.10082811,0.5010156,0.08222183,0.4783767,0.08246692,0.51633537,0.09731051,0.46157643,0.097087815,0.5323637,0.22560365,0.43822882,0.21882445,0.5488534,0.38920772,0.40527484,0.3668223,0.55575377,0.5338612,0.38989255,0.5093121,0.5036706,0.5139856,0.44425255,0.5094488,0.50102276,0.7158655,0.43590403,0.71536964,0.4873071,0.8871077,0.44012633,0.8816547
IMG_20241029_133438.jpg,nao_acao,0.45627657,0.10268034,0.46725124,0.0840057,0.44391406,0.084192924,0.48174718,0.10034312,0.4259602,0.10026119,0.497856,0.23326315,0.39950243,0.22322471,0.515682,0.40219945,0.3645264,0.3809502,0.52192384,0.5516801,0.34984544,0.53054875,0.4697087,0.5354749,0.4061556,0.52956927,0.46309036,0.7483732,0.3964898,0.7458366,0.45051238,0.9256741,0.40591118,0.9176591
IMG_20241029_133438_1.jpg,nao_acao,0.38079122,0.16569065,0.3899501,0.14554296,0.3686183,0.14720602,0.3998679,0.16102415,0.34629142,0.16447641,0.4206722,0.29283786,0.31986654,0.29391456,0.44262028,0.46147713,0.29039901,0.4561591,0.45417753,0.60257906,0.28133914,0.6063634,0.40430185,0.5975557,0.33788395,0.6002179,0.40368798,0.8214665,0.33165395,0.82795465,0.38777998,0.9856198,0.345641,0.9824132
IMG_20241029_133439.jpg,nao_acao,0.4089486,0.045168918,0.4175438,0.02638056,0.3959249,0.028389618,0.42740387,0.04129918,0.37486356,0.045529883,0.4437358,0.1700592,0.35075197,0.16912122,0.4653517,0.328849,0.3236078,0.32367778,0.4785373,0.46399,0.3173007,0.4672853,0.42947432,0.45644286,0.3710684,0.45829794,0.4289121,0.65202636,0.3654803,0.66640025,0.42248952,0.81781065,0.37510666,0.83566266
IMG_20241029_133440.jpg,nao_acao,0.38129574,0.2556613,0.3887928,0.23815495,0.37005574,0.24175306,0.40007374,0.25086012,0.35440993,0.2589211,0.4207229,0.35964426,0.33506984,0.3620179,0.44011715,0.5015301,0.30796695,0.4974106,0.4506914,0.62381995,0.29880017,0.6291555,0.40418446,0.62244296,0.3498142,0.62411153,0.40736577,0.8044884,0.34426212,0.8121704,0.39416334,0.96645117,0.35816544,0.9687585
IMG_20241029_133441.jpg,nao_acao,0.31009126,0.18770106,0.31827712,0.16889314,0.29800478,0.17222221,0.33050135,0.17994852,0.28177625,0.18825485,0.35306787,0.29448608,0.265015,0.30204737,0.3790322,0.43251398,0.24088374,0.43989944,0.39783606,0.5597952,0.23557927,0.5766912,0.3466967,0.5668812,0.291196,0.57330924,0.35271493,0.74893355,0.29000401,0.7662512,0.3463052,0.90357375,0.30298707,0.9235306
IMG_20241029_133444.jpg,nao_acao,0.46016932,0.24837723,0.46794236,0.22882564,0.44870344,0.23254502,0.47912285,0.24098107,0.43173152,0.24961714,0.5043195,0.353323,0.41010043,0.36083797,0.5430027,0.49173826,0.3720266,0.4970292,0.5791783,0.6065246,0.34073746,0.62821144,0.49003604,0.6296198,0.43177593,0.6347158,0.49442923,0.83448213,0.4337706,0.8432999,0.47906557,0.98398,0.45008513,0.9840959
IMG_20241029_133444_1.jpg,nao_acao,0.46507308,0.22339794,0.47338417,0.20455329,0.45329183,0.2069657,0.48460028,0.2173365,0.43615973,0.22267766,0.5067236,0.33265507,0.4138668,0.3328272,0.5456098,0.4658992,0.37380388,0.46203747,0.5812037,0.5791975,0.34436062,0.5950084,0.49272558,0.6016864,0.43570578,0.6038731,0.49308848,0.79638404,0.43365845,0.80706424,0.48341805,0.9626757,0.4446219,0.97026956
IMG_20241029_133445.jpg,nao_acao,0.6184566,0.20620827,0.62651426,0.18830764,0.60697144,0.18925531,0.6365186,0.2022591,0.58911884,0.20473911,0.6561755,0.31687227,0.5644607,0.31373012,0.6914623,0.4509668,0.52313775,0.4388625,0.72258073,0.57077754,0.49379987,0.56611115,0.6330959,0.5842439,0.5764399,0.5834031,0.63153726,0.77065355,0.56708425,0.7786272,0.6186836,0.9310758,0.57865226,0.94026625
IMG_20241029_133445_1.jpg,nao_acao,0.48726606,0.19408244,0.49531057,0.17524269,0.47572094,0.17786288,0.5075257,0.18766429,0.460129,0.19408633,0.53083885,0.30374104,0.4397797,0.3075723,0.5660271,0.43711326,0.40017092,0.43547738,0.5969872,0.55508417,0.37264383,0.56556183,0.5145132,0.575239,0.45938918,0.5787089,0.51685673,0.7623368,0.45751202,0.77467394,0.50540334,0.9223625,0.47069883,0.9347375
IMG_20241029_133446.jpg,nao_acao,0.55631614,0.25754777,0.5639432,0.2395093,0.5450097,0.2421194,0.5740376,0.2524979,0.52806646,0.2582795,0.59554434,0.36387703,0.5052046,0.36379734,0.63098335,0.49660686,0.4665673,0.4895236,0.6634135,0.61789984,0.43793595,0.61370593,0.57672143,0.63121134,0.5211505,0.6315283,0.57538575,0.8191593,0.51507294,0.8246308,0.5620152,0.97667694,0.52791584,0.977481
IMG_20241029_133446_1.jpg,nao_acao,0.6627576,0.1914053,0.67204934,0.17370065,0.65188324,0.1752049,0.6836774,0.1884099,0.6345924,0.19138053,0.702243,0.30221036,0.6102858,0.3013243,0.734873,0.44054687,0.56440103,0.427844,0.76614267,0.5655049,0.53044444,0.55087143,0.6741125,0.574436,0.61783755,0.57305497,0.6677221,0.76463276,0.60693663,0.7682484,0.6518395,0.92958075,0.6114541,0.92990994
IMG_20241029_133447.jpg,nao_acao,0.36476916,0.17655768,0.37385032,0.15828985,0.35352615,0.15938184,0.38656908,0.17216532,0.3370496,0.17511502,0.4088369,0.28935248,0.31343222,0.29117298,0.4439895,0.42634022,0.26986927,0.41975722,0.47624236,0.5424243,0.23680921,0.5566461,0.3878531,0.5647807,0.32959628,0.5674046,0.390966,0.7545284,0.32503125,0.7671533,0.3763576,0.91343623,0.33848652,0.93017185
IMG_20241029_133447_1.jpg,nao_acao,0.32293892,0.17176281,0.33120987,0.15194228,0.31010535,0.15528731,0.34404233,0.16422412,0.2934191,0.17293265,0.37243953,0.28247383,0.27111915,0.28975505,0.41469306,0.4200583,0.23111968,0.42877835,0.4477586,0.5389203,0.20416531,0.5704926,0.36417755,0.56387514,0.30175796,0.5713115,0.37080404,0.7557949,0.30705705,0.7758212,0.35925955,0.9127973,0.32764962,0.93440264
IMG_20241029_133448.jpg,nao_acao,0.4042277,0.26040724,0.41099027,0.24009706,0.39227718,0.24553356,0.42258483,0.24888894,0.376289,0.26205108,0.45113674,0.35864684,0.3579689,0.37308326,0.4928962,0.49143305,0.32510847,0.5093297,0.5298231,0.6032839,0.30116308,0.6428714,0.44577113,0.63214236,0.38849583,0.6421857,0.4554087,0.8250163,0.39560077,0.8411239,0.44644895,0.9723559,0.4210908,0.9791015
IMG_20241029_133448_1.jpg,nao_acao,0.48440573,0.23033601,0.49237573,0.21099333,0.47332984,0.2140623,0.5045065,0.22000825,0.4579429,0.22702584,0.52824223,0.33143705,0.43673083,0.33506763,0.5631416,0.46711773,0.39694312,0.4640287,0.59279925,0.5837812,0.36787346,0.5947918,0.50980073,0.5960446,0.45423654,0.5986913,0.51133585,0.7794007,0.45035592,0.7891579,0.49866793,0.93838614,0.46600327,0.9438903
IMG_20241029_133449.jpg,nao_acao,0.60494936,0.23642045,0.6131845,0.21899815,0.5944507,0.21995753,0.6232236,0.23125555,0.57732314,0.23311931,0.642693,0.34277272,0.55149585,0.33860534,0.6732521,0.48075715,0.50746185,0.464551,0.700296,0.60632557,0.47748664,0.58961594,0.61603534,0.61030763,0.56018925,0.60763794,0.6123546,0.7874371,0.5509469,0.7908564,0.58966553,0.9487836,0.55736333,0.9494052
IMG_20241029_133449_1.jpg,nao_acao,0.6434437,0.12591207,0.6522431,0.10790447,0.63222754,0.10868439,0.66340446,0.121398896,0.6143715,0.12301397,0.6824292,0.23864356,0.58827806,0.23271605,0.71118706,0.38270354,0.54215086,0.36098322,0.73752785,0.5100555,0.5098952,0.4893388,0.65082693,0.5125733,0.59333706,0.50843865,0.64504486,0.6923551,0.5799741,0.6960672,0.62282383,0.8534104,0.58587927,0.8581402
IMG_20241029_133450.jpg,nao_acao,0.57706803,0.16713414,0.5855976,0.14951895,0.5658006,0.15120503,0.5958443,0.16331795,0.54882,0.16639237,0.6119548,0.27757964,0.52416885,0.27225587,0.64348996,0.41721168,0.48165667,0.39969385,0.6724928,0.5383067,0.45067245,0.5247094,0.5875343,0.54547656,0.5333287,0.54321164,0.58161104,0.7292649,0.5227142,0.7382491,0.5722898,0.8869197,0.52816886,0.89665294
IMG_20241029_133450_1.jpg,nao_acao,0.2800867,0.16749945,0.288146,0.14693786,0.26732427,0.15110332,0.30121583,0.15744656,0.25028682,0.16767384,0.32965815,0.27608952,0.22768052,0.28445596,0.3695561,0.4194494,0.18611617,0.42321587,0.4042823,0.53833926,0.15741315,0.5631756,0.31899086,0.55970293,0.2567552,0.567542,0.3277438,0.7520692,0.25953606,0.77231985,0.31833145,0.9160184,0.28321737,0.9365309
IMG_20241029_133451.jpg,nao_acao,0.39201272,0.17463976,0.39983377,0.15605897,0.3805805,0.15949267,0.4126204,0.16900572,0.36549872,0.17749937,0.43878043,0.28523487,0.34577972,0.29348737,0.47643164,0.4220606,0.30689892,0.42361578,0.51024956,0.537245,0.27929035,0.5566155,0.4272207,0.5577951,0.37012684,0.5649699,0.43541643,0.74254054,0.37214354,0.76038575,0.425945,0.9031365,0.39201197,0.9226052
IMG_20241029_133452.jpg,nao_acao,0.53975016,0.21357751,0.54813975,0.19506371,0.52862084,0.19751436,0.56067085,0.20706937,0.513238,0.21264924,0.58262247,0.3200377,0.49170434,0.32091555,0.6146669,0.45786786,0.45102236,0.4501375,0.643758,0.57542604,0.42317507,0.57940894,0.5612886,0.5865906,0.5057316,0.58753556,0.5615283,0.7705376,0.49993083,0.7789747,0.54854643,0.9324122,0.51216257,0.9373896
IMG_20241029_133452_1.jpg,nao_acao,0.53953266,0.14761443,0.5476742,0.1295031,0.52758044,0.13176414,0.5586942,0.1409379,0.51118064,0.14613248,0.57855505,0.25710276,0.48941272,0.25378668,0.6134236,0.39372852,0.45012552,0.38134894,0.64234483,0.51709974,0.42214772,0.5094512,0.5601719,0.5204165,0.5054335,0.52022564,0.5559933,0.69909775,0.4997916,0.71092284,0.5458607,0.8528546,0.50592554,0.8667221
IMG_20241029_133453.jpg,nao_acao,0.5470201,0.14363918,0.5557592,0.12546492,0.5358631,0.12758948,0.56794465,0.13705358,0.5197629,0.1415667,0.587585,0.2518856,0.49764642,0.25133398,0.61755097,0.39109656,0.45575425,0.379415,0.6442873,0.51707643,0.4267374,0.5044786,0.5634973,0.51930946,0.50900847,0.51853913,0.55967486,0.69801,0.4998421,0.70610386,0.5431729,0.8567585,0.50432426,0.8643178
IMG_20241029_133453_1.jpg,nao_acao,0.5197218,0.19362293,0.5278703,0.17600542,0.5084183,0.1784338,0.5398594,0.1904945,0.49334094,0.19644679,0.5621595,0.3023539,0.47260162,0.3047524,0.5954657,0.43313617,0.43412408,0.43292403,0.62675345,0.5508253,0.40620658,0.55921763,0.5447833,0.56820935,0.48907322,0.5700783,0.5465734,0.75241894,0.4837194,0.76117474,0.5328075,0.90969825,0.49425495,0.9160203
IMG_20241029_133454.jpg,nao_acao,0.39979607,0.079007655,0.40806124,0.059394646,0.38816422,0.06335167,0.42226395,0.07228491,0.37372658,0.08196201,0.4519895,0.19043227,0.35428116,0.20095165,0.4915559,0.33451405,0.3182898,0.34101775,0.52442205,0.4565489,0.2894179,0.4774818,0.44066384,0.47014645,0.3805634,0.47715935,0.4484552,0.6628934,0.38146108,0.6772946,0.43627965,0.81301224,0.40363917,0.82755345
IMG_20241029_133454_1.jpg,nao_acao,0.40263894,0.14324303,0.41282627,0.1236912,0.3915907,0.12541144,0.42904538,0.13739386,0.37787506,0.14116803,0.45505956,0.26143977,0.35450655,0.26045957,0.49062935,0.41395906,0.30960563,0.39921775,0.51915705,0.5451873,0.2760785,0.53666884,0.4334604,0.5510683,0.37159356,0.55091155,0.4331504,0.74967957,0.3650593,0.7581224,0.4208643,0.91243994,0.37948078,0.91838807
IMG_20241029_133454_2.jpg,nao_acao,0.4655076,0.1932538,0.47738358,0.17311421,0.45494503,0.174642,0.49696973,0.18894295,0.44296134,0.19171783,0.5244218,0.3174603,0.41988313,0.31475335,0.55897814,0.47844896,0.37477654,0.45379293,0.5884742,0.6217655,0.33517167,0.59073263,0.49704644,0.6251984,0.43217885,0.62300116,0.49407843,0.83829564,0.42787173,0.841048,0.47564715,0.9849362,0.44489282,0.97687566
IMG_20241029_133455.jpg,nao_acao,0.4651219,0.15470932,0.47562587,0.13392128,0.45599106,0.1385381,0.49871224,0.14281909,0.4495514,0.15255995,0.53151125,0.2656139,0.4337452,0.2708883,0.5669527,0.41828665,0.39722311,0.40796977,0.59365237,0.55767125,0.36133,0.5333879,0.5105366,0.5543821,0.45019418,0.5551783,0.52215457,0.75630206,0.45246717,0.75686795,0.5144485,0.9297133,0.4753172,0.909675
IMG_20241029_133456.jpg,nao_acao,0.4792529,0.38144633,0.48846686,0.3611701,0.46952373,0.36567605,0.51026016,0.36614403,0.4646923,0.37665302,0.54307157,0.48135737,0.45034242,0.48588052,0.58035463,0.61730415,0.41913235,0.6143139,0.61364204,0.7538455,0.38605088,0.7399427,0.530624,0.77538234,0.47212848,0.77904207,0.54515797,0.97319764,0.484434,0.98380584,0.0,0.0,0.0,0.0
IMG_20241029_133516.jpg,nao_acao,0.2993962,0.2056818,0.30852687,0.18667679,0.28663602,0.19231033,0.32485947,0.2053393,0.27087975,0.21933912,0.35583043,0.316526,0.2587903,0.34106296,0.40660793,0.4492469,0.2387388,0.50104064,0.4389985,0.5881146,0.2301579,0.6580212,0.37301588,0.5944054,0.3065579,0.61347234,0.4054507,0.79452205,0.3121904,0.824324,0.42901325,0.9765376,0.32277173,0.9968927
IMG_20241029_133516_1.jpg,nao_acao,0.52770835,0.20320064,0.5370079,0.18822148,0.516666,0.18824677,0.55042326,0.21034981,0.5000644,0.21074928,0.57195014,0.31758985,0.47974917,0.31558305,0.6028915,0.4654003,0.44528955,0.4582255,0.6212659,0.6000815,0.42500967,0.5921246,0.55644566,0.5828119,0.4947954,0.5823486,0.571533,0.7703234,0.4794071,0.77224845,0.5675768,0.9623366,0.474412,0.9650854
IMG_20241029_133516_2.jpg,nao_acao,0.51541823,0.21882115,0.5248498,0.20306148,0.5046568,0.20341095,0.53804815,0.22364846,0.4876022,0.22432554,0.5581414,0.33200315,0.46703857,0.3312868,0.5908752,0.47946253,0.43442664,0.4744456,0.6080812,0.6092977,0.41506138,0.61062694,0.5453418,0.59552366,0.4836141,0.59648615,0.56066126,0.7868977,0.468213,0.79,0.56390154,0.97955495,0.46450666,0.9779682
IMG_20241029_133517.jpg,nao_acao,0.43009207,0.19528793,0.4387069,0.17863059,0.41811067,0.18008566,0.4521537,0.1977523,0.40143192,0.20212433,0.47673547,0.3055131,0.38391066,0.31183273,0.51431495,0.44707558,0.35478064,0.45685202,0.535156,0.57455784,0.33830464,0.5988206,0.47203574,0.5752332,0.41032723,0.5815845,0.49346563,0.76119155,0.4024304,0.77490795,0.4979134,0.9540152,0.4052188,0.9709449
IMG_20241029_133518_1.jpg,nao_acao,0.5949892,0.20173664,0.6031042,0.18491094,0.58284307,0.18619037,0.6146983,0.20315479,0.5642672,0.20707811,0.6367928,0.30837888,0.54368293,0.3147057,0.6677657,0.4467991,0.5123826,0.4618527,0.6894059,0.58517075,0.5002657,0.6009016,0.6292969,0.5741983,0.5670012,0.57945263,0.6466579,0.760916,0.55356437,0.7704275,0.6430748,0.95179975,0.55194026,0.9625283
IMG_20241029_133519.jpg,nao_acao,0.4938303,0.22386675,0.50333923,0.20855026,0.48329455,0.20753077,0.51591,0.22814324,0.46628338,0.22601578,0.5349507,0.33409923,0.44303995,0.3314944,0.56201684,0.4765645,0.40721634,0.4730575,0.57770693,0.6097716,0.38814798,0.61114943,0.5167049,0.5974283,0.45539272,0.5962601,0.5293227,0.77834713,0.43645346,0.7798687,0.5212315,0.96713144,0.43262893,0.97020787
IMG_20241029_133519_1.jpg,nao_acao,0.44349754,0.2028581,0.45317605,0.18664703,0.4320439,0.18589179,0.46543133,0.20569439,0.41307977,0.2040099,0.48197863,0.31370738,0.38911107,0.31113678,0.5084204,0.45568052,0.35272226,0.45501545,0.5267957,0.595143,0.33405608,0.5999389,0.4634597,0.5822281,0.40129015,0.58133644,0.4758415,0.774971,0.38243306,0.7778088,0.46880308,0.96707606,0.3718483,0.9714061
IMG_20241029_133520.jpg,nao_acao,0.38105336,0.11914449,0.3900809,0.101220824,0.36760774,0.10156155,0.40036878,0.119767554,0.345194,0.120840855,0.41868755,0.24090564,0.31835347,0.24167962,0.44963923,0.39464712,0.28441286,0.4058062,0.4730001,0.53963417,0.27281225,0.56525564,0.40994665,0.52440166,0.34256563,0.5290751,0.42476833,0.72849923,0.32710698,0.75058025,0.41915804,0.92081976,0.3165391,0.9531384
IMG_20241029_133520_1.jpg,nao_acao,0.47720945,0.1634619,0.48663002,0.14454807,0.4653041,0.1449292,0.49756303,0.16104402,0.4434707,0.16140689,0.5176439,0.28100798,0.4187173,0.27841192,0.54353976,0.42508197,0.38327965,0.4405905,0.53703755,0.4355459,0.37735578,0.58960027,0.5050616,0.55954564,0.436854,0.5614779,0.5121753,0.7551307,0.4223087,0.77497554,0.50976944,0.9439529,0.41212863,0.9720552
IMG_20241029_133521.jpg,nao_acao,0.54368037,0.1589532,0.55282325,0.14061002,0.5312309,0.14307006,0.56481415,0.16003801,0.5115889,0.16599847,0.58902603,0.27907327,0.49032894,0.2855795,0.62800413,0.41159043,0.46209192,0.4471965,0.60791504,0.44575587,0.4594331,0.59611934,0.580534,0.5534839,0.5154683,0.5563977,0.5865063,0.74942577,0.50090325,0.76837903,0.58636534,0.940553,0.48864472,0.96268463
IMG_20241029_133521_1.jpg,nao_acao,0.5374935,0.10487345,0.54654104,0.08721678,0.5243754,0.08943077,0.55895066,0.10538005,0.5052636,0.111070044,0.5776667,0.22305351,0.48321128,0.2290204,0.60133505,0.37212384,0.4545725,0.3882994,0.6164973,0.51252127,0.4510674,0.53488034,0.57233995,0.49566936,0.50825816,0.5029341,0.5828828,0.68739766,0.49320012,0.7148251,0.5845164,0.87981284,0.487052,0.9130042
IMG_20241029_133522.jpg,nao_acao,0.49037603,0.14833748,0.4999823,0.13174407,0.478193,0.13217817,0.5124038,0.15225136,0.4574342,0.15430109,0.5302047,0.2677677,0.43605927,0.27132213,0.5520506,0.41725314,0.4053679,0.42080468,0.56420285,0.5506776,0.39796212,0.56490064,0.5180511,0.53643775,0.45409828,0.54107326,0.52788603,0.7323493,0.43689823,0.7513838,0.53005517,0.9309023,0.43011603,0.955166
IMG_20241029_133522_1.jpg,nao_acao,0.4883458,0.08654777,0.49907228,0.06935906,0.47624767,0.069711186,0.5143349,0.09018484,0.45780635,0.09110013,0.5341329,0.21441054,0.43570137,0.21474585,0.56118655,0.37047833,0.40395606,0.37010723,0.5695211,0.5174671,0.39310658,0.5227494,0.5200491,0.4931786,0.45422584,0.49498227,0.53245145,0.6929692,0.43627924,0.706768,0.5363293,0.90284216,0.42358732,0.9209018
IMG_20241029_133523.jpg,nao_acao,0.43087432,0.121846564,0.44205296,0.10279333,0.41828024,0.105728246,0.45976803,0.12347052,0.40285,0.1311175,0.49086136,0.24994986,0.38771328,0.25182992,0.53424597,0.39248925,0.36221424,0.4251696,0.47727963,0.2906268,0.35587388,0.5726952,0.48802212,0.53760165,0.41846725,0.5374784,0.50523543,0.73936903,0.41159484,0.76257867,0.5213225,0.94668317,0.40526533,0.9719792
IMG_20241029_133524.jpg,nao_acao,0.47104052,0.03507692,0.4813828,0.017548969,0.45889732,0.020729745,0.49900794,0.034755055,0.44340676,0.041572135,0.5253747,0.16245873,0.42775765,0.16227438,0.556408,0.32913923,0.40782085,0.32098377,0.5552438,0.47152355,0.39462432,0.46069854,0.5162918,0.44376066,0.45118505,0.44388494,0.53165627,0.6428213,0.4393121,0.6462584,0.5424775,0.84554064,0.43639985,0.8448305
IMG_20241029_133524_1.jpg,nao_acao,0.48384777,0.22434114,0.4937023,0.20742847,0.4730345,0.2091817,0.50930166,0.22592092,0.45845833,0.22982438,0.5341334,0.33508176,0.4392297,0.3370857,0.56407076,0.49128398,0.4136357,0.4866473,0.56896156,0.63389146,0.4000113,0.6229466,0.5199491,0.61228824,0.45537552,0.613448,0.5362328,0.80637,0.4410706,0.81174135,0.53501,0.98028624,0.44889048,0.9783973
IMG_20241029_133525.jpg,nao_acao,0.35900915,0.17844543,0.369645,0.1607962,0.34777594,0.1627209,0.38740775,0.17808616,0.33278453,0.18224399,0.41416317,0.28999388,0.31786406,0.29539558,0.4481638,0.44782114,0.2915985,0.44647843,0.45470098,0.591498,0.27619448,0.5887287,0.40519777,0.5718008,0.3378948,0.57584274,0.42177755,0.7718127,0.32713735,0.7815431,0.4275135,0.9691262,0.32698032,0.9747749
IMG_20241029_133526.jpg,nao_acao,0.3196052,0.23252502,0.33016926,0.2158375,0.3088331,0.21704988,0.34759548,0.23487328,0.2949429,0.23791558,0.3750614,0.34680068,0.27549654,0.34906667,0.40714267,0.50409454,0.24836805,0.4982048,0.40967876,0.6498126,0.23228289,0.64403695,0.36120373,0.6338216,0.29327524,0.63508725,0.37923372,0.83762914,0.28012,0.8431077,0.3759443,0.97518516,0.28951433,0.972977
IMG_20241029_133526_1.jpg,nao_acao,0.7126021,0.13275853,0.7224452,0.114033245,0.6999927,0.119444415,0.7404573,0.12936638,0.6855816,0.14127946,0.7675378,0.24701825,0.6707309,0.25006822,0.8042004,0.40312985,0.6432179,0.40188313,0.80863804,0.55577606,0.6299512,0.53934246,0.75413024,0.5256513,0.6888814,0.5251087,0.7720694,0.731236,0.6765819,0.7276289,0.7859296,0.94460905,0.6742578,0.9209533
IMG_20241029_133527.jpg,nao_acao,0.6203106,0.18958753,0.63068527,0.17219736,0.6096001,0.17396377,0.648001,0.18775931,0.59582645,0.19142216,0.6696475,0.30116034,0.57892597,0.29843888,0.69725114,0.45454302,0.549732,0.43649665,0.7005906,0.595087,0.53359234,0.57058734,0.6501316,0.566839,0.5889628,0.5641231,0.66096795,0.7580095,0.57193726,0.75771505,0.66733944,0.9630684,0.5638104,0.9525456
IMG_20241029_133527_1.jpg,nao_acao,0.5522007,0.13061446,0.56125724,0.11214779,0.5401532,0.11535287,0.57661605,0.124643,0.5231565,0.13210766,0.6010009,0.2349764,0.510961,0.23988307,0.63594323,0.37857622,0.4938045,0.38001168,0.6450996,0.51043946,0.48297384,0.51088387,0.59533465,0.49163416,0.5351209,0.49451122,0.6162075,0.67728955,0.52897006,0.68132335,0.6302847,0.8647556,0.5295198,0.8602234
IMG_20241029_133528.jpg,nao_acao,0.45869678,0.16691819,0.46719736,0.14909065,0.44640845,0.15447965,0.48277375,0.16162598,0.43248713,0.17412362,0.509346,0.26718926,0.42111748,0.274812,0.5461438,0.41281268,0.40272498,0.4200975,0.5531007,0.55071354,0.39509472,0.55877525,0.50767297,0.5275134,0.4481628,0.5326599,0.5263762,0.7113223,0.44048998,0.7228337,0.5412048,0.8982603,0.44319606,0.90130955
IMG_20241029_133529.jpg,nao_acao,0.4139686,0.19345753,0.42374036,0.17645508,0.40196627,0.17884178,0.43936464,0.19158112,0.3863041,0.19666316,0.46060488,0.30436015,0.36896127,0.2998307,0.4893799,0.45433602,0.3407013,0.43859205,0.49116033,0.5984504,0.32480186,0.57890683,0.4432872,0.56863326,0.38164327,0.56463546,0.4534843,0.75458646,0.361877,0.7536322,0.45664757,0.94575864,0.3534382,0.93871903
IMG_20241029_133529_1.jpg,nao_acao,0.46069652,0.13965939,0.46983325,0.12086389,0.44854194,0.12432942,0.48479217,0.13607119,0.43129876,0.14408934,0.5088772,0.25190467,0.4176385,0.25751287,0.5395623,0.4040349,0.39159185,0.40233842,0.5474149,0.54068136,0.38170516,0.53511626,0.49877355,0.51682967,0.4358174,0.5204242,0.5130571,0.6929636,0.42233288,0.70386356,0.51908976,0.8820916,0.41649276,0.8869485
IMG_20241029_133530.jpg,nao_acao,0.47147745,0.17707378,0.47941348,0.15569524,0.45706746,0.1620595,0.49318427,0.16901381,0.43758103,0.18462306,0.52142465,0.28425843,0.42190722,0.30292624,0.5584381,0.44037756,0.39865583,0.47202748,0.5788344,0.58640593,0.399849,0.627399,0.52394974,0.57447135,0.45705172,0.5877031,0.5442961,0.77150613,0.44905412,0.79732144,0.5504878,0.9654165,0.45288306,0.9807372
IMG_20241029_133531.jpg,nao_acao,0.3626862,0.1390275,0.3702594,0.11736929,0.3469876,0.123752065,0.3823636,0.1310065,0.32472178,0.1469159,0.4093473,0.2514203,0.30523363,0.2710884,0.44343618,0.4089686,0.2791646,0.4529674,0.4644187,0.5596886,0.28808224,0.6220841,0.41428205,0.55235285,0.34420523,0.56693953,0.43042642,0.75581896,0.33492836,0.7883519,0.4334874,0.9527828,0.33293492,0.97568685
IMG_20241029_133531_1.jpg,nao_acao,0.48166555,0.23446357,0.49001086,0.2142243,0.46952948,0.2164431,0.49858192,0.22771718,0.44550145,0.23202705,0.5156345,0.34319234,0.41714886,0.3450686,0.5337633,0.4974528,0.38564184,0.5061367,0.5461794,0.64006156,0.382534,0.66646653,0.497968,0.63061386,0.43045664,0.6316552,0.49719945,0.83970994,0.40336162,0.8463407,0.47619668,0.98476166,0.39008325,0.9735684
IMG_20241029_133531_2.jpg,nao_acao,0.5058009,0.29983798,0.5126389,0.28071013,0.49333948,0.2839488,0.5205539,0.29383466,0.47137854,0.30164912,0.54027647,0.3978112,0.4457099,0.40813687,0.55909675,0.5446924,0.41618127,0.5714713,0.57517225,0.6864389,0.4186239,0.727762,0.53033435,0.6838215,0.4654711,0.68899006,0.5341563,0.8869267,0.44535586,0.89313877,0.0,0.0,0.0,0.0
IMG_20241029_133532.jpg,nao_acao,0.5564542,0.24786985,0.5647752,0.23021267,0.5453118,0.23176387,0.57413894,0.24400665,0.5238373,0.24746187,0.59143656,0.35040423,0.50141007,0.35663956,0.61400974,0.48781773,0.47527525,0.5077695,0.6268151,0.6203014,0.47925097,0.65207446,0.5847495,0.61161375,0.5235247,0.6161205,0.58534557,0.80589354,0.50143164,0.8148587,0.58154285,0.98192525,0.49297732,0.9825651
IMG_20241029_133532_1.jpg,nao_acao,0.45540798,0.19008297,0.46308655,0.17324513,0.44411838,0.17430289,0.47194046,0.18548805,0.4245302,0.18903579,0.48927042,0.28578126,0.4065774,0.29728538,0.51354635,0.41461065,0.3835383,0.4410459,0.52794594,0.5376913,0.38793287,0.57526505,0.4891646,0.5413203,0.4339883,0.5511648,0.49708304,0.7105111,0.4169934,0.73938644,0.49416435,0.88647544,0.4059581,0.93359417
IMG_20241029_133533.jpg,nao_acao,0.4322518,0.12779427,0.43928334,0.11060873,0.42036483,0.11329233,0.44850355,0.12142165,0.4016001,0.12834737,0.4667084,0.22488447,0.38473475,0.23625818,0.48934957,0.35434136,0.36475125,0.38030818,0.5076596,0.47363895,0.37256354,0.5148169,0.46932757,0.47144836,0.41558477,0.48201025,0.48019278,0.6399455,0.40188557,0.67283565,0.4810469,0.81442416,0.39318994,0.8579649
IMG_20241029_133533_1.jpg,nao_acao,0.4538482,0.25130025,0.46060166,0.23597614,0.4424693,0.23682037,0.4688898,0.25034797,0.4226201,0.25410262,0.4860974,0.34592316,0.40598062,0.35524577,0.50954926,0.4678242,0.3866416,0.4899476,0.52411544,0.57914627,0.39266646,0.6135233,0.48754084,0.5843552,0.43416995,0.59340113,0.49831945,0.751197,0.4226155,0.7777682,0.5016803,0.9265723,0.4168934,0.9656695
IMG_20241029_133535.jpg,nao_acao,0.4994708,0.2521626,0.5069833,0.23572034,0.4889065,0.23770225,0.5161375,0.25043517,0.46981516,0.25499237,0.53465563,0.35267168,0.45018026,0.35937986,0.55783206,0.4847224,0.426443,0.50123507,0.57157713,0.60583127,0.42705682,0.63228583,0.5326372,0.6003707,0.4748342,0.60632247,0.5398487,0.78715175,0.45737728,0.7999211,0.5410965,0.9747205,0.4518574,0.98433274
IMG_20241029_133535_1.jpg,nao_acao,0.43818513,0.07045287,0.4463663,0.055054452,0.4266601,0.055558346,0.45609626,0.075014696,0.40655357,0.077549964,0.47307268,0.18201017,0.38830125,0.18886669,0.49489528,0.31808615,0.36433393,0.32807297,0.50701123,0.4362704,0.3633781,0.45443258,0.4685174,0.4353228,0.41123548,0.44287515,0.47848055,0.6131106,0.39643764,0.6401047,0.48029152,0.79750717,0.38943,0.837946
IMG_20241029_133536.jpg,nao_acao,0.43295747,0.07764508,0.44064996,0.062470496,0.4215762,0.062169384,0.44829983,0.082486115,0.39970708,0.08323561,0.46570194,0.19000976,0.37892684,0.19582939,0.49136668,0.3254458,0.35272634,0.3382102,0.5027925,0.4427834,0.35062554,0.46949598,0.46093228,0.45372254,0.40209344,0.46012786,0.4714526,0.6398287,0.38716862,0.66081583,0.4709246,0.8235991,0.3779557,0.85950935
IMG_20241029_133537.jpg,nao_acao,0.48289254,0.16924918,0.49195296,0.15730648,0.47383678,0.1501113,0.49763358,0.1852891,0.4495766,0.17019291,0.5189009,0.28005755,0.42060447,0.2868929,0.5662188,0.35085297,0.39729965,0.44353506,0.50594103,0.23822857,0.38912675,0.5841116,0.5132869,0.5720308,0.4451264,0.5738963,0.5233434,0.7686455,0.43608975,0.77365,0.5348283,0.9583239,0.4305838,0.9887643
IMG_20241029_133538.jpg,nao_acao,0.4124379,0.20057826,0.4237962,0.18490042,0.40267134,0.17949863,0.43400365,0.20103616,0.3828382,0.18870927,0.44839683,0.30842498,0.35157123,0.29906026,0.47758105,0.39561933,0.320494,0.46044153,0.423663,0.2550419,0.30658323,0.6138685,0.4342063,0.6038427,0.3663495,0.5960789,0.44986904,0.8230546,0.35419226,0.8211197,0.45558438,0.96638894,0.3502975,0.9752078
IMG_20241029_133538_1.jpg,nao_acao,0.43302405,0.12892555,0.4443785,0.11351705,0.42235678,0.11057875,0.45901388,0.13599601,0.40504256,0.12888332,0.47621843,0.25060877,0.38261032,0.24013136,0.50538546,0.4118917,0.3540467,0.39141083,0.5151619,0.56069124,0.335152,0.53473485,0.4545685,0.53571403,0.39088452,0.5298402,0.4721275,0.74191517,0.37441394,0.731487,0.4751782,0.94473976,0.37178487,0.93710953
IMG_20241029_133539.jpg,nao_acao,0.30358937,0.14847024,0.3154614,0.13190284,0.2923862,0.13084996,0.33373007,0.15171269,0.27711418,0.14942722,0.3579325,0.26629624,0.25603375,0.26194444,0.3931946,0.42889243,0.22825,0.41504708,0.38876626,0.5733541,0.21230932,0.5668098,0.34274492,0.55512047,0.27338696,0.5538502,0.36342108,0.75610477,0.25870532,0.7606518,0.3738926,0.9570625,0.26597735,0.9652702
IMG_20241029_133540.jpg,nao_acao,0.42189157,0.2740903,0.43456787,0.25675076,0.4129916,0.25390446,0.4544589,0.27327076,0.4012293,0.26613846,0.476977,0.38857478,0.37739524,0.3744691,0.50313944,0.5565041,0.34894946,0.5179194,0.49629545,0.7068423,0.32655954,0.6555238,0.4491274,0.6787512,0.37962833,0.6698122,0.4597764,0.89465016,0.35927424,0.88511586,0.0,0.0,0.0,0.0
IMG_20241029_133540_1.jpg,nao_acao,0.5412115,0.2680579,0.553799,0.2520861,0.5321232,0.24852641,0.57074267,0.27392712,0.5177167,0.2646529,0.5895337,0.38887095,0.4871001,0.3683846,0.6131399,0.5614443,0.44675127,0.49585387,0.6033886,0.714312,0.44340092,0.5056685,0.5567111,0.67557484,0.48595345,0.6631406,0.56524,0.89508396,0.46432835,0.87435234,0.0,0.0,0.0,0.0
IMG_20241029_133541.jpg,nao_acao,0.53795385,0.22031902,0.55128276,0.20410681,0.52967596,0.2005022,0.5713997,0.22438194,0.51781666,0.21553047,0.5914747,0.33975902,0.4952476,0.3253856,0.6169295,0.5009562,0.46277893,0.47145647,0.57035387,0.56993175,0.44138375,0.60496914,0.5570866,0.6231788,0.49075326,0.61125463,0.56744426,0.83490205,0.47212902,0.823565,0.5686347,0.9946795,0.4602381,0.9818801
IMG_20241029_133542.jpg,nao_acao,0.48057258,0.24205446,0.49205387,0.22354713,0.4702977,0.22414935,0.51041853,0.2402368,0.4570727,0.24184382,0.5378872,0.35337436,0.43737635,0.35558403,0.5710828,0.5070411,0.41467598,0.51164585,0.53666854,0.5865685,0.40080178,0.6523483,0.5198952,0.64324194,0.45063615,0.6414839,0.5348375,0.85629505,0.43487975,0.85597897,0.0,0.0,0.0,0.0
IMG_20241029_133543.jpg,nao_acao,0.5464085,0.15695937,0.55507165,0.13552213,0.53284335,0.13676988,0.5629951,0.15231238,0.5046451,0.15428308,0.57960945,0.2791742,0.47351724,0.2827313,0.605567,0.4458165,0.44428647,0.46337008,0.618329,0.60714394,0.45978278,0.62214416,0.5746247,0.5919785,0.50209665,0.5979031,0.58780694,0.81823385,0.48850137,0.8249285,0.58388376,0.9862899,0.4870478,0.9764857
IMG_20241101_141943.jpg,nao_acao,0.5230827,0.057191677,0.53350997,0.042369403,0.51467407,0.03796297,0.5422397,0.05948092,0.4969622,0.048585277,0.559724,0.17540957,0.46464622,0.16261531,0.6022904,0.2998772,0.4221683,0.2680871,0.5620848,0.38241616,0.3811071,0.36484116,0.52581775,0.4517225,0.46801734,0.43965733,0.5170407,0.63312006,0.45060733,0.62247676,0.50874966,0.79971194,0.4530908,0.80026996
pose10001.png,nao_acao,0.3817353,0.21275847,0.39156875,0.19534943,0.37312043,0.19424252,0.4063103,0.20414421,0.3611255,0.20104116,0.42153198,0.32068545,0.34031317,0.3118247,0.43142667,0.45981896,0.31854105,0.43735006,0.43018928,0.5655674,0.31217706,0.5559713,0.3967522,0.5588084,0.34527266,0.55433416,0.40003186,0.76023984,0.34298694,0.7573434,0.39022762,0.9324121,0.35164544,0.92821014
pose10006.png,nao_acao,0.38241634,0.2684421,0.39270863,0.25087017,0.3743934,0.24905458,0.40754375,0.25843573,0.36225322,0.25410077,0.42459092,0.37598276,0.33981773,0.37525967,0.4470118,0.51051146,0.30619857,0.50558114,0.4579216,0.61800414,0.28701144,0.6109241,0.39740407,0.6154339,0.3445749,0.61539215,0.4021277,0.8094622,0.34504983,0.809537,0.39206782,0.97800285,0.35663778,0.9758204
pose1010.png,nao_acao,0.44196463,0.2661265,0.44923416,0.25030127,0.43307167,0.25084943,0.45870852,0.2524634,0.41980383,0.25431556,0.47921482,0.33334708,0.4011031,0.34102836,0.51995915,0.41320318,0.37381098,0.41897312,0.56386423,0.46550778,0.41510406,0.3960873,0.46795154,0.5517076,0.41929936,0.55971766,0.470046,0.70340306,0.41691604,0.7136079,0.46137938,0.8497536,0.424643,0.8648497
pose1011.png,nao_acao,0.44289422,0.2672132,0.44975802,0.25055796,0.43330136,0.25219095,0.4599389,0.25224197,0.42083994,0.2560495,0.47902575,0.33519098,0.40049872,0.34006196,0.5078872,0.4275428,0.37498954,0.4301809,0.5272115,0.4777815,0.4149199,0.41803887,0.4681839,0.5574894,0.42051435,0.5625646,0.46680173,0.70936537,0.4193066,0.7171562,0.4591994,0.85207707,0.4200622,0.8671448
pose1012.png,nao_acao,0.4451147,0.26796252,0.45177093,0.25170296,0.43579435,0.25317323,0.46011835,0.25349104,0.42131257,0.2565381,0.4755698,0.3373973,0.40067598,0.34056982,0.4966897,0.44361573,0.38022408,0.43661013,0.51625884,0.5380667,0.41432342,0.46130964,0.46755788,0.55604005,0.42116275,0.5613746,0.46712056,0.706975,0.41672236,0.71897095,0.45742136,0.84908557,0.42113024,0.86359805
pose1013.png,nao_acao,0.4471582,0.26582402,0.45309797,0.25192553,0.4380766,0.25361973,0.4610004,0.25633827,0.42309585,0.25900856,0.4770426,0.34098342,0.40258703,0.3424057,0.49320897,0.44164878,0.38208893,0.43490297,0.5078138,0.5442946,0.40772563,0.4976918,0.4668809,0.55695736,0.41902524,0.5616234,0.46273765,0.70980066,0.42043772,0.7198033,0.45813584,0.8514001,0.42105538,0.8640199
pose1014.png,nao_acao,0.44780704,0.2662707,0.45384142,0.25268963,0.43868014,0.2543362,0.46154925,0.25884435,0.42330965,0.26176766,0.47765127,0.34275818,0.4031162,0.34665656,0.49552727,0.44039163,0.380503,0.43850705,0.50956887,0.53553814,0.40058455,0.49815485,0.46685335,0.55749893,0.4191369,0.56317574,0.46168023,0.70970875,0.41923195,0.7207677,0.4577314,0.8493856,0.42042547,0.8621961
pose1018.png,nao_acao,0.44632363,0.26730222,0.45338783,0.25360888,0.43708196,0.25427255,0.46217114,0.26158464,0.42146334,0.26189297,0.47631636,0.34864724,0.40116104,0.34922716,0.49309126,0.4456301,0.37906143,0.4375215,0.5074994,0.5444559,0.3971052,0.4981852,0.46407732,0.56461215,0.4161397,0.5686174,0.4591817,0.71330637,0.41573355,0.72368276,0.45351696,0.85369945,0.41716844,0.86787885
pose1019.png,nao_acao,0.4489878,0.26859412,0.45452285,0.25466415,0.43977004,0.25640377,0.46071324,0.25952947,0.42350695,0.2626644,0.4762032,0.34465185,0.40169945,0.34749368,0.4934016,0.44406062,0.37796646,0.43428048,0.50608224,0.54568255,0.39052793,0.4836811,0.4640318,0.56208396,0.41645524,0.5671711,0.45984465,0.71216124,0.41787052,0.72398293,0.45500046,0.85306,0.41816106,0.8674523
pose1020.png,nao_acao,0.45017558,0.27069524,0.45658198,0.2541458,0.44037843,0.2555159,0.46291772,0.25323373,0.42436925,0.2565701,0.47581586,0.34518823,0.40253162,0.3384648,0.49872285,0.44640258,0.3610964,0.39235947,0.5076987,0.5469407,0.3423691,0.3997673,0.4628933,0.5650276,0.4177154,0.565583,0.46467468,0.70881206,0.41534826,0.723952,0.4506786,0.8483665,0.41507336,0.86170036
pose1021.png,nao_acao,0.45035258,0.27127832,0.4553585,0.2532601,0.44034252,0.2568352,0.46202007,0.25121257,0.42387176,0.25834966,0.48045132,0.34734303,0.40056077,0.32523125,0.50012463,0.44103017,0.34618196,0.30580643,0.5057637,0.54695684,0.34689692,0.22182949,0.46729326,0.5668949,0.41936827,0.5630083,0.46417218,0.6999694,0.41579518,0.7212093,0.4472053,0.84561414,0.415723,0.863705
pose1028.png,nao_acao,0.4552988,0.28586185,0.4605244,0.2664126,0.44411775,0.2706614,0.4687406,0.2581226,0.42687997,0.26572174,0.49149615,0.35933894,0.4092424,0.31759644,0.5268344,0.40824035,0.3811018,0.23771223,0.49457094,0.38340393,0.42077518,0.1775622,0.4652093,0.57800835,0.41522217,0.5648464,0.4626906,0.7076101,0.42010805,0.73050946,0.4524544,0.8626178,0.42008042,0.8724233
pose1088.png,nao_acao,0.429902,0.33914462,0.435881,0.32134852,0.420948,0.32391626,0.4444332,0.31662923,0.40658623,0.32165822,0.4673383,0.40109715,0.38363525,0.3896391,0.50390273,0.46212757,0.3382536,0.3959484,0.4693721,0.41947645,0.36023694,0.31293404,0.4488039,0.6254271,0.3995299,0.6230431,0.44637877,0.77230924,0.40488052,0.78358656,0.43889314,0.92038625,0.40330514,0.93214214
pose1089.png,nao_acao,0.42943096,0.33172894,0.43627268,0.3191403,0.42171717,0.31827167,0.44428068,0.32334614,0.40757033,0.32195786,0.46381822,0.39617965,0.38657907,0.40281543,0.48228818,0.4942286,0.36452496,0.51708436,0.4364926,0.45227593,0.37848425,0.4771576,0.44834527,0.6154341,0.39835176,0.61859095,0.44337827,0.77041304,0.40356612,0.77813977,0.4390191,0.9108891,0.40394408,0.9232599
pose1090.png,nao_acao,0.4267899,0.33111945,0.43355212,0.3177429,0.41773126,0.31924418,0.4430161,0.32279357,0.4022923,0.32583645,0.46088743,0.3982344,0.38403872,0.40541494,0.4641882,0.49233192,0.3822053,0.5100979,0.4126552,0.50056875,0.43828318,0.5108786,0.4516695,0.61133564,0.39959455,0.6158532,0.44581482,0.7690281,0.4020083,0.77752125,0.43999338,0.9138011,0.40625462,0.925122
pose12077.png,nao_acao,0.4181284,0.16721751,0.42743856,0.15125902,0.40889677,0.14932154,0.44028923,0.15913951,0.3941903,0.15488866,0.45699164,0.2670168,0.373682,0.2638147,0.48140404,0.39164412,0.3471031,0.38403288,0.50312406,0.5163159,0.34909856,0.48747805,0.43575367,0.5147159,0.38400623,0.5140898,0.43616176,0.6877204,0.37282094,0.69029045,0.42387286,0.86176693,0.3781574,0.868623
pose12080.png,nao_acao,0.44296694,0.17132056,0.4524016,0.1552113,0.43412152,0.15417421,0.46391702,0.16530678,0.41877958,0.16198774,0.48013374,0.2699507,0.39572895,0.26579773,0.49781823,0.39609936,0.36950144,0.3851112,0.48950925,0.5083204,0.37258446,0.48706302,0.4558838,0.51496965,0.40134573,0.5129026,0.45604798,0.68465537,0.39475158,0.6856213,0.44639215,0.84936345,0.39676085,0.8538866
pose15007.png,nao_acao,0.55484504,0.34234005,0.56356305,0.32860717,0.54776436,0.32389933,0.57098246,0.34191298,0.53214306,0.33009356,0.5846688,0.45109287,0.4981177,0.41465405,0.6096501,0.5477447,0.43591997,0.4022626,0.61584276,0.6562421,0.45264408,0.30287543,0.55772984,0.6894659,0.5051081,0.67718774,0.5417641,0.8594444,0.4949645,0.8612576,0.0,0.0,0.0,0.0
pose3100.jpg,nao_acao,0.26353446,0.34468922,0.27155015,0.32908615,0.2549498,0.3293583,0.2840428,0.33513156,0.24357307,0.3357411,0.30273452,0.42548165,0.22249007,0.42386392,0.32546082,0.5297779,0.18867263,0.49402472,0.33651063,0.6184666,0.21253358,0.47469467,0.29336396,0.64405245,0.24362198,0.6488247,0.29832757,0.7969113,0.24632195,0.80578816,0.29141793,0.929668,0.25441298,0.9332052
pose3125.jpg,nao_acao,0.43763915,0.2802906,0.44592148,0.2648236,0.42951828,0.2648959,0.45745954,0.27083275,0.41746244,0.26932967,0.47541213,0.3653737,0.39527306,0.35861656,0.49754268,0.48537946,0.36139342,0.43155435,0.511159,0.5863178,0.38980556,0.40635496,0.46225882,0.5861595,0.41256568,0.5881188,0.46444473,0.7445881,0.41256687,0.74709916,0.4599967,0.89705133,0.4178712,0.8930509
pose3140.jpg,nao_acao,0.49627167,0.38396922,0.5031087,0.36965016,0.48877078,0.37039602,0.5144991,0.37029237,0.47797137,0.37047935,0.5345428,0.45363584,0.45732266,0.44792065,0.5498747,0.5606687,0.4221827,0.5203844,0.5662574,0.6582209,0.45658967,0.49851096,0.5204676,0.6700869,0.47104463,0.6708655,0.5169617,0.8262799,0.47326693,0.82318515,0.5140224,0.95936877,0.47376615,0.9503356
pose3150.jpg,nao_acao,0.50880426,0.15337576,0.51721066,0.13783474,0.50103146,0.13740264,0.5295854,0.1446479,0.49074498,0.14292988,0.54708004,0.23977755,0.46769866,0.23374562,0.56577927,0.35176829,0.4311059,0.30244443,0.57700115,0.45299447,0.46184036,0.2780972,0.53046876,0.46687868,0.48165703,0.46848133,0.52923185,0.62776047,0.4786311,0.63169897,0.52093357,0.7796364,0.4827331,0.77983516
pose4021.jpg,nao_acao,0.39054525,0.16640837,0.40074763,0.14778858,0.38099432,0.14681181,0.41450605,0.15459476,0.36728698,0.15105121,0.43477336,0.26050165,0.34587294,0.25969467,0.45716134,0.39576077,0.32639632,0.39783224,0.45138723,0.32953468,0.34886292,0.33184424,0.42064625,0.5177081,0.36147323,0.5188951,0.42518058,0.7074554,0.3557528,0.71060234,0.42087612,0.8771512,0.3555999,0.8862324
pose4024.jpg,nao_acao,0.38920593,0.2520284,0.39804444,0.2319645,0.37949273,0.235328,0.41582018,0.23042628,0.3707704,0.23822127,0.44245514,0.32929298,0.35564297,0.3266988,0.46656534,0.45185035,0.3253895,0.39829594,0.45524073,0.39240476,0.341853,0.26808628,0.42597803,0.58242583,0.37051642,0.5815274,0.42943716,0.76236403,0.36264282,0.7674189,0.42562586,0.9297374,0.36512884,0.9234077
pose4043.jpg,nao_acao,0.4105506,0.23808095,0.419971,0.22125274,0.40137348,0.22029981,0.43355796,0.22847481,0.38851616,0.22644344,0.45101166,0.33654803,0.36885384,0.3371047,0.47748813,0.45701116,0.34371206,0.46493298,0.49188095,0.56961805,0.32897636,0.5841233,0.43091917,0.5864008,0.379868,0.58579856,0.43390402,0.76419157,0.3718953,0.7640376,0.4229637,0.92404246,0.38050792,0.92528874
pose4044.jpg,nao_acao,0.40772983,0.23996347,0.4173684,0.22255576,0.39772624,0.22070663,0.42969963,0.23059812,0.3819617,0.22706065,0.44896576,0.33655426,0.3607151,0.33857617,0.49373648,0.42141688,0.32051393,0.4356779,0.52639353,0.5034537,0.27950746,0.5302017,0.42962286,0.5887605,0.37682724,0.58904535,0.43260875,0.7682975,0.3714513,0.76724446,0.42194366,0.9215716,0.3797436,0.92584383
pose4097.jpg,nao_acao,0.36682048,0.22410884,0.3761978,0.20950788,0.3572025,0.20858808,0.38867837,0.21841127,0.34274277,0.21744178,0.4089636,0.2970455,0.32373932,0.29913315,0.45765898,0.2606966,0.27094218,0.26024824,0.49048448,0.1810989,0.23787665,0.17106873,0.39290038,0.549345,0.3408852,0.55030924,0.399515,0.72249943,0.34091488,0.7226936,0.38819337,0.88339657,0.34522152,0.8845987
pose5004.jpg,nao_acao,0.50393814,0.098870024,0.5129842,0.08350739,0.49616686,0.08252428,0.52669114,0.09105871,0.48582727,0.08847881,0.5438165,0.18760906,0.46365055,0.18580662,0.56085235,0.30240268,0.43073055,0.27003738,0.57089627,0.40120384,0.46728483,0.23977263,0.5287928,0.4155387,0.47925216,0.4187189,0.5262781,0.5803192,0.47572565,0.5838585,0.5188725,0.7337192,0.48164734,0.7353814
pose5012.jpg,nao_acao,0.5131963,0.23449676,0.5221585,0.21996799,0.5051486,0.21852693,0.5359333,0.2284713,0.49444056,0.22606823,0.5520889,0.32418638,0.47451064,0.32492608,0.5717424,0.4278563,0.45003304,0.43432617,0.5672049,0.51744795,0.4644784,0.52808255,0.53612214,0.5515368,0.48759112,0.55167985,0.53647697,0.70817214,0.48538852,0.70912784,0.5272587,0.8560114,0.48816475,0.8527215
pose5028.jpg,nao_acao,0.4998965,0.25656545,0.5060731,0.24097686,0.49138698,0.24241759,0.5146208,0.24289922,0.47785363,0.24526364,0.5389352,0.3345685,0.45990086,0.31144688,0.57333416,0.37908453,0.43368158,0.27691582,0.54004186,0.34383562,0.46427065,0.18790004,0.52252764,0.5639196,0.47335282,0.55511415,0.5203988,0.71488947,0.47410366,0.7176072,0.51342756,0.87486905,0.47249565,0.8759444
pose6091.png,nao_acao,0.30917984,0.25624153,0.31709477,0.24019662,0.29979852,0.24026167,0.32570884,0.24257547,0.28402397,0.24282335,0.34444866,0.32587564,0.25883502,0.32342377,0.38440898,0.37614813,0.20602451,0.34756798,0.36252934,0.36811593,0.1774189,0.3187564,0.33088297,0.55990875,0.28064546,0.55958587,0.33557233,0.7187319,0.28331354,0.72831386,0.3282257,0.8581169,0.29270762,0.87267303
pose6092.png,nao_acao,0.30087626,0.2528936,0.30743742,0.23560342,0.2904392,0.23817359,0.3160152,0.2361485,0.275432,0.24249327,0.3357246,0.3173989,0.25440332,0.3260259,0.38212118,0.34950423,0.21497944,0.37554637,0.4185582,0.33945566,0.21419144,0.3716034,0.32675812,0.5506377,0.27876288,0.55797917,0.33208284,0.710726,0.28187603,0.7274482,0.32799837,0.8533497,0.2914061,0.8709083
pose7059.jpg,nao_acao,0.31814697,0.1499552,0.3261578,0.13620193,0.30927056,0.13443576,0.33686832,0.14483617,0.29534718,0.14209476,0.35266373,0.23579551,0.27999702,0.24006543,0.38542756,0.28246868,0.25539595,0.29882562,0.4133334,0.30055392,0.24389453,0.3182867,0.34205753,0.45852128,0.2982237,0.4622692,0.34989053,0.61082476,0.29780486,0.6167429,0.33940026,0.7739507,0.29786393,0.7856499
pose7060.jpg,nao_acao,0.32157865,0.20720838,0.3286616,0.19265607,0.31279013,0.19194692,0.33818755,0.20102887,0.29890054,0.19966228,0.35703632,0.2970983,0.27903172,0.2864691,0.38881555,0.37054795,0.23800264,0.29659298,0.40740767,0.45682874,0.2321196,0.23951137,0.34719348,0.5184598,0.30063078,0.5180057,0.35146412,0.6750353,0.29902247,0.6823706,0.34092507,0.8278905,0.30059963,0.8350759
pose7095.jpg,nao_acao,0.49142528,0.37613684,0.499523,0.36156178,0.48430356,0.36100867,0.5130057,0.36368164,0.47492465,0.3621124,0.5294558,0.44855514,0.45575142,0.43871003,0.55249655,0.54401904,0.41659847,0.47483602,0.56111765,0.64494944,0.4103414,0.4211951,0.51084876,0.65702134,0.4662539,0.6546898,0.5126853,0.80700034,0.4646595,0.8103984,0.5048918,0.94313985,0.46818787,0.9422725
pose7096.jpg,nao_acao,0.49053127,0.35685626,0.49809763,0.34246862,0.48246795,0.3418499,0.5085985,0.34475896,0.47094843,0.343593,0.5246355,0.4309715,0.45496687,0.41973495,0.5556013,0.5167628,0.42706934,0.46388432,0.56877774,0.6146118,0.41101933,0.47335163,0.5080167,0.646867,0.46421787,0.6431818,0.51001245,0.7902305,0.46150002,0.79179263,0.49992225,0.9226718,0.46719727,0.92530596
pose7097.jpg,nao_acao,0.48825455,0.34708148,0.4951906,0.33174464,0.47962657,0.3309879,0.5041507,0.33417225,0.4670448,0.33376652,0.52202433,0.41504976,0.4441157,0.41776657,0.56875354,0.48175618,0.41453576,0.4898838,0.6023194,0.5303375,0.43999204,0.48119465,0.50596184,0.63362825,0.45807824,0.63704723,0.5042049,0.78910565,0.4589016,0.79109734,0.50187725,0.933563,0.45679456,0.9392575
pose7141.jpg,nao_acao,0.45388618,0.3075702,0.46197215,0.2917611,0.44551253,0.2916403,0.47582027,0.29342592,0.43467885,0.29457876,0.50112075,0.37881085,0.4124959,0.37964275,0.5456166,0.40924776,0.365269,0.4194094,0.5503178,0.38399065,0.37147513,0.41032597,0.4809489,0.6116596,0.42810622,0.611112,0.47914726,0.7629805,0.4266635,0.7633199,0.4713176,0.91197705,0.42970306,0.9142807
pose8036.png,nao_acao,0.33817932,0.056780264,0.34506437,0.043418463,0.33143467,0.04322298,0.35403857,0.04976491,0.32127753,0.04844462,0.3659868,0.13575886,0.3013107,0.1263107,0.38272876,0.21913627,0.2538885,0.16386081,0.38882264,0.24748868,0.2068377,0.11784403,0.35575166,0.30995718,0.31817234,0.30804703,0.3645156,0.4456271,0.32018805,0.44317767,0.36273438,0.56559885,0.33642468,0.5662334
pose8037.png,nao_acao,0.386885,0.049316872,0.39410558,0.03675181,0.3809261,0.03642468,0.4025239,0.045346495,0.37100047,0.0430542,0.41214257,0.12258818,0.35242042,0.12217265,0.42604715,0.21158269,0.32449284,0.19395517,0.4209362,0.23447388,0.2773637,0.16037226,0.39644226,0.2957736,0.3603988,0.29524812,0.40797567,0.4405439,0.36191902,0.43768993,0.40309897,0.5686271,0.37841305,0.56705123
pose8042.png,nao_acao,0.6365198,0.36920676,0.64206076,0.35603553,0.6287532,0.3569969,0.64921004,0.36230946,0.61750233,0.364879,0.6675593,0.43896395,0.602549,0.43826213,0.6884849,0.5283614,0.5820095,0.53374404,0.7002165,0.42273077,0.5708458,0.47301662,0.6602637,0.61715287,0.6186213,0.6190244,0.66721576,0.76073134,0.62868303,0.76198506,0.67080265,0.88752997,0.64215285,0.89323926
pose8057.png,nao_acao,0.6424941,0.49655092,0.6561393,0.4739208,0.63134223,0.47013873,0.67539835,0.47964966,0.61458296,0.4709335,0.6908996,0.631561,0.5844439,0.6104245,0.7090022,0.7949002,0.5450018,0.7562197,0.6830496,0.7958815,0.568551,0.7811382,0.65157247,0.9299555,0.5796573,0.9199355,0.0,0.0,0.0,0.0,0.0,0.0,0.0,0.0
pose8059.png,nao_acao,0.8615239,0.45650968,0.8779046,0.42532545,0.8449154,0.4256619,0.90228236,0.43193153,0.82241404,0.431778,0.9346572,0.6132614,0.7932348,0.60497195,0.9710204,0.802769,0.76108146,0.797723,0.953378,0.8537185,0.8004853,0.820929,0.9018056,0.9702834,0.808056,0.96404296,0.0,0.0,0.0,0.0,0.0,0.0,0.0,0.0
pose9085.png,nao_acao,0.36713916,0.11771179,0.37374523,0.10216806,0.35949984,0.10357035,0.38696548,0.10486595,0.35150075,0.10674875,0.4092647,0.21334426,0.33450645,0.19107884,0.42419848,0.2961544,0.300528,0.22638856,0.4237841,0.34078404,0.33581996,0.25448036,0.40156862,0.4025491,0.35710165,0.398727,0.4104242,0.56404895,0.3672602,0.567013,0.41229793,0.717756,0.381947,0.7188957
pose9087.png,nao_acao,0.19711934,0.13453348,0.20443848,0.116719484,0.18723547,0.120388836,0.21909447,0.12201492,0.17707962,0.12926145,0.24142332,0.23267348,0.1572178,0.2183098,0.2628472,0.3397321,0.12147893,0.25216222,0.27810344,0.44668528,0.16584574,0.23452947,0.2350452,0.45319775,0.18375269,0.45521894,0.24488793,0.6269812,0.19903031,0.63469666,0.25144,0.79748666,0.21525808,0.7921841
pose9090.png,nao_acao,0.3490153,0.15815994,0.35637543,0.14079611,0.33998954,0.14305747,0.3695531,0.14592306,0.32949305,0.15028581,0.38908193,0.25851673,0.3091086,0.2452185,0.40313035,0.36857823,0.28035685,0.29397863,0.401947,0.44375882,0.31544772,0.27274007,0.3770423,0.47810915,0.327545,0.47765708,0.38623273,0.65684766,0.33667406,0.66135526,0.38563132,0.82941204,0.3490933,0.8239136
carolccw - 01.png,cw,0.5798356,0.13656926,0.5949621,0.12879537,0.566871,0.12802641,0.6181098,0.13154453,0.5511123,0.13097304,0.65792084,0.16926831,0.5424879,0.18051463,0.7295339,0.1568344,0.58426887,0.18614985,0.66059625,0.13952546,0.6360838,0.1481537,0.63137525,0.3074988,0.55366135,0.30967194,0.63709044,0.40215412,0.55660886,0.40282014,0.62591815,0.48525634,0.5819669,0.4904622
carolccw - 02.png,cw,0.51720285,0.25910926,0.5324528,0.25205314,0.50156343,0.25039715,0.5433946,0.25844705,0.47101095,0.25545958,0.55495274,0.29379433,0.44891465,0.30391553,0.5707451,0.29269323,0.46252942,0.32964182,0.46762592,0.2695192,0.4584782,0.2870247,0.5377442,0.42810586,0.4634057,0.42940217,0.5416787,0.5293269,0.45134667,0.5233591,0.5193912,0.61248183,0.4702016,0.61644495
carolccw - 03.png,cw,0.50513643,0.3283673,0.5202993,0.32050067,0.488987,0.31973132,0.53768075,0.32738864,0.4651185,0.3264705,0.54884565,0.36926356,0.42106026,0.37568337,0.5156626,0.37357342,0.3589022,0.40175778,0.4379018,0.34683317,0.39957693,0.35794964,0.52014196,0.5167125,0.4323206,0.51868916,0.5224504,0.62661684,0.4282859,0.62580246,0.5057966,0.7155199,0.43927708,0.71887136
carolccw - 04.png,cw,0.44263744,0.37260866,0.459244,0.3627501,0.42373607,0.36317232,0.4803977,0.3694068,0.39785647,0.37081656,0.4979861,0.4202553,0.34586424,0.4248534,0.43355966,0.43440312,0.26239073,0.45460838,0.35308188,0.39250928,0.32490957,0.3970266,0.46188292,0.5865815,0.35562378,0.5893539,0.46687382,0.7094174,0.3543651,0.70958215,0.4416294,0.8190308,0.3688502,0.8206836
carolccw - 05.png,cw,0.413074,0.39975968,0.43297747,0.38839102,0.39279106,0.38780946,0.45766956,0.395184,0.36298126,0.39449063,0.4780699,0.45455807,0.30200914,0.4615617,0.41044202,0.46801353,0.2101053,0.49967626,0.2961229,0.43514374,0.26553568,0.43840626,0.43907437,0.64858824,0.31761375,0.6506678,0.4419075,0.7894263,0.31144732,0.7839438,0.41511065,0.9220797,0.3319608,0.918815
carolccw - 06.png,cw,0.44430435,0.39049217,0.46707475,0.37871405,0.41995603,0.3788139,0.4948111,0.38877392,0.38429677,0.3894048,0.5196213,0.45477208,0.31829378,0.46383592,0.46123034,0.46518183,0.20662655,0.5031905,0.32778338,0.42473584,0.2895728,0.4272605,0.47453493,0.68124306,0.3347491,0.685322,0.47212586,0.8453265,0.33905604,0.84226,0.45941773,0.9892588,0.34670368,0.98686373
carolccw - 07.png,cw,0.4524537,0.30805418,0.4811851,0.29680854,0.42631954,0.29501197,0.51461405,0.3108352,0.38720554,0.30731657,0.53770906,0.38200966,0.31706145,0.39113495,0.47392467,0.38589883,0.2065093,0.43583006,0.33568817,0.33234543,0.28132558,0.36133966,0.4931463,0.6302562,0.3378806,0.6339975,0.48959363,0.8206434,0.3322163,0.81792986,0.47984132,0.9779696,0.34197217,0.9849902
carolccw - 08.png,cw,0.42878357,0.20106466,0.46020567,0.18956068,0.40130657,0.18765123,0.49955815,0.2064467,0.36155984,0.20292845,0.5240169,0.2859157,0.28555918,0.29822657,0.44554335,0.2719418,0.17144868,0.33423793,0.2535202,0.22109294,0.23427968,0.24985245,0.46947062,0.54930323,0.30373126,0.5517255,0.4640885,0.7534408,0.29967147,0.74487555,0.45159736,0.93165267,0.33534825,0.9275475
carolccw - 09.png,cw,0.5352426,0.19667879,0.5668735,0.18635948,0.50733614,0.18381202,0.60255754,0.20476028,0.46356362,0.19967788,0.63248765,0.27574366,0.39129332,0.28592724,0.57243073,0.2723602,0.29264662,0.32889032,0.38443917,0.21703841,0.35371742,0.24761078,0.58343387,0.5276916,0.413279,0.52996105,0.5713868,0.7312956,0.41116613,0.7219311,0.55560887,0.90311044,0.43314248,0.9066912
carolccw - 10.png,cw,0.70050466,0.21713203,0.7264123,0.20621711,0.6725517,0.20510356,0.75536245,0.2214561,0.6295887,0.22007298,0.78814846,0.29118863,0.5584022,0.3042536,0.74004775,0.28867143,0.46622568,0.34328303,0.58644086,0.24732244,0.5425427,0.2577554,0.73474914,0.5334681,0.5741316,0.5379306,0.72196126,0.7205455,0.56495464,0.718545,0.69620275,0.88671356,0.58565134,0.8941786
carolccw - 11.png,cw,0.80156136,0.26585266,0.82549536,0.25430903,0.77289504,0.25424823,0.85191965,0.26736447,0.7287245,0.26808247,0.8820158,0.33596334,0.6631789,0.3494207,0.83855355,0.333225,0.5743175,0.38939923,0.69638646,0.2854026,0.6490207,0.3040118,0.8288823,0.57557243,0.6775287,0.57938707,0.8159476,0.7545532,0.6650568,0.7500737,0.78989506,0.9151906,0.6805876,0.9159392
carolccw - 12.png,cw,0.8310013,0.38342863,0.8548881,0.37114528,0.8048209,0.37027425,0.8824526,0.37726474,0.7644503,0.37647069,0.9054728,0.4417468,0.69955385,0.45260993,0.8771696,0.46642476,0.6246235,0.5112623,0.7335471,0.4137974,0.68991935,0.42889234,0.8495668,0.6759396,0.7075767,0.67680746,0.8412178,0.85353804,0.6971671,0.8477795,0.81343544,0.98970324,0.70533466,0.9822687
carolccw - 13.png,cw,0.7504196,0.43668225,0.77231,0.42390302,0.72608304,0.42434934,0.7962007,0.4294114,0.6869997,0.43051684,0.8257055,0.49293762,0.6223162,0.50389796,0.77853787,0.51777977,0.5395872,0.55815005,0.64277965,0.47089398,0.6123524,0.47339532,0.7751073,0.718722,0.6306837,0.72264194,0.7613376,0.8890973,0.62599653,0.8864489,0.0,0.0,0.6355324,0.99648005
carolccw - 14.png,cw,0.6072402,0.43643624,0.62987447,0.4237041,0.58160233,0.42455924,0.6569709,0.42982668,0.5413359,0.43233377,0.68403083,0.49290317,0.47936988,0.50609237,0.6264687,0.51104903,0.3971668,0.55747736,0.4888899,0.48162952,0.45615003,0.48704436,0.6322896,0.71412194,0.4879247,0.7179647,0.6233275,0.88771904,0.48022437,0.8812564,0.5925894,0.99800676,0.4913911,0.9887421
carolccw - 15.png,cw,0.41148946,0.46194428,0.43426335,0.44933772,0.38798115,0.4501132,0.46419394,0.45675012,0.3564431,0.4591982,0.4972569,0.51940775,0.28927928,0.53204054,0.43073848,0.53490233,0.18820074,0.5807103,0.2950374,0.4946175,0.2583673,0.4991016,0.44109777,0.7457251,0.29207623,0.74968106,0.43325746,0.9217358,0.28451705,0.9162588,0.0,0.0,0.0,0.0
carolccw - 16.png,cw,0.30824476,0.48960775,0.3307686,0.47488627,0.28441885,0.47592005,0.35963032,0.4794351,0.25234485,0.48219997,0.3915334,0.5492636,0.17938656,0.5585064,0.3221999,0.5667412,0.07667218,0.60813177,0.17987187,0.5235238,0.14760908,0.5299742,0.32649377,0.7831481,0.17677431,0.783634,0.32682133,0.9626658,0.16742337,0.9480868,0.0,0.0,0.0,0.0
carolccw - 17.png,cw,0.3006984,0.39852554,0.32611093,0.38607058,0.27914214,0.38514665,0.35857755,0.3927771,0.24604811,0.39129838,0.3841607,0.45530608,0.17864367,0.46632892,0.32188645,0.4662345,0.07717922,0.512119,0.1631011,0.4303899,0.13676907,0.44252533,0.32663342,0.67864233,0.18283214,0.6809184,0.3175752,0.8589226,0.17440668,0.850867,0.29069823,0.9852546,0.17343576,0.9781947
carolccw - 18.png,cw,0.33311275,0.2908399,0.357614,0.28022614,0.3088449,0.27907878,0.391446,0.28976142,0.2762145,0.28855923,0.4062565,0.35504407,0.20912056,0.3630766,0.33473325,0.3647546,0.10904164,0.40125543,0.22141783,0.31150383,0.1726946,0.3302222,0.35076073,0.5770948,0.21491422,0.57875854,0.3483881,0.74836963,0.20820639,0.749841,0.32050115,0.9083108,0.2251789,0.9094586
carolccw - 19.png,cw,0.3251206,0.21072386,0.35039413,0.20016123,0.30123138,0.2003172,0.3850224,0.21313989,0.2696755,0.21415296,0.41343078,0.27768773,0.20754428,0.2889922,0.3448821,0.27654558,0.097745255,0.32025748,0.21138869,0.23733127,0.15611352,0.25013146,0.35830018,0.49856234,0.21416287,0.50286514,0.35449445,0.66966313,0.21526138,0.668918,0.3343343,0.82334316,0.22420514,0.824578
carolccw - 20.png,cw,0.29667842,0.18040472,0.32246742,0.16887411,0.2715801,0.16866751,0.35753232,0.1797585,0.23795767,0.1801582,0.3832373,0.24815929,0.17690857,0.2603424,0.31303728,0.24898258,0.07742064,0.29503703,0.16445744,0.20514756,0.13688196,0.2139689,0.333545,0.47355267,0.19106212,0.4772978,0.33385643,0.64155453,0.19003461,0.6391702,0.31328022,0.7913788,0.21164513,0.7902251
carolccw - 21.png,cw,0.2508216,0.27794063,0.27526873,0.26536536,0.2236885,0.26499397,0.30280083,0.26916716,0.17684856,0.26922902,0.32945523,0.33032468,0.11411432,0.344458,0.28239703,0.34540415,0.021421665,0.3967147,0.11449899,0.30957076,0.06817515,0.33028308,0.28362042,0.54916644,0.13781409,0.55432653,0.26774287,0.7156884,0.14635132,0.71544945,0.24854474,0.8733619,0.16306873,0.8803111
carolccw - 22.png,cw,0.37320733,0.50924003,0.39676267,0.4950658,0.350099,0.49566284,0.4290875,0.49827912,0.31910428,0.50026125,0.4593442,0.5664859,0.2534058,0.5767798,0.3857302,0.58947426,0.16018528,0.6301113,0.23892316,0.55467975,0.21926439,0.55579835,0.40012103,0.7884621,0.25410202,0.7898548,0.40009585,0.970728,0.24704976,0.9571284,0.0,0.0,0.0,0.0
carolccw - 23.png,cw,0.47889337,0.58980376,0.5005223,0.5759421,0.45575553,0.576501,0.52613324,0.57847446,0.423038,0.5802137,0.5575016,0.64203626,0.35409015,0.65220934,0.4893602,0.6711542,0.27780658,0.7147943,0.34943134,0.63424444,0.32906577,0.64729506,0.498638,0.85961634,0.35029644,0.8617329,0.0,0.0,0.0,0.0,0.0,0.0,0.0,0.0
carolccw - 24.png,cw,0.5410781,0.6131639,0.5626226,0.59899956,0.5186346,0.59949386,0.5918066,0.60143805,0.48903984,0.60339147,0.6238436,0.6695609,0.42344844,0.6771791,0.544623,0.69598633,0.34475538,0.73867863,0.40346256,0.65770125,0.38998657,0.6672518,0.56485945,0.88442385,0.41805962,0.88092417,0.0,0.0,0.0,0.0,0.0,0.0,0.0,0.0
carolccw - 25.png,cw,0.70984644,0.6278017,0.7302807,0.6135229,0.68610007,0.6141339,0.7532394,0.6156885,0.6480325,0.61701334,0.7820213,0.6817556,0.5836202,0.6884872,0.7305375,0.7114743,0.51909333,0.7515117,0.5985869,0.6722129,0.56526816,0.6761734,0.73017794,0.8977652,0.58394396,0.8961001,0.0,0.0,0.0,0.0,0.0,0.0,0.0,0.0
carolccw - 26.png,cw,0.8470454,0.6396416,0.8666019,0.6246651,0.8201873,0.62670064,0.88966525,0.6262995,0.78050447,0.6305563,0.9294335,0.69097054,0.7106681,0.7005889,0.86779296,0.72349906,0.65388477,0.7629864,0.7089285,0.68342113,0.72243357,0.6667028,0.87816894,0.9178482,0.717087,0.91982263,0.0,0.0,0.0,0.0,0.0,0.0,0.0,0.0
carolccw - 27.png,cw,0.86664,0.64135873,0.8877809,0.6289691,0.8399114,0.6285056,0.90996826,0.630718,0.79956496,0.6312757,0.94375235,0.69308996,0.73328865,0.7063982,0.8940782,0.72546446,0.6941006,0.76495045,0.7432036,0.689453,0.7643719,0.66451246,0.9018848,0.91735643,0.75030905,0.91910636,0.0,0.0,0.0,0.0,0.0,0.0,0.0,0.0
carolccw - 28.png,cw,0.80224305,0.60040146,0.82113564,0.5869451,0.77579933,0.58836854,0.8434555,0.58913773,0.7385676,0.5937597,0.8815677,0.6519873,0.6776444,0.6657034,0.8326946,0.6752629,0.62925106,0.72188544,0.6870497,0.6420287,0.669569,0.6484214,0.83556336,0.87042075,0.6898142,0.87151974,0.0,0.0,0.0,0.0,0.0,0.0,0.0,0.0
carolccw - 29.png,cw,0.74605644,0.5824492,0.7646275,0.5689604,0.72160506,0.5698647,0.78603125,0.57255155,0.68453133,0.57527465,0.82001424,0.6344602,0.6230725,0.64540744,0.7735148,0.659214,0.5642969,0.7008524,0.64456564,0.6204501,0.6115438,0.62280977,0.7767414,0.85203975,0.63143593,0.8543994,0.0,0.0,0.0,0.0,0.0,0.0,0.0,0.0
carolccw - 30.png,cw,0.6904522,0.5779254,0.70808613,0.5642012,0.6649782,0.56577873,0.72765315,0.56896126,0.6255771,0.5733657,0.7632807,0.6322881,0.5663989,0.6458851,0.7110349,0.64793944,0.5117707,0.7003178,0.5665701,0.6222606,0.5546354,0.6352382,0.7190061,0.8471539,0.57619476,0.8489848,0.0,0.0,0.0,0.0,0.0,0.0,0.0,0.0
carolccw - 31.png,cw,0.4949518,0.5768079,0.5166881,0.5643059,0.47234723,0.56399554,0.5438466,0.57018614,0.44224927,0.5703476,0.5734142,0.63189757,0.37850153,0.6399759,0.49941316,0.6526841,0.30264863,0.6901558,0.38611805,0.61152315,0.3664315,0.6001554,0.525898,0.84761673,0.38241634,0.8487315,0.0,0.0,0.0,0.0,0.0,0.0,0.0,0.0
carolccw - 32.png,cw,0.2812614,0.57910794,0.30135742,0.5649664,0.25798282,0.566449,0.33204228,0.5683671,0.23198909,0.5730048,0.36149666,0.6356036,0.16893585,0.6435204,0.2859218,0.6572239,0.074947014,0.6968074,0.16528332,0.6079424,0.13933334,0.6174104,0.29995364,0.85478497,0.15864258,0.8525409,0.0,0.0,0.0,0.0,0.0,0.0,0.0,0.0
carolccw - 33.png,cw,0.2159612,0.5536029,0.23671518,0.5398156,0.19219004,0.54135877,0.26781753,0.542424,0.1637235,0.5475532,0.2976945,0.6083311,0.10290872,0.6201793,0.24510054,0.6304552,0.015067477,0.6704918,0.11689885,0.5902569,0.06770216,0.59366333,0.23929669,0.82476187,0.101203,0.8251688,0.25550514,0.983382,0.09805268,0.9702755,0.0,0.0,0.0,0.0
carolccw - 34.png,cw,0.23827775,0.52176136,0.25714383,0.5091784,0.2161916,0.511143,0.2832776,0.51292825,0.18733837,0.51758367,0.310961,0.57128847,0.12821008,0.58220726,0.24581374,0.5921934,0.046890195,0.62635726,0.12397347,0.55658126,0.115032256,0.54492474,0.26450947,0.7713506,0.13377921,0.775635,0.27078065,0.91683495,0.13939041,0.91194785,0.0,0.0,0.0,0.0
carolccw - 35.png,cw,0.26697937,0.46957275,0.283578,0.4588095,0.24686691,0.46024707,0.3101478,0.46084553,0.22241974,0.46532786,0.32911134,0.5108558,0.1798682,0.5221877,0.2790581,0.5305234,0.11668152,0.5641916,0.18835557,0.4899873,0.15527399,0.5066285,0.29076985,0.6832603,0.18826231,0.68655,0.29639563,0.81417835,0.18553987,0.81731164,0.2824819,0.93858266,0.21167323,0.93863493
carolccw - 36.png,cw,0.27311406,0.44962516,0.28896695,0.44006416,0.25492388,0.440833,0.3138146,0.4439754,0.23323065,0.44657996,0.33037466,0.49185973,0.19023302,0.49687693,0.28381997,0.51954824,0.12925985,0.53402656,0.21305342,0.46846786,0.1792606,0.4714889,0.29462415,0.6449266,0.19828771,0.6465358,0.3010119,0.7642679,0.197686,0.76647913,0.2804088,0.8705124,0.22040568,0.8709439
carolccw - 37.png,cw,0.27664053,0.44255584,0.29172444,0.4341554,0.26089838,0.43419716,0.3137379,0.43750453,0.24014299,0.43889686,0.32897842,0.4777552,0.19960731,0.48668724,0.29818526,0.49456817,0.1432108,0.5217054,0.21287489,0.4648701,0.17373982,0.47372076,0.2986028,0.6196828,0.21030624,0.6222505,0.29888994,0.7275279,0.20733722,0.7286314,0.28579164,0.82720774,0.22681524,0.8275874
carolccw - 38.png,cw,0.33712947,0.42496845,0.3499788,0.41669372,0.32225314,0.41769794,0.37027553,0.42057294,0.30502945,0.42365736,0.38601318,0.45842993,0.2676023,0.4652154,0.35268375,0.47603676,0.21536037,0.49425897,0.29360098,0.4390008,0.261506,0.43985778,0.35401747,0.59211135,0.27252373,0.5943678,0.361646,0.69481605,0.2714999,0.6961182,0.34623876,0.78925264,0.28977725,0.78780633
carolccw - 39.png,cw,0.4324596,0.37135276,0.4459409,0.36350888,0.41686833,0.36440665,0.46580464,0.368076,0.39670476,0.37108105,0.47861752,0.4021161,0.36141273,0.41131377,0.44131595,0.41451508,0.3146,0.4400469,0.36660588,0.39080206,0.34556943,0.39541832,0.45100322,0.53366894,0.36894405,0.5364321,0.4571655,0.634012,0.3652307,0.6350929,0.44423124,0.72762823,0.3878605,0.72497576
carolccw - 40.png,cw,0.517379,0.32866454,0.53014404,0.32084295,0.5016973,0.32146323,0.54906154,0.32501295,0.48289838,0.32737842,0.5625246,0.36185378,0.45034382,0.36812854,0.53868526,0.37424347,0.40474582,0.39317623,0.4756248,0.33969703,0.44080758,0.34366408,0.5320185,0.4901148,0.4548856,0.49168828,0.5359988,0.58441794,0.45096362,0.5849975,0.5255696,0.67541206,0.46372935,0.67465466
carolccw - 41.png,cw,0.57364064,0.31088322,0.58708495,0.303428,0.5586188,0.30376533,0.60546446,0.3096175,0.54014987,0.31108007,0.6152175,0.3475286,0.50842464,0.35400036,0.5787863,0.35499698,0.46236742,0.38050586,0.52412736,0.31837663,0.49294522,0.3366244,0.58561563,0.4741457,0.51115847,0.4759736,0.59241205,0.568321,0.50765026,0.5688143,0.5805496,0.6563856,0.51944906,0.65970516
carolccw - 42.png,cw,0.70913744,0.29941672,0.7219545,0.29234284,0.6950021,0.2923854,0.7397577,0.29702276,0.6743365,0.29811767,0.7486588,0.3323397,0.641137,0.33958042,0.70825577,0.34109735,0.6006553,0.36305213,0.64929867,0.31038806,0.62814045,0.31761166,0.72586465,0.45746014,0.6488776,0.45991245,0.728786,0.5552838,0.6371532,0.5557287,0.71419555,0.64809495,0.6509068,0.64888906
carolccw - 43.png,cw,0.79869634,0.29807994,0.81192946,0.29100934,0.78497636,0.2905114,0.8285173,0.29479682,0.7628151,0.29465804,0.83854234,0.32895195,0.73013645,0.3365272,0.80817294,0.33664474,0.69274276,0.36148983,0.73310053,0.31619087,0.70087415,0.326069,0.8144441,0.45695803,0.7374627,0.45872185,0.81389624,0.5553938,0.7225559,0.55388623,0.7996597,0.6453836,0.73705375,0.64677817
carolccw - 44.png,cw,0.74900174,0.30619508,0.76131034,0.2990748,0.7344629,0.29956123,0.776621,0.30331495,0.70972985,0.304792,0.79285353,0.33962166,0.6797508,0.34813362,0.7678153,0.34492773,0.6438087,0.36793825,0.70283777,0.31782472,0.6745309,0.32216868,0.75918,0.4651273,0.68035704,0.467942,0.753115,0.5600565,0.6797367,0.5622284,0.7463938,0.6523039,0.6847908,0.65204924
carolccw - 45.png,cw,0.6780424,0.31421554,0.6917845,0.30749795,0.6646802,0.3070743,0.70825374,0.3126163,0.6401534,0.3122218,0.7236143,0.34942427,0.6100984,0.35404983,0.715624,0.36252877,0.5788976,0.37808296,0.6613888,0.3288682,0.6071198,0.34057194,0.6895082,0.4736992,0.61116713,0.47472128,0.6847103,0.5666653,0.61042494,0.565938,0.68052876,0.6531197,0.620104,0.65179473
carolccw - 46.png,cw,0.5509658,0.32578745,0.5638847,0.31964177,0.5367545,0.3198251,0.5799304,0.32574344,0.5128816,0.3262075,0.59487045,0.35968903,0.4836074,0.366938,0.56958264,0.3627331,0.43911284,0.38552216,0.50369114,0.34001577,0.4704356,0.34993047,0.56687945,0.4812531,0.48978123,0.48370275,0.56071293,0.57613313,0.48744315,0.57749575,0.55183923,0.6629721,0.49334836,0.6614555
carolccw - 47.png,cw,0.4222189,0.34002247,0.436377,0.33328477,0.4097274,0.33303517,0.4545923,0.33812225,0.3877725,0.33824858,0.46777758,0.37387022,0.35828644,0.37928653,0.44562927,0.39150712,0.3172516,0.4074796,0.4005024,0.34848318,0.35337177,0.35744694,0.4345898,0.49670604,0.35828716,0.49831367,0.43617967,0.5899418,0.35791698,0.589031,0.43106392,0.6764201,0.37170553,0.67479974
carolccw - 48.png,cw,0.35805967,0.35452548,0.37178394,0.34787145,0.34424818,0.34789535,0.39006504,0.35310474,0.32097262,0.3537753,0.40577894,0.3882402,0.29262158,0.394122,0.3813807,0.39739162,0.25609934,0.41346028,0.33208203,0.36315972,0.28037402,0.37098873,0.3701622,0.5075679,0.29190284,0.509571,0.37041745,0.5990183,0.29543447,0.6005563,0.36180308,0.681804,0.31006464,0.6839113
carolccw - 49.png,cw,0.29417053,0.3594324,0.3073965,0.35322064,0.281352,0.35333934,0.32699704,0.35842696,0.26164916,0.35895884,0.3434652,0.39195788,0.23271984,0.3984686,0.30726615,0.40190488,0.18296263,0.42158115,0.2457505,0.37300134,0.21269684,0.38021746,0.30910638,0.5115095,0.23150261,0.5138608,0.31176037,0.60571927,0.23306291,0.60744774,0.30873317,0.6944499,0.2421876,0.6946149
carolccw - 50.png,cw,0.25202936,0.3654833,0.2649006,0.35891032,0.2394273,0.35886982,0.2832916,0.36221337,0.21910234,0.36256838,0.30121973,0.3954779,0.18932635,0.402235,0.27194843,0.40885556,0.14280657,0.42925876,0.20700921,0.37991896,0.16553286,0.38953397,0.26387125,0.51685655,0.18618043,0.5191068,0.26215944,0.6111097,0.1870192,0.61303306,0.26230702,0.70129687,0.19956447,0.702396
carolccw - 51.png,cw,0.15331765,0.38255063,0.16816762,0.3760452,0.14130287,0.3752595,0.18860884,0.38127455,0.12026065,0.38032222,0.20234773,0.41636842,0.09074353,0.4217129,0.17469081,0.4296263,0.045573685,0.4463058,0.11287333,0.39158568,0.0711725,0.3999542,0.16090009,0.54127324,0.082882985,0.54276085,0.16519181,0.6359061,0.08753803,0.6358944,0.16345944,0.72542804,0.09977863,0.72574633
carolccw - 54.png,cw,0.19414704,0.5345333,0.20787917,0.52673763,0.18152486,0.52696306,0.22932386,0.529553,0.16554663,0.5303359,0.23870392,0.5668718,0.13014975,0.57098734,0.18899211,0.5823523,0.07811868,0.60050213,0.13350083,0.5495934,0.111130066,0.5566122,0.1986833,0.68711144,0.122606784,0.6882911,0.20154211,0.7863509,0.11454805,0.78502107,0.18716289,0.8769373,0.12524818,0.87613666
carolccw - 55.png,cw,0.23339304,0.5549433,0.24753366,0.5475535,0.22132161,0.5470844,0.26819408,0.55017334,0.20335735,0.5495534,0.27549443,0.5853702,0.16647245,0.5905863,0.23247553,0.5992338,0.115698494,0.6229745,0.16196619,0.5806375,0.14222808,0.5893873,0.23415726,0.7114166,0.15787171,0.7120689,0.23467042,0.8096726,0.15122923,0.80496925,0.21577322,0.904142,0.15224457,0.89979845
carolccw - 56.png,cw,0.25273353,0.58814156,0.26763985,0.5812779,0.23999546,0.58088946,0.28598028,0.5860606,0.21628752,0.5860358,0.29772958,0.6219638,0.1817473,0.6278017,0.270076,0.64124024,0.13538966,0.6601033,0.21060176,0.60175747,0.17124715,0.61405325,0.2529607,0.7479929,0.17262489,0.7491083,0.25063768,0.8451834,0.17429118,0.84253085,0.24438405,0.93616146,0.18624035,0.9313933
carolccw - 57.png,cw,0.31333286,0.6100244,0.3283309,0.602877,0.30033782,0.60226274,0.34919068,0.609077,0.28321755,0.6080752,0.3563541,0.6451749,0.24643625,0.648986,0.3112897,0.662485,0.20180222,0.67883426,0.25950384,0.6294501,0.24096383,0.623609,0.3205564,0.77098465,0.24224539,0.7718898,0.3222601,0.8720617,0.23493259,0.86988664,0.30303887,0.9649623,0.24497104,0.9650351
carolccw - 58.png,cw,0.4556566,0.62561,0.47025967,0.6188893,0.44279003,0.61797255,0.48753312,0.62341917,0.41822463,0.6220327,0.49769387,0.6576346,0.38638747,0.6642389,0.4665088,0.6716764,0.34951448,0.6958525,0.4025344,0.63925177,0.37178606,0.6551751,0.45815232,0.78636926,0.37917644,0.7879414,0.46609807,0.8856551,0.38251942,0.88354164,0.45927548,0.9790595,0.38868064,0.9746848
carolccw - 59.png,cw,0.63817024,0.61609244,0.65251815,0.6088223,0.6235232,0.6087127,0.67012864,0.6137614,0.59777194,0.614403,0.6842578,0.6511618,0.5706136,0.6581187,0.65776575,0.6645105,0.53544635,0.6853435,0.5961816,0.63064665,0.55988246,0.64540124,0.6521021,0.78106195,0.5721206,0.7829244,0.65753925,0.8797876,0.57414466,0.87803674,0.65586776,0.970454,0.58966863,0.9670052
carolcw - 01.png,cw,0.38988936,0.16013657,0.40125042,0.15097529,0.37318325,0.1541203,0.4262933,0.15042844,0.35765797,0.1577231,0.46628767,0.19037008,0.35664,0.19258764,0.5075156,0.21143124,0.39982727,0.20135379,0.47975993,0.17549755,0.4720124,0.16815104,0.4470836,0.32155204,0.36987093,0.3229255,0.46626723,0.41521502,0.37775734,0.4237798,0.4525244,0.5084664,0.3932945,0.5135694
carolcw - 02.png,cw,0.52514046,0.16250525,0.5376354,0.15287845,0.5075991,0.15558867,0.5614985,0.15441355,0.49083138,0.16070205,0.6017067,0.1987978,0.48939636,0.20006238,0.6481055,0.22626874,0.5284947,0.21031477,0.6201883,0.19075856,0.6027615,0.18042132,0.58214736,0.33163238,0.5045188,0.33185312,0.5932343,0.4257962,0.5026119,0.4328848,0.5725679,0.5158557,0.52138096,0.5164424
carolcw - 03.png,cw,0.44666505,0.29084006,0.4593699,0.28123012,0.43057707,0.28315845,0.47990733,0.2769975,0.4101153,0.28131327,0.51528525,0.31362873,0.41215217,0.31789145,0.5741406,0.32844245,0.4785988,0.32465276,0.5486196,0.3038844,0.52506,0.29065815,0.49132097,0.44773898,0.4199698,0.4487717,0.5124599,0.5495437,0.42403418,0.5543947,0.48196203,0.6407268,0.4387203,0.64440084
carolcw - 04.png,cw,0.4351363,0.44129783,0.44799837,0.43147102,0.41784543,0.4336224,0.47103938,0.43062872,0.3992836,0.4355368,0.5144486,0.4722442,0.3909406,0.47191614,0.5634399,0.50240403,0.42849082,0.48428777,0.53518224,0.47399554,0.5114294,0.4622865,0.4927314,0.6156557,0.40713948,0.61492544,0.4991493,0.7209442,0.40231124,0.72569406,0.47909105,0.8296389,0.42268413,0.8297192
carolcw - 05.png,cw,0.5062946,0.5146246,0.5203954,0.5042206,0.4874402,0.5065026,0.54470474,0.50630903,0.46673793,0.5116681,0.5932552,0.55463195,0.45994407,0.5552662,0.64693886,0.574668,0.50334865,0.5638339,0.59119105,0.52112174,0.5850316,0.5354494,0.5657112,0.7142048,0.4710986,0.7127489,0.5707335,0.83430046,0.46244043,0.8393686,0.5490159,0.96048945,0.48125428,0.96002793
carolcw - 06.png,cw,0.602352,0.539185,0.61867285,0.5270142,0.5823218,0.5293556,0.64286304,0.52791893,0.55474186,0.532016,0.6949986,0.5818765,0.5457634,0.58064634,0.76398385,0.60906965,0.60520446,0.5960261,0.7045661,0.5540879,0.69036674,0.5557386,0.6704589,0.7588276,0.5594337,0.757897,0.68194056,0.8943581,0.55765355,0.90179545,0.6691794,0.99038905,0.0,0.0
carolcw - 07.png,cw,0.52138156,0.48108014,0.53894955,0.4690364,0.4983165,0.47148278,0.5673766,0.4708932,0.47046044,0.4763655,0.6257929,0.5270984,0.4610587,0.5265118,0.7079453,0.5588224,0.5224455,0.53757405,0.6668323,0.52222914,0.64198995,0.5074102,0.60367376,0.7185231,0.48663387,0.7173681,0.61454535,0.8659101,0.48463675,0.8696108,0.5918909,0.9879042,0.5022051,0.9850701
carolcw - 08.png,cw,0.46817,0.44148847,0.48845857,0.42862284,0.44514933,0.4309998,0.51962876,0.43211502,0.41851747,0.43767053,0.575688,0.4937095,0.41913372,0.495352,0.65217227,0.5206583,0.49963626,0.50234824,0.56852055,0.43854168,0.5612622,0.4428327,0.5462665,0.6961207,0.43370286,0.6949187,0.5699742,0.84083927,0.42646,0.84776425,0.5437272,0.9867817,0.4587427,0.9871401
carolcw - 09.png,cw,0.43180415,0.42948598,0.4509283,0.4162479,0.40742406,0.4195344,0.4801767,0.4192708,0.37598243,0.4257124,0.53878814,0.4796057,0.37583712,0.48089343,0.6068174,0.50025964,0.44562924,0.49589655,0.51219445,0.41153866,0.5345662,0.4431291,0.5094148,0.68130594,0.38950133,0.679363,0.52287537,0.83076864,0.39830482,0.8342527,0.4990379,0.97781354,0.4136205,0.9756348
carolcw - 10.png,cw,0.18744965,0.4294264,0.20679504,0.4165168,0.16449633,0.41942763,0.24340077,0.41734803,0.14187813,0.42450666,0.30256927,0.4778251,0.13647015,0.47930428,0.3612607,0.5122111,0.19347928,0.48776317,0.29154035,0.44812784,0.28015435,0.43957344,0.26883766,0.68302494,0.1513665,0.6830976,0.2928946,0.82860124,0.15125102,0.84244555,0.27167958,0.97420925,0.185854,0.9826232
carolcw - 12.png,cw,0.10972375,0.41654295,0.128934,0.4036136,0.086422004,0.40692472,0.16470563,0.40520772,0.06372717,0.41326058,0.2253026,0.46695283,0.058821402,0.46881938,0.28884265,0.502685,0.1216551,0.4776168,0.21005838,0.42614502,0.19873224,0.42558444,0.1930682,0.6769015,0.0740252,0.677334,0.22357948,0.8235773,0.07814083,0.839177,0.20526348,0.9748869,0.11727063,0.98055136
carolcw - 13.png,cw,0.2426499,0.41644204,0.2627492,0.40317443,0.21897252,0.40595847,0.29458794,0.40715516,0.19043969,0.4126593,0.35266677,0.4690242,0.19230126,0.47051567,0.42202768,0.49800694,0.26401746,0.48272258,0.34010327,0.42291427,0.328593,0.42136157,0.32675537,0.67626584,0.20640448,0.67568225,0.3509705,0.82672143,0.21538554,0.83550096,0.3338519,0.9715808,0.23463109,0.9737436
carolcw - 14.png,cw,0.24097691,0.42824194,0.2620656,0.41426498,0.21715796,0.41675118,0.2970968,0.41684774,0.18955557,0.4216148,0.35536787,0.48337927,0.18569624,0.48178914,0.41983378,0.5114255,0.23988049,0.4936921,0.3410552,0.43752128,0.33569175,0.44371417,0.32414627,0.6900532,0.1996065,0.68889594,0.34489372,0.83886695,0.2130764,0.84783316,0.32851303,0.97968715,0.22538899,0.98311025
carolcw - 15.png,cw,0.23339768,0.5110168,0.25288704,0.49679238,0.21016625,0.49938458,0.28946182,0.4957526,0.18732314,0.50178653,0.34983596,0.55910546,0.1742247,0.557349,0.41728696,0.60378814,0.22046953,0.5771912,0.37839195,0.56032526,0.35219786,0.54589146,0.31211013,0.7695026,0.18623567,0.76840204,0.32177097,0.9227671,0.18139584,0.93330026,0.0,0.0,0.0,0.0
carolcw - 16.png,cw,0.26436603,0.5798486,0.28542325,0.56580764,0.24054854,0.5676167,0.32041326,0.568418,0.21592607,0.5727798,0.37913236,0.6345855,0.19789183,0.6302038,0.44709137,0.68358123,0.2611203,0.65451115,0.39410135,0.6268781,0.3926447,0.6191957,0.3375502,0.845177,0.2059989,0.841828,0.0,0.0,0.0,0.0,0.0,0.0,0.0,0.0
carolcw - 17.png,cw,0.31582737,0.63591856,0.33621934,0.62058574,0.29193136,0.62312293,0.36790058,0.6213987,0.2671059,0.6268994,0.4274367,0.6891809,0.24729422,0.68635124,0.49667424,0.74016666,0.3318221,0.7152568,0.41904864,0.6543478,0.42086327,0.66679615,0.38385212,0.9042132,0.24988641,0.9024769,0.0,0.0,0.0,0.0,0.0,0.0,0.0,0.0
carolcw - 18.png,cw,0.41523853,0.6213636,0.43548915,0.60655373,0.39034498,0.6094121,0.46818304,0.60848796,0.36496842,0.6148697,0.53089553,0.67618614,0.34939456,0.67347705,0.61240935,0.7243055,0.4404547,0.69763696,0.53599936,0.646789,0.54667985,0.65555596,0.48631155,0.89466584,0.35014316,0.8925361,0.0,0.0,0.0,0.0,0.0,0.0,0.0,0.0
carolcw - 19.png,cw,0.54533714,0.6156515,0.56705606,0.5999753,0.52002805,0.60232913,0.59542245,0.60204375,0.4874307,0.6063646,0.65484065,0.67221206,0.47143114,0.66914815,0.7481176,0.723416,0.57849145,0.69497854,0.6683528,0.64159733,0.66421103,0.6393896,0.6177865,0.89595324,0.47715494,0.89411217,0.0,0.0,0.0,0.0,0.0,0.0,0.0,0.0
carolcw - 20.png,cw,0.63406515,0.60082996,0.6544718,0.585855,0.6085623,0.5885382,0.67934215,0.58874196,0.5736803,0.5935372,0.74383885,0.659119,0.55730027,0.65566814,0.846443,0.7033733,0.6554567,0.6788013,0.7664133,0.6216266,0.75769025,0.63369125,0.71482766,0.8809651,0.57633096,0.8784437,0.0,0.0,0.0,0.0,0.0,0.0,0.0,0.0
carolcw - 21.png,cw,0.6379047,0.53304696,0.65456504,0.51919204,0.6154964,0.5221084,0.676394,0.51990604,0.58378273,0.52514833,0.7405915,0.5822969,0.569872,0.5804956,0.845275,0.6200872,0.65426123,0.5977022,0.8067023,0.5801775,0.77934015,0.56442875,0.7157241,0.7887271,0.5899101,0.78685015,0.7220345,0.94247615,0.5806819,0.9462985,0.0,0.0,0.0,0.0
carolcw - 22.png,cw,0.6486675,0.47855788,0.66461116,0.46500418,0.626155,0.46795076,0.6841717,0.4668617,0.5924163,0.47239164,0.74479765,0.5281688,0.58113325,0.5282048,0.84922415,0.5578083,0.6628396,0.5414573,0.78519875,0.49822265,0.7792841,0.50264436,0.721402,0.7313738,0.60131395,0.7303487,0.73007,0.8854564,0.5954179,0.89363,0.0,0.0,0.0,0.0
carolcw - 23.png,cw,0.5578486,0.41975757,0.5754753,0.4073996,0.53472793,0.40967542,0.6005936,0.4102479,0.5040167,0.41502994,0.65490973,0.46995667,0.50170696,0.47080162,0.7415244,0.5036409,0.575242,0.48398632,0.69057006,0.45621827,0.6690207,0.4384918,0.6253248,0.6610099,0.5152868,0.65991,0.63329834,0.8053756,0.5101171,0.81154066,0.6106647,0.950849,0.5262277,0.95234096
carolcw - 24.png,cw,0.4912472,0.4504216,0.50974375,0.43876904,0.46905935,0.4402112,0.5355254,0.44187167,0.43833822,0.44466633,0.59036815,0.4982201,0.42806587,0.496983,0.6732488,0.5339854,0.49816227,0.5152756,0.6272297,0.48687434,0.6079186,0.47689393,0.56724584,0.6861334,0.45099634,0.68426573,0.5732624,0.83426684,0.44734022,0.83501995,0.5490367,0.9799513,0.46538746,0.97589725
carolcw - 25.png,cw,0.47221196,0.57428247,0.4905851,0.55996674,0.44994667,0.56270397,0.51688135,0.5589912,0.4224,0.5644455,0.5793544,0.61884737,0.4126323,0.61920273,0.6643749,0.6655482,0.50371355,0.64735705,0.60319984,0.61542356,0.605788,0.6064511,0.5488517,0.8215948,0.42633718,0.8195231,0.55624276,0.9589724,0.42015854,0.9617535,0.0,0.0,0.0,0.0
carolcw - 26.png,cw,0.46240783,0.58468896,0.47955707,0.570949,0.4395685,0.57383674,0.49871373,0.57263654,0.40821877,0.57898176,0.5585329,0.6318891,0.39493108,0.63338053,0.6450762,0.6779465,0.49345285,0.6615284,0.5516123,0.59829706,0.5718727,0.613793,0.52902716,0.8358629,0.4096324,0.8337071,0.5349321,0.97826064,0.0,0.0,0.0,0.0,0.0,0.0
carolcw - 27.png,cw,0.44163463,0.5658197,0.46100318,0.5525803,0.41932943,0.5539175,0.4841143,0.55294377,0.38731647,0.55577594,0.5385162,0.611965,0.3740909,0.6120003,0.622158,0.65342796,0.46070284,0.6413684,0.5274689,0.5711825,0.5454645,0.59775347,0.51179487,0.80832386,0.39323246,0.8060927,0.5151311,0.94991255,0.38606304,0.95445466,0.0,0.0,0.0,0.0
carolcw - 28.png,cw,0.43010062,0.5670015,0.44886467,0.55392826,0.4095514,0.5550149,0.47223204,0.5537443,0.3808564,0.5557613,0.5276496,0.61285454,0.36406827,0.611954,0.60638964,0.65507185,0.44124088,0.6408478,0.52608734,0.5810117,0.5318714,0.5965178,0.5009342,0.8051855,0.38351473,0.8030516,0.5027023,0.948437,0.37334839,0.952962,0.0,0.0,0.0,0.0
carolcw - 29.png,cw,0.42319074,0.5733323,0.4415911,0.5606396,0.40285382,0.56192875,0.46692413,0.5596668,0.37637997,0.5620305,0.5207629,0.6155448,0.36276543,0.61272806,0.6000515,0.6667542,0.44169337,0.6402796,0.56294733,0.6183724,0.5400945,0.6053659,0.49308783,0.8057318,0.37875968,0.80396456,0.49379158,0.9425718,0.3683268,0.95017016,0.0,0.0,0.0,0.0
carolcw - 30.png,cw,0.46501777,0.55836993,0.48133057,0.5469641,0.44480526,0.54915154,0.50622815,0.5488302,0.42048866,0.55399454,0.5571374,0.59938633,0.41290405,0.59765524,0.62658054,0.6373578,0.47243068,0.6149479,0.55146766,0.5719238,0.5438465,0.58498317,0.52807325,0.7733698,0.42380184,0.7706662,0.53453267,0.9052258,0.41142973,0.91092247,0.50771606,0.9970118,0.0,0.0
carolcw - 31.png,cw,0.54587233,0.48571798,0.5614327,0.47600663,0.5303046,0.4761161,0.57749295,0.47306606,0.5030271,0.47233394,0.6153476,0.51270455,0.48651344,0.5119748,0.6951967,0.5433891,0.5587872,0.5304432,0.6917791,0.52472454,0.6517122,0.5135458,0.5943711,0.6733788,0.5045216,0.67285836,0.5974709,0.79570746,0.49196216,0.7990354,0.570494,0.91764826,0.50782347,0.92156404
carolcw - 32.png,cw,0.5764763,0.41848165,0.5913362,0.40916294,0.5582104,0.41042528,0.61407596,0.41221747,0.5360774,0.41460088,0.65675044,0.45729363,0.523157,0.45419568,0.7094601,0.48428583,0.548059,0.46713918,0.6742462,0.4445997,0.63280994,0.43926662,0.6288817,0.60539705,0.5356043,0.6030893,0.6246398,0.7155106,0.5295294,0.7176337,0.6021961,0.82164484,0.53545195,0.8208867
carolcw - 33.png,cw,0.43757114,0.42023736,0.45113322,0.41125348,0.42229474,0.4119987,0.4753942,0.4127803,0.40738446,0.4150193,0.51798743,0.4554168,0.3927185,0.45346206,0.5604088,0.4842339,0.4140212,0.46839458,0.5175814,0.43599543,0.48774153,0.44882023,0.49306408,0.59359175,0.40695724,0.5920682,0.4928193,0.69393325,0.40060925,0.6999084,0.4711125,0.80174553,0.41811076,0.80191314
carolcw - 34.png,cw,0.24844626,0.43159992,0.26127917,0.42265233,0.23413074,0.42429516,0.28840396,0.42250896,0.22083093,0.42641222,0.32797223,0.46663642,0.21301441,0.46589512,0.35951746,0.48961252,0.2402071,0.47516102,0.3267162,0.4555586,0.29870373,0.45374352,0.29623136,0.59680456,0.21701337,0.5962311,0.3078735,0.69609314,0.2123528,0.70502955,0.2837714,0.8022306,0.22615707,0.80366004
carolcw - 35.png,cw,0.18485472,0.43558612,0.1968279,0.4268005,0.17075597,0.42847756,0.22141469,0.42671502,0.15677783,0.43068954,0.26172766,0.4696011,0.14575234,0.46853706,0.29643494,0.48993036,0.1694983,0.47955585,0.24641421,0.45019966,0.23815265,0.46016657,0.2304432,0.5964568,0.151428,0.5950941,0.2433503,0.695798,0.15171877,0.70018023,0.22092675,0.7963641,0.16423853,0.79474086
carolcw - 36.png,cw,0.19373253,0.43847436,0.2051491,0.42973825,0.17914835,0.43182996,0.22957085,0.42950967,0.16505347,0.4342869,0.26888794,0.4722067,0.15507995,0.47007844,0.3042338,0.49729368,0.17457788,0.4803102,0.2738191,0.4671694,0.24607424,0.46343282,0.23973009,0.59653777,0.16268921,0.59547526,0.25084513,0.6935862,0.16282849,0.6998011,0.2306098,0.7940528,0.17097148,0.7938054
carolcw - 37.png,cw,0.23228937,0.43541747,0.2441186,0.42640784,0.21673444,0.4282119,0.26887622,0.4270803,0.20426847,0.43121445,0.309584,0.46884832,0.19811839,0.46703175,0.3406015,0.49104568,0.21590291,0.47917593,0.30406672,0.45975888,0.27744204,0.4618373,0.28320628,0.5975993,0.20458548,0.5956284,0.29064292,0.6930663,0.20101629,0.69463503,0.27612337,0.7885901,0.21161558,0.78847045
carolcw - 38.png,cw,0.32798144,0.43785745,0.33968788,0.42922068,0.31336302,0.43087307,0.3641459,0.43029737,0.30181792,0.43410608,0.4041615,0.470741,0.29538092,0.46859884,0.4388535,0.49676,0.31798244,0.47927833,0.41380453,0.46547836,0.3820768,0.4608249,0.38103172,0.5988059,0.30426016,0.5975034,0.387661,0.6928363,0.3004494,0.69795674,0.37255716,0.7908402,0.311285,0.7918956
carolcw - 39.png,cw,0.49768004,0.43241617,0.5102542,0.42386553,0.48224515,0.42521217,0.53175354,0.42558107,0.46591508,0.42818502,0.5708334,0.4663154,0.45695364,0.4656839,0.6133853,0.48942015,0.48708552,0.48025444,0.58661366,0.46885675,0.5548067,0.45802468,0.54541653,0.5939991,0.46673423,0.59254384,0.5522853,0.6902138,0.46201414,0.69065887,0.5314228,0.7858717,0.47525617,0.7861747
carolcw - 40.png,cw,0.5737359,0.43208477,0.58680063,0.42331874,0.55820423,0.42454723,0.6070682,0.4251018,0.53959185,0.42729762,0.64502585,0.46668348,0.5318015,0.4662492,0.6919947,0.48950532,0.55903435,0.48154968,0.65194625,0.45565483,0.612123,0.4561741,0.62230533,0.595568,0.5437916,0.5941854,0.6223921,0.6913707,0.5384948,0.69428504,0.6017204,0.7875987,0.54517686,0.78827494
carolcw - 41.png,cw,0.6327949,0.43181688,0.64613277,0.42317164,0.61589974,0.42476466,0.6668249,0.4263397,0.5944088,0.43014997,0.70257026,0.46832278,0.58875155,0.46864054,0.7552775,0.49296373,0.6277519,0.4787596,0.7139874,0.45770544,0.68619597,0.4542987,0.6782753,0.59580153,0.60014707,0.595106,0.68591285,0.69153625,0.5945797,0.6975589,0.6571919,0.7882257,0.6036141,0.78878725
carolcw - 42.png,cw,0.69288343,0.4426175,0.7049844,0.4342229,0.67775345,0.43490708,0.72227013,0.43621644,0.6579561,0.43771678,0.7586258,0.47690699,0.6514566,0.47512808,0.81745285,0.5011291,0.69577277,0.48339647,0.7870688,0.47388333,0.7579949,0.46356976,0.7419629,0.602601,0.6672462,0.6013292,0.74380845,0.6933039,0.6537544,0.6977004,0.72591317,0.788655,0.6672559,0.79000854
carolcw - 43.png,cw,0.7124659,0.45471817,0.7239744,0.44618008,0.69678056,0.44752258,0.74221486,0.44788864,0.6758113,0.45102683,0.77808243,0.48989135,0.66956526,0.4890701,0.8306089,0.51279324,0.71229464,0.4998191,0.79624623,0.4800773,0.7691188,0.47064394,0.75253296,0.61119026,0.67829835,0.6100234,0.7625672,0.7033717,0.67214215,0.7073931,0.73964924,0.79969054,0.6780262,0.7983043
carolcw - 44.png,cw,0.6966631,0.48806918,0.70813835,0.47985092,0.6804404,0.48115155,0.72631276,0.4829881,0.6606624,0.48608038,0.7638923,0.52333325,0.65499836,0.5212263,0.8173796,0.54664946,0.691608,0.5309022,0.77638805,0.5119192,0.7462906,0.51927257,0.7441898,0.6464914,0.6679729,0.6446611,0.74579966,0.7362363,0.6574041,0.7408809,0.7281236,0.8326975,0.66965187,0.8331442
carolcw - 45.png,cw,0.63490045,0.5654394,0.64650977,0.5570118,0.61915135,0.5579973,0.6613367,0.55931276,0.5981513,0.5614848,0.6974411,0.59824735,0.59240705,0.59857357,0.7606077,0.62704265,0.6477198,0.61391425,0.7296249,0.60621655,0.70665103,0.59182304,0.6814748,0.7246919,0.60804534,0.7239219,0.68607414,0.81782997,0.59423554,0.8202069,0.66170686,0.90813655,0.6049745,0.9093821
carolcw - 46.png,cw,0.59643507,0.61283994,0.6077903,0.60494024,0.5812851,0.6057314,0.6237346,0.6065165,0.56141937,0.6084933,0.65857625,0.64584243,0.5510376,0.64483625,0.7168021,0.67481935,0.6028722,0.6605075,0.6934093,0.6470264,0.6785877,0.6382674,0.6439397,0.7683088,0.5680563,0.76800936,0.647845,0.8617534,0.5567846,0.8648051,0.6278221,0.9608688,0.5699957,0.96107566
carolcw - 47.png,cw,0.58659154,0.6347798,0.59827626,0.62773883,0.57240915,0.62867635,0.6202178,0.6306337,0.55510855,0.6329948,0.65539277,0.66883636,0.545726,0.66879886,0.6995963,0.687028,0.58519095,0.6853717,0.68139666,0.6591104,0.64654696,0.6711489,0.63727,0.7924544,0.5593846,0.79181194,0.63552356,0.88886034,0.5531824,0.88750905,0.62633574,0.9787499,0.56238765,0.9790453
carolcw - 48.png,cw,0.55089986,0.6309584,0.5631103,0.62435937,0.5367704,0.6246881,0.5836699,0.62792146,0.5178144,0.6287064,0.6163757,0.6653528,0.50650454,0.66426826,0.6595583,0.6843124,0.55070305,0.67949134,0.6401643,0.6586112,0.6095495,0.6589807,0.6001045,0.78944844,0.5217196,0.788792,0.6001576,0.88681513,0.518746,0.8855844,0.5890653,0.97990406,0.52676255,0.980082
carolcw - 49.png,cw,0.4692706,0.6224653,0.48082545,0.61518687,0.45573887,0.6160018,0.5020129,0.6172754,0.43785238,0.6191371,0.5375323,0.6561018,0.4232524,0.6537252,0.5831277,0.6763054,0.45938304,0.666928,0.54815423,0.6428436,0.5328917,0.6441653,0.51763666,0.7806848,0.43761015,0.77896035,0.5138809,0.8773043,0.43558952,0.8748008,0.5056332,0.969824,0.4465641,0.96746475
carolcw - 50.png,cw,0.4944308,0.5981012,0.50534725,0.5909247,0.4809025,0.5925426,0.5276979,0.5929264,0.4645873,0.5966761,0.563037,0.6297591,0.4517162,0.628889,0.6055426,0.65255845,0.48832545,0.6419948,0.5774102,0.63369626,0.56640476,0.62765396,0.5438167,0.75301677,0.4655065,0.75205237,0.5430752,0.8516623,0.46419176,0.8501843,0.5320209,0.9462439,0.4716384,0.9445004
carolcw - 51.png,cw,0.5652914,0.5603412,0.5766559,0.55313027,0.55286705,0.5540964,0.59862906,0.55292726,0.53678405,0.5552027,0.6302278,0.5872074,0.52323157,0.58635277,0.67258155,0.6070187,0.5591585,0.59953445,0.6500862,0.5838284,0.62925655,0.5833876,0.6123702,0.7040358,0.5373306,0.70330673,0.6087243,0.79712784,0.5380885,0.7963098,0.6016542,0.88738626,0.54319096,0.88771576
carolcw - 52.png,cw,0.5949794,0.5263282,0.6053536,0.51975036,0.58199483,0.5211782,0.62579536,0.5225717,0.56675535,0.52624875,0.65747374,0.55668324,0.5579034,0.5585711,0.6925598,0.56768143,0.5876041,0.56737465,0.6715133,0.54352266,0.6440406,0.5517336,0.6409096,0.669552,0.5701964,0.6697893,0.64242804,0.75802726,0.5671448,0.75739634,0.62955457,0.84118146,0.5770664,0.84185976
carolcw - 53.png,cw,0.61048084,0.3997064,0.6205182,0.39331636,0.60014516,0.39342645,0.6363045,0.39202902,0.5838944,0.39227635,0.6644977,0.42357713,0.56432235,0.4230523,0.6976059,0.44872501,0.5818771,0.44491637,0.68299526,0.4282724,0.6340544,0.42011434,0.64647377,0.5340257,0.5764508,0.53388,0.6444874,0.6213922,0.5743538,0.6209056,0.63405347,0.70349646,0.5799227,0.70401025
carolcw - 54.png,cw,0.63207215,0.16030282,0.64357626,0.15264651,0.6196024,0.15387255,0.6657775,0.15261029,0.60410064,0.15566906,0.69596845,0.19090408,0.5899684,0.19003548,0.73322695,0.20831715,0.6247291,0.20213239,0.7202116,0.18069418,0.6926199,0.18491168,0.6668346,0.3097379,0.5922442,0.30826843,0.65551955,0.40002358,0.5866143,0.39727816,0.647034,0.4821826,0.5953943,0.48054525
carolcw - 55.png,cw,0.637776,0.05546334,0.6504926,0.04862757,0.6249421,0.04912832,0.6736429,0.05234126,0.6088594,0.05361908,0.70381314,0.09237641,0.59520495,0.091161825,0.7372321,0.108771905,0.62528163,0.10567666,0.7192783,0.07659854,0.69188285,0.08551307,0.67453873,0.21614298,0.59828246,0.21458459,0.6622573,0.30931848,0.594874,0.30677596,0.65183157,0.3951188,0.6004136,0.39379585
gabiccw - 01.png,cw,0.46528855,0.33758214,0.48692128,0.32528976,0.44132546,0.32695565,0.52179587,0.32801646,0.4134311,0.3332081,0.5571908,0.38009873,0.38932478,0.39981654,0.53603715,0.42859012,0.35988417,0.47366363,0.3840531,0.39534187,0.3671625,0.39187977,0.5448251,0.5730165,0.42494032,0.5796553,0.5588829,0.7178232,0.42663538,0.72208565,0.57715416,0.84530973,0.44042125,0.85172355
gabiccw - 02.png,cw,0.4914762,0.33435127,0.51387537,0.32315192,0.4700801,0.32345137,0.54688436,0.32700223,0.4425513,0.3289167,0.5769184,0.37786466,0.41450992,0.39566323,0.55506396,0.4244195,0.3868399,0.47058204,0.4073542,0.3921706,0.3847606,0.39405736,0.5575409,0.57285154,0.442266,0.57727087,0.5709179,0.7186806,0.43781292,0.7158121,0.5789214,0.8460883,0.45270222,0.8462635
gabiccw - 03.png,cw,0.5261524,0.3567798,0.5498163,0.3464931,0.50527287,0.3455537,0.5842717,0.35267583,0.47814614,0.35197413,0.6091704,0.40636313,0.44459543,0.42180607,0.5865709,0.44017643,0.40927672,0.48614094,0.43902507,0.40371192,0.41549477,0.4092298,0.58631974,0.59987056,0.46926624,0.6038162,0.60294986,0.7480939,0.46512467,0.74601907,0.61034113,0.87708896,0.47631416,0.8801583
gabiccw - 04.png,cw,0.5573458,0.3722732,0.5818199,0.36204195,0.5349486,0.36066985,0.61320484,0.36917531,0.50322187,0.3674904,0.6397249,0.42243704,0.46245104,0.4376626,0.62635195,0.46224672,0.43158865,0.5068209,0.4662471,0.41765836,0.44181237,0.41618884,0.61165035,0.6359829,0.48511505,0.639461,0.6263168,0.80320513,0.48022607,0.79994655,0.62722266,0.94168335,0.49389398,0.9456862
gabiccw - 05.png,cw,0.55155814,0.39506164,0.5805802,0.38279945,0.52523893,0.38102883,0.6141895,0.39219075,0.48077628,0.3886747,0.65052104,0.45577195,0.4337671,0.47524327,0.6502871,0.48840043,0.40973663,0.5460584,0.46253264,0.4468097,0.42943987,0.44351074,0.6232957,0.69645727,0.466003,0.7023368,0.62336797,0.88323396,0.46123046,0.8782293,0.6216462,0.993115,0.47249687,0.99944234
gabiccw - 06.png,cw,0.5318453,0.40240926,0.56182593,0.38830492,0.5013782,0.38696277,0.5936359,0.39909276,0.4513302,0.397224,0.63557535,0.46852657,0.40315259,0.4918182,0.658719,0.5051577,0.39358917,0.5742919,0.44240445,0.46006733,0.42531466,0.46270117,0.60958064,0.7308461,0.44348443,0.7362086,0.6138354,0.9277174,0.42933655,0.9182042,0.0,0.0,0.0,0.0
gabiccw - 07.png,cw,0.50535154,0.40025407,0.5318513,0.38593587,0.4742044,0.38523683,0.5594654,0.39656183,0.42080575,0.39641875,0.601665,0.4665394,0.37554812,0.49164099,0.6280498,0.49748266,0.38091132,0.56755745,0.42188153,0.4541126,0.40918952,0.4581464,0.5724964,0.7240189,0.41093743,0.7300175,0.5674987,0.92149204,0.39422074,0.91230357,0.0,0.0,0.0,0.0
gabiccw - 08.png,cw,0.41327897,0.38184023,0.43571538,0.37153965,0.3850437,0.3685151,0.4472838,0.3833753,0.32597315,0.3781823,0.46657193,0.44060224,0.2788368,0.45948592,0.51119673,0.47343746,0.29760724,0.53330183,0.33125356,0.42893556,0.3274553,0.43566853,0.4522372,0.6679664,0.3179782,0.67234963,0.45205864,0.84256256,0.29568118,0.83692116,0.4511505,0.97418046,0.31844538,0.9789465
gabiccw - 09.png,cw,0.44467747,0.38175657,0.46320704,0.3722179,0.42007607,0.37042975,0.47421953,0.38258377,0.37143,0.37959984,0.490475,0.43403456,0.33414668,0.44953457,0.52485436,0.46198586,0.3486324,0.5073513,0.38392702,0.42537457,0.376035,0.4247964,0.47669,0.6288068,0.36600128,0.6336275,0.4788932,0.7767227,0.34539816,0.77956176,0.48717967,0.9003338,0.3670942,0.91867507
gabiccw - 10.png,cw,0.4443991,0.38713616,0.4616026,0.37762752,0.42326602,0.37647763,0.4721079,0.38518634,0.38226658,0.38296127,0.48523068,0.4341951,0.34937078,0.4462129,0.5175881,0.4600302,0.36075142,0.4955913,0.4038728,0.42821315,0.3827327,0.42379954,0.46952668,0.60729766,0.37339088,0.61082304,0.47520566,0.7387848,0.35392308,0.7396084,0.48387367,0.84787816,0.37323552,0.8627551
gabiccw - 11.png,cw,0.48117274,0.38361356,0.4980324,0.37608173,0.4614296,0.37332606,0.5076366,0.38560253,0.42166266,0.38100854,0.5156309,0.42792332,0.39019877,0.44043258,0.54187113,0.4395939,0.40185773,0.47853824,0.4404707,0.4178278,0.42480212,0.42112926,0.5036542,0.58379316,0.4138587,0.5876512,0.5092311,0.7018101,0.39580977,0.7016909,0.50731695,0.8018738,0.40839657,0.8173838
gabiccw - 12.png,cw,0.5047487,0.38633573,0.5204519,0.37733817,0.48608354,0.3756312,0.5307425,0.3813295,0.4478905,0.37829316,0.53980803,0.42233384,0.42108384,0.43512118,0.5609023,0.4379594,0.4321956,0.47601777,0.45564246,0.41635066,0.43691048,0.42533973,0.52835315,0.5726991,0.44505084,0.57693607,0.5383821,0.6867238,0.42584306,0.6899922,0.5440577,0.78469497,0.43851614,0.8021805
gabiccw - 13.png,cw,0.53240746,0.38376722,0.54745084,0.37454048,0.5123108,0.37442827,0.56109774,0.37655494,0.47821987,0.37726608,0.5757711,0.41827136,0.45218998,0.43208125,0.58759063,0.4367749,0.45091367,0.47638142,0.4791119,0.40837595,0.4660363,0.41097224,0.5607686,0.5733762,0.47342637,0.5776187,0.5687686,0.6909789,0.45979404,0.6928096,0.5781622,0.78858733,0.4678075,0.7986007
gabiccw - 14.png,cw,0.5747939,0.37223256,0.59163684,0.3630208,0.55446225,0.36260098,0.60835093,0.36667597,0.5200557,0.36651847,0.62487876,0.40798992,0.49219632,0.4214406,0.6258216,0.42300275,0.48532555,0.46624082,0.51879233,0.39855742,0.5060619,0.40898383,0.6099221,0.57013416,0.5148625,0.57418424,0.6204383,0.69386613,0.50514114,0.6943873,0.6271297,0.79627055,0.5114036,0.8062087
gabiccw - 15.png,cw,0.5635802,0.36954495,0.5827681,0.36035952,0.54132074,0.3601575,0.6054559,0.36501893,0.50695634,0.36568582,0.6215584,0.41178617,0.47816253,0.42412817,0.6116359,0.43422034,0.46692634,0.46817732,0.49484953,0.40002757,0.47800133,0.39663768,0.6075032,0.5789468,0.50371146,0.5827442,0.61813563,0.7111154,0.48703352,0.71170443,0.62296,0.8269171,0.50088006,0.83074737
gabiccw - 16.png,cw,0.46987715,0.36923176,0.4896724,0.3599919,0.44953018,0.35943976,0.516719,0.36470866,0.4216322,0.36478046,0.5360303,0.4131467,0.3874284,0.4245046,0.51234144,0.43803847,0.35902584,0.47119156,0.39157858,0.4039497,0.3715251,0.4017239,0.51517576,0.5874947,0.4077388,0.5907321,0.52995557,0.7228629,0.3958904,0.7225604,0.53464067,0.8409897,0.4104002,0.8457047
gabiccw - 17.png,cw,0.61230934,0.35553896,0.63505685,0.34697255,0.5939574,0.34541613,0.6662758,0.3552924,0.56756437,0.3526348,0.67958593,0.4017865,0.5336701,0.4123956,0.6465991,0.4275429,0.49434215,0.4613792,0.5262615,0.3929015,0.50643104,0.39355612,0.6578151,0.57224613,0.5526823,0.5750989,0.6697457,0.69860744,0.54487133,0.6975352,0.67070526,0.81618327,0.5533605,0.8198882
gabiccw - 18.png,cw,0.66267985,0.3544749,0.6828548,0.34576812,0.64660203,0.3450021,0.71286803,0.35298,0.62522566,0.35188085,0.7302743,0.39753965,0.5917116,0.40664476,0.6915342,0.42022657,0.54201216,0.44916314,0.58074635,0.39123547,0.5543516,0.38898534,0.70174557,0.559666,0.6021436,0.56147623,0.7137658,0.68427265,0.5936208,0.6796504,0.71530694,0.79900134,0.597636,0.7957464
gabiccw - 19.png,cw,0.6486822,0.35790712,0.6697332,0.34956735,0.63344526,0.34889978,0.69828826,0.35607672,0.6138459,0.35449615,0.71712214,0.39899302,0.5821359,0.40549052,0.6714346,0.41586906,0.5292158,0.44163007,0.5642244,0.38812843,0.53409964,0.39205724,0.68643016,0.55487,0.58467734,0.5558355,0.69504106,0.6725173,0.57778084,0.66780996,0.69400716,0.7776423,0.57416236,0.7744426
gabiccw - 20.png,cw,0.6635509,0.3545119,0.6847746,0.34694308,0.6497123,0.34563684,0.7143595,0.3544288,0.6331639,0.35134622,0.72972536,0.39636454,0.603712,0.4003262,0.68660593,0.41400254,0.55055124,0.43480828,0.5984153,0.386184,0.56151074,0.38358346,0.69611555,0.54685265,0.602485,0.5463521,0.70084983,0.66056186,0.59503967,0.65193576,0.6990339,0.76330435,0.5896314,0.7587198
gabiccw - 21.png,cw,0.68655735,0.3623731,0.705641,0.35451216,0.6723245,0.35359207,0.7365109,0.36009783,0.6550878,0.3588901,0.74696296,0.39986786,0.62446177,0.40794024,0.6976642,0.41700175,0.57431346,0.4467515,0.6059912,0.39138544,0.58582234,0.39176953,0.7116977,0.54853046,0.62246484,0.5490503,0.71596014,0.6629513,0.6101307,0.6554747,0.7110625,0.7652933,0.6053911,0.75693554
gabiccw - 22.png,cw,0.6753602,0.3622308,0.69474834,0.3548421,0.6617744,0.3529981,0.722218,0.3620249,0.6426486,0.35860533,0.7327469,0.40127566,0.60850877,0.40832037,0.6970253,0.41804397,0.5633538,0.44674844,0.6018402,0.39165276,0.57445014,0.3904861,0.6961027,0.5498394,0.6059877,0.54991305,0.6963166,0.6650091,0.59010893,0.6571469,0.6903778,0.7686747,0.58511776,0.7630744
gabiccw - 23.png,cw,0.6374894,0.37395313,0.65582865,0.36541834,0.62111974,0.3644775,0.67865855,0.37036708,0.59584904,0.3688714,0.6890824,0.41444045,0.56075287,0.42028594,0.6681395,0.43957266,0.5219512,0.46003294,0.5593854,0.4029338,0.531953,0.40273327,0.65001816,0.5668714,0.5581276,0.5663137,0.64804846,0.68749666,0.5359515,0.68274915,0.6414781,0.7959481,0.53304625,0.7918292
gabiccw - 24.png,cw,0.57626176,0.43307143,0.5940032,0.42342424,0.5576346,0.42325404,0.61513454,0.4257049,0.5282346,0.4257415,0.630888,0.46884817,0.4926829,0.4777841,0.60993963,0.4939539,0.4588806,0.52358305,0.51035076,0.4652412,0.480474,0.46312,0.5957606,0.6276069,0.49666658,0.62885964,0.59937453,0.75299674,0.4777938,0.74975085,0.5953897,0.85915893,0.47075465,0.85792816
gabiccw - 25.png,cw,0.59650314,0.45298016,0.6150465,0.44448817,0.5793243,0.44271708,0.6365644,0.44962227,0.5512708,0.4462226,0.64915633,0.4931328,0.5163534,0.49843797,0.6359549,0.5168703,0.48735332,0.54098415,0.53703433,0.48607916,0.5124701,0.48368093,0.61679196,0.645473,0.5220297,0.64492404,0.61492753,0.7643808,0.50215745,0.75639445,0.6073114,0.86869484,0.4984774,0.86544394
gabiccw - 26.png,cw,0.60593873,0.47253764,0.6228692,0.46369046,0.58799994,0.46274132,0.64032716,0.46704873,0.55687565,0.46534246,0.6510475,0.5080016,0.52675724,0.51537985,0.65269166,0.5319568,0.5080903,0.5577102,0.5566831,0.4984299,0.52598304,0.49506235,0.6230006,0.6533471,0.5352652,0.65385133,0.62115556,0.76760775,0.5160443,0.76211894,0.6164677,0.8648452,0.51148313,0.8630434
gabiccw - 27.png,cw,0.57757646,0.4497391,0.59419435,0.44107193,0.56193763,0.44034788,0.61432815,0.44455245,0.5372322,0.44315252,0.6290024,0.483972,0.50586504,0.49065772,0.6197335,0.5091033,0.4809348,0.5327352,0.52670854,0.47652942,0.5109542,0.4755867,0.6011532,0.6231551,0.51374114,0.6240529,0.60088044,0.7329289,0.4954476,0.7296454,0.59689575,0.82413185,0.4944125,0.8262106
gabiccw - 28.png,cw,0.56975883,0.38616863,0.5861546,0.37730566,0.552716,0.37659058,0.60487974,0.37986752,0.5257109,0.37870705,0.6191901,0.42012516,0.4956413,0.42836183,0.6048552,0.44042122,0.47232276,0.4712758,0.51439697,0.41567415,0.49304926,0.42092764,0.5943947,0.565443,0.5061473,0.5667272,0.59740806,0.67536485,0.48764744,0.67148143,0.59306145,0.7653246,0.48605946,0.7675487
gabiccw - 29.png,cw,0.5658616,0.32915258,0.5836491,0.32101145,0.5490137,0.3196714,0.6036074,0.32642454,0.5218072,0.3237708,0.61639595,0.36769494,0.49231923,0.37445942,0.6034043,0.38616106,0.47233847,0.41271007,0.5119267,0.35776842,0.48796153,0.35721603,0.59120834,0.51470697,0.5015198,0.51542485,0.5944544,0.62589216,0.4831866,0.6212393,0.5908782,0.71764785,0.482656,0.7190364
gabiccw - 30.png,cw,0.56229204,0.3307245,0.5791812,0.32208768,0.5450485,0.32133418,0.5984929,0.32606825,0.51744395,0.32476118,0.612282,0.3674065,0.49004865,0.37512717,0.60234076,0.3864647,0.4709804,0.41319945,0.5129539,0.35860723,0.4855493,0.35696706,0.5876426,0.51122123,0.4998577,0.51241904,0.5918134,0.62148076,0.4831132,0.6180332,0.58879495,0.7127528,0.48168397,0.71376824
gabiccw - 31.png,cw,0.562672,0.34814292,0.5790201,0.3398188,0.54715466,0.33929762,0.6001652,0.3444238,0.5248132,0.34353706,0.6143132,0.38272873,0.4972369,0.38934854,0.5988075,0.40496477,0.47075796,0.42684463,0.5203794,0.37239727,0.4942818,0.3685238,0.58972925,0.5201296,0.5057038,0.5214433,0.5927357,0.6286207,0.4894623,0.62636936,0.5894362,0.7192157,0.49043173,0.72265095
gabiccw - 32.png,cw,0.55807054,0.35926676,0.57344276,0.35093954,0.5416352,0.35140008,0.59275365,0.35543025,0.51780087,0.3566256,0.6091816,0.39432535,0.49292812,0.40271202,0.5944606,0.41258842,0.46907178,0.43858406,0.50729984,0.37886903,0.48565152,0.38251746,0.5852083,0.53126574,0.5014568,0.53281593,0.5920751,0.6363386,0.48656937,0.63496053,0.5898216,0.7263962,0.48074627,0.72660124
gabiccw - 33.png,cw,0.5312107,0.3737512,0.5467077,0.36543652,0.5143819,0.36516455,0.5660171,0.36884496,0.48995134,0.3690414,0.5791471,0.40801713,0.46439236,0.4157157,0.5708928,0.42888996,0.44417655,0.4523737,0.48159254,0.39658967,0.46091375,0.39712825,0.55774647,0.54530936,0.47559768,0.54670686,0.560386,0.6539631,0.45884088,0.6516489,0.56069636,0.7459208,0.46160668,0.74794126
gabiccw - 34.png,cw,0.51442826,0.37167034,0.53245586,0.3632081,0.4964266,0.36218786,0.55455,0.3680443,0.46888563,0.36659765,0.5663192,0.408969,0.44051677,0.41749206,0.5553384,0.4303922,0.41520968,0.45824748,0.46159092,0.39513794,0.4303003,0.3952554,0.5427158,0.55711246,0.45302022,0.5587597,0.54489905,0.67137635,0.43740594,0.66906345,0.5414427,0.7683411,0.43734732,0.7706826
gabiccw - 35.png,cw,0.53726196,0.374387,0.55622953,0.3644277,0.51655143,0.3641795,0.5788588,0.36828122,0.48391497,0.368253,0.599951,0.41476697,0.45481887,0.42520836,0.5900734,0.4368313,0.4342635,0.4698481,0.47209683,0.40305758,0.44968396,0.4046982,0.5704539,0.58000666,0.46581325,0.5821062,0.57227844,0.7067459,0.450655,0.7057779,0.5728403,0.8166652,0.44742838,0.8231892
gabiccw - 36.png,cw,0.5509703,0.37805977,0.5720303,0.36832604,0.5290251,0.36755326,0.5990831,0.374498,0.4974139,0.37397566,0.62001354,0.42037338,0.4612729,0.43187362,0.60352236,0.45540366,0.43023753,0.4880672,0.48049644,0.41873497,0.45772976,0.41197383,0.5868109,0.60664725,0.47358796,0.6085695,0.5877435,0.75117135,0.45441452,0.7491248,0.57478523,0.87602794,0.45445687,0.88143647
gabiccw - 37.png,cw,0.54897803,0.39018854,0.57471156,0.37886626,0.5247115,0.37679777,0.6035197,0.38666174,0.4842354,0.38270313,0.62956583,0.44275007,0.43967342,0.45531943,0.6159019,0.47675124,0.4036359,0.5209619,0.4493503,0.42884156,0.43345872,0.4295147,0.595845,0.6596159,0.4583696,0.66199166,0.5925328,0.82855344,0.4355649,0.8240132,0.59064204,0.9693965,0.4257035,0.9746659
gabiccw - 38.png,cw,0.5733504,0.4046102,0.6000019,0.39369327,0.5494892,0.39159867,0.6274254,0.40358862,0.5067461,0.39866063,0.6554531,0.46098635,0.4566505,0.4735412,0.6414946,0.49205905,0.4167327,0.5386321,0.47406828,0.44911873,0.45476267,0.44509217,0.62347883,0.6873289,0.4766477,0.69064105,0.6154699,0.8616124,0.456392,0.85667145,0.61049044,0.9831968,0.4396402,0.9876219
gabiccw - 39.png,cw,0.53416556,0.40882093,0.55939037,0.39824355,0.5094847,0.3963868,0.58617145,0.40799683,0.46827245,0.40471423,0.60690016,0.4645672,0.42769966,0.478132,0.6087539,0.49113637,0.40360656,0.53771836,0.4479861,0.44295046,0.42596537,0.44195673,0.57025707,0.68060535,0.4421464,0.6816331,0.56487536,0.84845316,0.41737303,0.83944476,0.5580802,0.98347276,0.41450235,0.9787188
gabiccw - 40.png,cw,0.4453877,0.40594065,0.4676324,0.39637554,0.42382523,0.3943842,0.4891085,0.40400535,0.3855789,0.40020105,0.50470555,0.45340568,0.3469965,0.46535274,0.51402426,0.47517425,0.33633146,0.5164203,0.37435794,0.43787032,0.36291423,0.43735552,0.4709021,0.64439064,0.3580394,0.64585793,0.4648564,0.7925769,0.32951313,0.7884525,0.46265683,0.9161665,0.33177963,0.92205423
gabiccw - 41.png,cw,0.4508025,0.40695313,0.47057086,0.3978917,0.43041414,0.39620757,0.48834708,0.4040082,0.39318123,0.4010089,0.5003315,0.4477463,0.3604872,0.45977145,0.5157115,0.46740603,0.35491273,0.5068496,0.3922661,0.43862626,0.37843826,0.444,0.47452363,0.6187227,0.37560165,0.6209745,0.46944523,0.7506275,0.3520098,0.7492146,0.46970773,0.8609485,0.3590163,0.8711394
gabiccw - 42.png,cw,0.3537688,0.4125745,0.37067205,0.40397385,0.33325627,0.40287364,0.3863062,0.4086197,0.29690894,0.40721238,0.39832893,0.4512915,0.26852682,0.46330485,0.40917206,0.46724346,0.2667263,0.50263584,0.30489412,0.4387845,0.28598526,0.43617356,0.37742698,0.6088538,0.28449225,0.6124963,0.37809387,0.73120123,0.26196578,0.7351621,0.38016367,0.83227795,0.26057628,0.8463801
gabiccw - 43.png,cw,0.2849419,0.40308678,0.30146202,0.39522776,0.26646006,0.39358217,0.3130872,0.40215063,0.22913504,0.39861003,0.32529292,0.44176537,0.20123608,0.45147276,0.34075376,0.4566313,0.20864126,0.49224856,0.25033334,0.4363205,0.22554673,0.43711197,0.31039095,0.59502107,0.22061238,0.5975883,0.30988103,0.71199894,0.19992349,0.71090424,0.310607,0.80764216,0.20048289,0.8206786
gabiccw - 44.png,cw,0.3129923,0.40847677,0.32881555,0.40047762,0.29581094,0.3990336,0.3405613,0.40570667,0.26208144,0.4027845,0.35027382,0.44307023,0.23577449,0.45304102,0.3706398,0.45693466,0.24061047,0.49126813,0.29445174,0.4399263,0.25773537,0.44062635,0.33500698,0.5903171,0.25321612,0.59294194,0.33732256,0.6998027,0.23315743,0.69835895,0.33653852,0.7933413,0.23589703,0.80419624
gabiccw - 45.png,cw,0.35962257,0.4094467,0.37484595,0.40213072,0.34277648,0.40075928,0.38501167,0.4085108,0.30754167,0.40542653,0.3959977,0.44531175,0.28457484,0.4539047,0.41705814,0.4578852,0.2940864,0.48900405,0.3410268,0.44396403,0.30819508,0.4462829,0.38221067,0.5817146,0.3024983,0.5839629,0.38491067,0.68709034,0.2867687,0.6862647,0.38508537,0.7741,0.28495392,0.78633916
gabiccw - 56.png,cw,0.513924,0.199278,0.52853334,0.1937927,0.50251657,0.19287863,0.5462292,0.20052816,0.48252314,0.19860037,0.5614204,0.23176694,0.46613118,0.24240445,0.57113767,0.24565698,0.4747844,0.27916554,0.5128139,0.22991563,0.49401486,0.2461062,0.54911596,0.35087037,0.4798698,0.3541959,0.54166746,0.44101995,0.46585274,0.44633526,0.55299586,0.5204241,0.4730168,0.52320176
gabiccw - 57.png,cw,0.56189764,0.2975214,0.5747344,0.29201272,0.5516122,0.29185203,0.59193987,0.29815644,0.5349539,0.29852936,0.6112223,0.32969737,0.5176703,0.34056005,0.6217702,0.35103393,0.53107256,0.37953958,0.58118474,0.3217227,0.5471127,0.33957666,0.6026349,0.4440574,0.5343532,0.44830447,0.5951401,0.53390807,0.52524126,0.53820246,0.6100182,0.6120841,0.52561384,0.6164812
gabiccw - 58.png,cw,0.6000016,0.3948337,0.6142248,0.3895434,0.5899565,0.38881204,0.63613164,0.39485437,0.5748096,0.39413518,0.657748,0.42176268,0.5633221,0.43324596,0.6734422,0.43204272,0.57660365,0.46425307,0.61453235,0.41231355,0.58789206,0.4344732,0.6452249,0.53642094,0.5763694,0.5402252,0.63976836,0.6247382,0.5628219,0.62880373,0.64951,0.70607287,0.56640375,0.7106586
gabiccw - 59.png,cw,0.55165994,0.47775033,0.5653083,0.47233444,0.5413302,0.47169644,0.58474344,0.47808555,0.524258,0.47734302,0.6065645,0.5078563,0.5075519,0.5183021,0.6208348,0.5222394,0.52132356,0.55138314,0.5651487,0.49672365,0.5421708,0.5175434,0.5973854,0.6231768,0.52501726,0.6270946,0.5896316,0.7138375,0.51228356,0.7190523,0.60295147,0.7970759,0.51064193,0.8031016
gabiccw - 60.png,cw,0.5214763,0.49975723,0.5348269,0.49443528,0.5114576,0.4938224,0.5537283,0.49981806,0.4952531,0.4991876,0.5756136,0.5294203,0.47801507,0.53957856,0.59198475,0.54381347,0.48937315,0.57242334,0.54135376,0.5181293,0.50496376,0.5388997,0.5619089,0.64859074,0.490609,0.6523047,0.5559025,0.7426703,0.47744977,0.74709153,0.5680456,0.8282189,0.475679,0.8337919
gabiccw - 61.png,cw,0.5156953,0.49712878,0.53115726,0.4903088,0.50399655,0.48891145,0.5522843,0.49617693,0.48822382,0.49352792,0.57331425,0.528276,0.47149414,0.53767604,0.58722216,0.5388458,0.4727188,0.56960124,0.5175012,0.5226799,0.4917481,0.52349454,0.5560738,0.6525264,0.48238972,0.65468514,0.55145365,0.7508085,0.46167144,0.74944025,0.5552766,0.8359862,0.4643415,0.8453203
gabiccw - 62.png,cw,0.5226585,0.4859398,0.53726655,0.47859746,0.50880826,0.478607,0.556423,0.4836955,0.4883447,0.48434564,0.5768872,0.5218391,0.47067437,0.5320568,0.5989174,0.53686285,0.4728891,0.56189483,0.5217312,0.5208212,0.48575568,0.5184653,0.55441505,0.65325457,0.47984326,0.6556716,0.55450755,0.7569042,0.45699173,0.75832343,0.5562694,0.8502095,0.4575576,0.8563524
gabiccw - 63.png,cw,0.5388692,0.4855285,0.55608976,0.47812903,0.5238282,0.47716925,0.5766403,0.4853492,0.49996066,0.4841995,0.5936878,0.5221276,0.47571868,0.53440326,0.61490583,0.53723276,0.47658628,0.5720161,0.5284225,0.51738274,0.5085476,0.52095824,0.5739669,0.6645074,0.48933974,0.66768384,0.5711434,0.7813818,0.46682015,0.78094214,0.57452303,0.8832819,0.47278583,0.89117587
gabiccw - 64.png,cw,0.5283606,0.473554,0.5459834,0.46495792,0.5094598,0.46472183,0.567591,0.47188634,0.4812701,0.4719663,0.5919505,0.51447517,0.4605697,0.5266455,0.60663795,0.53143454,0.456555,0.56624883,0.515902,0.5115539,0.4781993,0.50359946,0.56996566,0.67170006,0.47598442,0.6745184,0.5655796,0.79495484,0.45663103,0.79391456,0.571636,0.9009424,0.4557599,0.9088404
gabiccw - 65.png,cw,0.50395167,0.45003316,0.5247659,0.44163534,0.48795962,0.44022423,0.5556012,0.44875568,0.4665858,0.44649518,0.57539207,0.49194854,0.4382789,0.50189835,0.5714678,0.5167302,0.41338712,0.5463363,0.46722496,0.48327202,0.43673202,0.47810245,0.5454974,0.65634125,0.44787925,0.65818805,0.5444244,0.7842462,0.43192545,0.7823151,0.5507917,0.89629024,0.43628228,0.9023993
gabiccw - 66.png,cw,0.5121963,0.4114853,0.5327207,0.40170366,0.49513742,0.4016719,0.56665266,0.40682077,0.4753362,0.4078274,0.59850633,0.45271036,0.4450946,0.46403515,0.5843151,0.48457253,0.40737563,0.51082087,0.46621644,0.4461469,0.42782772,0.43823874,0.56898427,0.6261124,0.46094128,0.627932,0.57344306,0.76218873,0.44413134,0.7590704,0.57042515,0.8861468,0.4532241,0.8845063
gabiccw - 67.png,cw,0.45206323,0.42658058,0.47482583,0.4173115,0.4347463,0.41654962,0.5119454,0.42412752,0.414004,0.4233619,0.53695697,0.46916825,0.38457885,0.4823438,0.50078326,0.48995072,0.34059396,0.5292153,0.37672016,0.4629928,0.35493088,0.45882866,0.51090103,0.6418238,0.40055856,0.64519864,0.521402,0.7732962,0.39485767,0.76978034,0.525991,0.8976489,0.39840442,0.89921325
gabiccw - 68.png,cw,0.413667,0.41725248,0.43485183,0.4082804,0.39986098,0.40798026,0.4746361,0.41392177,0.386006,0.41422313,0.497217,0.45787507,0.35644355,0.46936858,0.45409578,0.48527062,0.30170298,0.516377,0.34100413,0.45262223,0.31327203,0.4535844,0.4680773,0.62584186,0.3669759,0.6285582,0.48127434,0.7540307,0.3638577,0.7525749,0.48851922,0.8719952,0.36825636,0.8707495
gabiccw - 69.png,cw,0.5113295,0.40836698,0.5316515,0.40026692,0.4982155,0.3996673,0.57036626,0.40593106,0.48512402,0.40562555,0.59015435,0.4471475,0.45637774,0.4574195,0.5483789,0.46707946,0.40076676,0.4980054,0.44724053,0.4415638,0.4160524,0.43974942,0.56437355,0.60147184,0.4689986,0.60358953,0.5741174,0.7229059,0.46726826,0.7174436,0.58198285,0.83424056,0.47203588,0.82751316
gabiccw - 70.png,cw,0.5629009,0.40235895,0.58122283,0.3944081,0.5526955,0.39384452,0.61754745,0.39963728,0.5440585,0.39892796,0.6381335,0.43960106,0.51612705,0.44678587,0.5941185,0.45952284,0.46195108,0.48061633,0.5127639,0.4346762,0.4768004,0.42746183,0.6116918,0.5815981,0.5238758,0.5832123,0.626304,0.6969609,0.51939464,0.6928299,0.62987286,0.7994923,0.5244679,0.79559994
gabiccw - 71.png,cw,0.57343054,0.39512908,0.59147054,0.38776827,0.5644999,0.38699844,0.6293262,0.3924966,0.5581277,0.3916991,0.64749044,0.42785066,0.5323938,0.4376388,0.5986641,0.43959057,0.47957024,0.46948618,0.51684785,0.42019427,0.49019566,0.4173981,0.6223152,0.56393206,0.539466,0.566259,0.6361335,0.6699188,0.53824604,0.66496336,0.6401992,0.7656593,0.5457156,0.76053804
gabiccw - 72.png,cw,0.567951,0.3968514,0.58437663,0.3897775,0.55918527,0.38891846,0.6183386,0.39364812,0.5532089,0.39274636,0.6348798,0.42676076,0.5283071,0.43585512,0.5854422,0.43777835,0.47810882,0.4673045,0.5165631,0.4206362,0.4889624,0.419546,0.6148323,0.55351657,0.5375881,0.555848,0.6291939,0.65543544,0.5336835,0.64991194,0.6332403,0.7472902,0.5407686,0.7413754
gabiccw - 73.png,cw,0.5622845,0.39537656,0.5787315,0.38847885,0.5544716,0.38802537,0.6124877,0.39280602,0.5483251,0.39209473,0.62899595,0.4276569,0.52379835,0.43571046,0.5826459,0.43870482,0.47567227,0.46389145,0.51097393,0.42067596,0.48664945,0.41832048,0.6089505,0.55002433,0.53231484,0.5523523,0.6237993,0.6498463,0.525705,0.64500886,0.6283463,0.7427835,0.52850163,0.7362569
gabiccw - 74.png,cw,0.5656672,0.39042246,0.58362484,0.38297,0.55592924,0.38241568,0.61986524,0.38816503,0.54793465,0.38781214,0.6368619,0.42427027,0.5231512,0.43445805,0.5861739,0.43402496,0.47367373,0.46546647,0.50948346,0.4158269,0.48305002,0.41370395,0.61342216,0.55798113,0.5307688,0.56031334,0.6259415,0.66540414,0.525733,0.65926313,0.6276844,0.7606914,0.53242993,0.75120944
gabiccw - 75.png,cw,0.58183736,0.3891006,0.5990515,0.38057733,0.5697836,0.38132474,0.6351995,0.38395193,0.56005394,0.38681573,0.6593768,0.42167285,0.53592134,0.4350715,0.6184125,0.4382417,0.48388365,0.4713859,0.52294165,0.41954425,0.49542326,0.41654888,0.6443381,0.5651347,0.5560089,0.56952053,0.6655096,0.6770221,0.56172544,0.67558,0.6783503,0.78093857,0.5735986,0.7756038
gabicw - 01.png,cw,0.4965151,0.33026323,0.51328754,0.3205475,0.47712514,0.32052988,0.53615576,0.32463178,0.4497077,0.32387418,0.5705485,0.37921226,0.429274,0.3705701,0.62093496,0.41927397,0.44254512,0.3960404,0.6164789,0.3602758,0.5482356,0.37898237,0.5539281,0.5329122,0.4538066,0.5303006,0.56605875,0.6473528,0.44524303,0.6504132,0.5649697,0.75448805,0.4428191,0.75564045
gabicw - 02.png,cw,0.47783068,0.33038637,0.49266335,0.32013583,0.4573731,0.32168427,0.5151738,0.3253558,0.4298406,0.32854533,0.55442625,0.38187882,0.4188795,0.3749797,0.60624963,0.42350143,0.43824166,0.39929816,0.6060949,0.35938093,0.5322491,0.37510237,0.5351656,0.5328548,0.43956304,0.53067374,0.54832846,0.6451277,0.43358517,0.65094495,0.5378404,0.7597114,0.4292356,0.75627196
gabicw - 03.png,cw,0.44094887,0.3369853,0.4557516,0.3263688,0.4203676,0.3282717,0.47644618,0.33013994,0.39062792,0.3333505,0.5153716,0.3851833,0.37757495,0.3798356,0.5725766,0.42575884,0.4007665,0.40576154,0.57257116,0.36521438,0.49549532,0.38130066,0.5018633,0.53990424,0.4007788,0.53898257,0.5144588,0.65637803,0.39279637,0.66380906,0.5125872,0.7693052,0.39086854,0.7657347
gabicw - 04.png,cw,0.4570339,0.3410424,0.47272316,0.3309665,0.43607268,0.33196375,0.4938465,0.33620507,0.40684572,0.33831894,0.5287882,0.3925033,0.3922244,0.3859711,0.59239894,0.43114734,0.42332873,0.4027757,0.58603776,0.36104348,0.52294946,0.37898216,0.5158655,0.5480087,0.41863462,0.5464525,0.5279961,0.66105753,0.40551525,0.670201,0.5231916,0.7773878,0.40473056,0.77637655
gabicw - 05.png,cw,0.535175,0.35165516,0.5480881,0.34073272,0.51243514,0.34384468,0.56676286,0.34469712,0.4790171,0.35102108,0.6050898,0.39946786,0.4700839,0.3965275,0.66366285,0.43770498,0.51933646,0.4171778,0.6800118,0.39133927,0.63537353,0.38216382,0.5864181,0.5519945,0.48843738,0.5524701,0.60310274,0.6623256,0.48338148,0.6728739,0.5937606,0.7733361,0.48896027,0.77464783
gabicw - 06.png,cw,0.51535046,0.35248497,0.5268309,0.342773,0.49354467,0.34468082,0.54225475,0.3481143,0.4608356,0.35271266,0.57970625,0.40048003,0.452069,0.39650184,0.6423909,0.43681428,0.502667,0.4129613,0.6459739,0.37763008,0.6066161,0.3834127,0.5686453,0.543659,0.47802135,0.5435434,0.58552426,0.6504511,0.46727905,0.66243494,0.5774627,0.7585825,0.47466236,0.76383835
gabicw - 07.png,cw,0.40179324,0.34609085,0.41411904,0.3368474,0.3814084,0.33853674,0.42928252,0.34257737,0.34984836,0.34599715,0.4604638,0.39157805,0.34466466,0.3880678,0.5246388,0.42555124,0.3884766,0.4054231,0.52781487,0.37023064,0.4812027,0.38192528,0.46089613,0.5299832,0.37729374,0.5304224,0.47440553,0.6308864,0.3688984,0.64158237,0.4827656,0.73390085,0.37968028,0.741254
gabicw - 08.png,cw,0.31198287,0.3317683,0.32155618,0.3232251,0.29211977,0.32479155,0.33140174,0.32798505,0.26086462,0.3316361,0.36617905,0.37695277,0.25291693,0.37231594,0.43294954,0.40919974,0.31268927,0.38374463,0.43539605,0.3573569,0.40939075,0.35355937,0.36537203,0.5083445,0.2842006,0.50875264,0.39030254,0.607161,0.28101966,0.618986,0.38297033,0.70526093,0.28119203,0.7155325
gabicw - 09.png,cw,0.38813144,0.3239023,0.39717934,0.31547067,0.36880034,0.31747082,0.40630057,0.3202751,0.33869755,0.32481396,0.43686318,0.36492884,0.33375707,0.36317512,0.50185305,0.39788923,0.39922073,0.3758647,0.5099167,0.35263646,0.48518372,0.34290287,0.43685928,0.4905818,0.36230373,0.49234673,0.46027026,0.5846022,0.35458383,0.5985169,0.45982215,0.6788577,0.36602387,0.6917518
gabicw - 10.png,cw,0.46337238,0.32774097,0.47196186,0.31908107,0.44370574,0.32150164,0.48154742,0.32306188,0.41335002,0.32845625,0.513808,0.3683766,0.40953934,0.3663939,0.579064,0.40018108,0.473526,0.37785736,0.5882529,0.361102,0.56107336,0.34912232,0.5096519,0.4925737,0.43540406,0.4937422,0.53400654,0.5875373,0.43009415,0.5995419,0.5279996,0.6808299,0.43645087,0.69046724
gabicw - 11.png,cw,0.49917218,0.3243504,0.50819945,0.3152812,0.47849017,0.31776968,0.5179677,0.31882375,0.44727638,0.32433593,0.5516339,0.36610556,0.44120878,0.36315876,0.6152448,0.3984221,0.5018655,0.37594992,0.62778544,0.34979907,0.5964819,0.3456892,0.55270135,0.4981683,0.4727411,0.499426,0.57730824,0.59713495,0.4675467,0.6092051,0.5732675,0.6967486,0.47524697,0.7065187
gabicw - 12.png,cw,0.48632467,0.3323848,0.49672335,0.32229343,0.46531907,0.32503977,0.50911874,0.32701132,0.43237525,0.33235592,0.5448972,0.37778774,0.4256876,0.37476107,0.61696726,0.41241768,0.47287953,0.3896559,0.6190136,0.35910004,0.5826242,0.3614211,0.5504234,0.5207303,0.46480465,0.52195615,0.56580323,0.62336385,0.45904955,0.6356302,0.57751757,0.72454315,0.47251722,0.7328072
gabicw - 13.png,cw,0.4808561,0.330515,0.4931935,0.31979054,0.459687,0.3222129,0.5084678,0.32302943,0.42639405,0.3275804,0.54486525,0.37598428,0.418325,0.37233782,0.6186877,0.41690361,0.4628688,0.39137372,0.63049936,0.36908057,0.568643,0.36637244,0.545486,0.52724504,0.45503548,0.52819973,0.5627641,0.6374217,0.44953164,0.64931697,0.5717104,0.7463655,0.4621343,0.7526399
gabicw - 14.png,cw,0.5369244,0.3366218,0.55177236,0.32550624,0.51369774,0.32769617,0.57355297,0.32997134,0.4802654,0.33440167,0.61522996,0.38925916,0.47007164,0.38344052,0.67985076,0.42496112,0.51256263,0.40124112,0.68655545,0.36270145,0.6460265,0.37383303,0.60448706,0.5472835,0.50059146,0.5474002,0.62477475,0.66023016,0.50195706,0.6722195,0.6243531,0.7750002,0.50978935,0.7795897
gabicw - 15.png,cw,0.7122074,0.3238857,0.7266649,0.31285205,0.6894438,0.31526035,0.7504341,0.31770194,0.6611277,0.32309514,0.796453,0.37628785,0.64607656,0.37143785,0.854994,0.41702348,0.68324447,0.38964114,0.85907626,0.35334665,0.8267403,0.34784102,0.7799607,0.5354949,0.6744233,0.53496796,0.8004668,0.65462166,0.66894644,0.66253036,0.79185414,0.77533597,0.67786914,0.77465296
gabicw - 16.png,cw,0.539241,0.33414203,0.5544943,0.32433224,0.5185191,0.32560357,0.5787122,0.3288863,0.4939956,0.33166394,0.6157899,0.38275504,0.47867492,0.3764042,0.66416925,0.41820306,0.49771857,0.39163125,0.66129625,0.36059323,0.6136559,0.36769456,0.60699236,0.53561777,0.5095796,0.5344573,0.62277466,0.6470384,0.50398195,0.6531403,0.62227666,0.75735354,0.5064878,0.7562296
gabicw - 17.png,cw,0.53642505,0.30956247,0.55183774,0.3000544,0.51830536,0.30175123,0.577246,0.30506513,0.49823275,0.307856,0.6159056,0.35565355,0.48405817,0.35027248,0.65668124,0.3887292,0.48716208,0.36697307,0.65068704,0.34434426,0.59861934,0.33584702,0.6037231,0.4995968,0.50798905,0.49884048,0.6176904,0.6103895,0.51015556,0.6137151,0.6230837,0.71661335,0.5111785,0.7105024
gabicw - 18.png,cw,0.5510362,0.29170454,0.5662262,0.2827998,0.5337955,0.2835986,0.5924852,0.2864664,0.51469785,0.2883254,0.62476784,0.3345161,0.5008546,0.32969934,0.66190195,0.36984706,0.5130109,0.3477245,0.64746577,0.3170632,0.61741483,0.32220945,0.6156859,0.47078773,0.5285178,0.47007856,0.63084936,0.5714986,0.5275595,0.5767824,0.6345046,0.6737851,0.53055817,0.6714277
gabicw - 19.png,cw,0.527983,0.29240158,0.54228747,0.28424633,0.5120223,0.28478998,0.5687099,0.2888836,0.49648973,0.29001307,0.5996594,0.33565533,0.48270652,0.3280972,0.6268121,0.36861852,0.4844131,0.3405611,0.62468946,0.3315278,0.58754534,0.32450494,0.5905362,0.46457383,0.50780207,0.46312937,0.6095823,0.5610442,0.5108706,0.56385165,0.6137804,0.6566531,0.51386577,0.653382
gabicw - 20.png,cw,0.53760487,0.29255062,0.5500479,0.28495434,0.52367115,0.2858335,0.5753099,0.28813452,0.50987375,0.28982386,0.6080181,0.33590904,0.4945162,0.32645184,0.6288634,0.36749506,0.4870233,0.3395224,0.62758964,0.34013838,0.57449865,0.3341679,0.5921971,0.45449755,0.51410455,0.4523607,0.614609,0.5470914,0.5182751,0.55134857,0.61924344,0.6425063,0.5202982,0.63972795
gabicw - 21.png,cw,0.5435627,0.29282677,0.5575855,0.28687122,0.5325896,0.28623694,0.58389133,0.2912673,0.5184011,0.28904656,0.61485183,0.33083797,0.4984553,0.3237916,0.63399726,0.3569263,0.5060748,0.3384462,0.6355753,0.3365015,0.5843216,0.32461905,0.6105922,0.45125544,0.52675086,0.4499116,0.62467456,0.54718274,0.52949136,0.54414344,0.634278,0.62955415,0.53157383,0.62899
gabicw - 22.png,cw,0.54985845,0.2902757,0.5629246,0.28332877,0.53617364,0.28409764,0.5893454,0.2878281,0.5209806,0.28869605,0.6164518,0.3283801,0.5051155,0.32217383,0.63493484,0.35825092,0.49842677,0.3419002,0.64584416,0.33295244,0.5968327,0.32973805,0.608038,0.44579947,0.5292865,0.44527963,0.62123924,0.5402615,0.5306956,0.5410714,0.6324434,0.6258942,0.5369381,0.62943894
gabicw - 23.png,cw,0.54802555,0.28851104,0.5619279,0.28102323,0.53390545,0.28155845,0.58850235,0.28450525,0.5189027,0.28539556,0.6181681,0.33034626,0.50467104,0.32206416,0.6367606,0.36246148,0.50644857,0.33817312,0.64239174,0.33116055,0.591443,0.3261274,0.60322195,0.44986346,0.5239572,0.44808054,0.6245392,0.54325986,0.52606714,0.5469445,0.6250218,0.63891053,0.52962494,0.63682014
gabicw - 24.png,cw,0.5159316,0.2879643,0.5307606,0.2794138,0.5002467,0.27962932,0.5568959,0.28276765,0.48416466,0.2831154,0.58562136,0.33002487,0.4726698,0.3221034,0.6106093,0.36914945,0.47863892,0.3400214,0.61027443,0.3229411,0.56512517,0.32088414,0.5771172,0.45987144,0.49606034,0.45818228,0.59362936,0.5586426,0.49605504,0.5622023,0.5971994,0.65532213,0.4980516,0.651199
gabicw - 25.png,cw,0.45714083,0.2901637,0.47215056,0.28147113,0.44092843,0.28208977,0.49830875,0.2857901,0.4237251,0.2871193,0.5324638,0.33458874,0.40758097,0.3281671,0.5667077,0.37293854,0.41745028,0.34662506,0.55366117,0.32126164,0.52405834,0.32483223,0.5228075,0.47257778,0.43462285,0.4712107,0.53767055,0.57537407,0.43285623,0.5798045,0.5384553,0.67705965,0.43581113,0.67360574
gabicw - 26.png,cw,0.46531853,0.2899768,0.47934574,0.28060436,0.44779325,0.28246915,0.50435877,0.28307754,0.42722395,0.28699672,0.5410846,0.3348241,0.41502255,0.33016843,0.57606107,0.37401748,0.4470648,0.35031384,0.5750605,0.32977307,0.5437008,0.3223553,0.52423084,0.47571442,0.43452752,0.4754783,0.5482166,0.57986695,0.43305078,0.58954173,0.5413589,0.69189245,0.4397848,0.69271725
gabicw - 27.png,cw,0.52664226,0.29338086,0.54039615,0.28404474,0.5085226,0.2854602,0.5616467,0.288903,0.48465043,0.29129773,0.59944624,0.34032467,0.47374916,0.3332057,0.64209026,0.37856567,0.5017794,0.3540311,0.64783746,0.3275559,0.6139193,0.32361147,0.5848303,0.48168927,0.49209854,0.48038533,0.60192657,0.58819646,0.4878904,0.59433454,0.59873366,0.6968024,0.48653123,0.6960466
gabicw - 28.png,cw,0.523292,0.29630026,0.537554,0.2866819,0.5032822,0.2885727,0.55940974,0.29257637,0.47696036,0.29611558,0.5976598,0.34619913,0.4663507,0.34013414,0.63955605,0.38211998,0.4976907,0.35899124,0.6518871,0.33672574,0.61131704,0.32698303,0.57988507,0.48956162,0.48381126,0.4886619,0.596678,0.59701484,0.47805932,0.6035746,0.5875312,0.7044222,0.4805517,0.70419955
gabicw - 29.png,cw,0.50809616,0.29833186,0.5230519,0.2887031,0.48832408,0.29018787,0.545227,0.29466623,0.4630962,0.29776984,0.5816686,0.350257,0.44746545,0.34475258,0.6273382,0.38821843,0.4892763,0.36176684,0.64738476,0.33766627,0.6064347,0.32685903,0.5652999,0.5041009,0.4677647,0.5035316,0.5862372,0.6162419,0.4586615,0.6241512,0.5700555,0.73395777,0.46022484,0.7327787
gabicw - 30.png,cw,0.47797444,0.31550926,0.49504915,0.30459163,0.45465946,0.30630997,0.52123594,0.31100804,0.4251694,0.31396168,0.56543624,0.37144276,0.4162168,0.36384717,0.6171564,0.41672614,0.4490097,0.3920371,0.62507445,0.35437402,0.58170277,0.35690165,0.546508,0.5436919,0.43455783,0.54247457,0.56097496,0.671923,0.43332523,0.67959714,0.5608526,0.7983247,0.42977488,0.79948974
gabicw - 31.png,cw,0.44814113,0.34718636,0.46745917,0.33583948,0.42292908,0.33719847,0.496149,0.3445553,0.3906866,0.3470754,0.5404984,0.4141366,0.37192762,0.40342167,0.6004108,0.46388495,0.40593508,0.42219517,0.6282425,0.39826274,0.56984967,0.3941896,0.52030057,0.599765,0.40141335,0.5971954,0.53564334,0.7400925,0.39154938,0.74691033,0.5232275,0.8781502,0.39187813,0.876635
gabicw - 32.png,cw,0.44393572,0.37056747,0.46439382,0.35816342,0.41583547,0.35992336,0.49201545,0.36663654,0.37804133,0.36987534,0.544167,0.4411411,0.35506955,0.4303914,0.6283375,0.4994775,0.40858334,0.45466006,0.61976224,0.41328758,0.56885636,0.41871122,0.521359,0.65175873,0.3850726,0.6489161,0.5305933,0.80665797,0.3698844,0.81865835,0.5185935,0.9644633,0.36742526,0.9639853
gabicw - 33.png,cw,0.36021292,0.36292815,0.3830656,0.35050133,0.33199486,0.3514158,0.4138791,0.36032385,0.29385898,0.36157063,0.46771976,0.43694127,0.26973033,0.4236639,0.55904007,0.49630472,0.32405633,0.44883418,0.55627215,0.40763122,0.48398092,0.4186347,0.44646877,0.6587623,0.3023559,0.6548308,0.45587927,0.8230841,0.28630462,0.83231676,0.45462295,0.9788385,0.29024482,0.9769202
gabicw - 34.png,cw,0.3729915,0.36979628,0.3968113,0.35771772,0.34514165,0.35822004,0.42950845,0.36788133,0.3075787,0.3684484,0.48118976,0.44223076,0.2867651,0.43124536,0.5763822,0.4982339,0.34889305,0.45646128,0.5731325,0.40991518,0.51428497,0.42259154,0.46039692,0.657756,0.31879312,0.6552196,0.46692872,0.8149342,0.30498412,0.82726616,0.46719104,0.9668078,0.30718696,0.9727069
gabicw - 35.png,cw,0.44681498,0.35386536,0.4675643,0.34112462,0.41950667,0.3424655,0.49364623,0.35002556,0.380017,0.35255542,0.543366,0.42404565,0.36600515,0.41767287,0.63655317,0.4828529,0.44751424,0.4390631,0.6498802,0.42620546,0.60817486,0.39366102,0.52247816,0.62846404,0.39616758,0.62817997,0.5328119,0.7743558,0.37921345,0.78927135,0.51791835,0.92001057,0.3933837,0.9291248
gabicw - 36.png,cw,0.46091595,0.29818192,0.48167136,0.28663892,0.43300045,0.28684893,0.5058104,0.2974621,0.39164537,0.2975186,0.5483369,0.36980778,0.3765984,0.36023936,0.645214,0.42265704,0.45385996,0.37755314,0.6688221,0.36306274,0.6070064,0.33771557,0.5345946,0.5667691,0.40929648,0.5659175,0.53653234,0.7074389,0.39151758,0.72132003,0.5336515,0.84293,0.3987024,0.8541662
gabicw - 37.png,cw,0.44587955,0.23371984,0.46613377,0.22286998,0.4191237,0.22322462,0.49003866,0.23380715,0.38100448,0.2342878,0.53251815,0.30418608,0.36680737,0.29461518,0.6297553,0.35082904,0.43701774,0.31075755,0.62569827,0.26761094,0.57920814,0.27297005,0.5140068,0.4987254,0.39437696,0.49662912,0.5205605,0.6372984,0.3800207,0.64961725,0.51791936,0.770063,0.38536268,0.77805114
gabicw - 38.png,cw,0.4000932,0.24483715,0.4196167,0.23427424,0.37508443,0.23439875,0.44404387,0.24455029,0.33974528,0.24469666,0.4852495,0.31294602,0.32293203,0.30356854,0.5717281,0.35711035,0.37979499,0.3201224,0.57927185,0.27817264,0.5333185,0.29087076,0.46895504,0.502071,0.35348144,0.5003533,0.47842363,0.6370233,0.34161055,0.64978415,0.4807226,0.76991767,0.34484133,0.7788814
gabicw - 39.png,cw,0.28395063,0.27137575,0.30362338,0.26044565,0.25699428,0.2610542,0.32663935,0.26971236,0.21785787,0.27039772,0.365796,0.3383929,0.20062667,0.32884336,0.4597835,0.38983017,0.2636265,0.34629315,0.47105315,0.335679,0.40830004,0.31250644,0.36046794,0.52783453,0.23984124,0.5270759,0.3677686,0.66601014,0.22609265,0.676477,0.37992257,0.78983474,0.23332591,0.79932564
gabicw - 40.png,cw,0.123987876,0.28142583,0.14492829,0.27048683,0.099576294,0.2699623,0.17349505,0.2793684,0.06498721,0.27846408,0.22280015,0.34884876,0.049648643,0.34093216,0.31382635,0.39735892,0.103705764,0.36130673,0.31202754,0.31769404,0.26490247,0.3278678,0.21795264,0.5424517,0.09379312,0.542459,0.24011092,0.68293005,0.08892582,0.6988956,0.24598625,0.8153536,0.096190274,0.8279923
gabicw - 41.png,cw,0.38055006,0.30646926,0.40233552,0.29491448,0.35627872,0.29499438,0.43361306,0.303478,0.32514217,0.30361342,0.4833374,0.3753092,0.31014967,0.36691687,0.55967885,0.42344204,0.36709204,0.3865194,0.554686,0.3441441,0.5236224,0.3591202,0.4797002,0.57006335,0.35671476,0.569679,0.5043427,0.70795697,0.35477898,0.7232835,0.5012025,0.84432656,0.36634326,0.85863364
gabicw - 42.png,cw,0.6989311,0.31618968,0.72137165,0.30359247,0.6741158,0.3048374,0.7579171,0.30961356,0.6445436,0.31210145,0.81117296,0.37934357,0.62860596,0.37156406,0.88282424,0.43289882,0.66378284,0.39840898,0.88398945,0.35594058,0.83134574,0.36185184,0.79858637,0.57677335,0.6699294,0.57543045,0.82218546,0.71760666,0.6683415,0.7249972,0.8259585,0.86628747,0.6778426,0.8641752
gabicw - 43.png,cw,0.51741624,0.33314618,0.5374818,0.3211687,0.4955534,0.32314694,0.5744726,0.3265136,0.47307885,0.33014974,0.6269697,0.39222705,0.45970166,0.38595995,0.6788026,0.43934545,0.47651616,0.41154283,0.68297005,0.37590155,0.6345121,0.37153342,0.6152498,0.57487404,0.49486038,0.5751863,0.64263904,0.709501,0.5062371,0.71787405,0.6497608,0.8460349,0.51329356,0.8453909
gabicw - 44.png,cw,0.47112533,0.33880034,0.49014163,0.3277541,0.45161572,0.32845148,0.5249029,0.33118835,0.43256253,0.33245927,0.57113445,0.3926866,0.42081842,0.3856238,0.61837476,0.4353097,0.43265793,0.40820915,0.60527635,0.36282286,0.5689966,0.37324777,0.5677061,0.5634757,0.45933607,0.56250817,0.59191215,0.6924703,0.46505573,0.6967844,0.60698646,0.8150195,0.46957284,0.810381
gabicw - 45.png,cw,0.46969983,0.33717626,0.48813915,0.32634908,0.45035237,0.32715407,0.5217106,0.32974914,0.4315026,0.33124208,0.5669344,0.38867643,0.42011142,0.38157338,0.609487,0.43396807,0.42903295,0.4053221,0.5969514,0.36610636,0.55661666,0.3722218,0.56663626,0.5554717,0.46027246,0.5546977,0.58899605,0.68256915,0.4664335,0.6872604,0.6040369,0.8025307,0.47039437,0.79842246
gabicw - 46.png,cw,0.5022487,0.32686812,0.522194,0.31638926,0.48246828,0.31616575,0.5587834,0.3202721,0.46421617,0.31957364,0.60101974,0.38163507,0.44777942,0.3712317,0.6334625,0.42743695,0.45117587,0.39842385,0.62011427,0.35060334,0.58880347,0.3717405,0.5964038,0.5483081,0.48751473,0.5459038,0.61829597,0.6773683,0.4996937,0.6778654,0.63240594,0.79597884,0.50370425,0.7932262
gabicw - 47.png,cw,0.5075991,0.32596946,0.5287271,0.3148004,0.4875745,0.31494874,0.5652948,0.31845877,0.46782017,0.31776735,0.6097099,0.38097826,0.45363438,0.37054124,0.6461405,0.42708942,0.45255193,0.40166754,0.6265819,0.35223117,0.58668965,0.37309194,0.60231656,0.5481308,0.48857018,0.5455975,0.6205606,0.6762505,0.5028091,0.6755403,0.63409597,0.7918338,0.5072668,0.78511643
gabicw - 48.png,cw,0.52205807,0.30117774,0.542757,0.289777,0.5024423,0.29049948,0.5805474,0.29300377,0.4830204,0.29392326,0.62639695,0.35398835,0.46985495,0.3432708,0.65901494,0.41010967,0.46340585,0.38129222,0.64778125,0.3310476,0.58739746,0.35658678,0.61336404,0.5259795,0.50048447,0.5233826,0.6340325,0.6522647,0.51480776,0.6550822,0.63973016,0.76843953,0.51237035,0.76289
gabicw - 49.png,cw,0.5429079,0.2794215,0.5629763,0.26841387,0.5220033,0.26944348,0.60194534,0.2715329,0.5027173,0.2741232,0.64583856,0.33295357,0.4884814,0.3252947,0.6806498,0.38473403,0.49326578,0.35280928,0.6687892,0.30522373,0.62861145,0.32515562,0.6363283,0.50850195,0.5259489,0.5067078,0.6535068,0.6342133,0.5334525,0.6397481,0.6553554,0.75001186,0.5337246,0.74315035
gabicw - 50.png,cw,0.5736643,0.31498954,0.59295326,0.3038045,0.55325305,0.30488464,0.6313147,0.30651584,0.5362405,0.30887753,0.6783534,0.36830857,0.52359164,0.35889685,0.70792735,0.41771653,0.5130833,0.38621426,0.69087046,0.33929992,0.6335935,0.3637372,0.6716277,0.5398654,0.56149745,0.53752106,0.6909401,0.6670953,0.56987894,0.67034644,0.69939744,0.7864495,0.56764364,0.77902335
gabicw - 51.png,cw,0.606912,0.24846569,0.6257316,0.23717394,0.58632505,0.23845492,0.66481096,0.24013644,0.57000417,0.24307337,0.7108606,0.3036271,0.5533303,0.2948501,0.74007654,0.3485413,0.5457592,0.3175031,0.73322225,0.2776366,0.6908934,0.29119223,0.6954696,0.47707325,0.5850526,0.47483167,0.711832,0.607953,0.59132564,0.61080706,0.71932966,0.7286953,0.5891377,0.7220616
gabicw - 52.png,cw,0.5670696,0.24111687,0.5869788,0.23072039,0.5485273,0.23086153,0.6267867,0.23519251,0.5340958,0.23526295,0.66934997,0.2959869,0.51990604,0.28645137,0.6941008,0.33638307,0.51736087,0.3069492,0.6872691,0.27444908,0.6504146,0.27689195,0.65291,0.45938274,0.545606,0.45657304,0.67068297,0.5852147,0.5508252,0.5842815,0.67678696,0.69875574,0.55209094,0.69127643
gabicw - 53.png,cw,0.54248726,0.23896351,0.5610833,0.22988066,0.5266234,0.2296518,0.59515417,0.23495942,0.51070124,0.23453747,0.62940305,0.2881246,0.49620485,0.2816192,0.66198874,0.33051398,0.5117806,0.30198085,0.6519821,0.26265794,0.6298392,0.26201582,0.61375266,0.4395674,0.51918936,0.43823498,0.62920576,0.55441993,0.52159196,0.55986893,0.6287619,0.6619467,0.5219155,0.6594606
gabicw - 54.png,cw,0.5375253,0.24478108,0.5548087,0.2357722,0.52134866,0.2359162,0.58572,0.24002682,0.50419235,0.24049433,0.62116385,0.29094097,0.49003205,0.28545648,0.6584566,0.328518,0.503959,0.30536819,0.6389151,0.2666757,0.61402965,0.2742006,0.604866,0.4359914,0.51235104,0.43430012,0.6194571,0.54493237,0.51139516,0.5482753,0.6159918,0.6491183,0.5098949,0.64360297
gabicw - 55.png,cw,0.5539681,0.24391752,0.57297415,0.23480953,0.5371388,0.23413211,0.6049122,0.2400496,0.5201385,0.237911,0.6399242,0.29346582,0.5098636,0.28505334,0.6795827,0.33146176,0.5297159,0.30439728,0.6734676,0.2789145,0.6440504,0.269252,0.6228987,0.44143403,0.5277463,0.43873006,0.6349263,0.5545398,0.5233174,0.55500185,0.6380048,0.6574683,0.5191086,0.6550904
gabicw - 56.png,cw,0.5835371,0.24127457,0.60159516,0.23141576,0.56624097,0.23231083,0.6345427,0.23762208,0.5487094,0.2394814,0.6743338,0.29591614,0.53405565,0.28849444,0.713505,0.3333567,0.55719537,0.30615717,0.70705986,0.26246592,0.68396264,0.2713475,0.64836633,0.45226583,0.5480905,0.44958204,0.66274077,0.5661428,0.54129946,0.5705593,0.6540102,0.6858684,0.53607357,0.6793112
gabicw - 57.png,cw,0.50221944,0.25319645,0.5193366,0.2436651,0.4832323,0.24449164,0.5482901,0.25067994,0.46269566,0.25169763,0.5913918,0.30912864,0.44882277,0.29724717,0.6274602,0.3495587,0.46297106,0.32051772,0.64184344,0.28599307,0.6027657,0.30041727,0.5666377,0.4687938,0.461453,0.4652325,0.5732104,0.5886586,0.4552923,0.59175456,0.56927884,0.70436996,0.45361277,0.70110923
gabicw - 58.png,cw,0.50717944,0.26264888,0.52520186,0.25299785,0.48647094,0.25239533,0.548977,0.2609225,0.45721152,0.25895107,0.58368206,0.3225959,0.4409779,0.3119947,0.6435365,0.35964146,0.48149368,0.3289308,0.6429668,0.28990054,0.6155873,0.29371187,0.55998737,0.4822435,0.45740092,0.47810742,0.56492394,0.60414875,0.4405508,0.6041492,0.5553202,0.71561104,0.43341106,0.7141726
gabicw - 59.png,cw,0.51240283,0.2778131,0.52836305,0.2672871,0.4880218,0.26901326,0.5512487,0.27384993,0.45498073,0.27711177,0.58990467,0.33462304,0.44056395,0.32245228,0.6482178,0.3838296,0.47790018,0.34128335,0.66487944,0.3490449,0.61428934,0.3319959,0.56052685,0.4948067,0.45503804,0.49023792,0.560532,0.61151457,0.43881887,0.6155681,0.54063207,0.7297138,0.42228892,0.72676
gabicw - 60.png,cw,0.4301304,0.2998717,0.44604856,0.29034242,0.40939203,0.29008186,0.4634018,0.2978538,0.3748616,0.2961948,0.49697447,0.35596156,0.36469173,0.34633273,0.5731973,0.39158416,0.41887894,0.36397743,0.57735914,0.32904524,0.53978,0.3292335,0.47486898,0.51384586,0.37633565,0.5106452,0.47244364,0.63443494,0.3579142,0.6395166,0.4709348,0.7426859,0.34815732,0.7471183
gabicw - 61.png,cw,0.44692737,0.30455694,0.4605845,0.2948241,0.42520174,0.2956894,0.4743901,0.30105123,0.3890066,0.30276087,0.506615,0.35790232,0.37752238,0.3510936,0.577502,0.3950282,0.44326824,0.36618534,0.587407,0.33505937,0.55901885,0.33106822,0.48404744,0.5104749,0.39269146,0.5087418,0.4878641,0.62320966,0.3728864,0.6336509,0.47698143,0.735626,0.37490365,0.7441095
gabicw - 62.png,cw,0.4452714,0.32118055,0.45730492,0.31135243,0.42380667,0.3132346,0.4704834,0.31660578,0.38937044,0.3206002,0.5050043,0.37018466,0.3815696,0.36459348,0.57611775,0.40685266,0.44684035,0.37972802,0.5737526,0.34662974,0.55031365,0.34694242,0.4815724,0.5164683,0.3937728,0.5146456,0.48828453,0.6240611,0.37605456,0.6342451,0.47878158,0.7336782,0.37598106,0.7388285
gabicw - 63.png,cw,0.45645598,0.26874048,0.46791252,0.25972137,0.43557474,0.26139382,0.4802499,0.2656963,0.40204275,0.26910922,0.51631945,0.31853098,0.3919215,0.31233943,0.5835098,0.35499838,0.45652455,0.3235413,0.5920694,0.31562802,0.56741273,0.29418573,0.4995362,0.4640361,0.4113345,0.4627766,0.5106355,0.5766008,0.3979073,0.5862549,0.49640107,0.6833382,0.3985437,0.6906009
gabicw - 64.png,cw,0.4983069,0.19327855,0.5095167,0.18482442,0.47713706,0.18608907,0.5226999,0.19368726,0.44606188,0.19647788,0.55933625,0.24732076,0.4314658,0.23762184,0.6197675,0.28129473,0.47592548,0.24528156,0.6398199,0.22811228,0.60192347,0.2219,0.55058706,0.39325786,0.45889756,0.39118606,0.55915123,0.50417626,0.4461989,0.5124648,0.5540768,0.6176866,0.44893703,0.6218434
gabicw - 65.png,cw,0.5525816,0.14005458,0.5657794,0.13162036,0.5317626,0.1323942,0.57875353,0.14135417,0.49833113,0.14249563,0.6090267,0.19485646,0.49037102,0.18584068,0.67511564,0.23095727,0.5582698,0.18813187,0.6944914,0.18468793,0.67621154,0.15262617,0.6046834,0.34352627,0.51758605,0.34172657,0.6157909,0.45963746,0.5022165,0.4656332,0.6100078,0.57033646,0.51089084,0.5732855
gabicw - 66.png,cw,0.46552852,0.14933373,0.47900683,0.14105347,0.44515675,0.14151485,0.49351895,0.15078256,0.41359288,0.15143028,0.52465105,0.2048327,0.40353015,0.19500479,0.5883682,0.23874663,0.45647153,0.19736838,0.61216927,0.18876125,0.57131654,0.1690672,0.52124375,0.3516075,0.43387687,0.3496305,0.5324214,0.46593472,0.41937533,0.47266704,0.52830595,0.5772076,0.42659563,0.58067495
gabicw - 67.png,cw,0.44376224,0.25141993,0.45642802,0.24171261,0.42243776,0.24320775,0.46923274,0.24760261,0.38789394,0.25042397,0.49815932,0.29990667,0.3801601,0.29548526,0.57099956,0.3268586,0.43157762,0.3023131,0.56865007,0.26742065,0.53394186,0.26819465,0.49246904,0.4461594,0.40780935,0.44570133,0.49910578,0.55492795,0.3932691,0.563897,0.4990394,0.65968704,0.39344338,0.6644015
gabicw - 68.png,cw,0.44209668,0.34090316,0.45307904,0.3325885,0.4224149,0.333615,0.46469057,0.33695692,0.38978067,0.33926025,0.49569848,0.3836355,0.3848995,0.3792588,0.56426716,0.41482574,0.4540333,0.39034957,0.575635,0.3767837,0.54487425,0.36222962,0.48423347,0.5179022,0.4050424,0.5175523,0.4977873,0.61891127,0.39220682,0.62969995,0.49187204,0.7198713,0.3930881,0.7300447
gabicw - 69.png,cw,0.2970989,0.41398528,0.30803356,0.40463126,0.27734625,0.4072128,0.31801257,0.40755466,0.24566172,0.41253078,0.34369862,0.4492912,0.24442598,0.4483756,0.41163763,0.48636714,0.31360468,0.46340382,0.4153805,0.45168945,0.39137387,0.43202278,0.3352805,0.579836,0.26245233,0.58062977,0.34515887,0.6738291,0.24217209,0.6844907,0.3328519,0.7648186,0.24211535,0.7733351
gabicw - 70.png,cw,0.28048757,0.45557526,0.2918927,0.44795236,0.26259264,0.44837582,0.30176663,0.45241714,0.23141691,0.45344117,0.32472703,0.49434417,0.23144957,0.4925354,0.3889661,0.523368,0.31440407,0.5097157,0.38068312,0.47368976,0.37490416,0.47316605,0.30655906,0.6166324,0.23810202,0.6159063,0.31795365,0.7060584,0.21739955,0.71406883,0.3069001,0.7972729,0.21427952,0.80627257
gabicw - 71.png,cw,0.531881,0.4807353,0.5421212,0.47204772,0.5145488,0.4730427,0.5498602,0.47557032,0.4838859,0.47686625,0.57210106,0.5193471,0.47905523,0.51534665,0.63761336,0.5498905,0.54333484,0.52949154,0.6327015,0.5058612,0.6230765,0.49750873,0.5592993,0.64072174,0.49190718,0.63925606,0.5637908,0.72738904,0.470025,0.7319243,0.554673,0.81261057,0.46875542,0.81783664
gabicw - 72.png,cw,0.5809539,0.4865005,0.59120464,0.47865194,0.56484693,0.47910598,0.59971124,0.4832849,0.5363609,0.4834963,0.62198967,0.52408534,0.53320956,0.51970595,0.6855023,0.55068815,0.59415567,0.5333412,0.68685424,0.5113618,0.6715594,0.5069567,0.6081297,0.6442199,0.54202396,0.64244634,0.6089443,0.7313009,0.5218949,0.7354247,0.6031512,0.815305,0.51827145,0.8211268
gabicw - 73.png,cw,0.54379714,0.4603013,0.5555721,0.4522851,0.52734244,0.4523948,0.5638018,0.457303,0.49725702,0.4567901,0.58282673,0.4991002,0.4933783,0.49585727,0.652366,0.5293028,0.56403387,0.51192164,0.64664793,0.48382849,0.63843507,0.47523972,0.57132655,0.6189193,0.5056166,0.6178005,0.5743024,0.7062323,0.47980955,0.71057546,0.5681991,0.789356,0.4794707,0.7971704
gabicw - 74.png,cw,0.47593325,0.41047695,0.48745394,0.4021479,0.45866436,0.40259898,0.49611884,0.40640628,0.42808616,0.40670663,0.51617175,0.44937637,0.4197687,0.4456287,0.5828429,0.47916272,0.48008084,0.46138194,0.5876876,0.43383417,0.56661254,0.4316561,0.5056808,0.5718738,0.43608695,0.57112265,0.50913775,0.66102123,0.4124389,0.66699606,0.500742,0.745301,0.40992787,0.75351214
gabicw - 75.png,cw,0.45916578,0.37887612,0.47103786,0.37019417,0.44085523,0.37100494,0.4815,0.3753219,0.4107685,0.37656772,0.50616354,0.42019266,0.40436223,0.41683772,0.57925695,0.44805557,0.471416,0.43202147,0.5736476,0.39721605,0.56064236,0.40176404,0.486419,0.55074763,0.4121288,0.54900694,0.490501,0.64398247,0.38709494,0.6481737,0.4811904,0.7327665,0.38572446,0.7377592
gabicw - 76.png,cw,0.6322052,0.37948835,0.646103,0.37080872,0.61358476,0.37117434,0.6590737,0.37561783,0.57910186,0.37522537,0.6829705,0.42183793,0.5756215,0.41703442,0.7534276,0.4513284,0.64476,0.4372639,0.7538508,0.39873436,0.73755366,0.40156433,0.65971166,0.5541475,0.57913244,0.551465,0.6545018,0.65404034,0.5555275,0.65625423,0.64846164,0.74903613,0.5488001,0.7491102
gabicw - 77.png,cw,0.8504599,0.38184804,0.8647571,0.37319073,0.83186793,0.37297922,0.87653965,0.3786621,0.79864925,0.37734848,0.9002059,0.42733386,0.7863906,0.41800615,0.97773606,0.46303686,0.842675,0.43613613,0.9664114,0.40008327,0.9237313,0.42302516,0.8765712,0.5651382,0.7945521,0.5605041,0.87204725,0.663096,0.7637856,0.6654495,0.8551708,0.7580761,0.75367105,0.7588943
gabicw - 78.png,cw,0.639079,0.40257883,0.6523198,0.3953326,0.6211246,0.39542633,0.6671292,0.4018191,0.5912028,0.4020999,0.69733703,0.4470973,0.5810289,0.44151717,0.7601099,0.4719711,0.63758934,0.4588685,0.75394434,0.4174744,0.72684777,0.4406315,0.66849756,0.5743557,0.5867771,0.57119095,0.6714128,0.66819817,0.5674112,0.67212856,0.652674,0.76406807,0.55927265,0.7661873
gabicw - 79.png,cw,0.54323137,0.41830733,0.55627126,0.410481,0.52747256,0.41007656,0.5696136,0.41617778,0.5027787,0.4147263,0.5944926,0.45994183,0.4905538,0.4536655,0.6562037,0.49159452,0.53740877,0.47070608,0.65390456,0.44119692,0.6204897,0.44604608,0.5779829,0.5881747,0.5023296,0.5855165,0.5829472,0.6811984,0.47834986,0.6834539,0.57485056,0.7708713,0.474204,0.7713389
gabicw - 80.png,cw,0.5172827,0.4210888,0.5298572,0.4132192,0.5011426,0.41288593,0.54309213,0.4184764,0.47550422,0.4172609,0.5687074,0.46204492,0.4652321,0.4571602,0.62799424,0.48716846,0.5123625,0.47294733,0.6249313,0.4345826,0.600953,0.44453496,0.5556568,0.5870582,0.48086157,0.5850395,0.5589424,0.6794672,0.4594,0.6817711,0.55239683,0.7682573,0.45768136,0.7715854
joaoccw - 01.png,cw,0.48921192,0.41475672,0.5016592,0.40700963,0.4738718,0.4078316,0.5175376,0.41322437,0.45305768,0.41592842,0.5419274,0.4486625,0.42260537,0.46032012,0.54007965,0.4532846,0.38383332,0.48590988,0.45273206,0.4337388,0.41144618,0.43705866,0.5259545,0.58297426,0.44553047,0.58611006,0.523689,0.6805728,0.4374977,0.6790587,0.5079825,0.76128656,0.45224905,0.7625883
joaoccw - 02.png,cw,0.49964926,0.41469824,0.513811,0.4081117,0.48484382,0.40752774,0.528145,0.4155698,0.46086058,0.41478017,0.5474814,0.45193332,0.4249901,0.46207073,0.55128694,0.45737034,0.38925555,0.4915954,0.46663246,0.4376912,0.41454133,0.43957892,0.53000796,0.58734506,0.44870698,0.5899436,0.53055024,0.6845222,0.44485158,0.6809615,0.5175977,0.7631906,0.45745358,0.7644782
joaoccw - 03.png,cw,0.49256974,0.41671994,0.5056949,0.40975472,0.4787177,0.408958,0.51904553,0.41646877,0.45646322,0.41530746,0.53841984,0.45255044,0.421067,0.45973113,0.5380957,0.4556476,0.37783846,0.48109406,0.45301512,0.4334184,0.40276313,0.437379,0.5233804,0.5856211,0.44484648,0.5873868,0.5209688,0.68285793,0.43728867,0.6801835,0.50735766,0.7617803,0.45060718,0.76629966
joaoccw - 04.png,cw,0.46973673,0.41868243,0.48400363,0.4126652,0.45517603,0.41130632,0.49922857,0.42124736,0.43387452,0.41961432,0.5153717,0.4578562,0.39717507,0.46527895,0.5213726,0.46475992,0.35414013,0.48826063,0.4385919,0.44071257,0.38635972,0.4433755,0.49988782,0.59228456,0.4201072,0.59456414,0.5026664,0.6877707,0.42166418,0.68687975,0.49079305,0.7681585,0.43210855,0.77249634
joaoccw - 05.png,cw,0.50443023,0.408474,0.51792896,0.40071413,0.4894379,0.40073016,0.53355825,0.40780613,0.46820524,0.40871614,0.5583531,0.445564,0.43116617,0.4556083,0.55376863,0.45357084,0.38557026,0.48228043,0.45610392,0.42673793,0.4185419,0.429358,0.54484344,0.58867973,0.45881742,0.5915771,0.54608756,0.6936083,0.45321038,0.6924341,0.53237456,0.77847165,0.47360432,0.78269875
joaoccw - 06.png,cw,0.61891055,0.4010529,0.6342938,0.39315057,0.6019969,0.39291263,0.65325034,0.40182835,0.5767763,0.40272442,0.68057835,0.4439259,0.5389714,0.45607218,0.6839908,0.45059937,0.48917705,0.48193356,0.58322704,0.42452365,0.52713054,0.42205673,0.66756463,0.59798795,0.5727263,0.6013059,0.6609795,0.7125063,0.5679402,0.7096952,0.6467975,0.8074574,0.5890517,0.80859673
joaoccw - 07.png,cw,0.7183624,0.39985093,0.735469,0.39212406,0.69891727,0.3916164,0.7554044,0.40203193,0.6693451,0.4025796,0.78376734,0.44290334,0.6302525,0.45676646,0.7935106,0.44654754,0.5808214,0.4858218,0.67028856,0.42633492,0.61385363,0.4285829,0.7695355,0.6106723,0.6663604,0.6138846,0.764111,0.7294104,0.6634412,0.7255004,0.75242364,0.8293952,0.6901079,0.82890576
joaoccw - 08.png,cw,0.6580192,0.39908326,0.6752844,0.39168474,0.6398462,0.39114332,0.6970615,0.40115312,0.61364836,0.40184033,0.7219241,0.4421055,0.5745486,0.45552638,0.72138774,0.44803056,0.5176654,0.48333997,0.6088126,0.42467743,0.55329067,0.4260249,0.7075631,0.609378,0.607354,0.61307895,0.7007985,0.7274225,0.60748464,0.7261683,0.6928991,0.82971245,0.6287043,0.83072895
joaoccw - 09.png,cw,0.47244996,0.38976812,0.49111676,0.38277602,0.45540297,0.38147312,0.5138236,0.39582092,0.43136105,0.39377818,0.5360371,0.4421757,0.39354187,0.45170316,0.53023607,0.4381993,0.3325927,0.4699271,0.42653137,0.41890603,0.3570952,0.4137189,0.5207708,0.60222113,0.42513597,0.6053604,0.51953804,0.71394604,0.42750633,0.7112663,0.5121889,0.80777174,0.44277725,0.8104916
joaoccw - 10.png,cw,0.41010064,0.39339232,0.42759195,0.386086,0.39404863,0.38560724,0.45202255,0.39749098,0.37514588,0.39744505,0.47659492,0.44225225,0.33620453,0.45329696,0.46263394,0.4451534,0.272717,0.47899288,0.37095633,0.42276055,0.3026804,0.41936445,0.46024334,0.6011497,0.36622584,0.60490185,0.46446425,0.7125433,0.37148124,0.710804,0.45356715,0.8043126,0.39265513,0.8075913
joaoccw - 11.png,cw,0.46552604,0.39111984,0.48276445,0.38355568,0.44712615,0.38340965,0.5045785,0.39507714,0.4223307,0.3957709,0.5281754,0.43991137,0.38832924,0.45210293,0.513172,0.4383525,0.33017957,0.47512695,0.40791908,0.4228849,0.35042006,0.41939682,0.51655555,0.5973792,0.42192337,0.60150045,0.51370364,0.7073891,0.42452878,0.705364,0.50378436,0.799082,0.4403015,0.8003122
joaoccw - 12.png,cw,0.5781265,0.3826561,0.5943506,0.37549052,0.5614364,0.37474266,0.61399895,0.38549814,0.5364453,0.38608435,0.6363919,0.42610464,0.50112516,0.44141436,0.6323782,0.43017066,0.44990924,0.46868333,0.5237788,0.406009,0.47895518,0.40958807,0.6300391,0.58229434,0.53689045,0.58706504,0.62408376,0.6925627,0.5364514,0.69150364,0.6125993,0.7901465,0.5536774,0.79313207
joaoccw - 13.png,cw,0.63733745,0.37965536,0.6525005,0.3703706,0.6203,0.37024048,0.6700764,0.37606633,0.5937583,0.37650806,0.7003951,0.42064637,0.5568133,0.4327899,0.6934011,0.42347664,0.50807554,0.46144336,0.57534903,0.4024649,0.52815276,0.40252402,0.6848938,0.5815853,0.58884174,0.58428484,0.6785267,0.7005507,0.5817613,0.6928588,0.6594807,0.7913374,0.60027003,0.79059
joaoccw - 14.png,cw,0.61623144,0.3702161,0.63301444,0.36144656,0.5971084,0.36144346,0.6530449,0.3698568,0.56896645,0.3714137,0.6817356,0.4153067,0.52810454,0.4309874,0.6895964,0.42086232,0.4748742,0.461777,0.5716351,0.40501225,0.5075428,0.39992908,0.66017026,0.5894822,0.5583666,0.59373873,0.65337586,0.71329826,0.5533928,0.7129961,0.6382609,0.81457704,0.57521385,0.8179837
joaoccw - 15.png,cw,0.5919215,0.37062463,0.6111927,0.3611064,0.5722588,0.35971007,0.6322152,0.37130177,0.54004633,0.36958838,0.6648999,0.42266417,0.48983803,0.4377701,0.6574987,0.4263314,0.42469367,0.4723822,0.5256432,0.4002601,0.4614703,0.3976067,0.6483014,0.6180516,0.53051335,0.62205625,0.63240963,0.7553228,0.51860136,0.7491505,0.60567063,0.8737649,0.5337404,0.87666756
joaoccw - 16.png,cw,0.61530745,0.35646605,0.6379357,0.3472694,0.5915,0.34387597,0.6593013,0.3618865,0.54935175,0.35672176,0.69426423,0.4184028,0.49339294,0.43694803,0.7152397,0.41884643,0.42191562,0.4782925,0.5339047,0.3973447,0.45865348,0.39067546,0.6760906,0.64341325,0.5433248,0.6478715,0.6577361,0.79802454,0.54083204,0.7900863,0.64055884,0.9296923,0.5548526,0.93686604
joaoccw - 17.png,cw,0.646241,0.3675288,0.6710049,0.3557189,0.62001085,0.3543093,0.69299924,0.3673492,0.57344824,0.36676523,0.7271749,0.43480092,0.5089337,0.45721322,0.75134593,0.4448664,0.42249545,0.50399107,0.5396867,0.41217837,0.46847525,0.4069544,0.70498675,0.6951388,0.55517465,0.7007982,0.6882141,0.86739,0.55084723,0.86554366,0.6744249,0.98479515,0.542438,0.983223
joaoccw - 18.png,cw,0.5686992,0.3542744,0.59634274,0.34179032,0.5367011,0.34036404,0.62600344,0.3582138,0.4858022,0.35770184,0.67008924,0.42611462,0.42137298,0.4518881,0.68026644,0.41853443,0.30555758,0.4994718,0.4420552,0.40049955,0.3580252,0.39592203,0.64253163,0.7136771,0.4706873,0.72051406,0.62996554,0.92094606,0.47565803,0.9101276,0.0,0.0,0.0,0.0
joaoccw - 19.png,cw,0.41530702,0.35782033,0.4468054,0.3448098,0.3836628,0.34408644,0.4871946,0.3639098,0.3417221,0.3645228,0.5396273,0.4401167,0.27032182,0.46424627,0.53920007,0.43315494,0.12521085,0.50996906,0.27875072,0.396971,0.19862857,0.39005437,0.5085332,0.74906445,0.32153332,0.7551826,0.49737424,0.94498867,0.3273669,0.93413067,0.0,0.0,0.0,0.0
joaoccw - 20.png,cw,0.38954484,0.34887117,0.4219007,0.33568797,0.3595556,0.33559063,0.46739316,0.35176495,0.32288745,0.35366976,0.5074698,0.42537582,0.25739437,0.45043615,0.46025923,0.42073768,0.11585763,0.49724972,0.24631208,0.38673705,0.17363633,0.3829429,0.47757658,0.72588605,0.29993942,0.73223215,0.4706201,0.92263454,0.29348242,0.91616595,0.0,0.0,0.0,0.0
joaoccw - 21.png,cw,0.47552568,0.34517398,0.5024422,0.33466598,0.45059097,0.33204716,0.533032,0.34981996,0.41304642,0.34599042,0.5679187,0.41670057,0.3475934,0.43343157,0.5637908,0.41779998,0.24019738,0.47364783,0.36968893,0.3841858,0.2958393,0.37355632,0.5373998,0.67613316,0.38842604,0.67945015,0.5232772,0.8488368,0.3908541,0.83896804,0.5128974,0.9819602,0.40641215,0.9783668
joaoccw - 22.png,cw,0.49156138,0.34867585,0.51481175,0.33973372,0.47001976,0.33648422,0.5399311,0.35241452,0.43531296,0.34737715,0.571023,0.4091323,0.37621078,0.42293727,0.57158464,0.41332218,0.29097572,0.4596631,0.42006525,0.38481778,0.33680198,0.37720823,0.5451848,0.6304011,0.41527918,0.63303196,0.5288013,0.779896,0.41487086,0.7719595,0.50081486,0.90765804,0.4285241,0.91134596
joaoccw - 23.png,cw,0.45282525,0.34701988,0.47209954,0.33833408,0.4326251,0.33646744,0.49422562,0.3492699,0.4015614,0.3470913,0.52593607,0.4013469,0.35084075,0.41506743,0.5276604,0.40555298,0.2834972,0.4466178,0.39867452,0.3788581,0.32208338,0.37603486,0.503433,0.59504807,0.38691074,0.59856534,0.49349245,0.72861314,0.37952432,0.7263075,0.4666363,0.8383525,0.39983532,0.8469699
joaoccw - 24.png,cw,0.44615003,0.34691417,0.46408758,0.33912992,0.42780915,0.33776248,0.48297095,0.34997877,0.3996473,0.34810838,0.50636905,0.3972797,0.3547019,0.40819845,0.50834244,0.40164638,0.29889393,0.43791324,0.40419894,0.37897986,0.33199707,0.37768677,0.4875108,0.5691461,0.3864486,0.5716521,0.4847256,0.6924381,0.38335487,0.68755865,0.4636522,0.787985,0.40444532,0.78965217
joaoccw - 25.png,cw,0.46201035,0.3488679,0.47780162,0.34153304,0.44581154,0.33951393,0.49217308,0.34946358,0.41635403,0.34671783,0.5105578,0.39021856,0.37466624,0.40303653,0.51377946,0.3924032,0.32480168,0.43297625,0.40432388,0.37644103,0.35121167,0.38366607,0.49930707,0.5450476,0.40888783,0.5486276,0.49096543,0.6573294,0.4077426,0.65379256,0.4759709,0.7484813,0.42340654,0.7554092
joaoccw - 26.png,cw,0.4370023,0.3328423,0.45095327,0.32536596,0.42099804,0.32512698,0.46493012,0.33150116,0.3952276,0.3318883,0.48407242,0.37131107,0.35759303,0.38391355,0.4837668,0.37672043,0.3129113,0.414954,0.3863719,0.35734758,0.33489692,0.3634162,0.4705913,0.5168513,0.38705924,0.5210189,0.47121218,0.61800605,0.38586858,0.6192833,0.4605484,0.7006994,0.39795643,0.70704776
joaoccw - 27.png,cw,0.44470766,0.3323953,0.45913798,0.3256467,0.43029565,0.32426775,0.47430193,0.33303714,0.4052841,0.33126864,0.49119657,0.37087548,0.3705584,0.38164958,0.48670608,0.37306795,0.33000207,0.40492013,0.38769734,0.34821165,0.34773245,0.35395172,0.4850247,0.5030326,0.40349922,0.50615954,0.47899085,0.59817547,0.3950604,0.59514415,0.47173196,0.6781121,0.41982886,0.6825187
joaoccw - 28.png,cw,0.5826928,0.33174554,0.596811,0.32487404,0.5672725,0.3240107,0.6100455,0.33299804,0.5414926,0.3319404,0.625878,0.36880508,0.5081378,0.37968555,0.6203069,0.37047502,0.4749338,0.40800887,0.5275895,0.34949738,0.4947839,0.36456668,0.61746925,0.5022828,0.5372469,0.5055814,0.6161369,0.59520215,0.5291956,0.5937812,0.604986,0.6757797,0.54635406,0.6797541
joaoccw - 29.png,cw,0.7504854,0.3295429,0.765586,0.32353416,0.7375266,0.32214746,0.77947354,0.3311961,0.71021503,0.3281753,0.7949147,0.36601827,0.6750382,0.37742925,0.79772043,0.363752,0.6481839,0.40121835,0.7209607,0.3474261,0.66154116,0.36367998,0.7811263,0.49712175,0.69949937,0.5014809,0.7704605,0.5884859,0.6938757,0.5933102,0.7646613,0.6692551,0.7132561,0.6707333
joaoccw - 30.png,cw,0.84736204,0.33335453,0.8609545,0.32594,0.83265096,0.32462838,0.87083864,0.33200517,0.8044743,0.329734,0.8875461,0.36788332,0.76857626,0.37989444,0.8968748,0.36890253,0.7414967,0.41213018,0.80420375,0.35091504,0.76565564,0.362579,0.87777627,0.50318825,0.79785496,0.5064138,0.8756508,0.5983831,0.7859852,0.5942483,0.85791636,0.6722531,0.7945896,0.6761279
joaoccw - 31.png,cw,0.6981355,0.33269674,0.7118366,0.32656798,0.68398166,0.3250225,0.7253882,0.33416685,0.6582393,0.3319934,0.74198014,0.36871117,0.62290734,0.3789465,0.7408248,0.3724923,0.5863999,0.40439945,0.64527017,0.35175738,0.60724527,0.35816908,0.73519206,0.4962751,0.6541465,0.49922132,0.7316805,0.58984786,0.6433328,0.5867556,0.72388726,0.6681014,0.6623323,0.67179585
joaoccw - 32.png,cw,0.5254581,0.34486344,0.5409952,0.33893785,0.51269025,0.33740523,0.557274,0.35101813,0.49322566,0.34800068,0.5780498,0.38932002,0.45878386,0.39880425,0.57496494,0.3856759,0.4154785,0.4208217,0.48300835,0.3707557,0.43462184,0.3739763,0.5668934,0.5199157,0.48640233,0.52290535,0.56347543,0.6085241,0.48378876,0.60522854,0.5535491,0.6818496,0.5020919,0.6853825
joaoccw - 33.png,cw,0.45619267,0.35239214,0.47083795,0.3459731,0.4429998,0.34458742,0.4872072,0.3535527,0.42368156,0.35176674,0.5012218,0.38928148,0.3880278,0.39941433,0.48872918,0.3947407,0.33811086,0.4278781,0.40568924,0.375227,0.35540915,0.38089246,0.49315438,0.5223623,0.41634488,0.52559614,0.49529266,0.6191477,0.4180875,0.6158492,0.48326698,0.6943525,0.43498307,0.69669753
joaoccw - 34.png,cw,0.5466103,0.35730523,0.56347835,0.35164276,0.53290594,0.35018134,0.5843326,0.36215863,0.5123702,0.36012128,0.59799945,0.39736283,0.47741166,0.40694648,0.588918,0.40295964,0.42531338,0.43210268,0.49278218,0.38640475,0.43993998,0.3864139,0.58626586,0.5302155,0.504002,0.53304446,0.58985937,0.62434137,0.5086435,0.6214817,0.58107036,0.7076917,0.52489406,0.7062006
joaoccw - 35.png,cw,0.7373813,0.35023382,0.75440145,0.3437618,0.72442865,0.3424009,0.7775823,0.35228273,0.70699745,0.34987196,0.79316294,0.3879059,0.6705925,0.39649516,0.7705198,0.3901192,0.6139289,0.42382884,0.6853268,0.37771976,0.6355369,0.37942424,0.7751634,0.52358514,0.69073474,0.5261409,0.780516,0.62064105,0.6893541,0.6149343,0.7832841,0.69624656,0.7103987,0.6960756
joaoccw - 36.png,cw,0.6714171,0.34360918,0.688267,0.33767498,0.6595747,0.33601537,0.71078134,0.34790134,0.64355457,0.34495986,0.7231111,0.38397568,0.6061367,0.39286795,0.69255525,0.38525808,0.55040944,0.42126048,0.61766666,0.37083966,0.57095325,0.37449202,0.70846874,0.5162328,0.6275444,0.5185317,0.71400875,0.61271644,0.6260176,0.60354453,0.7135218,0.6886737,0.6527526,0.6814854
joaoccw - 37.png,cw,0.49399436,0.32907143,0.5096389,0.32311636,0.47918165,0.32147372,0.52532494,0.333522,0.4543987,0.3306846,0.5404126,0.3686496,0.41767493,0.37729958,0.53482723,0.37350953,0.37383726,0.4054883,0.44068795,0.35599506,0.38728496,0.36338702,0.5319467,0.49967903,0.44860238,0.5024164,0.533715,0.5913949,0.44592783,0.5887711,0.5262175,0.67080796,0.46559262,0.6742537
joaoccw - 38.png,cw,0.48995417,0.32896745,0.50462574,0.3228219,0.478151,0.32205966,0.52321196,0.32928246,0.45686856,0.32773408,0.54296136,0.36630327,0.4214551,0.37454915,0.52919465,0.37371454,0.37143457,0.40100798,0.4583956,0.3534919,0.39978153,0.36380455,0.5216424,0.49394983,0.4396516,0.4969742,0.51876813,0.58527774,0.4449373,0.5852021,0.50843865,0.6646078,0.4590279,0.661226
joaoccw - 39.png,cw,0.535258,0.29042596,0.54860705,0.28424767,0.5221559,0.2828939,0.56229305,0.29243568,0.49865082,0.29074672,0.5796373,0.33034542,0.4603272,0.3402301,0.5773764,0.33338106,0.42183346,0.36238953,0.4826741,0.31348994,0.4411574,0.3159778,0.5640966,0.4596364,0.48358154,0.46225524,0.5591968,0.5535927,0.47422874,0.5507723,0.54712456,0.63095534,0.49704164,0.634878
joaoccw - 40.png,cw,0.55896467,0.2244928,0.572783,0.21893576,0.5435559,0.21751265,0.58439344,0.22939497,0.5182533,0.22773089,0.5962617,0.26415247,0.4817974,0.27521202,0.59176815,0.2639996,0.4458293,0.30058184,0.5098645,0.24920008,0.4639666,0.25422776,0.58700603,0.39869264,0.5079439,0.40231377,0.58984655,0.4965951,0.50472033,0.49496758,0.5704255,0.578429,0.51777625,0.58413947
joaoccw - 41.png,cw,0.5445822,0.2579681,0.55830735,0.25246474,0.5305891,0.25190416,0.57329756,0.26251847,0.50995946,0.26239106,0.59396213,0.2992156,0.473818,0.3113511,0.58894604,0.29997358,0.4375094,0.33745623,0.48922843,0.28570646,0.45380697,0.2898152,0.5790304,0.43448827,0.49827653,0.4380541,0.578252,0.5308406,0.49342197,0.52995604,0.56055796,0.6117666,0.50997084,0.6167055
joaoccw - 42.png,cw,0.50243473,0.37349975,0.5160853,0.36744514,0.48840004,0.3658842,0.5276803,0.37712163,0.46296108,0.37458873,0.543744,0.41118884,0.4254337,0.421079,0.5433405,0.41563442,0.3867554,0.4505059,0.45767382,0.40186262,0.4095625,0.40610057,0.53407806,0.5440715,0.4541115,0.5468392,0.53090435,0.64183444,0.44574645,0.6377101,0.51583683,0.7185233,0.4606916,0.72315484
joaoccw - 43.png,cw,0.48152804,0.4415767,0.49409664,0.43502048,0.46841723,0.43405312,0.5074649,0.44216368,0.44474193,0.44094482,0.52871543,0.4791713,0.4071613,0.48961666,0.5286551,0.48436138,0.36711025,0.5145753,0.42787933,0.46938676,0.3964903,0.4670582,0.51462865,0.6077821,0.43363985,0.6109346,0.50858617,0.7014061,0.42617297,0.698585,0.4950679,0.78567165,0.434536,0.78845006
joaoccw - 46.png,cw,0.48947155,0.37939999,0.5023486,0.37308905,0.47699323,0.3730422,0.51750463,0.3782631,0.4540301,0.3789886,0.53612095,0.41034058,0.4261004,0.42390952,0.5287588,0.42449546,0.39514643,0.46068975,0.4788947,0.3922672,0.4126502,0.4066945,0.5231839,0.53088546,0.44754747,0.5362494,0.5202699,0.61604756,0.45291442,0.6208197,0.5151782,0.690427,0.46036842,0.69274586
joaoccw - 47.png,cw,0.47301105,0.2229239,0.48638898,0.21761224,0.4607253,0.21688312,0.50026804,0.2257752,0.43769285,0.22430025,0.5175628,0.2575976,0.40854678,0.26932162,0.51161915,0.26443762,0.37582034,0.29661363,0.4343893,0.2479223,0.39052248,0.24864005,0.50836605,0.37765265,0.43358,0.38242272,0.5026231,0.4655544,0.43289784,0.46994993,0.4993529,0.5471217,0.44373804,0.54656476
joaoccw - 48.png,cw,0.4607795,0.17934233,0.4734937,0.17361386,0.44868562,0.17370647,0.48956275,0.18007122,0.42793283,0.1805504,0.50991464,0.2139757,0.39738315,0.22595821,0.4977134,0.21797463,0.35803112,0.25188982,0.4370942,0.20181343,0.37844604,0.21857794,0.49629736,0.33549953,0.41963658,0.34059095,0.48841372,0.42114317,0.42149734,0.42661452,0.48507312,0.4911996,0.43597892,0.49496552
joaoccw - 52.png,cw,0.34172204,0.3593158,0.3554258,0.35365108,0.32904786,0.35300815,0.37069532,0.36217737,0.30545062,0.36062318,0.38686296,0.39907792,0.27236846,0.40861523,0.3728142,0.3939527,0.23010665,0.4264376,0.3083608,0.37373805,0.2549649,0.390662,0.37469035,0.52241355,0.29647171,0.5262447,0.36571032,0.6126885,0.2960467,0.61518323,0.35746312,0.7013112,0.30037373,0.7001151
joaoccw - 53.png,cw,0.46281508,0.3846978,0.4766597,0.37871855,0.44981164,0.37727937,0.48647267,0.3879382,0.42439726,0.38493735,0.50215995,0.42239058,0.389353,0.43261144,0.4974711,0.41190135,0.3580628,0.45365253,0.40814692,0.39710078,0.37620664,0.41149876,0.49404827,0.55195224,0.41791782,0.5545656,0.48740414,0.6484806,0.4075898,0.6429831,0.47379735,0.7241871,0.4220283,0.7289148
joaoccw - 55.png,cw,0.5830053,0.4841208,0.597326,0.47765344,0.5688784,0.47568464,0.6069609,0.4868005,0.54039186,0.4830044,0.62063855,0.52151716,0.50058705,0.5311686,0.62815225,0.5233208,0.46932974,0.5598759,0.5359253,0.5100495,0.49687657,0.5150903,0.60860574,0.66086304,0.5268754,0.6636478,0.60110354,0.7629597,0.51550376,0.76001525,0.59112155,0.8467433,0.5279923,0.85348517
joaoccw - 56.png,cw,0.5271818,0.48148444,0.5429959,0.4752209,0.51252365,0.47235596,0.5525075,0.4858761,0.48214483,0.4803057,0.5656676,0.52279115,0.43459162,0.53283715,0.57740057,0.52761674,0.39780974,0.56653905,0.47787046,0.51213026,0.4269473,0.51168376,0.5501449,0.671642,0.46201077,0.67419785,0.54762083,0.780613,0.45529452,0.7750263,0.53101605,0.8655771,0.4730956,0.8714341
joaoccw - 57.png,cw,0.52996564,0.47260457,0.54477733,0.46693474,0.5174124,0.46372816,0.5563864,0.47583267,0.49096102,0.4699612,0.5725597,0.51276904,0.44476944,0.52143204,0.5798334,0.5148845,0.40146166,0.5485414,0.49201715,0.49624324,0.4314049,0.50047654,0.5581287,0.65074176,0.47304523,0.6528982,0.5500912,0.7529173,0.45970497,0.7479799,0.5356589,0.83469737,0.47828132,0.8425375
joaoccw - 58.png,cw,0.55386955,0.47952932,0.56826633,0.47334692,0.54087275,0.47158733,0.5809477,0.4826097,0.5183523,0.47908366,0.59746677,0.51647615,0.4805349,0.5252704,0.59376556,0.5202206,0.4450202,0.55590653,0.5064188,0.5010274,0.4657053,0.5052798,0.5783746,0.6459318,0.49911872,0.6479695,0.5688731,0.7395335,0.48760143,0.7346266,0.5526623,0.8143637,0.50043046,0.8197627
joaoccw - 60.png,cw,0.5529929,0.5184564,0.56678104,0.5133486,0.54253805,0.5117554,0.5806623,0.5185508,0.5202936,0.514518,0.59074825,0.5487146,0.48753706,0.55441594,0.58461607,0.5567898,0.4497421,0.58040446,0.5234434,0.54082644,0.4722629,0.54889435,0.57551867,0.66069543,0.50561905,0.66310024,0.56459737,0.74135476,0.5011496,0.74365634,0.5585335,0.8122647,0.5103864,0.8121108
joaoccw - 61.png,cw,0.4779997,0.5038646,0.49049592,0.498775,0.46821672,0.49726462,0.50322825,0.5041507,0.4475127,0.5008735,0.51184,0.5321486,0.4203182,0.53888583,0.4997483,0.5419962,0.388977,0.56248933,0.44109365,0.52033496,0.40629584,0.51742995,0.49601972,0.6353381,0.43248248,0.63820714,0.4927528,0.7113114,0.43321458,0.71443856,0.48599264,0.77923995,0.43616608,0.78101945
joaoccw - 62.png,cw,0.48066637,0.4529555,0.493163,0.44849533,0.47117183,0.44679406,0.50433344,0.4545238,0.44978756,0.45040253,0.511886,0.48067468,0.41930088,0.4883834,0.505345,0.485876,0.3974928,0.51274776,0.44479358,0.47307152,0.40941763,0.47598535,0.50141186,0.5803302,0.43751684,0.5836768,0.4944689,0.653096,0.43980587,0.6571634,0.49218807,0.7171048,0.44641718,0.7178379
joaoccw - 63.png,cw,0.51395667,0.38861367,0.52590275,0.3835611,0.50374615,0.38256848,0.53704774,0.3885093,0.48294643,0.38619134,0.5465752,0.41553468,0.45602915,0.42412308,0.5395509,0.42186433,0.428594,0.44911566,0.47779676,0.40670988,0.44003007,0.41303703,0.5365315,0.5175355,0.47421297,0.5209135,0.53128994,0.58970654,0.47159773,0.59285533,0.5278607,0.65196824,0.48323125,0.65131146
joaoccw - 64.png,cw,0.5625822,0.31894806,0.57451564,0.3141377,0.5526943,0.3128951,0.5861639,0.31944817,0.53236896,0.31642956,0.5971328,0.3475569,0.5035989,0.35401243,0.5856789,0.35577273,0.47582915,0.38094455,0.52813596,0.33788693,0.49578512,0.34427658,0.5821201,0.45117533,0.5176698,0.45315394,0.575598,0.5263236,0.5170226,0.52538085,0.5700816,0.5896373,0.52787286,0.5833189
joaoccw - 65.png,cw,0.7076052,0.37589753,0.7190824,0.37000537,0.696134,0.36948332,0.7310457,0.37436563,0.67392063,0.37372243,0.7425518,0.4032946,0.64925945,0.41201404,0.73622555,0.41060382,0.61837214,0.4344497,0.6701909,0.3894445,0.6342044,0.39623252,0.7221407,0.50527924,0.6580026,0.50843614,0.7196507,0.5770381,0.6598247,0.58054966,0.7115131,0.639797,0.66452384,0.6423162
joaoccw - 66.png,cw,0.89001065,0.41360837,0.9036881,0.40875047,0.8800424,0.40687746,0.91572267,0.41536352,0.85745186,0.4112924,0.9207943,0.44176018,0.8289885,0.44841692,0.92106515,0.44886535,0.7933728,0.47401956,0.8466706,0.4308926,0.81563914,0.43855923,0.9022527,0.5477795,0.8393906,0.5495879,0.8958274,0.6239499,0.8360755,0.62350214,0.89177096,0.69219244,0.8396357,0.68721545
joaoccw - 67.png,cw,0.49190927,0.43940803,0.5046999,0.43495372,0.4819376,0.43367535,0.5176943,0.44182837,0.46153674,0.43885538,0.52442497,0.4674208,0.434756,0.4745252,0.51967424,0.47125295,0.40113413,0.4959675,0.45817825,0.45808768,0.42023373,0.4620773,0.50830495,0.56914926,0.44690797,0.5715467,0.5049855,0.64479375,0.4471829,0.6456229,0.5007685,0.71549535,0.44683084,0.7116139
joaoccw - 68.png,cw,0.40945715,0.44319066,0.42200223,0.4389643,0.39913338,0.4376628,0.4339966,0.44626182,0.37789786,0.44307908,0.445312,0.472328,0.34906468,0.479705,0.4484946,0.4742617,0.31772456,0.50014734,0.38528043,0.46845916,0.33459565,0.47303253,0.4281808,0.5750869,0.36254838,0.57766473,0.42441925,0.64994335,0.35813066,0.65203196,0.4135139,0.71638846,0.36665964,0.71401125
joaoccw - 69.png,cw,0.5265753,0.4201689,0.5385745,0.41496825,0.5158768,0.41427913,0.5526573,0.4212919,0.49622762,0.42022282,0.56565076,0.45014587,0.47266123,0.4577493,0.55976737,0.45804092,0.43804088,0.4806712,0.49259686,0.43481365,0.45960918,0.4435385,0.5431184,0.55525005,0.47931919,0.5575172,0.54093915,0.6298343,0.4802038,0.63120425,0.527486,0.6956167,0.48252958,0.69522303
joaoccw - 70.png,cw,0.598121,0.40353423,0.6109117,0.39847,0.58808106,0.39769885,0.6254903,0.4050395,0.5689386,0.4039532,0.6363353,0.43331027,0.5452641,0.4419046,0.63799775,0.44112283,0.50486785,0.46188936,0.5689466,0.42181405,0.53059447,0.42105305,0.6165004,0.5420366,0.5541824,0.54499084,0.6065952,0.62202966,0.5512632,0.6251312,0.6050182,0.6934997,0.5519026,0.6945496
joaocw - 01.png,cw,0.43159354,0.4049403,0.44263738,0.39416435,0.41121435,0.3992592,0.4701021,0.39826748,0.39847067,0.40960473,0.5284182,0.45143664,0.38962486,0.44637865,0.5724339,0.49705768,0.39265034,0.45277578,0.5255745,0.44788218,0.49203718,0.4275255,0.5089519,0.6045118,0.41454986,0.6029334,0.51360065,0.7100878,0.41980416,0.72101295,0.50525117,0.8142092,0.44153905,0.8102106
joaocw - 02.png,cw,0.45595482,0.40735945,0.4696844,0.3975096,0.43739584,0.4016949,0.5022571,0.40285894,0.4236082,0.41225827,0.5609045,0.45639923,0.41398817,0.45109934,0.60983586,0.4973804,0.43307236,0.4530346,0.5614067,0.45062125,0.53227514,0.42604306,0.5304297,0.60878706,0.4303973,0.6069484,0.53898484,0.7216533,0.43324572,0.7346851,0.52240986,0.8344546,0.459793,0.83204335
joaocw - 03.png,cw,0.42459542,0.4016306,0.4417751,0.39249805,0.40523115,0.39425185,0.4716845,0.40113175,0.3869723,0.40358654,0.5245664,0.4576587,0.37587726,0.44779468,0.58298326,0.48864576,0.39593846,0.45066494,0.5478944,0.4431493,0.5124412,0.4219492,0.501155,0.61768585,0.39523706,0.61429,0.49914458,0.73398423,0.40174007,0.73782927,0.49348375,0.8408216,0.41633236,0.83715314
joaocw - 04.png,cw,0.30927494,0.38973537,0.3244339,0.37952122,0.28992134,0.38231274,0.35447767,0.38594258,0.27433512,0.39172867,0.41259855,0.4449549,0.2590362,0.43751642,0.46595433,0.48009196,0.26333448,0.43887284,0.4163565,0.43640625,0.38467434,0.41409114,0.38647783,0.61004263,0.28229868,0.60726464,0.38428012,0.724689,0.28549966,0.7313796,0.36910442,0.8335626,0.30242783,0.831688
joaocw - 05.png,cw,0.34137475,0.3812991,0.35865146,0.3711536,0.32091346,0.37421522,0.39342964,0.3784986,0.30305552,0.38430297,0.44774434,0.43773258,0.29302818,0.4283031,0.4950305,0.4768492,0.2986711,0.43425244,0.4575406,0.431141,0.4138601,0.40293437,0.4169443,0.60008556,0.30920637,0.59740394,0.41964948,0.71416926,0.32385638,0.7223664,0.41061905,0.82391876,0.3371343,0.8222048
joaocw - 06.png,cw,0.5005949,0.37004632,0.5163623,0.36020672,0.4808033,0.36297145,0.5467861,0.36844784,0.46230137,0.3732543,0.6041101,0.42846483,0.45217395,0.41681343,0.6576356,0.46830207,0.47024682,0.4251116,0.6189568,0.41541627,0.5903735,0.39655432,0.5760604,0.59033173,0.46777654,0.5863856,0.57703495,0.706513,0.4769196,0.71250105,0.5712592,0.8153233,0.48842213,0.81306434
joaocw - 07.png,cw,0.5459657,0.36648574,0.5597619,0.3565018,0.5254703,0.3597952,0.5828976,0.36428618,0.50414556,0.37146622,0.6374102,0.4200732,0.49290693,0.4130866,0.71115535,0.4668746,0.5309753,0.41587538,0.66246516,0.41094044,0.6270188,0.38702884,0.6095232,0.583387,0.51023227,0.58046496,0.6104668,0.69573843,0.50394064,0.7075686,0.5861832,0.80128485,0.5281103,0.8004866
joaocw - 08.png,cw,0.48527154,0.368304,0.5001231,0.35912147,0.46595943,0.36021477,0.52065206,0.3681401,0.44148856,0.36955306,0.56974995,0.42656824,0.42881554,0.41709512,0.6445603,0.46599725,0.46926025,0.42355245,0.6090651,0.41399282,0.5749511,0.3900069,0.5520191,0.5855859,0.45409554,0.5819377,0.54965997,0.6972521,0.45034376,0.7014392,0.5322722,0.79715997,0.46304303,0.7963128
joaocw - 09.png,cw,0.3716031,0.36689335,0.38499984,0.35759452,0.35209146,0.360387,0.40860933,0.3644849,0.3303857,0.3707149,0.46037504,0.42042735,0.31873587,0.41286632,0.5269836,0.4615564,0.3508558,0.4171176,0.48389933,0.40980226,0.448807,0.38978547,0.4296997,0.5700121,0.33452347,0.567261,0.43232268,0.67664945,0.33516708,0.68945014,0.41091478,0.78141534,0.34975797,0.784951
joaocw - 10.png,cw,0.348984,0.35739225,0.36173055,0.3479221,0.32936287,0.3505154,0.38317335,0.35369408,0.3089953,0.35918134,0.4284991,0.4050999,0.29867226,0.3975707,0.4891983,0.44490808,0.31976837,0.39845398,0.4545687,0.3995673,0.41169482,0.36957195,0.40836877,0.547465,0.32033676,0.54503083,0.41154835,0.6432024,0.31844848,0.65251863,0.39577118,0.73756033,0.3327259,0.7381628
joaocw - 11.png,cw,0.41168234,0.3576553,0.42421535,0.3492828,0.39452463,0.35084465,0.4447589,0.35537896,0.3769227,0.3584787,0.48766485,0.40245908,0.36890298,0.39602634,0.5413445,0.43530554,0.39692482,0.39913687,0.51123744,0.39843586,0.4772747,0.37350366,0.47214785,0.5341029,0.39063168,0.53173494,0.46971866,0.6255616,0.3836856,0.6317484,0.45522946,0.7126147,0.40291685,0.71446574
joaocw - 12.png,cw,0.44012916,0.3401753,0.45258823,0.3321718,0.42327905,0.33362496,0.47278416,0.33857948,0.40545917,0.3416684,0.5144699,0.38354495,0.39686832,0.37536898,0.5669534,0.41974908,0.4267942,0.37638712,0.53317064,0.37516505,0.50928855,0.35505152,0.500435,0.51082057,0.41937673,0.5080546,0.50372994,0.6008011,0.4155764,0.60822284,0.4832789,0.6840682,0.43009406,0.68567485
joaocw - 13.png,cw,0.4211437,0.33313823,0.43249658,0.32631972,0.40589842,0.328378,0.45798558,0.3331423,0.39049563,0.33719993,0.4950505,0.37738946,0.37908533,0.36935836,0.54313177,0.4044555,0.39111784,0.37068132,0.5074101,0.3675644,0.4854812,0.3505269,0.48206848,0.49684808,0.40324876,0.49507314,0.47649705,0.5855483,0.40728667,0.5880434,0.46681222,0.6688424,0.4114857,0.67737585
joaocw - 15.png,cw,0.51321596,0.31987885,0.5266281,0.31327313,0.49910757,0.314383,0.55408406,0.32132056,0.48516095,0.32319996,0.589007,0.3657825,0.47444004,0.35746244,0.6365161,0.39500713,0.48334515,0.3629072,0.6001611,0.35821015,0.5656009,0.33492965,0.5745351,0.48841232,0.4967275,0.48624688,0.57889754,0.58128613,0.50383955,0.58219075,0.56984943,0.66191024,0.51657283,0.6666596
joaocw - 16.png,cw,0.5126197,0.32067624,0.52694994,0.31286082,0.49666658,0.31352642,0.5513718,0.32071292,0.48193038,0.32216746,0.59415644,0.36767665,0.47143307,0.3595317,0.6434118,0.40142453,0.49169627,0.35933897,0.6060583,0.36142308,0.57695925,0.3379926,0.5810377,0.5023682,0.49637744,0.49984723,0.58571446,0.59619665,0.49761668,0.603041,0.5711516,0.6828211,0.5158621,0.6839136
joaocw - 17.png,cw,0.5190476,0.33063826,0.5330058,0.32157928,0.50004494,0.32407445,0.55874425,0.32885376,0.48214749,0.3342839,0.6074741,0.38008475,0.47053653,0.37274012,0.6604408,0.41569617,0.483995,0.37153447,0.6161962,0.37196752,0.5853399,0.34741962,0.5887146,0.52669185,0.4954764,0.5243978,0.59663945,0.63005817,0.5024131,0.6382155,0.58063996,0.72548425,0.5205077,0.72425437
joaocw - 18.png,cw,0.50743693,0.33003935,0.5226845,0.31998956,0.48679706,0.32235998,0.5494342,0.3258601,0.46725383,0.33081856,0.6027666,0.38334343,0.45852593,0.3740686,0.65906996,0.42045644,0.4902345,0.36971158,0.61220926,0.37345743,0.58655167,0.3468726,0.5828403,0.546792,0.48268896,0.5432289,0.59185815,0.65733373,0.48351687,0.66458005,0.570389,0.7572312,0.5073181,0.7552828
joaocw - 19.png,cw,0.50195587,0.33174255,0.5191983,0.32044673,0.48090369,0.32337323,0.5511821,0.32599476,0.46008316,0.33215433,0.6102139,0.388429,0.4567624,0.37876493,0.67455727,0.43457204,0.5040915,0.3784206,0.6189715,0.37954032,0.58992803,0.3504153,0.58183783,0.56469023,0.47502276,0.56084806,0.5925457,0.6864751,0.47847793,0.6982134,0.5680928,0.8011094,0.5066447,0.8014151
joaocw - 20.png,cw,0.29882616,0.33643407,0.31823692,0.32619706,0.27674896,0.3278295,0.350957,0.33539844,0.25295216,0.33858874,0.41159642,0.40060326,0.2354913,0.3904788,0.4829774,0.43997404,0.24977317,0.3910046,0.42345217,0.3902408,0.39240006,0.3671449,0.38678843,0.58539766,0.26723897,0.5820108,0.38781065,0.7132794,0.27805814,0.72037756,0.3693647,0.83084,0.29664147,0.83085716
joaocw - 21.png,cw,0.35070738,0.35092992,0.37278673,0.34208292,0.3281182,0.34198457,0.40654546,0.3558512,0.30027843,0.35554698,0.464793,0.42148453,0.2756954,0.4059892,0.53939265,0.4662102,0.30299962,0.4012907,0.46610472,0.40445036,0.44958478,0.3768865,0.4266664,0.61074287,0.29878423,0.6046433,0.42554152,0.7479134,0.30408397,0.75550205,0.4019336,0.8771275,0.33035472,0.8816035
joaocw - 22.png,cw,0.65566087,0.36366466,0.6771384,0.35381848,0.631697,0.3552725,0.7083557,0.3692848,0.60292315,0.3719502,0.7749354,0.44188228,0.58021873,0.427346,0.873998,0.48719174,0.62801164,0.4163303,0.7942957,0.42506477,0.76524335,0.38996208,0.73237693,0.6534942,0.5985341,0.6468709,0.7332772,0.8007233,0.5953036,0.80985916,0.70021045,0.9340071,0.61834306,0.93283945
joaocw - 23.png,cw,0.6054369,0.37556288,0.6276681,0.36490357,0.5804578,0.36501065,0.6579635,0.37975302,0.5464949,0.3789214,0.72007966,0.4556672,0.530399,0.44056466,0.8169391,0.49877945,0.58427787,0.44169134,0.7535405,0.42717317,0.7158089,0.39945006,0.6819539,0.6651767,0.5452497,0.6586632,0.6762122,0.81799537,0.5491655,0.8210303,0.64982736,0.9545664,0.56562996,0.95144755
joaocw - 24.png,cw,0.5109923,0.37181282,0.5330301,0.36222938,0.4886214,0.3628104,0.5662288,0.37611774,0.46231258,0.37684014,0.6263127,0.4441072,0.4439508,0.42890257,0.7133948,0.48840424,0.494497,0.42105606,0.64884794,0.429184,0.6154095,0.39677444,0.5857009,0.64382595,0.45965236,0.63750094,0.58011246,0.77885514,0.4566962,0.7887464,0.5497293,0.9089723,0.4841943,0.913763
joaocw - 25.png,cw,0.4685055,0.3721286,0.4856674,0.36242443,0.44795966,0.3641898,0.51170343,0.373126,0.42492667,0.37624922,0.5662335,0.43632463,0.4147299,0.42517704,0.6457569,0.47102845,0.451962,0.4162257,0.5946378,0.41988653,0.55781555,0.3911155,0.5339339,0.613929,0.4274292,0.60937065,0.53257704,0.7382663,0.42657566,0.7476298,0.5143462,0.8530005,0.44151127,0.85339224
joaocw - 26.png,cw,0.44527376,0.37690747,0.45990998,0.36765042,0.42528358,0.37028596,0.48756385,0.37668517,0.40569937,0.38270336,0.54401296,0.43427113,0.39508724,0.42597607,0.61201006,0.46591595,0.42402452,0.41803038,0.56468076,0.41970798,0.5312068,0.39481744,0.5112951,0.59172225,0.41098505,0.5881727,0.51807106,0.7026994,0.41225603,0.71240455,0.49184552,0.80973005,0.429023,0.809692
joaocw - 27.png,cw,0.46062863,0.3674135,0.4723522,0.35872233,0.44281405,0.36184207,0.49586552,0.36475572,0.4258761,0.37190646,0.54867214,0.41428024,0.41793835,0.4082944,0.6086104,0.4492246,0.44647005,0.40535232,0.5645681,0.40617082,0.53100485,0.38078868,0.52227926,0.55597,0.43348464,0.55388385,0.5310175,0.6567888,0.4328034,0.67029136,0.50258595,0.7573337,0.44187832,0.7604539
joaocw - 28.png,cw,0.47776714,0.36141765,0.49168044,0.35392064,0.4615783,0.35510263,0.5143557,0.36159918,0.44537464,0.36389884,0.5582953,0.40894407,0.43575302,0.4024535,0.6223749,0.43577302,0.46399325,0.39848685,0.579192,0.3957027,0.54448974,0.36776266,0.5404667,0.5441881,0.45807332,0.54110926,0.542865,0.6364233,0.45469183,0.6386522,0.5256519,0.7237684,0.4674357,0.72106326
joaocw - 29.png,cw,0.47036633,0.34595338,0.48318368,0.33820206,0.45533916,0.33959037,0.5065571,0.34457263,0.44282708,0.34682226,0.54996467,0.38954476,0.43915004,0.382405,0.6002214,0.41590947,0.4657785,0.3808423,0.5693203,0.38202274,0.5377166,0.3546597,0.5322707,0.51350296,0.45470902,0.5105493,0.53193754,0.6016396,0.450494,0.6066668,0.5174477,0.6842829,0.4638972,0.68557346
joaocw - 30.png,cw,0.46131173,0.34018925,0.47236016,0.33369073,0.44706225,0.3358751,0.49891734,0.34006318,0.43440133,0.34460962,0.53611547,0.38171783,0.42729938,0.3742587,0.5826571,0.4060039,0.43850186,0.37279907,0.5463247,0.37247407,0.5240924,0.35489988,0.51925373,0.49729967,0.44494298,0.49520642,0.5165932,0.5830347,0.45033425,0.58454585,0.50789165,0.66019076,0.4521417,0.6671362
joaocw - 31.png,cw,0.44638354,0.34066993,0.45757294,0.33416528,0.43399867,0.33485958,0.48123038,0.33842763,0.4212165,0.3399036,0.5205929,0.3790447,0.41163743,0.37366086,0.5630144,0.39942807,0.43452442,0.3768098,0.5409964,0.37311906,0.50098413,0.35613376,0.5036359,0.49582905,0.42805344,0.49377635,0.5025173,0.5813327,0.429273,0.5804341,0.4915186,0.65019965,0.44758698,0.65291804
joaocw - 37.png,cw,0.33872455,0.38685742,0.35045052,0.38082507,0.32604104,0.38217178,0.37708238,0.387373,0.31470338,0.38987976,0.4086315,0.4268176,0.30641282,0.41810066,0.4446384,0.45364395,0.31038356,0.41899574,0.40731382,0.41799587,0.39304072,0.39973906,0.39501828,0.53506416,0.32492206,0.5332128,0.40097424,0.61655647,0.3343783,0.61992615,0.395395,0.6827332,0.34095198,0.6931877
joaocw - 38.png,cw,0.36064684,0.43512517,0.37185356,0.4289912,0.34870934,0.4296643,0.39590988,0.4347413,0.3364469,0.4361168,0.43271545,0.4756978,0.32512003,0.47003815,0.46285525,0.49555036,0.33326456,0.47208694,0.43770167,0.47011188,0.40485728,0.45291302,0.41745067,0.5868383,0.34288788,0.5850895,0.42165223,0.66968554,0.34706557,0.66898066,0.4132047,0.7402165,0.3636228,0.7436937
joaocw - 39.png,cw,0.38873184,0.44844592,0.40159243,0.44270632,0.3757115,0.44285816,0.4237122,0.4509289,0.36049896,0.45098677,0.4509582,0.491669,0.35202932,0.4856045,0.49334726,0.5106532,0.36497355,0.48858187,0.47191954,0.47870457,0.42463192,0.46064502,0.4403765,0.6025659,0.37172282,0.60069555,0.45020416,0.68616015,0.37636977,0.6849865,0.44369683,0.75636655,0.39305058,0.7578426
joaocw - 40.png,cw,0.3934126,0.40885442,0.40468055,0.40227777,0.379555,0.4030264,0.42680866,0.40786508,0.36338818,0.4091151,0.46391118,0.45120338,0.35061607,0.44341502,0.50548273,0.47984594,0.3695425,0.45001632,0.48530158,0.44724286,0.4512442,0.42628056,0.45494244,0.5669464,0.37695763,0.5650474,0.45445573,0.65343386,0.38206425,0.65398395,0.45077085,0.7267012,0.40118024,0.7320478
joaocw - 41.png,cw,0.38339567,0.35920036,0.39435416,0.35236445,0.3672205,0.35420337,0.4161312,0.35941288,0.34870192,0.36274683,0.44981197,0.40371376,0.33694938,0.39326397,0.50038946,0.440506,0.3601823,0.4014601,0.47450018,0.40170926,0.4499221,0.38213903,0.44422665,0.51979804,0.36713657,0.5173023,0.44163978,0.6104429,0.37214422,0.61159873,0.43833423,0.6918655,0.38473272,0.69767106
joaocw - 42.png,cw,0.3864524,0.32542574,0.39752638,0.3189223,0.37127414,0.32016268,0.41875818,0.32628092,0.35332438,0.3280584,0.45232663,0.37109748,0.33904108,0.35980904,0.5076217,0.40356877,0.3555329,0.36488262,0.47921017,0.36652243,0.44553095,0.34828082,0.44695145,0.48664904,0.37053046,0.48406693,0.44249684,0.57509977,0.3745481,0.5771162,0.4378423,0.65125114,0.3869187,0.659116
joaocw - 43.png,cw,0.4074305,0.31607196,0.41854164,0.3099734,0.39297986,0.31048796,0.4357816,0.31754777,0.37339696,0.3181977,0.468085,0.35963234,0.35937592,0.35245758,0.5205778,0.3890889,0.38721207,0.36320594,0.49141663,0.35614383,0.45703667,0.33965042,0.46267095,0.4756393,0.38774395,0.47352406,0.46043396,0.5619006,0.38726237,0.56150013,0.45381752,0.6327379,0.40882152,0.6344849
joaocw - 44.png,cw,0.42583752,0.34719616,0.43634057,0.3418874,0.41156098,0.34317768,0.45619342,0.35142884,0.3946367,0.35337076,0.48733586,0.39285707,0.3797927,0.3823943,0.5398677,0.42352557,0.39242953,0.38730776,0.50523186,0.38940322,0.48216677,0.37382236,0.4830181,0.49919578,0.4100642,0.4969471,0.4825459,0.57990444,0.41723096,0.58218426,0.48089784,0.65455085,0.42131746,0.6622153
joaocw - 45.png,cw,0.44689703,0.3893101,0.45745805,0.38318115,0.4337829,0.38350996,0.47604826,0.38679057,0.41673982,0.38699463,0.50761074,0.42460412,0.4060816,0.41745016,0.55090886,0.4549465,0.43192214,0.42909282,0.53669286,0.42723206,0.50000364,0.40876678,0.5036243,0.5311943,0.4331667,0.5295734,0.50353795,0.61138475,0.43530345,0.6122835,0.49991962,0.6801958,0.44840842,0.68538356
joaocw - 46.png,cw,0.44261372,0.4045432,0.4516704,0.39815915,0.42926833,0.39948395,0.4695431,0.40201735,0.41296008,0.4047624,0.5030228,0.43992418,0.40208435,0.43486446,0.5483869,0.46495923,0.41719,0.44209492,0.52282786,0.43883115,0.4939235,0.42774242,0.4998618,0.5430299,0.4308036,0.5420141,0.4964534,0.6201427,0.43465272,0.62088716,0.49736485,0.68550366,0.4478831,0.6897722
joaocw - 47.png,cw,0.43672302,0.3900802,0.446332,0.38388333,0.42334685,0.38508424,0.46510264,0.3875079,0.40711132,0.3894509,0.49522856,0.42421812,0.39589816,0.4164611,0.5374361,0.45447478,0.4205663,0.42512438,0.518904,0.42329168,0.49231312,0.4066475,0.49443647,0.5244844,0.4261191,0.52297646,0.4917394,0.6002269,0.43281096,0.60212904,0.49136814,0.66106427,0.44399464,0.66709477
joaocw - 48.png,cw,0.42084613,0.369052,0.42863694,0.36290336,0.40670702,0.36456355,0.44406626,0.367021,0.38945442,0.3701959,0.47463882,0.40367615,0.38234413,0.3969332,0.5217986,0.4307548,0.39728478,0.40342072,0.49557325,0.40219405,0.46642685,0.39058027,0.4766264,0.502244,0.41405714,0.50106597,0.4705641,0.5751081,0.41725147,0.5776884,0.47100678,0.63677377,0.42500982,0.6445318
joaocw - 49.png,cw,0.4596248,0.40756363,0.4679181,0.40118933,0.44566303,0.40288883,0.4853703,0.40513715,0.42959583,0.40844738,0.51669276,0.44218746,0.42367196,0.43658116,0.5614946,0.4656705,0.43585306,0.4424636,0.5316362,0.43777874,0.5045137,0.4295036,0.517303,0.53943527,0.45400795,0.53840625,0.51480055,0.61233366,0.45898065,0.61408037,0.51350033,0.67515385,0.46459645,0.6811977
joaocw - 50.png,cw,0.51977503,0.43549684,0.5288162,0.42938712,0.50633365,0.43103868,0.54548764,0.43528634,0.49036363,0.43850777,0.57478625,0.4741438,0.48039997,0.4681129,0.6230185,0.49986124,0.49540025,0.4712845,0.58889705,0.46855995,0.55998456,0.44802484,0.5753653,0.57115203,0.51157504,0.57027376,0.5733338,0.64566094,0.51389134,0.64879495,0.5710076,0.71519667,0.5239055,0.7232889
joaocw - 51.png,cw,0.5480609,0.45012572,0.5576912,0.44437984,0.5354676,0.4453421,0.5767374,0.45022374,0.5209223,0.45220006,0.609335,0.4883302,0.5112933,0.4830728,0.64690745,0.51048166,0.520048,0.48888943,0.62320805,0.4825773,0.5860523,0.47332242,0.60366875,0.59122777,0.536071,0.5896813,0.6015226,0.66930467,0.53774,0.66903627,0.59388113,0.73599845,0.54456705,0.73925155
joaocw - 52.png,cw,0.46426618,0.4747499,0.47367552,0.46873927,0.45090896,0.4701799,0.49257383,0.47491947,0.43564922,0.47814053,0.5268017,0.5142982,0.42446655,0.5099869,0.5635062,0.5367061,0.42767766,0.5153464,0.538968,0.50932705,0.4934606,0.49668857,0.51599896,0.6227949,0.44576946,0.6213983,0.51637197,0.7053512,0.4471567,0.7047378,0.5035831,0.77656937,0.45517334,0.7788295
joaocw - 54.png,cw,0.49421158,0.402033,0.5060473,0.39667252,0.48209623,0.3962961,0.52583677,0.40422374,0.4659195,0.40263855,0.55838364,0.44455543,0.44895926,0.43617684,0.5923359,0.4660826,0.46094647,0.4396163,0.5676891,0.43808004,0.5208034,0.41350052,0.54930216,0.55348635,0.4736808,0.55077976,0.54816824,0.6385877,0.47409317,0.63677394,0.53453153,0.7129496,0.48629862,0.7131736
joaocw - 55.png,cw,0.48946753,0.3761405,0.5009917,0.37089205,0.47759968,0.37118602,0.5223432,0.37920597,0.4630057,0.37929013,0.55357045,0.41920733,0.44670957,0.41047728,0.5910225,0.44238064,0.46087262,0.4122434,0.56041574,0.4120666,0.539101,0.3909898,0.5420514,0.5271023,0.46827218,0.52425176,0.5372909,0.61327463,0.47259223,0.6112866,0.5302763,0.6884459,0.48178315,0.68858683
joaocw - 56.png,cw,0.4888799,0.4453684,0.5004975,0.439326,0.47639763,0.4396146,0.5236012,0.44435132,0.46190614,0.44460726,0.5578083,0.48347828,0.45015556,0.4759305,0.58922374,0.5114751,0.46947095,0.48405573,0.56490237,0.4806189,0.5409926,0.46077254,0.5463844,0.5934757,0.47149172,0.5911883,0.5420736,0.6787882,0.47551355,0.6783154,0.5338151,0.752462,0.4861587,0.7558245
joaocw - 57.png,cw,0.475734,0.4883235,0.48772785,0.482181,0.46273097,0.48321497,0.51149803,0.48845693,0.44840097,0.49015144,0.5416608,0.52733546,0.43667144,0.52050173,0.58028877,0.5573246,0.4504766,0.5305083,0.54748297,0.5193243,0.5221183,0.5005273,0.535289,0.63763154,0.4630375,0.63597816,0.53605866,0.72403735,0.46975198,0.72451943,0.5313322,0.803151,0.47405744,0.80595565
joaocw - 58.png,cw,0.46870038,0.47162372,0.47972557,0.46605888,0.45489645,0.4676706,0.50211054,0.4747533,0.44018647,0.47761244,0.53310966,0.51472145,0.428048,0.5072542,0.577544,0.54056275,0.43697906,0.5101337,0.5463585,0.50854313,0.5201355,0.4904528,0.5289684,0.6234619,0.45739636,0.6221252,0.52645165,0.7089335,0.462896,0.7112084,0.52275735,0.7860671,0.46575367,0.7922002
joaocw - 59.png,cw,0.52003753,0.43856013,0.5303202,0.43229324,0.5053797,0.43392152,0.55064976,0.43846852,0.48801428,0.44136602,0.58330965,0.47855523,0.47522086,0.4702468,0.6287445,0.50957274,0.49846134,0.47657102,0.6000816,0.47676724,0.5807226,0.45701838,0.57999384,0.58875483,0.5057991,0.586845,0.5739778,0.6748859,0.5084041,0.67609894,0.56887317,0.7496937,0.51785445,0.7544432
joaocw - 60.png,cw,0.5193772,0.4075306,0.5303098,0.4007909,0.5045569,0.4024238,0.55287564,0.4065557,0.48816815,0.40954834,0.58654183,0.44861904,0.47778285,0.4403107,0.63652545,0.47804904,0.4945267,0.4445907,0.6044184,0.4415307,0.57395846,0.4225416,0.5798087,0.5606094,0.5059714,0.55868024,0.5743519,0.6458039,0.5096437,0.64800745,0.5696774,0.7216631,0.5155175,0.72893476
joaocw - 61.png,cw,0.4605288,0.36443883,0.4732327,0.35808685,0.44524524,0.35870725,0.49716195,0.36533788,0.42720744,0.36577114,0.5314103,0.40769026,0.41642082,0.39833498,0.58277565,0.4404061,0.433194,0.40944108,0.55188036,0.4025982,0.51561064,0.3828658,0.5233605,0.52747566,0.44535458,0.5251862,0.51886475,0.6197251,0.44996583,0.6213861,0.50889,0.6985427,0.45727685,0.70471716
joaocw - 62.png,cw,0.44504726,0.36646065,0.4568538,0.35753092,0.42646912,0.35959604,0.47464225,0.36365482,0.40441334,0.36793318,0.5209346,0.41200304,0.38996023,0.40382013,0.58222985,0.45452815,0.40965563,0.4089412,0.5391984,0.40847328,0.5041516,0.38656956,0.5129335,0.5496857,0.42411542,0.5474852,0.51457965,0.6469627,0.42476478,0.65566015,0.49746826,0.7384064,0.43660557,0.7395492
joaocw - 63.png,cw,0.47444236,0.36588436,0.49015468,0.35773793,0.45540443,0.35884026,0.5153692,0.3673667,0.43216988,0.36975145,0.56491053,0.42395622,0.41600832,0.4116627,0.62441283,0.46330574,0.43605375,0.41180828,0.5784314,0.41203606,0.544207,0.3938511,0.5457333,0.56975293,0.44618252,0.56602967,0.54560256,0.6754059,0.45061162,0.6872493,0.532143,0.77954286,0.46716607,0.78693813
joaocw - 64.png,cw,0.5008896,0.369127,0.516977,0.35919955,0.4792695,0.36077777,0.53736603,0.3691025,0.4497683,0.37152064,0.5920038,0.43134016,0.430514,0.41934016,0.66615885,0.4771909,0.4555163,0.4235821,0.61333984,0.4180388,0.57573843,0.39587134,0.5832538,0.6030056,0.47306585,0.59902817,0.5764632,0.7236974,0.4685077,0.7300551,0.553033,0.83050174,0.48248872,0.83090746
joaocw - 65.png,cw,0.54040784,0.36555362,0.557482,0.3553432,0.5176514,0.35680488,0.58173,0.36679095,0.488437,0.36981943,0.6443763,0.43491855,0.46673673,0.42171505,0.7296442,0.4878258,0.49573436,0.4238784,0.67003673,0.42472804,0.63132924,0.3955373,0.6211104,0.6243746,0.50161994,0.6195272,0.6195159,0.7560067,0.5018676,0.7654653,0.5884411,0.87719595,0.51823145,0.8800549
joaocw - 66.png,cw,0.5895269,0.36904904,0.6081554,0.35781816,0.5660998,0.35921377,0.6326213,0.36840314,0.5341561,0.37061322,0.6997436,0.4406894,0.5115755,0.42618906,0.7975659,0.4989965,0.55182976,0.43077496,0.7390593,0.43172115,0.69407755,0.4013014,0.678863,0.64664537,0.5503028,0.64157957,0.6783846,0.7907047,0.54858154,0.8006221,0.6476186,0.9230647,0.56805307,0.92431474
joaocw - 67.png,cw,0.5636451,0.36739156,0.58444864,0.3555467,0.5388365,0.35641205,0.6120989,0.36697543,0.50299937,0.36667493,0.6790804,0.44361714,0.4855135,0.42639792,0.781218,0.50097823,0.5310271,0.4387628,0.7214686,0.4348121,0.6760316,0.40142843,0.6555516,0.6574214,0.51845825,0.6521715,0.65245926,0.8088751,0.53657687,0.816639,0.63783455,0.94507986,0.5461383,0.947595
joaocw - 68.png,cw,0.4256569,0.36196205,0.4474447,0.34999347,0.40235934,0.3516075,0.48142308,0.3613528,0.37555397,0.36279553,0.55399823,0.4405886,0.3513359,0.4201265,0.6388305,0.5001886,0.35790896,0.4251448,0.5697346,0.43285462,0.53014636,0.39764813,0.5252646,0.6578109,0.3856607,0.65101147,0.5207287,0.8111197,0.40456074,0.8159083,0.50306296,0.9512412,0.41274363,0.9483115
joaocw - 69.png,cw,0.37071964,0.3479866,0.39449817,0.33669487,0.34963557,0.33755964,0.435997,0.34691772,0.32765412,0.34798363,0.5064071,0.42242193,0.2972413,0.40558055,0.5853363,0.48592138,0.29850084,0.41241628,0.5131864,0.41922516,0.47096345,0.3892305,0.47723004,0.63766843,0.33725455,0.6324205,0.47730905,0.78771144,0.35211512,0.7985357,0.46517277,0.93317926,0.37010893,0.9369603
joaocw - 70.png,cw,0.41776338,0.3342992,0.43887386,0.32279086,0.39432865,0.32436815,0.47181603,0.33326402,0.3669743,0.335914,0.544762,0.4091684,0.34408912,0.39222956,0.63214135,0.47174722,0.3699923,0.39560193,0.5590962,0.40451294,0.5218747,0.37426174,0.52129763,0.61906934,0.38630754,0.61307484,0.52038383,0.7665233,0.3945893,0.7755111,0.4931439,0.9052571,0.42177224,0.9055981
joaocw - 71.png,cw,0.521314,0.32443532,0.5404301,0.3125559,0.49850655,0.31447926,0.56712365,0.32107136,0.46644735,0.32361537,0.6316902,0.3928977,0.44811633,0.37909517,0.7257785,0.44785598,0.4743663,0.38920105,0.6654004,0.38619706,0.6209573,0.35880637,0.6158485,0.5924714,0.49055532,0.5887202,0.6101282,0.72818655,0.50806206,0.73766917,0.59586596,0.85787076,0.5190886,0.85881084
joaocw - 72.png,cw,0.54160815,0.3045074,0.55808455,0.29363996,0.5191128,0.29530793,0.5827553,0.30182472,0.4902011,0.30557698,0.64493173,0.36958343,0.469148,0.35930908,0.7308408,0.42004246,0.49399593,0.3653342,0.674208,0.35920566,0.62910086,0.3404225,0.63123125,0.55182076,0.51369137,0.5494835,0.63116884,0.67673355,0.51655614,0.6919928,0.612692,0.79136217,0.537041,0.79957134
joaocw - 73.png,cw,0.47751126,0.27370098,0.49506456,0.26473808,0.45667446,0.26515275,0.51652336,0.2760176,0.42728117,0.2757944,0.56611025,0.33683124,0.41323233,0.3232228,0.64556825,0.37929776,0.45075682,0.3227821,0.5983889,0.32564503,0.5692859,0.29848206,0.55943155,0.5023633,0.45378643,0.4982257,0.5577346,0.61870855,0.45700288,0.62489426,0.5450523,0.72283566,0.4749472,0.7262794
lucianccw - 01.png,cw,0.40056568,0.41092232,0.4164934,0.40209848,0.3817582,0.40310624,0.4426505,0.408406,0.3625617,0.40996623,0.47824824,0.4619284,0.34225413,0.4550252,0.49339452,0.5038061,0.33337173,0.4793816,0.4799054,0.45989326,0.45626467,0.45024073,0.46623677,0.60666525,0.3717116,0.60575205,0.4673667,0.7013986,0.36735952,0.7066469,0.45908684,0.794668,0.37306976,0.79959327
lucianccw - 02.png,cw,0.43153396,0.4135566,0.4472239,0.40431482,0.41288227,0.40494663,0.47211143,0.40886456,0.39223784,0.40961263,0.5055666,0.4641149,0.36897177,0.45706606,0.5221664,0.5054254,0.35852847,0.48361927,0.51094633,0.46430895,0.48202744,0.4571833,0.49299502,0.6101862,0.40044522,0.6085554,0.49121207,0.7071755,0.39019215,0.7086765,0.4837939,0.7984363,0.3961883,0.8002564
lucianccw - 03.png,cw,0.4337698,0.4269055,0.44953927,0.41838926,0.41647705,0.41829428,0.47310933,0.42586914,0.39285785,0.42531282,0.50620306,0.48220325,0.36530483,0.47274125,0.51925784,0.52172273,0.36201128,0.49823812,0.5104616,0.48278207,0.49578246,0.47415534,0.48812684,0.6242292,0.39149982,0.6221701,0.49391326,0.71817756,0.39084008,0.7204386,0.47688022,0.82201225,0.39515528,0.82322586
lucianccw - 04.png,cw,0.41338593,0.4466127,0.43102467,0.4382621,0.39639616,0.43911478,0.4615935,0.44675735,0.38039404,0.44774315,0.501497,0.4986276,0.36038953,0.48972657,0.5068775,0.5428743,0.34835285,0.5207194,0.5030315,0.50225115,0.48534766,0.49978182,0.48311263,0.6404921,0.38037747,0.6387728,0.48442596,0.74413186,0.3798784,0.74506944,0.47734082,0.84608674,0.38871488,0.8453934
lucianccw - 05.png,cw,0.4419877,0.48847345,0.45967567,0.47884142,0.42326248,0.4803777,0.4912133,0.4856001,0.4047944,0.48811352,0.53263247,0.5422372,0.38736102,0.533946,0.5473851,0.5870334,0.3813534,0.56262827,0.53929067,0.53105396,0.52047664,0.5373197,0.51592493,0.69388944,0.4117553,0.69230974,0.5181582,0.79926205,0.4119226,0.8026816,0.5103687,0.9089457,0.41662538,0.9062108
lucianccw - 06.png,cw,0.50560486,0.48180497,0.52188915,0.47118428,0.48519477,0.473432,0.5483457,0.4777382,0.46174434,0.48149163,0.59443694,0.53784305,0.44376764,0.5316799,0.62222403,0.58825296,0.45287475,0.56622064,0.6125192,0.53643167,0.59564626,0.5273816,0.5798503,0.70104384,0.4709276,0.7005111,0.5842736,0.81202835,0.4708273,0.8165041,0.57378435,0.9291693,0.47572127,0.9278252
lucianccw - 07.png,cw,0.49843183,0.44531494,0.51857424,0.43508118,0.47714084,0.4364878,0.55168873,0.44521153,0.4538642,0.4471858,0.598788,0.5088697,0.43255588,0.49942315,0.6174062,0.5651066,0.43976304,0.5360465,0.63201034,0.5198137,0.6102058,0.50343245,0.5829215,0.6859326,0.46243444,0.68508255,0.5930777,0.80457044,0.46882138,0.8087628,0.57319313,0.9340938,0.47429413,0.9337801
lucianccw - 08.png,cw,0.44377485,0.40992787,0.46576554,0.3980411,0.41975307,0.39986393,0.50175464,0.4078398,0.3923423,0.4107885,0.55169046,0.47852492,0.36910257,0.46958706,0.58085096,0.54454577,0.3762067,0.5110654,0.5893774,0.49238622,0.5525511,0.47629932,0.5328869,0.67300445,0.403706,0.6719237,0.54002243,0.8006045,0.40845087,0.80472624,0.5201803,0.93795,0.42069572,0.93386185
lucianccw - 09.png,cw,0.4320778,0.40370762,0.45258585,0.39119303,0.40613347,0.39427063,0.48769343,0.4007843,0.37777483,0.4063393,0.5431707,0.473845,0.35720775,0.46368384,0.5753559,0.5411997,0.3667217,0.5056352,0.56812716,0.4759855,0.54759306,0.4746737,0.5235923,0.6740214,0.3910869,0.6721731,0.52738625,0.80179524,0.3964148,0.8072913,0.512879,0.9371142,0.4123742,0.93376696
lucianccw - 10.png,cw,0.48373345,0.44644162,0.50228596,0.43469268,0.45705956,0.43629095,0.5268554,0.44432744,0.418618,0.4463737,0.57567894,0.51453334,0.40018496,0.50344515,0.6229615,0.5806155,0.43716982,0.5497206,0.6171867,0.51992697,0.6067058,0.5173858,0.5666399,0.70977324,0.43826306,0.707977,0.5674169,0.8350702,0.43921018,0.8400035,0.5589816,0.9631674,0.45375365,0.96436775
lucianccw - 11.png,cw,0.5800021,0.44114155,0.5966362,0.43026096,0.5533959,0.43181238,0.61634225,0.44075605,0.51282203,0.44351915,0.6611743,0.50843406,0.4923534,0.502092,0.7151728,0.57435507,0.54773736,0.5444475,0.7276821,0.5179376,0.7038074,0.5105097,0.6601924,0.70164645,0.5392816,0.7013537,0.65822315,0.8286241,0.52959585,0.8357848,0.63141006,0.959504,0.55046064,0.9599794
lucianccw - 12.png,cw,0.54484934,0.4044059,0.56349576,0.39287263,0.5194407,0.3939715,0.5862368,0.40183374,0.4817815,0.40409452,0.63388,0.4704982,0.46016335,0.4653304,0.681407,0.5338084,0.52634937,0.50322384,0.6848914,0.47056344,0.66838217,0.45652106,0.6250103,0.6602881,0.5025771,0.66017747,0.6278379,0.78412986,0.488964,0.7948136,0.58779556,0.91100377,0.5243718,0.9200969
lucianccw - 13.png,cw,0.5085468,0.4060966,0.5266357,0.3958841,0.48442242,0.39595255,0.5499532,0.40597528,0.4485978,0.40614048,0.59485394,0.47347662,0.42364025,0.46441662,0.6323076,0.53499126,0.4706961,0.5014043,0.6156221,0.47061402,0.63144547,0.47049695,0.5858396,0.65637994,0.46476847,0.6555143,0.59227216,0.7758434,0.4585796,0.78795385,0.5680754,0.9047402,0.48140812,0.9199892
lucianccw - 14.png,cw,0.48673683,0.40798342,0.5061447,0.39713046,0.463301,0.39878225,0.53687465,0.40738738,0.4366894,0.40954828,0.585652,0.47646886,0.41456485,0.4630132,0.6021607,0.5348598,0.41584522,0.50128376,0.59594727,0.478562,0.59682864,0.47795746,0.5699241,0.65674114,0.44526866,0.6538981,0.5727576,0.77637553,0.44574448,0.77781934,0.5636627,0.9002129,0.45539978,0.89872843
lucianccw - 15.png,cw,0.40326816,0.40740016,0.42364967,0.39664942,0.38285476,0.39808086,0.46090624,0.4060571,0.3652852,0.40769243,0.5115645,0.47465473,0.3376464,0.46015164,0.5082727,0.5359864,0.3103395,0.49830687,0.4811547,0.48748693,0.49195063,0.48019692,0.48798704,0.654563,0.36198825,0.6517097,0.4919413,0.7731132,0.37004375,0.7758323,0.48421958,0.8958121,0.37577006,0.8982435
lucianccw - 16.png,cw,0.37150532,0.43947896,0.3912228,0.42872614,0.3519978,0.42980552,0.43170208,0.4350525,0.33510995,0.43721583,0.47699764,0.5040927,0.3016109,0.49372685,0.4744824,0.56623113,0.2883181,0.5318972,0.48279157,0.51137257,0.45190355,0.50714964,0.4525168,0.6794565,0.33008966,0.67715305,0.46748936,0.795217,0.3412461,0.7999913,0.43724307,0.9169007,0.34752467,0.9157104
lucianccw - 17.png,cw,0.41656494,0.47357732,0.43790418,0.46353275,0.39663696,0.46358663,0.47822583,0.47062677,0.38046739,0.4700895,0.51870394,0.5382148,0.35281718,0.5253466,0.5163586,0.59566694,0.32686326,0.5628673,0.51020586,0.5474181,0.47365782,0.5533118,0.49536362,0.7154002,0.38043952,0.7115767,0.5012575,0.83334416,0.38280815,0.83127254,0.49314925,0.9472502,0.3918935,0.94324166
lucianccw - 18.png,cw,0.48437116,0.48726064,0.5053811,0.47740623,0.4645384,0.47691852,0.54079187,0.48352596,0.44483194,0.48149055,0.57951707,0.54659325,0.41767788,0.5318105,0.5882644,0.6044954,0.4093014,0.5672381,0.57654744,0.54804355,0.5582957,0.5541756,0.5564171,0.7174654,0.4418277,0.7129008,0.5589329,0.8348618,0.44191042,0.8328287,0.552665,0.95059973,0.45399886,0.9475289
lucianccw - 19.png,cw,0.52797693,0.4982917,0.5476246,0.48868176,0.50685537,0.488758,0.5750051,0.49744722,0.48012322,0.4963977,0.6097537,0.55969274,0.45678434,0.54985034,0.6311512,0.6109758,0.46262613,0.585911,0.63163376,0.5590153,0.6058788,0.5549105,0.5960597,0.72739977,0.4849189,0.72581667,0.5976871,0.8414359,0.47834584,0.84398866,0.59236526,0.95514977,0.486826,0.9545885
lucianccw - 20.png,cw,0.5123805,0.5002622,0.52990055,0.4898486,0.4910016,0.49153152,0.55662805,0.49795106,0.46479306,0.5006335,0.59599286,0.5601312,0.44609994,0.5513285,0.60824966,0.61359555,0.4532746,0.58645886,0.61659366,0.5678896,0.601017,0.5517625,0.58157146,0.7235764,0.4725652,0.72227484,0.5887179,0.8323702,0.4695822,0.834513,0.5740667,0.95073307,0.47778845,0.94891423
lucianccw - 21.png,cw,0.47661382,0.46680805,0.49387738,0.45737153,0.45660427,0.45803314,0.5194843,0.46470043,0.4317056,0.4657674,0.55044264,0.5208835,0.4087438,0.51521194,0.57256985,0.570267,0.43087694,0.5442856,0.5818401,0.5276015,0.5652658,0.51406586,0.53627443,0.6806232,0.43626362,0.67995214,0.5445639,0.7909186,0.42615497,0.79619867,0.5292283,0.9015993,0.44076097,0.9039921
lucianccw - 22.png,cw,0.48135975,0.35511258,0.49820465,0.34657127,0.46142182,0.34683412,0.51982397,0.35756007,0.43434912,0.35713682,0.5534148,0.41491473,0.4186822,0.40515375,0.5837994,0.45977786,0.44717333,0.42553303,0.58071977,0.413583,0.56988645,0.39408723,0.54669785,0.56963634,0.44908407,0.56719685,0.54613435,0.67819244,0.43364528,0.6802319,0.5374752,0.7859647,0.44897145,0.7885734
lucianccw - 23.png,cw,0.49089006,0.27833748,0.50824016,0.27078673,0.47093663,0.27000406,0.5308767,0.28336307,0.44464618,0.280924,0.5644434,0.34214622,0.42777082,0.32947323,0.5890223,0.38392004,0.45842734,0.3430728,0.591353,0.34146512,0.5810755,0.32058653,0.559953,0.49477413,0.4606569,0.49156487,0.56251943,0.5991829,0.44391254,0.60151225,0.54466844,0.70686513,0.45637333,0.71130157
lucianccw - 24.png,cw,0.49263543,0.2726465,0.50976783,0.26476374,0.47224188,0.2644155,0.53210044,0.27640936,0.4453659,0.27495837,0.5662708,0.33399254,0.42818123,0.32348987,0.58931077,0.37544665,0.45982373,0.34012812,0.5901296,0.33065367,0.58484834,0.31358173,0.56412363,0.48838905,0.46383932,0.4860819,0.5651138,0.5930006,0.4468052,0.59613675,0.54631186,0.70039356,0.4617006,0.70454806
lucianccw - 25.png,cw,0.4952814,0.31884912,0.51341975,0.3108495,0.4759674,0.30991116,0.5351657,0.32126212,0.44786435,0.3183034,0.5637096,0.3784,0.4319042,0.37023148,0.59589624,0.4209116,0.46901658,0.39309776,0.59945124,0.37482858,0.5870746,0.3569908,0.5616487,0.5327703,0.4668168,0.5311296,0.5644001,0.6389451,0.4524915,0.64082885,0.55525863,0.741867,0.46627083,0.74614733
lucianccw - 26.png,cw,0.4576566,0.380098,0.47376022,0.3714074,0.43850487,0.37129414,0.49678817,0.38022333,0.41338748,0.37999335,0.5312739,0.43651506,0.39613575,0.43026966,0.55609006,0.48313436,0.4288229,0.45558614,0.5661297,0.44766167,0.54977226,0.4198081,0.52280146,0.5850736,0.42781734,0.58430356,0.5367583,0.68940145,0.42062208,0.6937932,0.5101702,0.7967161,0.425267,0.80196327
lucianccw - 27.png,cw,0.47967216,0.39315397,0.49618322,0.38467133,0.45950204,0.38470584,0.51540315,0.39313623,0.4290557,0.39228824,0.54642105,0.44590676,0.41128227,0.44016168,0.5823567,0.4892357,0.44164285,0.46940607,0.5733099,0.44645113,0.56192243,0.4388,0.5427949,0.5933125,0.44622818,0.5927577,0.543059,0.6952704,0.4353095,0.6998866,0.5332712,0.7950702,0.4448572,0.8026415
lucianccw - 28.png,cw,0.53755546,0.38760644,0.55113846,0.37884894,0.5178259,0.37968478,0.5670074,0.38735473,0.48553076,0.38856715,0.60202,0.4426152,0.4683986,0.43498728,0.63576615,0.48191005,0.49331993,0.4646091,0.6299373,0.4252702,0.61043096,0.44226834,0.59697753,0.58815974,0.5012476,0.58657,0.59973526,0.68618506,0.49769,0.6891929,0.58838576,0.78669554,0.50387335,0.7867721
lucianccw - 29.png,cw,0.5357624,0.4842207,0.5480769,0.4748624,0.51678884,0.47643638,0.5617724,0.48042184,0.48501247,0.48295075,0.59650314,0.5324903,0.4714406,0.52940285,0.63724077,0.57832474,0.5099687,0.5632378,0.6417494,0.53869873,0.6200196,0.5275061,0.59494966,0.6760581,0.505493,0.676438,0.59841365,0.774147,0.49780715,0.7789266,0.5825743,0.87681395,0.5042299,0.8798867
lucianccw - 30.png,cw,0.54064214,0.60997075,0.55290544,0.6002881,0.52264863,0.6021064,0.56620795,0.6042331,0.49203056,0.6070501,0.6003335,0.655422,0.4732399,0.6513429,0.63468754,0.7100608,0.5067109,0.6910012,0.6441092,0.67514014,0.62339914,0.66273946,0.60273314,0.80395436,0.5098669,0.8051938,0.60940176,0.9000448,0.50176483,0.909772,0.5927417,0.9818146,0.51026666,0.9887537
lucianccw - 31.png,cw,0.58411175,0.63627076,0.5960746,0.62644666,0.5642591,0.6279547,0.60973394,0.629801,0.53332776,0.63324827,0.64319265,0.68198335,0.5150341,0.67896223,0.6808458,0.72708255,0.55456483,0.7138039,0.6664686,0.67120934,0.66517246,0.69509715,0.6430635,0.8305203,0.54963523,0.83115214,0.65330356,0.92838657,0.5424861,0.93917835,0.0,0.0,0.5421489,0.9966567
lucianccw - 33.png,cw,0.5610241,0.45315316,0.57349104,0.44468167,0.54210764,0.44539598,0.58645725,0.4517301,0.51236665,0.45262262,0.6160797,0.50219053,0.49599993,0.49617282,0.6598633,0.5451062,0.5321843,0.52214706,0.653316,0.5038417,0.6399553,0.4924922,0.61517435,0.6365873,0.5314142,0.6348177,0.6146632,0.73270303,0.5144838,0.73228526,0.6046071,0.8228184,0.52711266,0.8240455
lucianccw - 35.png,cw,0.4889846,0.32064044,0.500658,0.3132402,0.47114596,0.3138158,0.514978,0.32018825,0.444613,0.32166556,0.5444137,0.3671942,0.43055373,0.36337918,0.582162,0.40364754,0.4637904,0.38591,0.57108605,0.36604714,0.5594285,0.36011207,0.5354249,0.48780042,0.45646843,0.48746327,0.5416861,0.5764584,0.44757962,0.5838098,0.520885,0.6624941,0.44339323,0.67305773
lucianccw - 36.png,cw,0.46040687,0.28971323,0.47255626,0.28182247,0.4419636,0.2822109,0.4852461,0.28966868,0.4131166,0.29023597,0.51192904,0.3376319,0.39638224,0.33189446,0.55269754,0.37848294,0.43093812,0.3554227,0.54539126,0.32957396,0.53624004,0.33342963,0.51080906,0.4638854,0.42974293,0.46346503,0.5187966,0.55092573,0.42267054,0.55869824,0.49934766,0.6367029,0.42447183,0.6448896
lucianccw - 37.png,cw,0.41689125,0.27922353,0.42996207,0.27101737,0.39823094,0.27222663,0.448396,0.27866894,0.37469894,0.28081164,0.47871137,0.32780498,0.36191362,0.32219386,0.50049084,0.36670768,0.38324878,0.34612828,0.4957657,0.32359335,0.4925486,0.321055,0.47704083,0.45631906,0.39491072,0.45517474,0.47574496,0.54406536,0.38435277,0.5457119,0.46755177,0.6326211,0.40196148,0.6332613
lucianccw - 38.png,cw,0.44581667,0.26902267,0.46064255,0.26127493,0.4273684,0.26239443,0.48108208,0.27044436,0.40362,0.27184945,0.5138684,0.3208973,0.3879237,0.3156467,0.5364019,0.35586256,0.39496323,0.33846158,0.5213605,0.31409007,0.50846136,0.3090452,0.5145736,0.45295864,0.42477068,0.45321524,0.5152137,0.5410102,0.42174682,0.54693747,0.51410913,0.6292331,0.4383077,0.63401824
lucianccw - 39.png,cw,0.43136674,0.26447427,0.44686007,0.25677928,0.41249147,0.25696674,0.47148505,0.26426136,0.3914007,0.26450253,0.49666443,0.31817922,0.37004197,0.3115296,0.51346076,0.35446882,0.374804,0.33505106,0.511842,0.30997226,0.48734498,0.3169896,0.49131384,0.45578036,0.4039308,0.4550702,0.49870095,0.54602396,0.4034118,0.5502881,0.49842337,0.6374089,0.41917244,0.6407028
lucianccw - 40.png,cw,0.46457016,0.271849,0.48045766,0.26285884,0.44705233,0.26397026,0.51090235,0.26826182,0.43150693,0.27048025,0.53928685,0.32175392,0.41090885,0.31347033,0.5480845,0.3665733,0.39533657,0.33967948,0.5389063,0.31732458,0.52419496,0.3276229,0.5211814,0.4625972,0.43324932,0.46074888,0.523144,0.55724156,0.43490785,0.5618588,0.5333852,0.6488045,0.4445482,0.648968
lucianccw - 41.png,cw,0.47837383,0.36885566,0.49669167,0.3607307,0.46398926,0.35978904,0.5307137,0.36540797,0.4538053,0.36281544,0.5605463,0.4165153,0.43169394,0.40844947,0.56673956,0.46423298,0.41207013,0.44508505,0.5794122,0.42986253,0.52692395,0.42656893,0.54051805,0.5578466,0.4509773,0.55637974,0.5481532,0.6522284,0.44657898,0.6545841,0.5539559,0.7310286,0.45760474,0.7387314
lucianccw - 42.png,cw,0.4426038,0.43793175,0.4594518,0.42997104,0.4269044,0.42956936,0.49042153,0.43606365,0.41173542,0.4351651,0.5169444,0.49002668,0.38413516,0.48052877,0.5195422,0.53747815,0.3685374,0.51078755,0.5205169,0.49930766,0.47991332,0.5019954,0.49634162,0.6258693,0.40459967,0.6234652,0.5085219,0.72243255,0.4145018,0.7239558,0.4887662,0.8143619,0.41149992,0.81123227
lucianccw - 43.png,cw,0.41000646,0.4606221,0.42618984,0.45159885,0.3958663,0.45204514,0.45937523,0.45522076,0.38314965,0.45583946,0.4931072,0.5129249,0.35495022,0.5018287,0.48776492,0.56231266,0.3356739,0.532306,0.4909009,0.5222282,0.45524767,0.5241961,0.46668744,0.6453808,0.3734876,0.64208645,0.47703162,0.74330115,0.3777993,0.74430186,0.46239,0.8468369,0.39364308,0.8395541
lucianccw - 44.png,cw,0.41111878,0.4497632,0.42905307,0.4416773,0.3948015,0.44098324,0.45767796,0.44787657,0.37752387,0.44535214,0.4863171,0.50141,0.35360208,0.48989484,0.49773479,0.5529006,0.34189028,0.523787,0.49637717,0.5118383,0.4538733,0.5109488,0.46744376,0.63996595,0.37638894,0.636666,0.47237244,0.7352196,0.3756033,0.73468316,0.47019586,0.82871634,0.38492376,0.8295292
lucianccw - 45.png,cw,0.43763754,0.43649656,0.45460582,0.42787445,0.4188652,0.42767042,0.48073617,0.4331746,0.397305,0.43243915,0.50890976,0.4859013,0.3753523,0.47772324,0.52563703,0.53109473,0.37431106,0.5115888,0.51464975,0.47740495,0.4915082,0.4968946,0.4904868,0.6300961,0.39847758,0.62760645,0.49134973,0.72402334,0.39287132,0.7259468,0.483731,0.8145385,0.39781368,0.8153384
lucianccw - 46.png,cw,0.44775033,0.43713543,0.46308678,0.42721432,0.4282826,0.4285566,0.48362058,0.43187588,0.39915425,0.43383658,0.51636744,0.48688936,0.3797102,0.47836012,0.53691316,0.5341488,0.39336345,0.5147956,0.5367432,0.47748923,0.5184142,0.49759933,0.50055444,0.63053167,0.4025161,0.62855756,0.5054804,0.7271246,0.39714837,0.72998965,0.4915348,0.8276042,0.4048346,0.8250751
lucianccw - 47.png,cw,0.49765015,0.44652376,0.5139332,0.43788427,0.47762942,0.43720838,0.5316703,0.44542652,0.4464017,0.44289964,0.55906665,0.5015281,0.42102575,0.49139968,0.5913045,0.5556524,0.43988946,0.52513963,0.5993807,0.514822,0.57744277,0.5009417,0.5510653,0.6506799,0.45488343,0.6490199,0.5477313,0.7511668,0.4435991,0.75538164,0.53496724,0.8453531,0.45027646,0.8530471
lucianccw - 48.png,cw,0.55031544,0.4374734,0.5651566,0.42840585,0.52949697,0.42809623,0.57923573,0.43676025,0.49237522,0.43552563,0.6114372,0.49425644,0.47217855,0.48432285,0.643844,0.5486479,0.51428443,0.52305144,0.64843875,0.49637482,0.63706386,0.50093883,0.6010779,0.6472753,0.50160164,0.6452048,0.60359764,0.74684924,0.49451548,0.75288975,0.5738841,0.8506312,0.50048,0.8618853
lucianccw - 49.png,cw,0.55999666,0.38398522,0.5754793,0.37512216,0.53902596,0.37511986,0.58979285,0.38439628,0.50250965,0.38327485,0.61899304,0.44113758,0.4855945,0.43424103,0.6662265,0.4926771,0.52816385,0.46804443,0.6760211,0.45719692,0.64356315,0.43739742,0.61244345,0.5954455,0.517615,0.5940858,0.60909843,0.6992805,0.5050627,0.70115626,0.5872806,0.799999,0.5101145,0.8028354
lucianccw - 50.png,cw,0.53204185,0.3292142,0.5459784,0.32049146,0.51040685,0.32055977,0.5587012,0.33096737,0.4703926,0.33060467,0.5914772,0.3903728,0.45019522,0.3806163,0.6291314,0.4353859,0.48661068,0.4145387,0.63133085,0.37528294,0.61232144,0.39156374,0.5831947,0.5439353,0.4817947,0.541469,0.578725,0.64668494,0.47065875,0.6494873,0.56110984,0.75093514,0.48174235,0.753482
lucianccw - 51.png,cw,0.45261723,0.31292745,0.46862164,0.3046376,0.43229175,0.30504885,0.48732656,0.31457558,0.4016498,0.31424507,0.52019036,0.37140167,0.3834086,0.3635354,0.5551677,0.41532144,0.4060669,0.39519387,0.55475247,0.37150607,0.5308122,0.3727899,0.51516384,0.520809,0.41774097,0.51939696,0.51028556,0.62147546,0.4077501,0.6242005,0.4987092,0.71951455,0.41532728,0.72229946
lucianccw - 52.png,cw,0.40361136,0.3096678,0.41904685,0.30129084,0.38325047,0.30164108,0.43840528,0.31062713,0.35566598,0.31067842,0.47114486,0.3671987,0.33491477,0.36008826,0.49653563,0.41189435,0.35238317,0.38842323,0.5046938,0.36713704,0.4809837,0.36145067,0.47106448,0.5171058,0.37521595,0.51642555,0.47058252,0.61126,0.3585578,0.6159517,0.45733806,0.70653504,0.37353915,0.7118027
lucianccw - 53.png,cw,0.3954973,0.33274996,0.41149586,0.32358393,0.37579912,0.3246558,0.4356943,0.33212084,0.35181838,0.3340518,0.47088444,0.3894859,0.33386245,0.3832519,0.49430948,0.43565667,0.33686075,0.41079247,0.5019432,0.39299357,0.47562453,0.38780555,0.46758282,0.53904384,0.37202817,0.5393135,0.47194445,0.6395581,0.37202814,0.6465576,0.45765302,0.7414809,0.37412181,0.7457561
lucianccw - 54.png,cw,0.43673348,0.40423065,0.45413724,0.3953943,0.41660348,0.39607024,0.47862637,0.40428403,0.3913909,0.40479633,0.5123458,0.46178278,0.37122065,0.4556968,0.5355891,0.50470495,0.37199697,0.49103874,0.5299858,0.45881245,0.5016788,0.4653888,0.5008185,0.61311084,0.400252,0.61271846,0.50317854,0.7149801,0.39802337,0.71879494,0.4995418,0.81579536,0.4037601,0.8185147
lucianccw - 55.png,cw,0.47021526,0.42114574,0.4884841,0.41233146,0.45063534,0.41264167,0.51565796,0.42201743,0.4269787,0.4216817,0.5508904,0.4805599,0.40291968,0.47225457,0.5747309,0.5283476,0.40044785,0.50540197,0.56429964,0.47512868,0.54445,0.47546414,0.5359679,0.6306945,0.43242657,0.6293155,0.5315997,0.733352,0.4264497,0.73757666,0.5250429,0.8325638,0.43169588,0.83677983
lucianccw - 56.png,cw,0.5051128,0.38266158,0.5239913,0.3742095,0.48556128,0.37374142,0.5534199,0.3834491,0.46376258,0.38207296,0.5830091,0.4421241,0.4402468,0.43292162,0.59285945,0.48985207,0.4387959,0.46331358,0.61279434,0.45193952,0.5795787,0.44230565,0.56599325,0.59571624,0.4664094,0.5938938,0.5661748,0.7006768,0.4590215,0.7016664,0.5516139,0.8032841,0.4643225,0.8029608
lucianccw - 57.png,cw,0.5191088,0.30779856,0.5384273,0.30007148,0.5000938,0.2992657,0.56588125,0.31253773,0.4756432,0.3099752,0.5940614,0.37284628,0.44968623,0.3637924,0.61277556,0.41654348,0.45096487,0.39211002,0.6211177,0.36901978,0.5874343,0.36109623,0.5788199,0.52414113,0.47864988,0.52215594,0.5776524,0.63238126,0.46876135,0.63327426,0.5656275,0.73793536,0.47065234,0.7397647
lucianccw - 58.png,cw,0.5268788,0.313101,0.5460972,0.30444327,0.5082118,0.3045028,0.57552874,0.3141318,0.4861845,0.31347686,0.6099509,0.3727146,0.46620512,0.36285886,0.61657226,0.42035344,0.47180507,0.39387932,0.6353492,0.38188455,0.6097618,0.3648633,0.5879871,0.52260196,0.48470527,0.5201984,0.587999,0.6293743,0.473375,0.6292195,0.56697226,0.7369348,0.48223877,0.7356272
lucianccw - 59.png,cw,0.54124886,0.40126842,0.55899066,0.39274174,0.5234591,0.3918382,0.5816731,0.39948514,0.49963552,0.39651376,0.6046563,0.45494577,0.47123978,0.4463282,0.62013805,0.506073,0.4757558,0.48728898,0.62680686,0.4618316,0.5913705,0.46202737,0.5792054,0.6044116,0.4875044,0.6013207,0.5783777,0.7102938,0.47644597,0.7077769,0.5620899,0.8067305,0.47669283,0.80771625
lucianccw - 60.png,cw,0.6591286,0.4443509,0.67782533,0.4364072,0.64228636,0.43493778,0.6968117,0.44403642,0.6108652,0.4390998,0.72246474,0.49630147,0.5736812,0.48649973,0.73597026,0.5400309,0.5778111,0.52048475,0.6685098,0.5214986,0.7055264,0.5101311,0.69608074,0.6467165,0.58918816,0.64342135,0.6820986,0.74996185,0.57415867,0.74834204,0.6811373,0.8468066,0.58130574,0.8491797
lucianccw - 61.png,cw,0.7706016,0.44885647,0.78838587,0.44045958,0.7532764,0.44012472,0.8160721,0.44786188,0.735074,0.44609383,0.84402937,0.5041306,0.70995265,0.489812,0.8463289,0.5537832,0.698449,0.5208056,0.83773667,0.51384604,0.83073,0.51698154,0.8062728,0.64990795,0.71238756,0.6437797,0.79419136,0.7476021,0.6963137,0.7424647,0.77706003,0.8441943,0.6908765,0.8388212
lucianccw - 62.png,cw,0.5503387,0.4438569,0.5694354,0.4362808,0.53416914,0.4345658,0.59805435,0.44324216,0.5141096,0.4384078,0.6204903,0.49708307,0.48453927,0.48349202,0.62934875,0.5442857,0.47381246,0.51510656,0.6207004,0.4944337,0.59862125,0.5035557,0.5926419,0.63651556,0.5000676,0.6314856,0.58977544,0.7312322,0.491009,0.7284457,0.5793634,0.82257503,0.48932874,0.82186437
lucianccw - 63.png,cw,0.3770461,0.4429336,0.39272758,0.43466532,0.36296764,0.43483767,0.42308205,0.44049105,0.35120618,0.4404651,0.45587575,0.4944445,0.32215005,0.48613518,0.45648795,0.54130834,0.30227298,0.514969,0.44639707,0.51606554,0.42705208,0.5071241,0.42641354,0.62802184,0.33710435,0.6261583,0.42748764,0.72005874,0.33659333,0.72545147,0.40113875,0.8036505,0.3342458,0.8137074
lucianccw - 64.png,cw,0.20443852,0.44862184,0.22076698,0.44057828,0.18743521,0.44071275,0.24811526,0.44758016,0.16860953,0.44752735,0.27446887,0.4987532,0.14238437,0.49034655,0.28500143,0.54779005,0.13533445,0.52215946,0.29728734,0.5125198,0.26109168,0.5103716,0.25247908,0.6354239,0.16171701,0.63364846,0.25645313,0.7287043,0.15647247,0.7327176,0.24215941,0.82383925,0.16184421,0.824936
lucianccw - 65.png,cw,0.30830696,0.45335212,0.32438895,0.4456291,0.2907342,0.44580278,0.34683362,0.45374233,0.26846212,0.45325634,0.37422237,0.5043982,0.24855594,0.49779284,0.39519048,0.5439105,0.24835792,0.5292611,0.39070103,0.49920666,0.36083934,0.50931925,0.35983926,0.6386869,0.27225983,0.6372294,0.359861,0.7323353,0.26624924,0.7347809,0.35557598,0.8243922,0.267852,0.8290148
lucianccw - 66.png,cw,0.48413244,0.466004,0.4972987,0.4575579,0.46642008,0.4584516,0.51550686,0.46397087,0.44104213,0.46559978,0.547038,0.51399505,0.42167985,0.507788,0.5645843,0.5534751,0.43813565,0.5371829,0.5609426,0.5063454,0.554044,0.51966757,0.53315663,0.64541423,0.44476748,0.64466625,0.5366929,0.73595566,0.43597776,0.74341106,0.5214405,0.8322817,0.4471428,0.8423468
lucianccw - 67.png,cw,0.6006593,0.47325853,0.614102,0.4653127,0.58164775,0.46591234,0.6307473,0.47262588,0.5550893,0.47348934,0.6594907,0.5212376,0.53578514,0.5178158,0.6856279,0.55822796,0.5528309,0.5494666,0.6809412,0.51906294,0.66570663,0.5278158,0.65399045,0.6579266,0.5681338,0.657671,0.6521343,0.7492215,0.5555971,0.75243014,0.64239216,0.8409601,0.56615376,0.84731394
lucianccw - 68.png,cw,0.5601396,0.47560135,0.57358456,0.46743357,0.5414187,0.46804154,0.58986026,0.47485888,0.514824,0.4759216,0.61800104,0.52272105,0.49560234,0.5186384,0.6524541,0.5633174,0.51817185,0.5479677,0.6425719,0.5159581,0.6302472,0.5238817,0.61318773,0.65811896,0.5275759,0.657427,0.61570036,0.7492404,0.5155465,0.75296015,0.6011364,0.8425385,0.515712,0.8463587
lucianccw - 69.png,cw,0.48104638,0.4766865,0.49493623,0.46861866,0.46473378,0.46878484,0.5155133,0.47506747,0.44281673,0.47543082,0.5464586,0.52548575,0.4193374,0.5187871,0.5646812,0.56349224,0.4270509,0.54654396,0.5555064,0.514043,0.5415767,0.5266469,0.5317134,0.65816325,0.44322294,0.65655434,0.5388305,0.74688405,0.43555298,0.7514463,0.52181756,0.8443648,0.43709087,0.8476072
lucianccw - 70.png,cw,0.44134364,0.47470084,0.4553595,0.4658723,0.42277926,0.466879,0.4777693,0.47100824,0.4013954,0.47295198,0.50612634,0.52213097,0.380755,0.5144289,0.5195167,0.5626609,0.3795862,0.5399419,0.5096478,0.5094844,0.502458,0.5262893,0.49424487,0.6581143,0.40659314,0.6566249,0.49753362,0.7467438,0.40127623,0.7520094,0.49217957,0.83788174,0.40777764,0.8384645
lucianccw - 71.png,cw,0.45313212,0.45486146,0.46808985,0.44631264,0.43457276,0.44663823,0.49044448,0.45159495,0.4122207,0.45200244,0.5148324,0.50243884,0.39175314,0.49475792,0.53072965,0.5492163,0.3931043,0.5234926,0.54247516,0.50650734,0.50919586,0.5057016,0.50732774,0.6371252,0.4217647,0.63607997,0.51320684,0.7262304,0.41358802,0.73114496,0.5076095,0.816174,0.4189312,0.81707704
lucianccw - 72.png,cw,0.47626308,0.39166844,0.49013633,0.38334504,0.4595616,0.38383165,0.51135504,0.3886305,0.43706298,0.38976204,0.54296774,0.4373267,0.41559955,0.4335745,0.56418395,0.47651413,0.4303118,0.4651351,0.5649979,0.43869498,0.5468884,0.4438801,0.5335795,0.56829506,0.44505185,0.5683284,0.5437426,0.6569503,0.44101092,0.6621362,0.5291239,0.75141823,0.44695526,0.75522786
luciancw - 01.png,cw,0.22308858,0.10594572,0.24831365,0.09696866,0.20214671,0.09417191,0.27616283,0.10734174,0.16628838,0.1018718,0.29669955,0.16344042,0.14561772,0.17584029,0.28283295,0.18306415,0.1371088,0.21818863,0.11856138,0.15958947,0.09354951,0.16662528,0.2992008,0.34247047,0.19120282,0.34661272,0.30196986,0.45495698,0.1949717,0.4557441,0.299636,0.5498604,0.22174136,0.56489587
luciancw - 02.png,cw,0.29910135,0.30581293,0.32011977,0.29747808,0.28265873,0.2949147,0.34593734,0.3026151,0.2572118,0.2985855,0.36406344,0.34604004,0.23157479,0.35835892,0.34473306,0.3734639,0.2238171,0.41055804,0.18826593,0.3509678,0.21948858,0.3667033,0.35555175,0.5118196,0.2581188,0.51464254,0.36593652,0.62254274,0.24955794,0.61966074,0.36112309,0.7206762,0.27095902,0.72841024
luciancw - 03.png,cw,0.46517724,0.39378873,0.48653847,0.3863792,0.44790146,0.38434252,0.51085633,0.39708832,0.42087027,0.39225632,0.53113276,0.44431624,0.39415935,0.44775927,0.513825,0.46605945,0.37933746,0.47683394,0.3903183,0.43954298,0.40871885,0.41731995,0.5140363,0.60120875,0.41230407,0.6025148,0.5117512,0.70527744,0.41012055,0.706296,0.51019603,0.8040423,0.41655654,0.81107146
luciancw - 04.png,cw,0.5257364,0.42411622,0.5477305,0.41605675,0.51070553,0.41284496,0.5752038,0.4237139,0.4860173,0.4171551,0.59471714,0.4701862,0.46083447,0.47560292,0.57560337,0.4883776,0.45265377,0.50946254,0.4512274,0.46729404,0.44911456,0.46617982,0.5743505,0.6270604,0.47764978,0.6270915,0.5752752,0.7346805,0.46153572,0.72939533,0.5642694,0.8347201,0.4764476,0.83782697
luciancw - 05.png,cw,0.519301,0.45978656,0.5411693,0.4525059,0.5054488,0.44872144,0.56458163,0.4614914,0.4795236,0.45378992,0.5781461,0.5051431,0.4525917,0.51261187,0.5661914,0.5248422,0.44977883,0.55437976,0.44678643,0.50217795,0.42906535,0.5148832,0.5620874,0.6629701,0.47053158,0.66328293,0.56345654,0.7690917,0.4463399,0.7628694,0.5472473,0.8746718,0.45959938,0.8783923
luciancw - 06.png,cw,0.5003222,0.4670575,0.5227856,0.46039087,0.48657677,0.45607835,0.54837775,0.46981862,0.46182528,0.46179,0.56049305,0.5124961,0.43087944,0.5195741,0.5565975,0.5327857,0.41927755,0.5584687,0.4301904,0.51050407,0.42370695,0.52023804,0.54140294,0.6712512,0.44652805,0.6720472,0.5420698,0.7777844,0.43056664,0.7734744,0.5352944,0.8807638,0.4461339,0.8863091
luciancw - 07.png,cw,0.53376657,0.46467492,0.55478334,0.45756122,0.5186678,0.45399496,0.5757575,0.4657858,0.49091345,0.45897397,0.5924121,0.50836176,0.4622763,0.517577,0.6031119,0.5292535,0.4689027,0.5599495,0.47078013,0.51383483,0.44938326,0.5242233,0.5723147,0.6684344,0.4795222,0.6696562,0.5720494,0.77644515,0.45634934,0.7750356,0.55890095,0.87461627,0.48632777,0.88562226
luciancw - 08.png,cw,0.54173726,0.4706668,0.563438,0.4646868,0.5308741,0.45899114,0.58144975,0.47404844,0.50226694,0.46179345,0.60168177,0.51777625,0.4706791,0.5237558,0.6193647,0.5299873,0.48379323,0.5586783,0.47446543,0.5202786,0.45778385,0.5277832,0.5867857,0.67113864,0.49467242,0.6708096,0.58415604,0.77451915,0.4738053,0.7681741,0.56822824,0.8788131,0.48090798,0.8884856
luciancw - 09.png,cw,0.54948854,0.48071548,0.56934017,0.47398207,0.5355141,0.46970478,0.5840083,0.4806953,0.5041134,0.4722622,0.59828496,0.52184725,0.4753964,0.52892447,0.6270338,0.5449475,0.4880866,0.5688622,0.48041427,0.5326664,0.48091894,0.5403998,0.58393973,0.6774046,0.496217,0.6779336,0.58420175,0.78604066,0.48342884,0.78275555,0.5729652,0.8885058,0.48841342,0.8948508
luciancw - 10.png,cw,0.5474128,0.5280423,0.56778014,0.5211885,0.53506505,0.51629806,0.585113,0.5269092,0.5052337,0.5166275,0.6051708,0.5677414,0.47307748,0.5732958,0.62033033,0.5930921,0.4850648,0.61585635,0.4796833,0.58514124,0.48072147,0.592558,0.5893126,0.7212336,0.4958954,0.72164947,0.5877493,0.82696444,0.47787905,0.826006,0.5730493,0.9283523,0.4863645,0.94094414
luciancw - 11.png,cw,0.550192,0.4988642,0.57145673,0.49152166,0.5366424,0.48654953,0.5900283,0.49818775,0.50455636,0.48777202,0.6073786,0.5429517,0.47264826,0.54815227,0.618577,0.56134146,0.4839673,0.58758676,0.47172484,0.5474647,0.4786643,0.56057,0.5877243,0.69380903,0.4926657,0.69355154,0.5877922,0.79875517,0.4762074,0.7939802,0.57670516,0.9013537,0.4871054,0.9089583
luciancw - 12.png,cw,0.55350655,0.46948716,0.57503515,0.46334928,0.53966874,0.45788118,0.5907056,0.47258008,0.5073166,0.4615323,0.6023507,0.5136167,0.48100325,0.5203874,0.6260856,0.5289457,0.48917332,0.5572983,0.48002613,0.5163363,0.47030953,0.5253633,0.5925467,0.6669885,0.50600636,0.6669542,0.5917318,0.77210355,0.48884994,0.76573277,0.5724839,0.87065434,0.48600283,0.87984335
luciancw - 13.png,cw,0.51465595,0.46704352,0.5356841,0.46020177,0.50033265,0.45631048,0.55622536,0.46908808,0.47356945,0.4612451,0.57080805,0.5096226,0.4441208,0.51801693,0.57789505,0.5287881,0.44351014,0.56092536,0.4512736,0.50667924,0.42915842,0.5175628,0.55332243,0.6666353,0.4626038,0.66754097,0.55246496,0.77463335,0.43778917,0.7713761,0.54335797,0.87164325,0.45900992,0.8835078
luciancw - 14.png,cw,0.49016672,0.45333034,0.51163024,0.44729587,0.4758294,0.44284567,0.5325749,0.45667168,0.4485308,0.44821143,0.54185355,0.4964505,0.41913667,0.50408924,0.53824836,0.51624614,0.41444448,0.544295,0.4165862,0.49333823,0.40368754,0.5015509,0.52748424,0.65244967,0.4375596,0.65353787,0.5306425,0.7595762,0.42192256,0.75519663,0.51526564,0.8609995,0.4374115,0.86888945
luciancw - 15.png,cw,0.5117628,0.37731627,0.53364706,0.37205195,0.49932843,0.36663654,0.5554362,0.3850833,0.47350547,0.37344992,0.57090783,0.42622253,0.44452378,0.42706963,0.559783,0.43383133,0.4416207,0.44506162,0.4515942,0.41630232,0.4462559,0.3932847,0.5596965,0.5759782,0.46675318,0.5750948,0.5558141,0.68420076,0.44703194,0.67736006,0.55015016,0.7839079,0.46021354,0.7920122
luciancw - 16.png,cw,0.53458285,0.35304147,0.555248,0.34714136,0.5213398,0.3437515,0.57838124,0.35818896,0.49812496,0.35154128,0.5905473,0.3976297,0.47110367,0.40441507,0.57997996,0.40885013,0.46451256,0.43376172,0.46971053,0.3844197,0.44904214,0.39388347,0.5748812,0.54743546,0.486882,0.5481875,0.581258,0.6555439,0.46589857,0.6526828,0.57058036,0.75893354,0.48886293,0.7637103
luciancw - 17.png,cw,0.55786943,0.44300884,0.57901967,0.43689007,0.5451568,0.4324532,0.6005234,0.44720715,0.5226615,0.43771547,0.5980535,0.48993462,0.49799138,0.49185652,0.544319,0.506989,0.48665002,0.53354603,0.48494443,0.46726334,0.46138713,0.49940875,0.593277,0.6418471,0.5149022,0.6413667,0.60295117,0.74819285,0.49322617,0.73984873,0.58325285,0.8489474,0.50902396,0.8554861
luciancw - 18.png,cw,0.6040224,0.48673317,0.62511796,0.47946188,0.5896035,0.4758014,0.64891917,0.48749134,0.563957,0.48000777,0.66055286,0.53022414,0.54293454,0.53655505,0.6327316,0.5469576,0.54262596,0.573162,0.52961373,0.53343964,0.5236812,0.53477657,0.64599425,0.68096435,0.5584026,0.6816993,0.6482107,0.7896707,0.5401208,0.78425765,0.6388605,0.8916501,0.54854715,0.8976927
luciancw - 19.png,cw,0.58696043,0.47590896,0.60861045,0.46888715,0.5737932,0.46511832,0.63485,0.4780412,0.55101836,0.47032303,0.64964515,0.5217294,0.52220404,0.52651095,0.63697994,0.5385594,0.5140509,0.5542405,0.52659166,0.5184112,0.5270848,0.50036937,0.63207877,0.67474544,0.53960866,0.675129,0.6403456,0.78088164,0.5236315,0.7761989,0.63223004,0.88167197,0.538023,0.883702
luciancw - 20.png,cw,0.5349964,0.47602063,0.5570424,0.46934378,0.5220622,0.46640906,0.5877794,0.47842628,0.5033141,0.4726615,0.5987779,0.5207969,0.47900504,0.52728206,0.57167524,0.53791726,0.4656009,0.5615329,0.45726088,0.51232696,0.46059987,0.5181546,0.5774079,0.67591506,0.4885048,0.67644626,0.5876781,0.7843416,0.47702476,0.7799178,0.582728,0.8826155,0.4931519,0.88347936
luciancw - 21.png,cw,0.562239,0.4911289,0.5836926,0.48365107,0.5475991,0.481458,0.615179,0.49072674,0.529664,0.48622167,0.6260023,0.5360983,0.5048124,0.54152125,0.58422965,0.5589153,0.47790277,0.5869855,0.50027716,0.5173007,0.4867024,0.54241884,0.604284,0.69003505,0.51639205,0.6909977,0.6167536,0.79579264,0.50985086,0.79402494,0.6121338,0.8848758,0.5162837,0.8931416
luciancw - 22.png,cw,0.6128468,0.4947178,0.6337736,0.4872862,0.5974764,0.48483592,0.6630154,0.4942549,0.5773043,0.48981357,0.6767451,0.5398337,0.5501561,0.54524255,0.6576802,0.5636789,0.5242413,0.5848726,0.5393752,0.5274767,0.53249633,0.53728324,0.6499666,0.695169,0.5604666,0.6951139,0.65350485,0.80008876,0.5554409,0.7961008,0.6509605,0.8887747,0.5674176,0.8890135
luciancw - 23.png,cw,0.5177548,0.4638025,0.539416,0.45692322,0.5040272,0.4540386,0.568652,0.46679825,0.48399347,0.46090835,0.578907,0.5131694,0.45439312,0.5168948,0.5486814,0.5333643,0.42775026,0.55692345,0.44522393,0.49505037,0.42394754,0.51838917,0.5531076,0.66524434,0.46369687,0.6643522,0.5579642,0.7719428,0.45660648,0.76479673,0.5479175,0.87137055,0.47302148,0.86882377
luciancw - 24.png,cw,0.48039204,0.46633342,0.50087935,0.45984298,0.4684093,0.45762056,0.53122187,0.4693076,0.45267272,0.46533805,0.5438835,0.51197714,0.42170188,0.51776934,0.50378287,0.53364503,0.3894808,0.5578465,0.40856045,0.49655104,0.38797963,0.5202266,0.517221,0.6655135,0.4276396,0.665665,0.5283318,0.77306896,0.4221213,0.7676715,0.5058579,0.8693537,0.43879563,0.8662554
luciancw - 25.png,cw,0.5295278,0.47554752,0.550655,0.46821788,0.5142346,0.46606162,0.5774258,0.47712004,0.49083993,0.4730244,0.5887117,0.52145064,0.46513307,0.52818805,0.5680923,0.54102,0.45305082,0.5648514,0.45264637,0.51001656,0.45185494,0.51985127,0.5633071,0.6766443,0.47347862,0.67670506,0.56752205,0.7834282,0.4601998,0.77829874,0.5574468,0.88614255,0.47886008,0.8827788
luciancw - 26.png,cw,0.57784986,0.4583221,0.59726924,0.4501503,0.56336445,0.44808963,0.6210153,0.4566541,0.5405229,0.45221657,0.6355653,0.501931,0.5117406,0.50634736,0.609625,0.52745795,0.5022086,0.5414884,0.5145912,0.4929076,0.51245874,0.47312635,0.6112482,0.65654856,0.521633,0.65646136,0.6176952,0.76091933,0.50739276,0.754354,0.5949395,0.8628739,0.5210788,0.86102134
luciancw - 27.png,cw,0.59627706,0.35331348,0.61576885,0.34558386,0.5818594,0.34288988,0.63783514,0.3535529,0.55586267,0.34774646,0.6562047,0.400407,0.5255797,0.40512592,0.6316908,0.41641963,0.5215537,0.43359077,0.507398,0.39844048,0.54088396,0.37826952,0.6349018,0.5514967,0.5393264,0.5519631,0.6347463,0.65303326,0.5281114,0.6470719,0.6176553,0.7546823,0.5379759,0.7530539
luciancw - 28.png,cw,0.59358203,0.28117773,0.6136423,0.27327296,0.5777729,0.27095038,0.6378992,0.28181583,0.5528352,0.27701867,0.6519018,0.32830858,0.52590454,0.3306685,0.633222,0.3502692,0.5140417,0.34844172,0.5236249,0.32849848,0.53136915,0.27507645,0.6272038,0.48219526,0.53588533,0.4814847,0.6317011,0.5869039,0.5187829,0.58193696,0.6145615,0.68364286,0.5290717,0.6805414
luciancw - 29.png,cw,0.5842183,0.27476737,0.60464567,0.26703385,0.57060456,0.26456013,0.6294836,0.27446398,0.54762185,0.26920757,0.64288795,0.32055423,0.51902115,0.32739067,0.6140915,0.340589,0.5111101,0.36583462,0.50978017,0.32276735,0.50669545,0.31571248,0.6178919,0.47475645,0.52773684,0.47495177,0.6222489,0.57957524,0.509499,0.57101846,0.5958599,0.6798959,0.51810956,0.67576337
luciancw - 30.png,cw,0.5418928,0.41975063,0.5604518,0.41270328,0.5287599,0.4103757,0.5820809,0.41969174,0.5066783,0.4150942,0.59260267,0.46149155,0.4810182,0.46791545,0.5716252,0.48253667,0.4717094,0.50867605,0.4788616,0.45690987,0.46004045,0.47158003,0.5726603,0.60657877,0.4907779,0.60675645,0.57675064,0.7028289,0.4691997,0.69653684,0.55988646,0.7941485,0.48537207,0.7951175
luciancw - 31.png,cw,0.52792096,0.5248964,0.54686874,0.5176692,0.51339257,0.5153888,0.5701551,0.52350885,0.49173707,0.5191175,0.582284,0.5644857,0.46655476,0.5687946,0.5641195,0.5897391,0.45482042,0.60004354,0.45106134,0.5644973,0.46093273,0.5463518,0.5601394,0.70852304,0.4765165,0.7083521,0.5590719,0.8050886,0.4610176,0.80153185,0.54571897,0.89379126,0.47282624,0.8939349
luciancw - 32.png,cw,0.53928274,0.5653614,0.557652,0.5584491,0.5272534,0.55579346,0.57905245,0.56343126,0.50622106,0.5580431,0.59023744,0.60397327,0.48051327,0.60811406,0.57363033,0.6314646,0.47009134,0.64932686,0.47618994,0.6085022,0.4496565,0.6191493,0.5697563,0.74505484,0.49005488,0.7445406,0.57473236,0.84297204,0.47145694,0.83765316,0.5601567,0.93208295,0.48905233,0.933129
luciancw - 33.png,cw,0.57139605,0.55855525,0.5903807,0.5523127,0.55923504,0.5489759,0.610106,0.55883586,0.5358807,0.55235,0.61970496,0.5973147,0.5108425,0.6022334,0.6206249,0.62101233,0.50828034,0.6340661,0.51133907,0.59988546,0.5053173,0.5843435,0.6004311,0.73438853,0.52100605,0.7342514,0.6031771,0.8294103,0.505223,0.8228196,0.58875924,0.9184134,0.5155251,0.91786426
luciancw - 34.png,cw,0.6139312,0.5080268,0.6319253,0.5012496,0.601342,0.4992749,0.653407,0.5082573,0.58160114,0.5034216,0.6693147,0.5482875,0.55646193,0.5514741,0.6579811,0.5662618,0.5390855,0.58145463,0.5656291,0.54800504,0.5506464,0.5331733,0.6438861,0.6803808,0.5645482,0.67969394,0.6423716,0.7714601,0.5536281,0.7654399,0.6303132,0.85613924,0.5553899,0.8574941
luciancw - 35.png,cw,0.6155234,0.42238995,0.6333965,0.4152471,0.6020666,0.41382843,0.6564366,0.42114222,0.58405954,0.41791773,0.66615456,0.4625004,0.5652336,0.4669011,0.6306616,0.4803598,0.54870003,0.5041528,0.560131,0.44627497,0.55050635,0.4606578,0.6425572,0.5924818,0.5695956,0.59187436,0.6439268,0.6802018,0.5510344,0.6740464,0.62960225,0.76344025,0.5563309,0.7640039
luciancw - 36.png,cw,0.6023981,0.34217712,0.62088674,0.33572662,0.5898189,0.3335675,0.6437365,0.34393394,0.57215154,0.33909124,0.65424234,0.38443944,0.54932785,0.38691783,0.6284725,0.4024297,0.527538,0.41859275,0.5461643,0.37640357,0.53978825,0.38219842,0.62772584,0.513308,0.55153084,0.5126018,0.62620986,0.5984603,0.53894997,0.59477925,0.6165698,0.6795639,0.53919506,0.68117315
luciancw - 37.png,cw,0.6029585,0.251043,0.6217917,0.24508168,0.5902407,0.24235266,0.6439244,0.25415882,0.5695507,0.24860123,0.6496773,0.29173604,0.54586124,0.29644713,0.6350448,0.31201664,0.53456455,0.33140483,0.5521191,0.28797176,0.5342176,0.28846148,0.62631226,0.42393044,0.55081266,0.42367262,0.6247977,0.51486087,0.53168553,0.50947547,0.6103921,0.5982638,0.5370559,0.59681296
luciancw - 38.png,cw,0.6237082,0.16248843,0.6434826,0.15680979,0.61157095,0.1533958,0.6651664,0.16615982,0.58948696,0.15922843,0.67025405,0.20394078,0.5631158,0.20899883,0.65301,0.22380377,0.5593548,0.235764,0.55784607,0.20603801,0.5624574,0.180493,0.65116566,0.3392307,0.57188755,0.33994973,0.6511757,0.43377525,0.5539434,0.4310046,0.6311681,0.5186492,0.5632179,0.51862
luciancw - 39.png,cw,0.6478007,0.17131275,0.66566646,0.16522552,0.63536185,0.16341887,0.68891364,0.17400019,0.61748993,0.17086641,0.69439393,0.21304472,0.59273213,0.22070405,0.6647096,0.23113443,0.57412505,0.260743,0.58969635,0.20279494,0.576565,0.22566006,0.67262185,0.34830528,0.5973324,0.34961733,0.6786762,0.44080195,0.58405626,0.43726188,0.65877753,0.5235497,0.5915296,0.5237624
luciancw - 40.png,cw,0.86194795,0.24582587,0.8812382,0.2402718,0.84841263,0.23751475,0.90321326,0.25115177,0.8267176,0.24531417,0.89822793,0.28952494,0.8001103,0.2936825,0.8493727,0.30677766,0.78437555,0.33309302,0.8046439,0.2651323,0.79939556,0.28390494,0.8818246,0.4215234,0.80747926,0.4223286,0.88458335,0.51319563,0.7897474,0.50857973,0.87191457,0.59682584,0.80000895,0.59813774
luciancw - 43.png,cw,0.64151394,0.3248025,0.659884,0.3190269,0.6284782,0.31633788,0.680947,0.32885128,0.6076668,0.32327735,0.68838996,0.36662644,0.58378357,0.37235737,0.66862863,0.37939602,0.57026744,0.4070657,0.5935385,0.35233665,0.57593054,0.3669608,0.67512304,0.49429142,0.5995518,0.49538797,0.67478704,0.58269334,0.5854991,0.5789241,0.6688293,0.66438043,0.59645236,0.6680704
luciancw - 44.png,cw,0.4578368,0.34245735,0.4735373,0.335612,0.4449934,0.3350702,0.49567384,0.34044534,0.4235056,0.3396384,0.51690054,0.3795417,0.39812016,0.3852824,0.49701205,0.39948878,0.38771808,0.4191109,0.41564715,0.37295467,0.40873507,0.38803968,0.49198827,0.5083198,0.40701774,0.50921726,0.48902187,0.6007402,0.4083017,0.59866095,0.48969755,0.6834542,0.40899837,0.6790896
luciancw - 45.png,cw,0.34334856,0.37535682,0.36218116,0.36904866,0.33033726,0.3670174,0.38621712,0.37774482,0.31281286,0.37338287,0.39220783,0.41913456,0.2962473,0.4239259,0.35573646,0.4298532,0.2799334,0.45593503,0.28631312,0.39691055,0.27220193,0.41998675,0.37606117,0.5466859,0.3054695,0.5470359,0.38361618,0.6323254,0.29140365,0.6288995,0.3772994,0.7133612,0.30259302,0.7178227
luciancw - 46.png,cw,0.36743775,0.43507892,0.3845592,0.42949393,0.35505483,0.42732227,0.4057547,0.43709624,0.3357243,0.43314847,0.4117758,0.47341007,0.31338042,0.47798607,0.3888259,0.49115652,0.29881987,0.5050378,0.31166682,0.47543368,0.2888846,0.47476217,0.3980056,0.60212165,0.32452434,0.60317963,0.40965414,0.6890967,0.31214395,0.6884837,0.39531597,0.7730873,0.32372046,0.77384263
luciancw - 47.png,cw,0.37249342,0.4851739,0.3886021,0.4786615,0.360131,0.47699767,0.40894514,0.48577076,0.3400833,0.48230264,0.42419448,0.52469677,0.31618798,0.5297053,0.40305132,0.54180706,0.31056204,0.5594791,0.3207817,0.5222562,0.31438375,0.5168477,0.41089478,0.65326184,0.33199102,0.6541842,0.41977867,0.74142885,0.3164048,0.7376235,0.40535644,0.8287158,0.32789043,0.8284528
luciancw - 48.png,cw,0.43382338,0.49851522,0.449789,0.49214557,0.41958272,0.4904537,0.4666493,0.49926016,0.3957374,0.4960601,0.48084807,0.53696585,0.3760468,0.5449451,0.48982033,0.55656004,0.37671536,0.5774774,0.3951886,0.5347013,0.3817381,0.5238347,0.47296828,0.66749716,0.3991937,0.6698515,0.4754763,0.7572977,0.38662657,0.7573957,0.47072068,0.8452181,0.3882599,0.85207886
luciancw - 49.png,cw,0.45421287,0.49357736,0.47065255,0.48702937,0.44080904,0.4848901,0.48690206,0.49315187,0.4186497,0.48940116,0.5008421,0.5291657,0.397815,0.5382561,0.50998676,0.5508657,0.40131542,0.5792526,0.41372743,0.5328462,0.392263,0.54366076,0.4940502,0.6641495,0.42006505,0.66647017,0.50319904,0.75711584,0.4099554,0.7548736,0.49134904,0.8432604,0.42348614,0.85063463
luciancw - 50.png,cw,0.4681432,0.48159456,0.48575372,0.47524104,0.45523527,0.47191915,0.5000473,0.48266214,0.42906368,0.47542217,0.5163136,0.51964355,0.4034262,0.5265645,0.5341413,0.5343852,0.41573682,0.5549455,0.4325481,0.52787554,0.42310578,0.50443804,0.5114646,0.6584497,0.43177935,0.66023576,0.51771104,0.75219744,0.41927415,0.74875826,0.5108389,0.8360205,0.4371127,0.843617
luciancw - 51.png,cw,0.49427104,0.4330222,0.5093819,0.42632005,0.47910094,0.4252229,0.5244007,0.43348944,0.4525304,0.4317226,0.5419716,0.47082835,0.42899814,0.4812335,0.5473857,0.48408976,0.4261256,0.5129952,0.4476389,0.47169763,0.42857525,0.47245142,0.53643405,0.60806197,0.4563889,0.6115425,0.5422331,0.70441675,0.4452137,0.7070238,0.53748506,0.7980229,0.4525697,0.8038975
luciancw - 52.png,cw,0.5342796,0.4015426,0.5521982,0.39632404,0.52162963,0.39245936,0.5656675,0.40722048,0.49419895,0.3993688,0.57706904,0.4443414,0.46603623,0.4504038,0.5930975,0.4577923,0.47647864,0.48301768,0.49045765,0.43617946,0.47543797,0.4454469,0.57264256,0.57871,0.49155328,0.5796779,0.5754739,0.67904377,0.4686419,0.67461973,0.56916785,0.7691249,0.48893636,0.77572304
luciancw - 53.png,cw,0.49492627,0.40346032,0.51415986,0.39844254,0.48158926,0.3950622,0.53384906,0.41113722,0.45853204,0.40402597,0.5436749,0.44781923,0.4298829,0.45148286,0.53584415,0.45995238,0.4211737,0.47177374,0.44199643,0.4418754,0.4381918,0.41520616,0.5291457,0.58779514,0.44573492,0.5881931,0.5277365,0.6849512,0.42750022,0.6814745,0.5182421,0.7787545,0.4355786,0.7817683
luciancw - 54.png,cw,0.3749026,0.40340167,0.39459974,0.39927348,0.3637313,0.3952876,0.41562906,0.41218245,0.34313115,0.4038622,0.4174841,0.44846034,0.31328297,0.4516042,0.3976336,0.45967862,0.29733744,0.4836716,0.3272298,0.4248795,0.30381244,0.44770524,0.40124854,0.58239925,0.32359186,0.5821605,0.39969024,0.6815241,0.30228904,0.6760287,0.38761365,0.7754793,0.30999815,0.77908665
luciancw - 55.png,cw,0.25732228,0.41615108,0.2759227,0.41029537,0.24476437,0.40775332,0.29844004,0.4215165,0.2233993,0.41590208,0.31388408,0.46205312,0.19658561,0.46338522,0.29148445,0.4716653,0.180608,0.4803588,0.20081258,0.4475922,0.19858062,0.42796475,0.28997943,0.5969011,0.20461006,0.5957153,0.28164384,0.694842,0.18142399,0.68863046,0.26996335,0.7948141,0.18453169,0.7935923
luciancw - 56.png,cw,0.29502234,0.45065957,0.31484905,0.44526193,0.2818304,0.4417454,0.33486903,0.45682243,0.25889787,0.44900617,0.34826818,0.4968507,0.23220316,0.49860817,0.3300358,0.5115455,0.21840116,0.5310838,0.24121624,0.48539975,0.22649421,0.49384588,0.32446125,0.6335895,0.23754634,0.63275695,0.31353647,0.73148865,0.219838,0.7268023,0.30039227,0.8238827,0.21786676,0.83111477
luciancw - 57.png,cw,0.42677587,0.4883733,0.44626743,0.48304975,0.41473293,0.47930747,0.46554264,0.4938819,0.39133814,0.48587534,0.46957025,0.53189653,0.3641141,0.5348956,0.45484713,0.5485845,0.35584664,0.56131035,0.36649084,0.5248393,0.3682317,0.5109304,0.45677328,0.6707838,0.37777585,0.6709064,0.4556994,0.77120167,0.3583577,0.76723176,0.44516194,0.86792797,0.3530325,0.87009114
luciancw - 58.png,cw,0.52186435,0.47663787,0.53740406,0.46973643,0.5077328,0.46844763,0.5536249,0.47664583,0.4836871,0.4744338,0.5710844,0.5172014,0.4591611,0.525451,0.5780008,0.536597,0.45702556,0.5555873,0.4721189,0.5199232,0.45186356,0.5077819,0.5529134,0.65709156,0.4735844,0.65892655,0.55374354,0.755025,0.4546791,0.756182,0.54635483,0.8539808,0.4618182,0.8569573
luciancw - 59.png,cw,0.5358302,0.35634974,0.5530291,0.350317,0.5230002,0.34693736,0.56522995,0.3590091,0.49447903,0.3522126,0.5785763,0.397184,0.46445557,0.40376484,0.59831476,0.41024944,0.4679194,0.43379548,0.48279423,0.39569247,0.4597598,0.4008566,0.56939507,0.53251004,0.4881238,0.53331137,0.5713014,0.6338182,0.4656293,0.63019925,0.5621204,0.72604436,0.48445135,0.7306669
luciancw - 60.png,cw,0.5511186,0.37704042,0.5676502,0.37045777,0.53940994,0.36764875,0.5835067,0.3777335,0.51413876,0.37192523,0.60395384,0.42049557,0.4833331,0.4289204,0.6038604,0.42965898,0.48142508,0.45850584,0.48638034,0.42019203,0.46827364,0.42202437,0.5918062,0.5568572,0.50721097,0.55828947,0.59082925,0.6544448,0.48372886,0.6501553,0.5775196,0.74873257,0.49928463,0.75233644
luciancw - 61.png,cw,0.55587107,0.48047483,0.57463896,0.47482082,0.5447549,0.4703256,0.591208,0.4837596,0.5183267,0.4742225,0.6113935,0.52400124,0.48862603,0.52994615,0.62835217,0.5372011,0.503681,0.56060016,0.51450396,0.52968687,0.5122832,0.517868,0.6004051,0.6613302,0.51470214,0.66165686,0.6003803,0.75591475,0.49565315,0.7486856,0.58269745,0.8524965,0.5062608,0.85700595
luciancw - 62.png,cw,0.55612916,0.5085578,0.5739408,0.502007,0.5424825,0.4991774,0.58967656,0.51047957,0.516047,0.5043683,0.60912234,0.5489065,0.48509115,0.5571743,0.6226039,0.5697496,0.4866712,0.59965277,0.5118682,0.55582964,0.49623135,0.5555834,0.59622836,0.692673,0.5088152,0.69444585,0.5964675,0.7927778,0.49297062,0.79036576,0.58979887,0.882379,0.5039128,0.89172167
luciancw - 63.png,cw,0.48759526,0.5016361,0.50616854,0.49513686,0.47566035,0.49174398,0.5248014,0.5029649,0.45162413,0.496182,0.54114807,0.54038537,0.41738546,0.54846334,0.54629934,0.5618583,0.41760236,0.58913743,0.43464106,0.55181634,0.45531017,0.5540801,0.52717143,0.68525994,0.43859172,0.68748236,0.5255567,0.7873927,0.42627868,0.7866893,0.5192256,0.87959087,0.4391158,0.88497245
luciancw - 64.png,cw,0.3990616,0.4967971,0.4182089,0.4898103,0.38603318,0.48720485,0.4416605,0.49885437,0.36524862,0.49306947,0.46209332,0.5427089,0.33651084,0.54610264,0.44475207,0.562079,0.32534525,0.57619214,0.3452397,0.53850174,0.33479026,0.52426034,0.4381728,0.6862585,0.34691712,0.68653554,0.4410869,0.78792614,0.33684993,0.7842417,0.42584407,0.8849301,0.34798938,0.8911034
luciancw - 65.png,cw,0.3735889,0.4865595,0.39281225,0.4803107,0.36162075,0.4782228,0.41794607,0.49028394,0.3417961,0.4855834,0.43539485,0.53222704,0.3109706,0.53566235,0.41214964,0.5549425,0.2898406,0.5754904,0.31126913,0.526636,0.29134762,0.541554,0.40826607,0.6779851,0.31840712,0.67734885,0.41501486,0.77715206,0.31143248,0.77073205,0.39733538,0.8783286,0.31003705,0.8757981
