filename,pose_category,nose_x,nose_y,left_eye_x,left_eye_y,right_eye_x,right_eye_y,left_ear_x,left_ear_y,right_ear_x,right_ear_y,left_shoulder_x,left_shoulder_y,right_shoulder_x,right_shoulder_y,left_elbow_x,left_elbow_y,right_elbow_x,right_elbow_y,left_wrist_x,left_wrist_y,right_wrist_x,right_wrist_y,left_hip_x,left_hip_y,right_hip_x,right_hip_y,left_knee_x,left_knee_y,right_knee_x,right_knee_y,left_ankle_x,left_ankle_y,right_ankle_x,right_ankle_y
100_carol.png,cw,0.55189,0.5225015,0.5661036,0.5014384,0.53926325,0.49828285,0.5821202,0.52359366,0.51741076,0.5174387,0.60804474,0.6471463,0.4910435,0.67876714,0.6165925,0.753627,0.47456512,0.84756976,0.51934946,0.7094729,0.49917674,0.7359426,0.59811425,0.9895365,0.5165067,0.9981623,0.0,0.0,0.0,0.0,0.0,0.0,0.0,0.0
100_final.png,cw,0.5434561,0.3073422,0.55816823,0.2812041,0.52891785,0.2804964,0.5799016,0.29878154,0.5102368,0.29707476,0.6038207,0.45844087,0.4832034,0.4330625,0.63713247,0.5965048,0.48912296,0.5089153,0.61102515,0.4342029,0.5967101,0.405847,0.5829212,0.88784826,0.49084672,0.8830975,0.0,0.0,0.0,0.0,0.0,0.0,0.0,0.0
101_carol.png,cw,0.56264746,0.36008483,0.5762813,0.33949438,0.5483051,0.33837748,0.5935305,0.36911637,0.52910745,0.36831236,0.61783254,0.49925452,0.50328195,0.52068585,0.62410355,0.56903183,0.48217854,0.66324306,0.51995444,0.5008247,0.50518924,0.5100183,0.5981652,0.92063344,0.51007473,0.9159434,0.0,0.0,0.0,0.0,0.0,0.0,0.0,0.0
101_final.png,cw,0.5794827,0.34729698,0.5919169,0.32382482,0.5656789,0.32401454,0.6088773,0.34093773,0.54795235,0.33970168,0.63321984,0.48767173,0.5241522,0.46355847,0.65907574,0.6326396,0.5269363,0.55899245,0.64110124,0.4953003,0.6156144,0.46310773,0.61970174,0.84234595,0.5377542,0.83565336,0.0,0.0,0.0,0.0,0.0,0.0,0.0,0.0
102_carol.png,cw,0.5693785,0.29710448,0.58232766,0.27885407,0.55718005,0.27602395,0.59775627,0.31023738,0.5380995,0.3038779,0.6215811,0.4354019,0.5126066,0.4537757,0.65004456,0.51302,0.48822126,0.5829085,0.5324422,0.42705765,0.50826496,0.43361706,0.60569173,0.8116662,0.5244343,0.81212175,0.0,0.0,0.0,0.0,0.0,0.0,0.0,0.0
102_final.png,cw,0.5738116,0.36151427,0.5844493,0.33941308,0.5617698,0.3407353,0.599993,0.35363257,0.5457016,0.35559854,0.6247443,0.4897664,0.5219158,0.4717631,0.6476654,0.6134206,0.52373105,0.55725765,0.62905085,0.4799175,0.6118542,0.4558753,0.617074,0.8282764,0.53778297,0.8273171,0.0,0.0,0.0,0.0,0.0,0.0,0.0,0.0
103_carol.png,cw,0.6011069,0.30833182,0.61374867,0.28858906,0.58689946,0.28611434,0.6270445,0.31611946,0.56450164,0.31236225,0.6516564,0.444532,0.5389831,0.46261394,0.68997735,0.5285839,0.5264936,0.6075336,0.5855926,0.42796224,0.5614854,0.45771602,0.63286006,0.8444325,0.5504001,0.840497,0.0,0.0,0.0,0.0,0.0,0.0,0.0,0.0
103_final.png,cw,0.5603901,0.36604553,0.5707242,0.34594616,0.548932,0.34620115,0.5849234,0.36149514,0.53228086,0.36099774,0.6089581,0.49242502,0.5090209,0.4734216,0.6384915,0.61204284,0.51428473,0.5499201,0.61471325,0.49523184,0.5926105,0.46800944,0.6003839,0.8106364,0.524525,0.8100349,0.0,0.0,0.0,0.0,0.0,0.0,0.0,0.0
104_carol.png,cw,0.6062657,0.3174524,0.6190286,0.29667908,0.5919891,0.29567185,0.63351214,0.32208624,0.5703912,0.32090932,0.6609951,0.44991153,0.54852116,0.4782434,0.68937254,0.51715595,0.5380998,0.6158748,0.58864075,0.44584998,0.5610038,0.47225,0.65693665,0.8660838,0.5746608,0.8718043,0.0,0.0,0.0,0.0,0.0,0.0,0.0,0.0
104_final.png,cw,0.54452527,0.3878514,0.5542582,0.36683425,0.5332824,0.36896262,0.56839955,0.37827906,0.51820886,0.3822751,0.5887725,0.5012928,0.49687424,0.48633325,0.6121588,0.6178483,0.50158006,0.56455827,0.5895995,0.48937547,0.5716299,0.46626696,0.5728363,0.8065184,0.50409234,0.80483955,0.0,0.0,0.0,0.0,0.0,0.0,0.0,0.0
105_carol.png,cw,0.6419227,0.32230788,0.65465903,0.29970467,0.6283677,0.29933593,0.6706207,0.32102302,0.6088007,0.32259673,0.6958816,0.44965023,0.5867497,0.48158947,0.72229,0.51907384,0.5804616,0.6138829,0.6161231,0.43436092,0.60891145,0.44990417,0.6868795,0.8174392,0.60645455,0.81989205,0.0,0.0,0.0,0.0,0.0,0.0,0.0,0.0
105_final.png,cw,0.5477385,0.39205933,0.55807364,0.37197602,0.5357932,0.37496075,0.5717407,0.3871169,0.5206355,0.39066166,0.59492487,0.5092404,0.5005418,0.49059778,0.6201158,0.632315,0.5031936,0.5674475,0.58999294,0.5123635,0.5720993,0.47509563,0.574977,0.8278578,0.506521,0.8218765,0.0,0.0,0.0,0.0,0.0,0.0,0.0,0.0
106_carol.png,cw,0.6303388,0.32115299,0.64189184,0.299348,0.61698616,0.29750842,0.6554805,0.321681,0.595182,0.31969088,0.6848172,0.44916776,0.571668,0.48597455,0.7108517,0.49612048,0.57782453,0.61479974,0.6085383,0.45052588,0.59216446,0.4731819,0.6792484,0.82986176,0.59506834,0.83496755,0.0,0.0,0.0,0.0,0.0,0.0,0.0,0.0
106_final.png,cw,0.5646378,0.5004245,0.5759362,0.479823,0.5528854,0.4769991,0.5894858,0.49071994,0.5356517,0.48495296,0.59439796,0.595239,0.5098475,0.58954644,0.60619694,0.68451744,0.5129681,0.69083667,0.6482096,0.64061725,0.57950485,0.630126,0.5813388,0.9261651,0.51444286,0.93244326,0.0,0.0,0.0,0.0,0.0,0.0,0.0,0.0
107_carol.png,cw,0.7204284,0.3131183,0.7335949,0.2907686,0.70440114,0.29085758,0.7504787,0.3172783,0.68229526,0.31910145,0.78310263,0.46065682,0.6605874,0.4826083,0.8287147,0.5169673,0.661585,0.6033172,0.7436706,0.44688427,0.6926927,0.49221733,0.77114797,0.89382535,0.68212533,0.8958218,0.0,0.0,0.0,0.0,0.0,0.0,0.0,0.0
107_final.png,cw,0.56974465,0.50808054,0.58004296,0.48828694,0.55865806,0.48803127,0.59407794,0.49861735,0.5412415,0.49689355,0.6099517,0.6282095,0.5136187,0.59743196,0.61565626,0.7760265,0.51901376,0.69264114,0.6160549,0.6555419,0.59378767,0.63024074,0.5843872,0.93862975,0.51240975,0.9288242,0.0,0.0,0.0,0.0,0.0,0.0,0.0,0.0
108_carol.png,cw,0.73943084,0.31094137,0.75116265,0.28731138,0.72284687,0.28876093,0.76615417,0.31419897,0.69967145,0.3201885,0.7988227,0.4624917,0.67905176,0.48649034,0.846671,0.5177201,0.68023336,0.60536116,0.76328427,0.44256032,0.71046084,0.47184,0.7833749,0.8696774,0.69847095,0.8681857,0.0,0.0,0.0,0.0,0.0,0.0,0.0,0.0
108_final.png,cw,0.57145643,0.44584498,0.58143336,0.42622215,0.55983377,0.42526257,0.59345406,0.43910018,0.5421384,0.43712163,0.60936105,0.56706697,0.5150018,0.53728974,0.62910855,0.70381707,0.52367604,0.61799455,0.6191958,0.58157253,0.60571027,0.55275863,0.5885781,0.89012975,0.51763666,0.88484246,0.0,0.0,0.0,0.0,0.0,0.0,0.0,0.0
109_carol.png,cw,0.6947098,0.3071837,0.7107068,0.28738746,0.6823084,0.28103736,0.7298589,0.3188577,0.6638545,0.30563244,0.75271463,0.44872925,0.627608,0.46182665,0.76702,0.5063271,0.6026844,0.59587824,0.6357964,0.41732278,0.6219097,0.420681,0.717692,0.88725406,0.6221666,0.87798905,0.0,0.0,0.0,0.0,0.0,0.0,0.0,0.0
109_final.png,cw,0.5697159,0.37257534,0.5784203,0.3507121,0.55697644,0.35511187,0.5895531,0.36398387,0.5402072,0.37151846,0.6123822,0.4894303,0.5183419,0.46630016,0.63566864,0.6159623,0.5264991,0.5312265,0.61998165,0.48690388,0.6061521,0.4575091,0.591883,0.8117932,0.52208936,0.8053647,0.0,0.0,0.0,0.0,0.0,0.0,0.0,0.0
10_carol.png,cw,0.57809925,0.3365394,0.59062326,0.31602225,0.5660957,0.31283778,0.60572565,0.3323514,0.54619443,0.32567918,0.6297282,0.44257176,0.5150894,0.46161693,0.6430203,0.49548468,0.48930535,0.5850421,0.5258354,0.40477353,0.50955844,0.43087226,0.61363375,0.8354805,0.52734125,0.8347864,0.0,0.0,0.0,0.0,0.0,0.0,0.0,0.0
10_final.png,cw,0.54834634,0.29221985,0.5625602,0.26655126,0.5330409,0.2670818,0.58080304,0.28691715,0.5121878,0.28473514,0.6026511,0.43832618,0.49132466,0.4030771,0.64188135,0.5424806,0.52336675,0.42972293,0.6318591,0.37031615,0.6169724,0.33154136,0.59016734,0.87858164,0.50076056,0.8768086,0.0,0.0,0.0,0.0,0.0,0.0,0.0,0.0
110_carol.png,cw,0.7310404,0.3088945,0.7458156,0.28759718,0.7162175,0.28436533,0.76319176,0.31336,0.69464123,0.30845362,0.78774375,0.44340464,0.66370267,0.46494728,0.8077132,0.49959022,0.6419592,0.60190994,0.6762183,0.40886346,0.6634311,0.41926953,0.75967634,0.896324,0.66472024,0.888544,0.0,0.0,0.0,0.0,0.0,0.0,0.0,0.0
110_final.png,cw,0.56986105,0.37469253,0.5781638,0.35340974,0.5581755,0.35706362,0.58934176,0.3632342,0.54114354,0.3696742,0.6121038,0.48920885,0.51837695,0.46583304,0.638532,0.61702067,0.5265255,0.5383322,0.6227465,0.49655652,0.60680836,0.46520886,0.59145534,0.8056356,0.52094907,0.8012793,0.0,0.0,0.0,0.0,0.0,0.0,0.0,0.0
111_carol.png,cw,0.5934201,0.2790885,0.6097678,0.25700316,0.5810318,0.25186345,0.6307056,0.2838116,0.562847,0.27279425,0.65267074,0.42827415,0.52454054,0.442841,0.63916403,0.45251393,0.48322907,0.5703815,0.52038366,0.39098006,0.510548,0.41636258,0.6170376,0.88380235,0.5196663,0.87314886,0.0,0.0,0.0,0.0,0.0,0.0,0.0,0.0
111_final.png,cw,0.5631058,0.36528236,0.573709,0.34644058,0.55122983,0.34774536,0.5875765,0.36445576,0.535983,0.36442083,0.6077333,0.49031729,0.5116838,0.46452323,0.62775105,0.6141647,0.5112221,0.544423,0.61281204,0.4796107,0.5917399,0.45875582,0.5801221,0.8046788,0.5092745,0.7945384,0.0,0.0,0.0,0.0,0.0,0.0,0.0,0.0
112_carol.png,cw,0.5876738,0.27667305,0.60356486,0.2545134,0.57506335,0.25207546,0.62311786,0.28236762,0.55515385,0.27604634,0.64665675,0.4258523,0.5165085,0.4418229,0.63963544,0.45651814,0.48059264,0.5716982,0.5137968,0.39055982,0.50521445,0.41318947,0.6155343,0.8963589,0.516204,0.8855685,0.0,0.0,0.0,0.0,0.0,0.0,0.0,0.0
112_final.png,cw,0.49430203,0.3742011,0.5050913,0.3552259,0.48371357,0.35474235,0.52136683,0.3738078,0.46936265,0.37144628,0.54207456,0.50676703,0.44194278,0.47472924,0.5566637,0.6239853,0.44046926,0.5456065,0.5390607,0.48691958,0.5232014,0.45747116,0.51588076,0.81222075,0.43703118,0.8013334,0.0,0.0,0.0,0.0,0.0,0.0,0.0,0.0
113_carol.png,cw,0.55655825,0.27407056,0.573465,0.24958093,0.54339856,0.24467264,0.59503525,0.272746,0.5239702,0.26246393,0.61623055,0.42074355,0.48950595,0.44042137,0.6179789,0.45112517,0.45630097,0.57941794,0.49008483,0.3927587,0.47758856,0.419797,0.581437,0.90008444,0.48420268,0.8898817,0.0,0.0,0.0,0.0,0.0,0.0,0.0,0.0
113_final.png,cw,0.49430203,0.3742011,0.5050913,0.3552259,0.48371357,0.35474235,0.52136683,0.3738078,0.46936265,0.37144628,0.54207456,0.50676703,0.44194278,0.47472924,0.5566637,0.6239853,0.44046926,0.5456065,0.5390607,0.48691958,0.5232014,0.45747116,0.51588076,0.81222075,0.43703118,0.8013334,0.0,0.0,0.0,0.0,0.0,0.0,0.0,0.0
114_carol.png,cw,0.549902,0.26618275,0.5677055,0.24208695,0.53601027,0.23536432,0.58910507,0.26659822,0.5140437,0.25289506,0.6102544,0.41675454,0.48035598,0.43964368,0.61503506,0.45328403,0.44160405,0.5859486,0.47804016,0.3914037,0.46155882,0.41932237,0.5795424,0.86770153,0.48385444,0.85972923,0.0,0.0,0.0,0.0,0.0,0.0,0.0,0.0
114_final.png,cw,0.46445483,0.3672684,0.4757467,0.34660012,0.45287055,0.34705436,0.49166137,0.3680217,0.43892345,0.3662256,0.5074076,0.49989536,0.41110882,0.4658112,0.5179899,0.6275408,0.40389714,0.5416447,0.505536,0.4880924,0.48652235,0.46459797,0.48003942,0.83145165,0.40267032,0.82058054,0.0,0.0,0.0,0.0,0.0,0.0,0.0,0.0
115_carol.png,cw,0.56433916,0.21659048,0.58400947,0.19099346,0.5483869,0.18649763,0.60784274,0.22115067,0.52327466,0.21202618,0.62536395,0.37809733,0.4870805,0.40898845,0.6347111,0.4398327,0.4438173,0.5775142,0.48124593,0.35488528,0.47089738,0.3935536,0.59136,0.8411881,0.4907736,0.83624065,0.0,0.0,0.0,0.0,0.0,0.0,0.0,0.0
115_final.png,cw,0.4053101,0.3480534,0.4167025,0.32748023,0.3934869,0.32805553,0.4325254,0.34698808,0.37868577,0.34586638,0.44977555,0.48281124,0.3533333,0.45321867,0.4586433,0.6035123,0.3329003,0.5191114,0.4370796,0.47252384,0.42029506,0.42798927,0.42813262,0.79498565,0.35616127,0.7870478,0.0,0.0,0.0,0.0,0.0,0.0,0.0,0.0
116_carol.png,cw,0.58301896,0.1512434,0.60482943,0.118723765,0.56401086,0.11654209,0.63419884,0.14871775,0.53754365,0.14420886,0.65380895,0.3369232,0.5002364,0.37139812,0.6632713,0.38878292,0.45198852,0.558518,0.48080024,0.31963992,0.474886,0.35090545,0.6091714,0.89399374,0.4937294,0.88613313,0.0,0.0,0.0,0.0,0.0,0.0,0.0,0.0
116_final.png,cw,0.3936638,0.35336927,0.40540305,0.3325108,0.38153404,0.33297265,0.42363557,0.34958497,0.36755282,0.34964603,0.44381,0.4895628,0.34262222,0.46250272,0.45784265,0.59764606,0.32743993,0.5156053,0.4249845,0.46545684,0.40639058,0.43745986,0.41576472,0.80487406,0.3434126,0.7946303,0.0,0.0,0.0,0.0,0.0,0.0,0.0,0.0
117_carol.png,cw,0.58409816,0.15095621,0.6061937,0.12048145,0.56527567,0.11589911,0.634251,0.15116552,0.5374034,0.14209166,0.65592164,0.32882902,0.49704108,0.363355,0.6741294,0.38195607,0.44854745,0.5437594,0.49200734,0.3013465,0.47716776,0.33084807,0.615442,0.8631783,0.49885425,0.85729015,0.0,0.0,0.0,0.0,0.0,0.0,0.0,0.0
117_final.png,cw,0.3855928,0.30166164,0.39568394,0.2802183,0.37519282,0.28237495,0.41119093,0.29624262,0.3629228,0.30034685,0.43391085,0.4350336,0.33481592,0.4130033,0.45554763,0.5466502,0.31008607,0.4759402,0.41913742,0.39948776,0.37914127,0.37684518,0.4028356,0.75062186,0.33215833,0.74209094,0.0,0.0,0.0,0.0,0.0,0.0,0.0,0.0
118_final.png,cw,0.38819647,0.34702903,0.39769188,0.32558453,0.3773071,0.32817903,0.4131887,0.34029812,0.3645939,0.34491396,0.43542162,0.4883385,0.3382339,0.4509498,0.45396844,0.58448684,0.3130589,0.47330186,0.4175507,0.44457644,0.3928266,0.42291558,0.40568405,0.8025858,0.33492422,0.7901196,0.0,0.0,0.0,0.0,0.0,0.0,0.0,0.0
119_final.png,cw,0.3854201,0.28853354,0.39526683,0.26656982,0.37377188,0.26978213,0.41121268,0.28503656,0.36059788,0.29132238,0.43399554,0.4337443,0.33392525,0.40383902,0.45488757,0.5257566,0.30836183,0.4284973,0.41956225,0.37636507,0.38722748,0.35238454,0.40189624,0.7515951,0.3304396,0.7417543,0.0,0.0,0.0,0.0,0.0,0.0,0.0,0.0
11_carol.png,cw,0.57081914,0.33761767,0.5846306,0.31900576,0.5589094,0.313868,0.5993955,0.33670405,0.5397989,0.32852787,0.61711186,0.4269191,0.5160369,0.45699108,0.6358046,0.47680274,0.48855758,0.58846307,0.5235385,0.4065838,0.5073336,0.43655285,0.60691816,0.81115884,0.5303558,0.8112663,0.0,0.0,0.0,0.0,0.0,0.0,0.0,0.0
11_final.png,cw,0.40816516,0.2952349,0.4200786,0.26831228,0.3940614,0.27188057,0.44095525,0.2825792,0.37986374,0.28875622,0.47114038,0.44966146,0.34852272,0.4127411,0.48108473,0.55928797,0.31952268,0.46125636,0.44537264,0.38538158,0.40099245,0.35201302,0.4414906,0.8653573,0.35038722,0.85597223,0.0,0.0,0.0,0.0,0.0,0.0,0.0,0.0
120_final.png,cw,0.38161135,0.29768983,0.3925934,0.27523473,0.37053356,0.27631417,0.40990862,0.2912564,0.35755676,0.292933,0.432347,0.4465496,0.33016247,0.41531566,0.44952306,0.5397167,0.3083631,0.44615856,0.41309476,0.38568607,0.37773466,0.3766818,0.40049905,0.76097834,0.32839927,0.75056946,0.0,0.0,0.0,0.0,0.0,0.0,0.0,0.0
121_final.png,cw,0.37915593,0.34927782,0.39073053,0.32750076,0.36819592,0.3284356,0.40915966,0.34330055,0.35484174,0.34471363,0.4299108,0.48915946,0.3267017,0.46192423,0.4438444,0.59144694,0.29888427,0.52038807,0.40863815,0.4445627,0.38049898,0.43503764,0.3988605,0.8038481,0.32510075,0.7939511,0.0,0.0,0.0,0.0,0.0,0.0,0.0,0.0
122_2.png,cw,0.32642803,0.2897677,0.33396724,0.28137672,0.32142642,0.28070197,0.34461516,0.2958378,0.31329867,0.2959283,0.35223675,0.344609,0.30286494,0.36828625,0.3379228,0.36706373,0.2892082,0.43137813,0.3009912,0.333551,0.29146078,0.3547401,0.34574002,0.5207126,0.30943227,0.5294707,0.35638183,0.66105056,0.31100315,0.6624244,0.36537665,0.79259694,0.3162213,0.784641
122_final.png,cw,0.37915593,0.34927782,0.39073053,0.32750076,0.36819592,0.3284356,0.40915966,0.34330055,0.35484174,0.34471363,0.4299108,0.48915946,0.3267017,0.46192423,0.4438444,0.59144694,0.29888427,0.52038807,0.40863815,0.4445627,0.38049898,0.43503764,0.3988605,0.8038481,0.32510075,0.7939511,0.0,0.0,0.0,0.0,0.0,0.0,0.0,0.0
123_2.png,cw,0.32774124,0.28406492,0.33478007,0.27423313,0.32209623,0.27431676,0.34536394,0.28406247,0.31330225,0.2860985,0.35496816,0.33299237,0.30410343,0.35595924,0.3432852,0.35933957,0.29083136,0.41687214,0.30416667,0.323784,0.29832143,0.3450675,0.35001886,0.5138099,0.3127288,0.5231817,0.36211175,0.6525218,0.3159192,0.6571521,0.37220955,0.78114486,0.3214948,0.78081954
123_final.png,cw,0.38088453,0.35119548,0.3917319,0.3295733,0.3687322,0.33068514,0.4089838,0.34813064,0.3552617,0.3493755,0.42876863,0.49996397,0.32616472,0.46299902,0.41976103,0.583225,0.28753608,0.49381316,0.38444048,0.4613983,0.37150177,0.4418521,0.39960244,0.81484425,0.32542196,0.8019664,0.0,0.0,0.0,0.0,0.0,0.0,0.0,0.0
124_2.png,cw,0.36677423,0.26462463,0.37405714,0.25555906,0.36101064,0.255485,0.3846981,0.2668381,0.3523129,0.26679918,0.39192683,0.31939095,0.3413779,0.33786094,0.37468022,0.33685,0.32549065,0.394209,0.34545732,0.30620414,0.33741036,0.33863747,0.3888886,0.50075144,0.35176763,0.5082488,0.394333,0.63697374,0.35025483,0.64295226,0.40329057,0.765527,0.35554424,0.76578146
124_final.png,cw,0.38212496,0.3523249,0.39420533,0.3299335,0.37111259,0.33231026,0.4156128,0.3486244,0.36351547,0.35216233,0.42400226,0.495111,0.33709663,0.46014667,0.36908382,0.5713041,0.2766878,0.4988755,0.35267925,0.44164827,0.3391069,0.43489295,0.3894577,0.8578998,0.32153112,0.843012,0.0,0.0,0.0,0.0,0.0,0.0,0.0,0.0
125_2.png,cw,0.39460307,0.2531255,0.40211535,0.24489929,0.3887049,0.24363524,0.4112793,0.25871724,0.37865806,0.25590754,0.41801327,0.30879426,0.36706972,0.32744047,0.4031344,0.32993108,0.35849157,0.390125,0.3675831,0.29833114,0.36123013,0.32322344,0.41468114,0.49118593,0.37685916,0.4975496,0.41923133,0.62935543,0.37407106,0.6332638,0.42556676,0.7593084,0.37889203,0.75314915
125_final.png,cw,0.38318223,0.3549637,0.39693204,0.33473906,0.3726738,0.33466822,0.42143685,0.35840428,0.3642029,0.35589737,0.43231425,0.5025332,0.3359847,0.46649078,0.40001637,0.57693994,0.28510907,0.49958593,0.37730387,0.46083722,0.35440722,0.44427237,0.3965012,0.8499997,0.324327,0.83657914,0.0,0.0,0.0,0.0,0.0,0.0,0.0,0.0
126_2.png,cw,0.38769653,0.24331991,0.39467528,0.23327471,0.38098818,0.23283295,0.4026133,0.24617651,0.36902586,0.24645546,0.410178,0.30075112,0.358192,0.32126194,0.40176392,0.32295728,0.3499952,0.38026938,0.36712784,0.28180984,0.35468283,0.3080574,0.40494284,0.4823966,0.3667484,0.48981297,0.4108047,0.62139124,0.36456305,0.6236065,0.41401356,0.7511663,0.3635021,0.74629235
126_final.png,cw,0.385085,0.35193652,0.39569306,0.33279863,0.37579116,0.33139804,0.4112276,0.35286552,0.36393017,0.34823406,0.42976174,0.5022283,0.33496505,0.46720144,0.44356078,0.6031087,0.29825655,0.5225107,0.40176553,0.459971,0.37512383,0.44214973,0.4018263,0.8147547,0.33242565,0.8039587,0.0,0.0,0.0,0.0,0.0,0.0,0.0,0.0
127_2.png,cw,0.38073215,0.22182064,0.38821158,0.21242121,0.37421575,0.21072946,0.39528555,0.22724408,0.36106327,0.22464515,0.40110427,0.28115886,0.34803835,0.2992566,0.40109104,0.302048,0.34084052,0.3527911,0.35940093,0.26332358,0.3512528,0.28440556,0.39699572,0.46780849,0.35819665,0.47465837,0.40217763,0.6088746,0.35488826,0.61250633,0.40443444,0.74024636,0.35502997,0.7381437
127_final.png,cw,0.38758478,0.35367432,0.39864802,0.33475205,0.37583226,0.33379143,0.4116591,0.35344288,0.35963887,0.34947586,0.4320539,0.47634035,0.33122796,0.44776627,0.45318183,0.6076823,0.3324182,0.5250575,0.4352242,0.46992907,0.41455498,0.43683487,0.4053741,0.80521536,0.33170342,0.7945659,0.0,0.0,0.0,0.0,0.0,0.0,0.0,0.0
128_2.png,cw,0.35528877,0.21617495,0.36237115,0.20700152,0.3486566,0.20577246,0.37061703,0.21924941,0.33686373,0.21588989,0.37941435,0.2753485,0.32499334,0.2888102,0.3741759,0.2975776,0.31487924,0.3439533,0.33957723,0.26291546,0.32686043,0.28669867,0.37990382,0.46431404,0.34034404,0.46987373,0.3809317,0.60566807,0.33529374,0.6131432,0.38738903,0.73686856,0.33836558,0.73997015
12_2_2.png,cw,0.5100118,0.2633071,0.51686954,0.25339767,0.5036313,0.25137684,0.5264351,0.2656859,0.49286252,0.25877017,0.53601533,0.34490994,0.4777642,0.31816018,0.54385185,0.4094613,0.48372063,0.34634808,0.5419179,0.34721968,0.53308785,0.32289764,0.524412,0.5281581,0.4821906,0.5190622,0.52381426,0.66626555,0.47786045,0.6575417,0.52277124,0.7803594,0.47484264,0.77757967
12_carol.png,cw,0.5719112,0.33262664,0.58391654,0.3134358,0.55972636,0.30938557,0.597823,0.33132783,0.5388039,0.32364723,0.6193638,0.43087307,0.5106522,0.45819795,0.63459945,0.47672603,0.49205145,0.58432233,0.5255772,0.4059937,0.51065546,0.4289522,0.6150962,0.82084614,0.5307294,0.8259978,0.0,0.0,0.0,0.0,0.0,0.0,0.0,0.0
12_final_final.png,cw,0.5523454,0.29754508,0.5667668,0.27394986,0.53713506,0.2728426,0.5835184,0.300283,0.51607525,0.29678944,0.60896206,0.45362696,0.4915188,0.42407745,0.6539481,0.54545134,0.5243572,0.43655464,0.6331578,0.3377036,0.6099165,0.32103014,0.5951494,0.8843637,0.50543654,0.8801561,0.0,0.0,0.0,0.0,0.0,0.0,0.0,0.0
133.png,cw,0.45864564,0.47584966,0.46520758,0.46694785,0.45255193,0.46603292,0.471991,0.4779665,0.44097656,0.4752389,0.4760162,0.5312986,0.42741275,0.54176384,0.4679776,0.54219514,0.41315252,0.5759789,0.44203037,0.51943696,0.41949844,0.53665656,0.472086,0.7016066,0.43709183,0.7062327,0.46925837,0.8175814,0.42909628,0.8275705,0.46935767,0.9156097,0.42318416,0.92406785
134.png,cw,0.4513246,0.47017696,0.45772403,0.46040517,0.4448219,0.46027163,0.46499714,0.4685895,0.43340653,0.4685672,0.4724564,0.5171909,0.42407742,0.5357243,0.47104234,0.53067917,0.41927108,0.5814666,0.43451142,0.5169115,0.4191619,0.535317,0.46730953,0.6896501,0.432238,0.69517463,0.46423203,0.8081796,0.42466226,0.8164281,0.46390462,0.9133784,0.4184156,0.9150234
135.png,cw,0.4435993,0.49069044,0.45046777,0.48055157,0.43724817,0.48054105,0.45930576,0.48669684,0.42652947,0.48801243,0.46562266,0.53515846,0.41814035,0.5521898,0.4582683,0.55706865,0.41065136,0.6044595,0.42617804,0.5240482,0.4094653,0.5656471,0.45786816,0.7133834,0.42268628,0.71884334,0.45687366,0.8347569,0.41509193,0.8393425,0.45808643,0.932294,0.40789026,0.9366845
136.png,cw,0.44485965,0.49345627,0.45214835,0.48341396,0.4389637,0.48327887,0.46234733,0.4907747,0.42950034,0.49184468,0.4674644,0.5407444,0.42158642,0.55686694,0.45622858,0.55955046,0.4123043,0.6076809,0.4280745,0.5179632,0.4168702,0.5638247,0.4576777,0.71413094,0.42340574,0.718812,0.4563024,0.8364011,0.4167716,0.837219,0.45996875,0.9347642,0.40935436,0.9337927
137.png,cw,0.46669203,0.49733293,0.47365475,0.48742855,0.46095237,0.48757502,0.48363495,0.49554053,0.45234123,0.49667993,0.4895214,0.5456943,0.44513717,0.5615176,0.47292215,0.56108534,0.43895116,0.6095321,0.4500133,0.5243564,0.43892783,0.55587584,0.4814992,0.71731824,0.4480903,0.72047096,0.4814651,0.84282464,0.44066557,0.8392801,0.4829324,0.946187,0.43692178,0.933709
138.png,cw,0.47543684,0.47544107,0.4823208,0.46667117,0.4695093,0.46572527,0.49070492,0.47761214,0.45965058,0.47671095,0.49562567,0.5278567,0.4536024,0.5414636,0.48890218,0.5424986,0.44938403,0.58263534,0.45440573,0.5131674,0.44521627,0.54022706,0.48874378,0.6972494,0.4566978,0.7011209,0.49020213,0.82283777,0.4501666,0.8217131,0.49482808,0.92763656,0.4437922,0.92279154
139.png,cw,0.49094003,0.42861283,0.49817386,0.41879553,0.48448724,0.41837522,0.5074545,0.42815402,0.47383466,0.4282927,0.51172966,0.47745517,0.4671646,0.494261,0.49817032,0.48939055,0.45947656,0.5398255,0.4710483,0.45968688,0.4585727,0.49311194,0.5051041,0.64683235,0.4714675,0.65180534,0.5055422,0.767538,0.46545005,0.7671391,0.5085733,0.8680986,0.4582707,0.86187863
13_carol.png,cw,0.599826,0.32866797,0.6136971,0.309615,0.58746684,0.30571333,0.6290587,0.3321969,0.5678872,0.3236024,0.6522802,0.43189874,0.54037887,0.4509212,0.66939235,0.49039492,0.5226966,0.5800168,0.5612641,0.403233,0.54140514,0.42881638,0.6442739,0.83562225,0.55734736,0.836633,0.0,0.0,0.0,0.0,0.0,0.0,0.0,0.0
13_final.png,cw,0.40408334,0.297066,0.4163022,0.26859796,0.3897665,0.27266428,0.4383955,0.28185844,0.37633806,0.28997782,0.46599165,0.45091698,0.34767655,0.415955,0.48133507,0.5549732,0.31746775,0.4444098,0.44132733,0.38072655,0.40522784,0.3649618,0.4380281,0.8684114,0.35024434,0.85700834,0.0,0.0,0.0,0.0,0.0,0.0,0.0,0.0
140.png,cw,0.4930181,0.3993785,0.49994344,0.3899726,0.4870162,0.39045563,0.5099679,0.39886835,0.4786396,0.40031672,0.5171277,0.44783732,0.47266516,0.46164355,0.5040198,0.4664102,0.46543556,0.5074077,0.47396827,0.43073952,0.46656975,0.452141,0.51056814,0.61903703,0.4771208,0.6209664,0.5100168,0.7434131,0.46923858,0.73953766,0.5139902,0.84215933,0.4682489,0.8273671
141.png,cw,0.48617935,0.35949466,0.49374574,0.3488555,0.47967592,0.34946272,0.50499046,0.35807773,0.47033486,0.36076313,0.5104489,0.41199467,0.46479315,0.42775825,0.49583596,0.43008304,0.45665997,0.47465876,0.47117844,0.37807754,0.4600541,0.41873196,0.50322735,0.5825013,0.4689816,0.587093,0.5045128,0.70271426,0.4640314,0.7015634,0.50940216,0.7960932,0.45992857,0.7916696
142.png,cw,0.48201957,0.34387606,0.4894836,0.3338564,0.47653994,0.33335614,0.50016105,0.34074068,0.46840587,0.3404067,0.50706494,0.38864872,0.46164498,0.40516013,0.49285436,0.40319443,0.4590846,0.4549394,0.46012527,0.36613256,0.45333377,0.4016588,0.5008865,0.56003636,0.46669522,0.5630045,0.5030754,0.68036324,0.46004325,0.6761107,0.50444573,0.77948135,0.46135178,0.7650174
143.png,cw,0.49582952,0.34585735,0.5031736,0.3355273,0.4907209,0.33518457,0.51441294,0.3414191,0.48328632,0.3419231,0.521033,0.38962227,0.47679305,0.40703022,0.5033067,0.4029879,0.46968397,0.45584983,0.4758296,0.375727,0.46677065,0.40743357,0.5136282,0.55870885,0.4801403,0.56246614,0.5194,0.6797568,0.47544065,0.67219156,0.52304476,0.7792424,0.47705227,0.7608458
14_2.png,cw,0.5131554,0.2636042,0.5200417,0.25363865,0.50660056,0.2512776,0.528864,0.26573896,0.49502653,0.25795597,0.53746486,0.34431767,0.47995973,0.31731585,0.54654694,0.40746105,0.48614687,0.34462807,0.5442883,0.34495366,0.53325,0.31865996,0.52668726,0.52704304,0.48502693,0.5179075,0.5260344,0.66452825,0.48009032,0.6558931,0.5244244,0.77875453,0.47675714,0.7758917
14_carol.png,cw,0.6665477,0.3307807,0.6788822,0.30698672,0.6514734,0.3095765,0.69695127,0.3233709,0.6340757,0.33026797,0.72604567,0.43247312,0.6159303,0.45193172,0.7583189,0.5242344,0.6024978,0.58395267,0.72220075,0.434601,0.6165668,0.41553932,0.71512425,0.8355595,0.63167113,0.8358579,0.0,0.0,0.0,0.0,0.0,0.0,0.0,0.0
14_final.png,cw,0.55257857,0.29891744,0.5662209,0.27472916,0.5373553,0.27510113,0.5826766,0.2986579,0.5169691,0.2981986,0.610441,0.45196843,0.49205703,0.42015368,0.6523835,0.54139173,0.5285052,0.423049,0.63493407,0.34369048,0.61413085,0.335396,0.59667933,0.88784736,0.5058528,0.88386655,0.0,0.0,0.0,0.0,0.0,0.0,0.0,0.0
15.png,cw,0.5099431,0.2686069,0.5156074,0.2593123,0.5042042,0.26130325,0.5273333,0.26752535,0.4987449,0.2711469,0.5383941,0.3299648,0.49243078,0.31671214,0.53101504,0.36670706,0.4811926,0.32620773,0.51252145,0.34385628,0.5201344,0.3190967,0.527491,0.49397627,0.4940373,0.48750082,0.5292048,0.60626566,0.49136147,0.5929432,0.5330557,0.69321114,0.4936761,0.6788635
15_carol.png,cw,0.7195335,0.31674635,0.73189974,0.29286796,0.70361775,0.29519984,0.7492654,0.30734822,0.6831783,0.31504112,0.78372335,0.41798434,0.6638113,0.45303196,0.8079011,0.47000003,0.64735687,0.5896348,0.69012827,0.38403448,0.6661905,0.41158143,0.77118254,0.8429776,0.6823209,0.8439082,0.0,0.0,0.0,0.0,0.0,0.0,0.0,0.0
15_final.png,cw,0.40384308,0.2935752,0.41599447,0.26575872,0.38979834,0.27003807,0.43787223,0.28079796,0.37689728,0.28968757,0.4682228,0.44783834,0.34622452,0.4201288,0.48131818,0.5598012,0.32036647,0.4681039,0.441001,0.38386023,0.40744805,0.36022118,0.4400127,0.8645189,0.35019797,0.8546761,0.0,0.0,0.0,0.0,0.0,0.0,0.0,0.0
16.png,cw,0.4990139,0.26985502,0.50456744,0.26130047,0.49342552,0.26316404,0.51587534,0.271342,0.48771936,0.27460262,0.5267428,0.33429685,0.48003086,0.31668037,0.5225538,0.37719646,0.47439623,0.3262278,0.5133139,0.33499962,0.5130084,0.31835455,0.5162887,0.4945005,0.48237342,0.48661855,0.5172945,0.60554343,0.47801405,0.5914469,0.52165514,0.69486094,0.48049974,0.68125415
163_2.png,cw,0.48805895,0.32585433,0.4956982,0.3168224,0.4821508,0.3131352,0.50267464,0.3278083,0.46876702,0.31891358,0.510223,0.38351548,0.4506139,0.39576638,0.51176417,0.41906416,0.44261494,0.47074407,0.46958455,0.39193836,0.4554955,0.4040913,0.50046974,0.5754799,0.45851618,0.57867885,0.496234,0.7139801,0.45441294,0.715516,0.49698353,0.83754456,0.4495627,0.8294063
164_2.png,cw,0.5029181,0.33587614,0.5108745,0.32628673,0.49707517,0.32308054,0.5190344,0.33596492,0.4850399,0.32831573,0.52613795,0.39204708,0.4699122,0.40397534,0.523888,0.4273941,0.4588901,0.47670567,0.4820687,0.40290332,0.4671823,0.4134665,0.5161332,0.58674645,0.47600013,0.5886805,0.51339597,0.7261183,0.46963674,0.72303087,0.51554024,0.84743685,0.46660733,0.83155143
165_2.png,cw,0.5128752,0.35371238,0.52073663,0.34422886,0.50745666,0.3423212,0.53129613,0.35298017,0.4984584,0.34836105,0.5393063,0.41117468,0.48577413,0.4179813,0.52894384,0.45262334,0.46899515,0.4861125,0.49196187,0.42360374,0.47664505,0.44279507,0.5253267,0.59862375,0.48669544,0.5982529,0.5239428,0.73804086,0.48076993,0.7325469,0.5283872,0.8567076,0.48051888,0.84273887
166_2.png,cw,0.47768506,0.34665328,0.48524293,0.33640483,0.47236842,0.33489957,0.494909,0.345415,0.46288905,0.34348738,0.50364816,0.40463224,0.44998232,0.41664132,0.49553117,0.44670928,0.4339169,0.4859014,0.45577222,0.3991176,0.44019476,0.42137498,0.4893206,0.59427047,0.45078048,0.5961062,0.49090606,0.7344707,0.4484642,0.72566044,0.49413785,0.8552753,0.4489228,0.8386529
167_2.png,cw,0.47441417,0.3587085,0.48210073,0.34725708,0.46965823,0.34637478,0.4938323,0.351169,0.462018,0.35103962,0.50280607,0.4060655,0.45047665,0.42162114,0.48958653,0.45593825,0.43248528,0.49591935,0.44979686,0.41986227,0.43746024,0.42435566,0.4866108,0.6005182,0.44891685,0.6037359,0.48706275,0.7458892,0.44623843,0.7383025,0.49299654,0.86962944,0.4493371,0.85221916
16_carol.png,cw,0.7462119,0.31701347,0.7585771,0.29333654,0.7308871,0.29572424,0.77625227,0.3067101,0.71059734,0.31299812,0.80908316,0.41923404,0.68859553,0.44424158,0.83587587,0.5020903,0.6682363,0.582496,0.74041,0.39294362,0.69279546,0.40833747,0.7973096,0.803717,0.71066916,0.8062256,0.0,0.0,0.0,0.0,0.0,0.0,0.0,0.0
16_final.png,cw,0.5529379,0.3037356,0.566437,0.2785875,0.5368849,0.27931768,0.5837059,0.30228376,0.5151313,0.30158317,0.6087268,0.45678458,0.49386948,0.42178455,0.6512236,0.548007,0.52602273,0.43766183,0.63927305,0.35676277,0.61024827,0.33895767,0.59621483,0.8888706,0.5056764,0.8861821,0.0,0.0,0.0,0.0,0.0,0.0,0.0,0.0
17.png,cw,0.4798898,0.26998731,0.48569995,0.26081,0.47327557,0.2620934,0.49645048,0.27146876,0.46514836,0.27351856,0.50719064,0.33303455,0.46017662,0.32392365,0.5061933,0.37380764,0.46245056,0.3425235,0.4975493,0.33828813,0.49763575,0.3108878,0.49986982,0.48484695,0.46571246,0.48123872,0.50106794,0.594835,0.46388626,0.5882329,0.5045897,0.68414694,0.4639113,0.6762561
17_2.png,cw,0.51101184,0.26281875,0.51778126,0.2534205,0.5047747,0.25070494,0.52614594,0.26661095,0.49340552,0.25783196,0.5345273,0.34540075,0.47799787,0.31800935,0.5458611,0.4094748,0.4884445,0.34592116,0.5449408,0.34897903,0.53559744,0.31911567,0.52412474,0.52684194,0.48291826,0.51776135,0.5228046,0.66296077,0.47758335,0.6559169,0.521633,0.77785814,0.47318023,0.77679425
17_carol.png,cw,0.7466535,0.31322068,0.7596299,0.28923172,0.7314603,0.29135573,0.77704006,0.30503708,0.71040404,0.3104142,0.8108309,0.4162691,0.6878978,0.4451795,0.84036577,0.4799864,0.6690346,0.5860796,0.71382123,0.39009115,0.68740624,0.41792268,0.79108536,0.84105074,0.6992049,0.83876,0.0,0.0,0.0,0.0,0.0,0.0,0.0,0.0
17_final.png,cw,0.4069945,0.29247233,0.4199956,0.26594403,0.39307153,0.2678382,0.44133148,0.2808789,0.37856832,0.28483942,0.46892205,0.44114274,0.34638926,0.4182757,0.4830305,0.5604089,0.3258741,0.4853174,0.4455355,0.3789506,0.41556627,0.35403314,0.4445343,0.84014714,0.35504144,0.833214,0.0,0.0,0.0,0.0,0.0,0.0,0.0,0.0
18.png,cw,0.49016446,0.2674173,0.49608344,0.2580313,0.48350605,0.2595441,0.5058397,0.26754236,0.47519866,0.26973522,0.5143726,0.32726425,0.469102,0.31414044,0.5197392,0.3708527,0.47476387,0.33062372,0.51925796,0.32970893,0.50321376,0.30913776,0.5090715,0.48881742,0.4757107,0.4834606,0.5109798,0.5953378,0.47039637,0.58846515,0.51397824,0.6817008,0.47016343,0.67451733
18_2.png,cw,0.5020965,0.26186278,0.5087857,0.25200403,0.49529538,0.250017,0.5162366,0.26554295,0.48310915,0.25921953,0.5229435,0.34251136,0.4701056,0.31968597,0.53679377,0.40114442,0.47817343,0.34381783,0.5321167,0.34462568,0.52194816,0.31429577,0.5137473,0.5239496,0.47488055,0.5164385,0.5143331,0.6617651,0.46958247,0.6539604,0.5125343,0.77655274,0.46178395,0.77416706
18_carol.png,cw,0.71844393,0.31317613,0.73208845,0.28990507,0.7035549,0.2901269,0.7514757,0.3084813,0.68532115,0.31165928,0.7795063,0.42281806,0.659202,0.45317248,0.78464335,0.44813147,0.6318259,0.5814074,0.6662204,0.38190222,0.65261203,0.40879297,0.7526833,0.8688746,0.6584134,0.861753,0.0,0.0,0.0,0.0,0.0,0.0,0.0,0.0
18_final.png,cw,0.5515145,0.30121243,0.5648611,0.2768116,0.5361803,0.27725667,0.5804456,0.2993231,0.5151224,0.29906332,0.6089698,0.45218125,0.49014243,0.42065838,0.652654,0.5530465,0.5277363,0.43098366,0.6346097,0.36179402,0.6128386,0.34606078,0.59710777,0.886363,0.50594056,0.8829512,0.0,0.0,0.0,0.0,0.0,0.0,0.0,0.0
19.png,cw,0.49906674,0.2654428,0.5046014,0.25622672,0.49251324,0.25810665,0.5148053,0.26495534,0.4844889,0.267842,0.52474225,0.3236504,0.47611594,0.30986091,0.52863514,0.37024227,0.47272307,0.3268279,0.52834237,0.33344802,0.51268095,0.31510526,0.5208035,0.48447978,0.48592204,0.48072124,0.5222322,0.59676296,0.48097372,0.5932788,0.52813995,0.6862681,0.48190513,0.6861942
19_2.png,cw,0.44264024,0.29838154,0.4487946,0.2873011,0.4360686,0.28902605,0.46255335,0.2969192,0.42987528,0.29923195,0.47546405,0.3762127,0.41953215,0.35155988,0.46952742,0.43774873,0.39426002,0.37340596,0.456111,0.39006814,0.44651705,0.37291425,0.45977107,0.5598176,0.42097807,0.5507819,0.46436495,0.7004677,0.4232369,0.6848723,0.469104,0.81503636,0.42440742,0.8022198
19_carol.png,cw,0.6332379,0.33640078,0.6487199,0.31741437,0.6211702,0.3106461,0.6673397,0.34035635,0.6038008,0.3276291,0.6882737,0.44974396,0.5695017,0.461687,0.69688344,0.5150256,0.5347,0.59552467,0.57717407,0.39990607,0.5540103,0.4252975,0.66096175,0.8806018,0.5687209,0.87112886,0.0,0.0,0.0,0.0,0.0,0.0,0.0,0.0
19_final.png,cw,0.41025123,0.2915007,0.4231515,0.26589465,0.39679277,0.26649147,0.44217834,0.28214887,0.3808852,0.28090912,0.46749657,0.4348087,0.3476689,0.4117873,0.48859492,0.56229293,0.3276236,0.5094202,0.45435303,0.38071886,0.42384118,0.36162084,0.44651493,0.83612585,0.3564661,0.83433855,0.0,0.0,0.0,0.0,0.0,0.0,0.0,0.0
1_final_final.png,cw,0.4863637,0.30646396,0.49805194,0.27774015,0.47208017,0.2837286,0.52197784,0.29223233,0.45999712,0.30421367,0.55267096,0.473212,0.42681104,0.42691976,0.5392453,0.55860364,0.4007174,0.4281087,0.5241079,0.37839893,0.4962561,0.3636622,0.51089925,0.8723225,0.41732234,0.85670626,0.0,0.0,0.0,0.0,0.0,0.0,0.0,0.0
20.png,cw,0.51160157,0.2656835,0.517713,0.25633162,0.5048538,0.25680524,0.5278958,0.26683947,0.4956585,0.26667926,0.53767294,0.3300214,0.48911133,0.3181215,0.5432015,0.3755935,0.4923339,0.34015793,0.53944165,0.33735082,0.5266218,0.31196636,0.5305568,0.4867447,0.49568826,0.48254067,0.5304285,0.59901863,0.4926184,0.5940715,0.53353435,0.6871673,0.49023455,0.6831504
20_2.png,cw,0.4700008,0.28914765,0.47720376,0.27855963,0.46349534,0.27842233,0.49021143,0.29102758,0.45496973,0.28965944,0.50133085,0.37097076,0.44250426,0.3458171,0.49903208,0.43289775,0.4312772,0.3670583,0.4885872,0.37623188,0.47646818,0.36144707,0.48639718,0.5552022,0.44424272,0.54544246,0.48935992,0.6981343,0.44586372,0.6812084,0.49288625,0.81269497,0.44338903,0.8003199
20_carol.png,cw,0.54878986,0.31357604,0.56365526,0.29456228,0.5369219,0.2894445,0.58296597,0.31838188,0.5203186,0.307707,0.5979397,0.4354452,0.48268542,0.448844,0.5604845,0.44182375,0.44135815,0.56359667,0.47673398,0.3798551,0.4633687,0.4121705,0.5692278,0.85354495,0.47840232,0.8475791,0.0,0.0,0.0,0.0,0.0,0.0,0.0,0.0
20_final.png,cw,0.54973996,0.3014429,0.56307906,0.27666682,0.5344067,0.27750567,0.5790198,0.29837358,0.51377547,0.29925105,0.6090444,0.44942677,0.48881713,0.42175785,0.6510984,0.5504907,0.52974117,0.43381178,0.6336837,0.36418772,0.61663574,0.34599614,0.59778196,0.88493544,0.50610983,0.8833886,0.0,0.0,0.0,0.0,0.0,0.0,0.0,0.0
21.png,cw,0.5108842,0.27303523,0.51663536,0.2638284,0.5037135,0.26554862,0.5262141,0.27453208,0.4946683,0.27673557,0.5334211,0.33490372,0.4892594,0.3208033,0.5362242,0.37625736,0.48804945,0.33458278,0.5398413,0.3408756,0.52430946,0.31904098,0.5276823,0.49194148,0.4953673,0.48687434,0.52624536,0.6036004,0.48643222,0.5988138,0.52892995,0.6872191,0.4839603,0.68392146
21_carol.png,cw,0.5047787,0.31253657,0.51910824,0.29157266,0.49295124,0.28774235,0.53681606,0.31508878,0.47525787,0.30615944,0.5579403,0.4393779,0.43922824,0.44708753,0.55762994,0.48145655,0.409697,0.5682941,0.44624263,0.3868855,0.43142575,0.4156711,0.52602756,0.8806182,0.43548188,0.8712803,0.0,0.0,0.0,0.0,0.0,0.0,0.0,0.0
21_final.png,cw,0.4168004,0.2914467,0.4300773,0.26591468,0.4039282,0.26614723,0.44983608,0.2796836,0.38842258,0.27889776,0.47678345,0.43384942,0.35507318,0.4149281,0.49521953,0.5730417,0.33521873,0.52737975,0.4623157,0.3845855,0.39996758,0.36875296,0.45417905,0.8415786,0.36404985,0.8376604,0.0,0.0,0.0,0.0,0.0,0.0,0.0,0.0
22.png,cw,0.5010224,0.27572745,0.50622034,0.26723498,0.49452114,0.26909846,0.5149361,0.27748945,0.48586446,0.28097838,0.5234805,0.33430684,0.4787448,0.32262373,0.5276371,0.3743654,0.48546094,0.3331353,0.5281035,0.33683196,0.5216029,0.31430608,0.514851,0.490905,0.48148346,0.4864303,0.51537055,0.6005995,0.47463623,0.5948317,0.51799726,0.6909517,0.47072515,0.6878484
22_2.png,cw,0.50670516,0.29232946,0.51326543,0.28237528,0.5006684,0.28193653,0.5266361,0.2939389,0.49334413,0.2916864,0.5406334,0.37323913,0.48155755,0.34609273,0.53539026,0.43900707,0.46846366,0.36857554,0.5267378,0.3830535,0.5178857,0.35500374,0.5216955,0.56006336,0.47953734,0.54927045,0.5238249,0.7036964,0.47816175,0.6866221,0.5255453,0.82533264,0.47744456,0.8134956
22_carol.png,cw,0.4912476,0.30846947,0.50584406,0.2902061,0.47964197,0.28143644,0.5206342,0.3152158,0.4576827,0.2959613,0.5350944,0.43232077,0.42012772,0.4417915,0.5458195,0.466672,0.38706717,0.57218367,0.42976803,0.38491762,0.41283458,0.40972298,0.5120212,0.88081867,0.42318624,0.8745943,0.0,0.0,0.0,0.0,0.0,0.0,0.0,0.0
22_final.png,cw,0.55105484,0.29996732,0.5643945,0.27625096,0.5354983,0.27654988,0.5813052,0.2982634,0.51360124,0.29752597,0.60734487,0.44747245,0.49211493,0.41691938,0.6486589,0.55022615,0.52961475,0.44556308,0.63929176,0.36234114,0.6170914,0.34377748,0.60017014,0.88063914,0.5091351,0.88037014,0.0,0.0,0.0,0.0,0.0,0.0,0.0,0.0
23_carol.png,cw,0.48785478,0.29668584,0.5039418,0.27642393,0.47570476,0.26825792,0.52025825,0.30417606,0.45372504,0.2859069,0.5330568,0.42910567,0.4162535,0.43722615,0.54815626,0.48601422,0.37968722,0.58155626,0.42305684,0.3743457,0.40876716,0.4092054,0.5088443,0.88434803,0.4181251,0.8762334,0.0,0.0,0.0,0.0,0.0,0.0,0.0,0.0
23_final.png,cw,0.42949787,0.29213896,0.44327444,0.26722816,0.4160648,0.26601693,0.46267486,0.28402695,0.3986482,0.2814571,0.48840004,0.4392975,0.36413088,0.42084664,0.51027477,0.5771504,0.3637204,0.5202743,0.47987786,0.38443238,0.4614152,0.3549704,0.47159296,0.8352323,0.37966806,0.8330169,0.0,0.0,0.0,0.0,0.0,0.0,0.0,0.0
24_2.png,cw,0.4920631,0.28639126,0.4994915,0.27637494,0.48553538,0.2755378,0.51165444,0.2906202,0.4761126,0.287001,0.5206975,0.37111673,0.46181464,0.34227252,0.51952255,0.43475792,0.4557852,0.36408737,0.5141377,0.37390214,0.50101256,0.35619006,0.50333726,0.55125946,0.46095872,0.53963596,0.5011633,0.69450235,0.45731863,0.6775753,0.501969,0.8103066,0.45298666,0.7971446
24_carol.png,cw,0.504218,0.23954174,0.522879,0.22181502,0.49006915,0.21095598,0.5415133,0.25343743,0.46504503,0.23264208,0.5587951,0.36701924,0.4232028,0.38534448,0.580291,0.45343763,0.37702322,0.55279744,0.43092442,0.31605238,0.40914083,0.35124418,0.52934235,0.79934055,0.43029577,0.79226464,0.0,0.0,0.0,0.0,0.0,0.0,0.0,0.0
24_final.png,cw,0.56499904,0.29902804,0.5775522,0.27169853,0.54935,0.2750192,0.59590536,0.28704703,0.5300217,0.29436967,0.62658536,0.44736573,0.5084917,0.4229659,0.66948956,0.5542672,0.54733,0.44273818,0.6567611,0.3696067,0.6366441,0.34661704,0.61374986,0.88032377,0.5227897,0.880413,0.0,0.0,0.0,0.0,0.0,0.0,0.0,0.0
25.png,cw,0.51534665,0.2787033,0.5200535,0.27073205,0.5086933,0.27159446,0.52646965,0.28008747,0.49879432,0.2810326,0.534016,0.3333352,0.49279636,0.3205984,0.5445777,0.37697437,0.50680315,0.33027676,0.5441622,0.3392376,0.53810424,0.29922155,0.52972686,0.48766437,0.49855724,0.4842617,0.5313422,0.59637433,0.49348068,0.59522533,0.5275112,0.68677396,0.48573154,0.6909441
25_carol.png,cw,0.50517684,0.17416534,0.5252363,0.15079537,0.48776585,0.14510798,0.54816526,0.18629014,0.4606259,0.17645317,0.5693266,0.3356169,0.4207676,0.36496004,0.5911149,0.40460548,0.36880153,0.5339349,0.41430464,0.26390582,0.40095505,0.30440402,0.5340297,0.84236366,0.42623597,0.8366334,0.0,0.0,0.0,0.0,0.0,0.0,0.0,0.0
25_final.png,cw,0.44609538,0.29029572,0.45949474,0.2665857,0.43217874,0.26605618,0.47939855,0.28346083,0.41648602,0.2815194,0.50768703,0.43093142,0.38250595,0.40922838,0.5278985,0.5740947,0.3735648,0.504301,0.49355048,0.37979558,0.48020226,0.33745533,0.49433202,0.82858735,0.39994422,0.8244528,0.0,0.0,0.0,0.0,0.0,0.0,0.0,0.0
26.png,cw,0.4886902,0.2769093,0.4933184,0.26906663,0.48193806,0.2700394,0.49928403,0.28007925,0.471744,0.28134933,0.5076452,0.33512962,0.46564212,0.32456988,0.5212697,0.3761743,0.48419166,0.33401307,0.518997,0.33996132,0.51393765,0.29820988,0.5039326,0.4864818,0.47214332,0.4839258,0.5052588,0.59520286,0.46796966,0.59546214,0.5014907,0.68330926,0.45915914,0.68818265
26_2.png,cw,0.5039485,0.26189867,0.5119944,0.2533032,0.49821377,0.25041997,0.52408046,0.2698229,0.4894515,0.2615362,0.5321914,0.34705827,0.47613105,0.32153097,0.53371173,0.4009228,0.47307044,0.3418124,0.534622,0.34740728,0.5193755,0.32128838,0.51692444,0.52766806,0.4759419,0.5181136,0.51763684,0.66585696,0.47017893,0.65257937,0.51462936,0.780042,0.46597028,0.772575
26_carol.png,cw,0.48687357,0.124979295,0.5083135,0.09270986,0.4654387,0.090593934,0.5364424,0.12348705,0.43486133,0.11970427,0.56555736,0.3037426,0.39508504,0.33293572,0.57990587,0.36492047,0.33361444,0.5163091,0.38519186,0.22353838,0.3780609,0.269253,0.53111154,0.8390256,0.40849882,0.83270985,0.0,0.0,0.0,0.0,0.0,0.0,0.0,0.0
26_final.png,cw,0.62023854,0.30060458,0.6341025,0.2750029,0.6041796,0.27822292,0.6532362,0.29544303,0.58353436,0.301755,0.68545216,0.45404103,0.5674695,0.4304968,0.7331543,0.55386144,0.61066514,0.44367388,0.71015286,0.37190184,0.69309884,0.34760115,0.67725384,0.8948878,0.58401215,0.8916841,0.0,0.0,0.0,0.0,0.0,0.0,0.0,0.0
27_carol.png,cw,0.48369092,0.08706563,0.5046845,0.056467757,0.4617649,0.05195978,0.5302103,0.08984282,0.42795834,0.08245242,0.5637662,0.26985958,0.38495043,0.30988857,0.58353955,0.3032928,0.33462068,0.48761445,0.38440305,0.1909747,0.37689844,0.24233435,0.53191733,0.82562274,0.40484968,0.8233016,0.0,0.0,0.0,0.0,0.0,0.0,0.0,0.0
27_final.png,cw,0.6965081,0.30119866,0.7091346,0.27160576,0.67886555,0.2783709,0.72913516,0.28903207,0.65854347,0.3045615,0.7662968,0.45386106,0.6380104,0.4377012,0.8121999,0.5561281,0.6826826,0.4449376,0.794118,0.35870904,0.7710257,0.3528823,0.76106274,0.91655576,0.66216016,0.9235796,0.0,0.0,0.0,0.0,0.0,0.0,0.0,0.0
28_2.png,cw,0.5100118,0.2633071,0.51686954,0.25339767,0.5036313,0.25137684,0.5264351,0.2656859,0.49286252,0.25877017,0.53601533,0.34490994,0.4777642,0.31816018,0.54385185,0.4094613,0.48372063,0.34634808,0.5419179,0.34721968,0.53308785,0.32289764,0.524412,0.5281581,0.4821906,0.5190622,0.52381426,0.66626555,0.47786045,0.6575417,0.52277124,0.7803594,0.47484264,0.77757967
28_carol.png,cw,0.51221365,0.1440654,0.5336854,0.11342625,0.491944,0.10926768,0.5609137,0.14100185,0.4610154,0.1332052,0.587968,0.3052016,0.42405033,0.3408323,0.6102734,0.36656517,0.38073185,0.52832437,0.42960063,0.25855955,0.41255862,0.30409566,0.557456,0.82734406,0.43908054,0.82571125,0.0,0.0,0.0,0.0,0.0,0.0,0.0,0.0
28_final.png,cw,0.73373044,0.29721886,0.74746865,0.266384,0.7161489,0.27276057,0.7682844,0.2824951,0.6958614,0.29616675,0.8059518,0.45145234,0.6757038,0.43528116,0.85745925,0.56392944,0.71318924,0.4549192,0.831587,0.36357388,0.8142662,0.3447026,0.7925917,0.9124383,0.69564617,0.91548675,0.0,0.0,0.0,0.0,0.0,0.0,0.0,0.0
29_carol.png,cw,0.5491843,0.22516726,0.5682813,0.19702604,0.5320314,0.19327977,0.5927685,0.22329538,0.5073957,0.21640442,0.6185431,0.3786677,0.47728762,0.40962964,0.64231277,0.4382609,0.44059807,0.57756007,0.47919217,0.34112948,0.46242857,0.37767944,0.5944746,0.8810644,0.48880395,0.8774643,0.0,0.0,0.0,0.0,0.0,0.0,0.0,0.0
29_final.png,cw,0.74508584,0.29744166,0.75845945,0.2667466,0.72766685,0.2728724,0.77769804,0.28412908,0.70707405,0.29699132,0.8143207,0.44999564,0.68699104,0.43119457,0.8647498,0.5673677,0.73380196,0.44872445,0.84180355,0.36194882,0.81897163,0.34421045,0.8038651,0.9095861,0.70787525,0.91403335,0.0,0.0,0.0,0.0,0.0,0.0,0.0,0.0
2_2.png,cw,0.5084475,0.2601568,0.51575226,0.25159886,0.50285786,0.2484964,0.52648675,0.26662123,0.49331623,0.25684986,0.5348096,0.34512118,0.4773651,0.31359765,0.5387574,0.40971723,0.47945014,0.33698893,0.5376986,0.35466683,0.53171194,0.32301813,0.5213226,0.5239373,0.47956356,0.5128412,0.52043194,0.66146064,0.4741671,0.65040874,0.5190242,0.776366,0.4700846,0.77180463
30_carol.png,cw,0.5551198,0.3531389,0.56703866,0.33258656,0.54338014,0.332252,0.58292264,0.3487343,0.5285052,0.3500497,0.60850215,0.4631396,0.5035072,0.48499426,0.6118864,0.527642,0.48552877,0.60293865,0.5120108,0.4487578,0.49213982,0.47337943,0.5921254,0.8168273,0.51436555,0.8162313,0.0,0.0,0.0,0.0,0.0,0.0,0.0,0.0
30_final.png,cw,0.7343327,0.29900965,0.74775344,0.26838875,0.71713614,0.27542976,0.76899517,0.28404346,0.6980889,0.29909644,0.80681074,0.4499001,0.6782183,0.43231946,0.85590947,0.56466347,0.71759874,0.4486496,0.83177745,0.37157813,0.8149454,0.3496205,0.79370075,0.9113159,0.69737613,0.91444314,0.0,0.0,0.0,0.0,0.0,0.0,0.0,0.0
31_carol.png,cw,0.5820898,0.35055703,0.5929295,0.33140042,0.57116705,0.3302336,0.60637224,0.3507591,0.5538816,0.3483132,0.6299436,0.46520615,0.52841866,0.48479915,0.63843983,0.5267778,0.51856476,0.5938968,0.54056793,0.43663594,0.5254699,0.45731813,0.62371,0.7959271,0.54599035,0.7987943,0.0,0.0,0.0,0.0,0.0,0.0,0.0,0.0
31_final.png,cw,0.69363344,0.3011531,0.707118,0.2712301,0.6768168,0.27735817,0.72899354,0.28936186,0.65871805,0.30197853,0.763394,0.4515709,0.64081144,0.43020752,0.812142,0.56784075,0.67810017,0.44764435,0.7866574,0.38109997,0.7671113,0.3475418,0.7521655,0.90906143,0.65731025,0.91184837,0.0,0.0,0.0,0.0,0.0,0.0,0.0,0.0
32_carol.png,cw,0.63873833,0.36711332,0.64913625,0.34648284,0.62623966,0.34721035,0.6629082,0.36305597,0.6091353,0.3659122,0.6864284,0.47846887,0.5908199,0.4929188,0.7178907,0.5676637,0.5819476,0.6112847,0.6847425,0.4969145,0.59970665,0.4827485,0.6772872,0.7912456,0.60702366,0.7915007,0.0,0.0,0.0,0.0,0.0,0.0,0.0,0.0
32_final.png,cw,0.62098354,0.3058263,0.6347956,0.2799293,0.60456914,0.28384286,0.6577284,0.29912254,0.58778197,0.3062789,0.68752664,0.4522935,0.5696784,0.42156985,0.7264089,0.57846195,0.584644,0.46537763,0.70313567,0.39314407,0.681163,0.36475995,0.66352296,0.88319963,0.5718717,0.8745725,0.0,0.0,0.0,0.0,0.0,0.0,0.0,0.0
33_carol.png,cw,0.6655362,0.367246,0.6761993,0.3460544,0.65186,0.3470432,0.6900558,0.36490783,0.6328536,0.36821565,0.7175144,0.48101383,0.6163108,0.49826398,0.74836034,0.56071115,0.61501884,0.6190946,0.6918174,0.48388588,0.63148654,0.48565665,0.7072293,0.82611644,0.63215756,0.82494354,0.0,0.0,0.0,0.0,0.0,0.0,0.0,0.0
33_final.png,cw,0.56828606,0.3048743,0.5816719,0.2783084,0.55330056,0.28274223,0.60434425,0.29304805,0.53740275,0.30303437,0.6337246,0.43732208,0.51836824,0.4162218,0.6624572,0.57407045,0.54433835,0.47146186,0.64019245,0.40481585,0.6323505,0.36997434,0.6052624,0.8651991,0.5169655,0.8606007,0.0,0.0,0.0,0.0,0.0,0.0,0.0,0.0
34_carol.png,cw,0.5716957,0.35012496,0.583286,0.33031762,0.55987775,0.3296369,0.59677076,0.35081184,0.5413945,0.3489332,0.6200819,0.46155208,0.5163687,0.48396394,0.6221198,0.51148117,0.5029006,0.59421206,0.5280918,0.44252434,0.50702035,0.47281495,0.6148695,0.809491,0.53425133,0.8150161,0.0,0.0,0.0,0.0,0.0,0.0,0.0,0.0
34_final.png,cw,0.53218853,0.29344994,0.5472028,0.26785812,0.5183829,0.27045748,0.572104,0.2874547,0.5039128,0.29308778,0.60129666,0.43786067,0.4782622,0.4263442,0.6249548,0.5853761,0.49684364,0.53716385,0.6047564,0.38419563,0.59039336,0.36816126,0.5714982,0.8775324,0.48012218,0.8731237,0.0,0.0,0.0,0.0,0.0,0.0,0.0,0.0
35_carol.png,cw,0.62958586,0.3637064,0.64003336,0.34303096,0.61623883,0.34433654,0.65379095,0.3614724,0.59818465,0.36490995,0.67750525,0.4790603,0.5779096,0.491152,0.7053216,0.57023084,0.56559247,0.608761,0.67969376,0.5003334,0.58322555,0.47740695,0.6675201,0.80581665,0.59429955,0.80684847,0.0,0.0,0.0,0.0,0.0,0.0,0.0,0.0
35_final.png,cw,0.51121557,0.27420628,0.5273101,0.24494481,0.49572,0.24612036,0.55298954,0.26193696,0.47991806,0.26311395,0.578012,0.43056923,0.45152226,0.40537184,0.59854066,0.5816256,0.41993046,0.5216869,0.5731301,0.36776224,0.44099122,0.40594846,0.54333365,0.88390136,0.4500956,0.8756073,0.0,0.0,0.0,0.0,0.0,0.0,0.0,0.0
36_carol.png,cw,0.6956829,0.36062977,0.7069636,0.33878082,0.68273234,0.3393582,0.7223705,0.35757938,0.66628903,0.35955557,0.747295,0.487284,0.64675653,0.49559104,0.7768157,0.56808174,0.6297694,0.6122065,0.7396491,0.49952707,0.65479386,0.47002187,0.7212583,0.8433451,0.6470754,0.83341223,0.0,0.0,0.0,0.0,0.0,0.0,0.0,0.0
36_final.png,cw,0.4884821,0.24969102,0.5062686,0.22318251,0.4751565,0.22284237,0.5352597,0.24966256,0.46034652,0.2472652,0.5579922,0.4295332,0.42335266,0.39990422,0.5529852,0.56795216,0.40741625,0.4904962,0.54319537,0.3522558,0.47255626,0.3512821,0.5157906,0.8905601,0.4164723,0.87887514,0.0,0.0,0.0,0.0,0.0,0.0,0.0,0.0
37_carol.png,cw,0.59280837,0.35763592,0.6047183,0.33896163,0.58267134,0.33472475,0.618743,0.35982323,0.5663619,0.35066307,0.6365255,0.48547372,0.5342196,0.49333987,0.63741606,0.53495437,0.51523936,0.59906167,0.55262744,0.46527022,0.53358555,0.48010474,0.6068157,0.83479273,0.53029454,0.8290167,0.0,0.0,0.0,0.0,0.0,0.0,0.0,0.0
37_final.png,cw,0.4587647,0.2391776,0.47333193,0.20784599,0.44309244,0.21507378,0.5034777,0.23337682,0.43134752,0.24682623,0.5356852,0.4350116,0.39481574,0.3878796,0.528772,0.547807,0.3707488,0.39346936,0.50702184,0.3326199,0.49111167,0.3066201,0.4882094,0.9027244,0.38355264,0.8887436,0.0,0.0,0.0,0.0,0.0,0.0,0.0,0.0
38_carol.png,cw,0.5404078,0.35125902,0.553322,0.33255574,0.52994436,0.32948235,0.56946146,0.35205075,0.51509947,0.34568676,0.5874415,0.47034678,0.48573953,0.48552382,0.57073617,0.52056104,0.46238646,0.6030675,0.48685503,0.46414658,0.47775143,0.4816405,0.558014,0.8339347,0.48301086,0.8290963,0.0,0.0,0.0,0.0,0.0,0.0,0.0,0.0
38_final.png,cw,0.4060216,0.26683164,0.42151436,0.2362094,0.391731,0.23801202,0.44900241,0.25684658,0.37738317,0.25878432,0.4716739,0.45307955,0.33952945,0.40321985,0.47294074,0.5590702,0.3103086,0.4235911,0.45062238,0.36521953,0.3846148,0.35608763,0.42631215,0.901621,0.32794258,0.88698435,0.0,0.0,0.0,0.0,0.0,0.0,0.0,0.0
39_carol.png,cw,0.5087015,0.34278682,0.5225954,0.3227058,0.49728268,0.32018209,0.5395647,0.34576085,0.48161536,0.3400555,0.55719024,0.46989033,0.45044535,0.4820902,0.5409697,0.5275993,0.42488575,0.601817,0.4510746,0.45935583,0.43784738,0.4752716,0.52369875,0.84810215,0.44493675,0.8431987,0.0,0.0,0.0,0.0,0.0,0.0,0.0,0.0
39_final.png,cw,0.36045083,0.2816586,0.3739379,0.2530456,0.34581205,0.2551189,0.39791346,0.27256176,0.33059114,0.27493784,0.41510162,0.4593593,0.29474005,0.40115485,0.4204668,0.5608037,0.26113856,0.40740052,0.39845473,0.3793429,0.3546151,0.3640514,0.36913997,0.9016274,0.27363423,0.8843293,0.0,0.0,0.0,0.0,0.0,0.0,0.0,0.0
40_carol.png,cw,0.47394723,0.31740227,0.48895344,0.2955472,0.4632197,0.29197967,0.50855553,0.31987944,0.44825977,0.3123355,0.52653706,0.45975122,0.41207534,0.47172764,0.49640495,0.5004473,0.38055164,0.59546787,0.39855796,0.4401814,0.3879668,0.46738106,0.48690575,0.8859707,0.39776087,0.8726131,0.0,0.0,0.0,0.0,0.0,0.0,0.0,0.0
40_final.png,cw,0.33681452,0.28345853,0.350181,0.25613803,0.3226195,0.25653923,0.37131676,0.27332315,0.30549398,0.2725844,0.39060527,0.45262647,0.27076748,0.40341327,0.4048667,0.55472684,0.23896131,0.41482952,0.37783042,0.38178143,0.33849806,0.35368314,0.3594261,0.87564754,0.26681685,0.86471504,0.0,0.0,0.0,0.0,0.0,0.0,0.0,0.0
41_carol.png,cw,0.42147952,0.31636468,0.43605837,0.29525355,0.4100267,0.29082245,0.45334378,0.31751525,0.3924009,0.30867696,0.46941233,0.4472104,0.3598379,0.4631942,0.45103842,0.48965454,0.32967386,0.5906097,0.3517931,0.43201497,0.34057602,0.45876762,0.43832245,0.85130215,0.35337877,0.84089404,0.0,0.0,0.0,0.0,0.0,0.0,0.0,0.0
41_final.png,cw,0.33563086,0.2824013,0.348243,0.2538324,0.32129544,0.2567431,0.37069246,0.2696627,0.30636066,0.27468655,0.39347145,0.4514942,0.27609205,0.40512294,0.40043965,0.54273164,0.23783901,0.4077251,0.37633315,0.38186163,0.330803,0.34944025,0.36151275,0.8700291,0.27076057,0.85730577,0.0,0.0,0.0,0.0,0.0,0.0,0.0,0.0
42_carol.png,cw,0.3925152,0.31714663,0.40605515,0.29637444,0.38123947,0.29194313,0.42167425,0.3171612,0.3628889,0.30745205,0.43922848,0.45066786,0.3300331,0.46458697,0.43335643,0.4910795,0.3021633,0.58713293,0.33067173,0.43339294,0.3135509,0.46273515,0.4096253,0.8546486,0.32719833,0.8481735,0.0,0.0,0.0,0.0,0.0,0.0,0.0,0.0
42_final.png,cw,0.35565588,0.27511513,0.37000075,0.24934033,0.34256837,0.24729829,0.38892204,0.2660974,0.3246115,0.26130322,0.40895557,0.426992,0.28757668,0.40473548,0.4299392,0.5669816,0.25573993,0.52306986,0.40119275,0.37292853,0.28086203,0.4120158,0.3843829,0.83471364,0.29361254,0.82737243,0.0,0.0,0.0,0.0,0.0,0.0,0.0,0.0
43_carol.png,cw,0.38068163,0.321404,0.39258316,0.2996989,0.36820492,0.2992576,0.40664577,0.318656,0.3492549,0.31735203,0.4288067,0.44747773,0.32008514,0.4643902,0.42991224,0.5073664,0.2953682,0.5831125,0.3300652,0.4377628,0.30628365,0.46100345,0.40337563,0.8215852,0.32362112,0.8207592,0.0,0.0,0.0,0.0,0.0,0.0,0.0,0.0
43_final.png,cw,0.4130973,0.2849687,0.42795858,0.26016995,0.39845863,0.2583844,0.447805,0.27852312,0.38009888,0.2743365,0.46938246,0.42111436,0.34621796,0.39545467,0.49313408,0.58108336,0.31569028,0.5215027,0.46305808,0.37171894,0.3412301,0.4250582,0.4521657,0.8663886,0.35714945,0.85964787,0.0,0.0,0.0,0.0,0.0,0.0,0.0,0.0
44_carol.png,cw,0.4032731,0.33021864,0.41595945,0.30916905,0.3921644,0.3081932,0.43160677,0.3287051,0.37482792,0.32740414,0.44863015,0.4570652,0.34759662,0.47884667,0.4438919,0.5019851,0.32385978,0.5831369,0.3468972,0.4368098,0.33381483,0.45936483,0.43018493,0.8230639,0.35288858,0.81994724,0.0,0.0,0.0,0.0,0.0,0.0,0.0,0.0
44_final.png,cw,0.49856648,0.29241642,0.51178616,0.26489136,0.48267126,0.26741382,0.5302069,0.28338093,0.46323282,0.2880963,0.56007683,0.43047747,0.43478876,0.41859648,0.59575474,0.5808773,0.45615235,0.5247703,0.5628905,0.38869253,0.547316,0.3482093,0.5474841,0.8873192,0.45040426,0.8890581,0.0,0.0,0.0,0.0,0.0,0.0,0.0,0.0
45_carol.png,cw,0.46268287,0.36896637,0.47487417,0.3481274,0.45047015,0.34804773,0.49080378,0.36649704,0.43451414,0.3677901,0.51184064,0.4849779,0.4139853,0.50458,0.5141359,0.5402856,0.39716718,0.621361,0.42165846,0.48390037,0.40563637,0.5063711,0.49211913,0.84634686,0.41650915,0.84065264,0.0,0.0,0.0,0.0,0.0,0.0,0.0,0.0
45_final.png,cw,0.5620348,0.28553233,0.57654935,0.26054096,0.54626447,0.25979677,0.5940671,0.28455642,0.52425593,0.28298697,0.6190222,0.4391304,0.5006498,0.42223853,0.65879405,0.57411844,0.4874246,0.530164,0.62857854,0.38949034,0.4895491,0.4436018,0.59941405,0.85838324,0.5123823,0.8508192,0.0,0.0,0.0,0.0,0.0,0.0,0.0,0.0
46_carol.png,cw,0.5048984,0.3821856,0.5161415,0.3614797,0.49274072,0.36309487,0.5313705,0.37550655,0.4766644,0.38104758,0.55434585,0.48677307,0.4571201,0.5092776,0.5609296,0.55088127,0.44727868,0.6209307,0.47457594,0.5118548,0.45824736,0.52614635,0.53376114,0.8186381,0.4626034,0.8165321,0.0,0.0,0.0,0.0,0.0,0.0,0.0,0.0
46_final.png,cw,0.5762378,0.2905328,0.5908976,0.2667471,0.5618075,0.26640895,0.6112725,0.28925276,0.5437027,0.28905484,0.63449514,0.43896213,0.5180861,0.42343152,0.66046745,0.57186615,0.49386984,0.53450173,0.6366471,0.3966246,0.49933282,0.45040742,0.6106499,0.8708368,0.5232871,0.8641161,0.0,0.0,0.0,0.0,0.0,0.0,0.0,0.0
47_carol.png,cw,0.51531565,0.38598123,0.52629524,0.367079,0.5042939,0.36732912,0.540794,0.38333157,0.48916405,0.38422722,0.5613063,0.4889331,0.4691206,0.5079307,0.5582434,0.54851216,0.45729524,0.61261624,0.47687426,0.51221925,0.46512714,0.5265157,0.54297376,0.80338234,0.47332105,0.8057676,0.0,0.0,0.0,0.0,0.0,0.0,0.0,0.0
47_final.png,cw,0.5670598,0.2946641,0.58179533,0.2672939,0.5528904,0.26937687,0.60461485,0.2837222,0.5369767,0.2884071,0.63182366,0.44812486,0.51390153,0.43098724,0.65767545,0.5758251,0.49065608,0.54066765,0.61485136,0.36493304,0.48783398,0.45475033,0.59779185,0.8577788,0.51313347,0.8453776,0.0,0.0,0.0,0.0,0.0,0.0,0.0,0.0
48_carol.png,cw,0.5183004,0.3872189,0.52825236,0.3703875,0.50760764,0.37065804,0.5400185,0.38556594,0.49006933,0.38712394,0.55783474,0.4816925,0.47211266,0.5080256,0.55600464,0.5447765,0.46106014,0.61834216,0.48822173,0.52497846,0.47270876,0.5626261,0.5459488,0.7762514,0.48413914,0.78345346,0.5495548,0.9513482,0.0,0.0,0.0,0.0,0.0,0.0
48_final.png,cw,0.53827894,0.29467872,0.55077875,0.26599285,0.52449006,0.2714906,0.5749291,0.28170663,0.51192313,0.29317537,0.60908395,0.4606845,0.4801425,0.42665625,0.62065804,0.5684952,0.46279246,0.44307014,0.5850383,0.38578707,0.55765796,0.35206866,0.57481897,0.8681548,0.48144197,0.8589345,0.0,0.0,0.0,0.0,0.0,0.0,0.0,0.0
49_carol.png,cw,0.54345745,0.39458123,0.55327314,0.3754716,0.53266066,0.3758034,0.56525975,0.39116228,0.51624006,0.3936153,0.5828356,0.49169648,0.49594975,0.5130631,0.5942193,0.5510028,0.48955432,0.6171007,0.51795006,0.5138492,0.5096666,0.53227454,0.57411355,0.78252125,0.50845087,0.78582966,0.0,0.0,0.0,0.0,0.0,0.0,0.0,0.0
49_final.png,cw,0.47739547,0.30504164,0.4889531,0.27649036,0.46337977,0.28239793,0.51296246,0.29022428,0.4515934,0.30172297,0.54393107,0.47392836,0.41729528,0.42420545,0.52768964,0.55824065,0.3894736,0.42556068,0.5112017,0.36845008,0.49218616,0.35923147,0.50199205,0.87416905,0.4072581,0.85716844,0.0,0.0,0.0,0.0,0.0,0.0,0.0,0.0
4_2.png,cw,0.5089188,0.25638905,0.5160472,0.24753998,0.50309026,0.2446497,0.5260535,0.26202515,0.49306852,0.25293523,0.5351834,0.34049353,0.47803098,0.31217235,0.5426158,0.40411264,0.4838841,0.33784705,0.539668,0.3471731,0.53143704,0.31360185,0.5228035,0.5215756,0.48119158,0.51163256,0.52158433,0.65907526,0.47606492,0.64985085,0.52032715,0.7748746,0.47093344,0.7712004
4_carol.png,cw,0.60593027,0.097502224,0.62780446,0.06514195,0.5828171,0.065680146,0.65884817,0.10254335,0.5546391,0.10831657,0.69684255,0.28375122,0.5200149,0.34859347,0.69555163,0.25257805,0.47378212,0.49609014,0.50497234,0.17609337,0.49958745,0.22907001,0.6528563,0.8689909,0.52558,0.866786,0.0,0.0,0.0,0.0,0.0,0.0,0.0,0.0
4_final.png,cw,0.46063024,0.30238375,0.47209495,0.27466497,0.44705862,0.28062493,0.49699935,0.28851843,0.43555802,0.30077505,0.5269944,0.4719211,0.40251565,0.42230934,0.50794125,0.5571635,0.36721504,0.42154345,0.49201566,0.36860937,0.4643573,0.37139553,0.48861665,0.87723976,0.39488572,0.85984045,0.0,0.0,0.0,0.0,0.0,0.0,0.0,0.0
50.png,cw,0.5086056,0.3575409,0.5138346,0.34827682,0.5016652,0.34966722,0.5231416,0.3551449,0.49471182,0.35789925,0.531201,0.4098114,0.5008695,0.4054723,0.55158556,0.45721215,0.5262599,0.4248529,0.5543529,0.40761614,0.5441865,0.37800086,0.5333826,0.5569433,0.5104016,0.5588001,0.5298768,0.65559703,0.5036015,0.67084455,0.52394783,0.74578696,0.49515238,0.7777561
50_carol.png,cw,0.5913615,0.40528405,0.6006857,0.3865993,0.57989013,0.38815138,0.61333483,0.40358505,0.5635661,0.4100352,0.6354212,0.5011003,0.54894644,0.5316297,0.65496945,0.55721503,0.5429863,0.6371669,0.57512563,0.51724803,0.56769145,0.5538896,0.63500553,0.7882204,0.5690397,0.79446054,0.0,0.0,0.0,0.0,0.0,0.0,0.0,0.0
50_final.png,cw,0.4235788,0.2942243,0.43514186,0.26800427,0.40985614,0.2718812,0.4566463,0.28358698,0.39892787,0.2891667,0.48961622,0.45174098,0.361848,0.4118254,0.48451024,0.55888623,0.3278513,0.4593597,0.45840377,0.381883,0.4459261,0.34597838,0.46098495,0.86232764,0.36619356,0.85356957,0.0,0.0,0.0,0.0,0.0,0.0,0.0,0.0
51.png,cw,0.5203242,0.3599521,0.5257567,0.35014,0.51333785,0.35112575,0.5345992,0.355903,0.50457096,0.35701463,0.5424314,0.40773726,0.50763786,0.4033686,0.56117505,0.45490405,0.53733265,0.42866227,0.5666191,0.4150781,0.55929005,0.3919829,0.5442057,0.56480086,0.5179869,0.56556803,0.539713,0.66447085,0.5121357,0.68006116,0.5305905,0.7494645,0.50553715,0.7782272
51_carol.png,cw,0.62228376,0.40207893,0.63189876,0.38242695,0.6107422,0.38370204,0.64452267,0.39912117,0.59379715,0.4038295,0.6678506,0.50062174,0.5800193,0.52623683,0.69343036,0.55719113,0.5848739,0.6253029,0.60593814,0.5091301,0.6058312,0.5371282,0.6630972,0.78885186,0.5959494,0.79287654,0.0,0.0,0.0,0.0,0.0,0.0,0.0,0.0
51_final.png,cw,0.4059863,0.2931145,0.41775665,0.26533073,0.39112577,0.2707098,0.43928725,0.28052512,0.37753853,0.29191008,0.4685568,0.44565228,0.3477818,0.41851926,0.47547206,0.5482965,0.3174467,0.4623686,0.44336587,0.38363478,0.40232062,0.36377826,0.4403398,0.860308,0.35145992,0.8504476,0.0,0.0,0.0,0.0,0.0,0.0,0.0,0.0
52_carol.png,cw,0.6514645,0.40132752,0.66082764,0.3845281,0.64023554,0.3854909,0.6718807,0.4003586,0.62141854,0.4046112,0.6923562,0.48795,0.6038382,0.5183005,0.6996995,0.53721815,0.5935179,0.6132431,0.6218245,0.50668544,0.6199105,0.5357514,0.67778385,0.7824429,0.6137716,0.7908967,0.0,0.0,0.0,0.0,0.0,0.0,0.0,0.0
52_final.png,cw,0.4069945,0.29247233,0.4199956,0.26594403,0.39307153,0.2678382,0.44133148,0.2808789,0.37856832,0.28483942,0.46892205,0.44114274,0.34638926,0.4182757,0.4830305,0.5604089,0.3258741,0.4853174,0.4455355,0.3789506,0.41556627,0.35403314,0.4445343,0.84014714,0.35504144,0.833214,0.0,0.0,0.0,0.0,0.0,0.0,0.0,0.0
53_carol.png,cw,0.6544408,0.43035847,0.66445625,0.41344863,0.6450062,0.41220742,0.6758741,0.42878282,0.62781936,0.42707783,0.69802964,0.5284462,0.60413116,0.54681635,0.72345346,0.6071206,0.59835255,0.6546755,0.6428607,0.5667283,0.635797,0.5848954,0.6866794,0.82760584,0.61968786,0.8335565,0.0,0.0,0.0,0.0,0.0,0.0,0.0,0.0
53_final.png,cw,0.4241538,0.29188234,0.43750134,0.26577792,0.41076118,0.26550576,0.4572381,0.27928883,0.3939973,0.2783899,0.48509684,0.4399305,0.35938594,0.4183628,0.503468,0.5761906,0.35243344,0.512854,0.4701655,0.38874844,0.45448294,0.35411537,0.46671653,0.8365762,0.3737742,0.8326091,0.0,0.0,0.0,0.0,0.0,0.0,0.0,0.0
54_carol.png,cw,0.6475279,0.44741803,0.6591585,0.43026495,0.63717616,0.42829233,0.6719836,0.4503531,0.6179726,0.4474659,0.6927611,0.5526958,0.59427696,0.57336533,0.71071655,0.61928105,0.59393835,0.67236966,0.62807286,0.5895064,0.63779,0.611385,0.67744553,0.8705643,0.60437536,0.8765606,0.0,0.0,0.0,0.0,0.0,0.0,0.0,0.0
54_final.png,cw,0.48060036,0.29433438,0.49380523,0.2700394,0.46534854,0.27238595,0.51335466,0.2893931,0.4484477,0.29409546,0.5414836,0.4350812,0.42175022,0.4192328,0.5683007,0.5787629,0.3925015,0.5344536,0.53539336,0.39305797,0.410949,0.4399443,0.52691734,0.84800774,0.4366118,0.8432112,0.0,0.0,0.0,0.0,0.0,0.0,0.0,0.0
55_carol.png,cw,0.6257018,0.44026938,0.63666475,0.41993904,0.6144474,0.41978523,0.6509074,0.43969795,0.5988627,0.43983468,0.67150956,0.55211043,0.5782758,0.56695366,0.6847651,0.619541,0.57481563,0.6925483,0.604746,0.5811904,0.5878502,0.602803,0.6481721,0.8907105,0.57559484,0.88451684,0.0,0.0,0.0,0.0,0.0,0.0,0.0,0.0
55_final.png,cw,0.58066136,0.31915876,0.5908973,0.29022676,0.5635306,0.29890555,0.60770285,0.3042137,0.5442278,0.3227601,0.64093244,0.4577514,0.5263605,0.43992606,0.6812159,0.5842653,0.543498,0.48832363,0.6438116,0.42676646,0.62995374,0.3823478,0.6273097,0.8816033,0.5371623,0.8786055,0.0,0.0,0.0,0.0,0.0,0.0,0.0,0.0
56.png,cw,0.5178904,0.41878432,0.52268773,0.40827,0.50986755,0.41025582,0.5295638,0.41428697,0.49910426,0.41836023,0.53705746,0.47290564,0.49964422,0.46931213,0.5540609,0.5189813,0.5211443,0.48960724,0.56143045,0.46964476,0.54780424,0.44298798,0.53745043,0.6331381,0.5086675,0.6358487,0.53822315,0.7402267,0.50104153,0.75464773,0.5362709,0.8329222,0.49137563,0.86179185
56_carol.png,cw,0.59125984,0.43717578,0.60323256,0.41852698,0.5805117,0.41628936,0.6169202,0.44055355,0.5636323,0.43412763,0.6349907,0.5511653,0.53603756,0.56181866,0.6428935,0.6128387,0.5304451,0.68458664,0.57144105,0.5847892,0.546994,0.5977147,0.6125598,0.9053973,0.5336357,0.90272963,0.0,0.0,0.0,0.0,0.0,0.0,0.0,0.0
56_final.png,cw,0.63419,0.31142345,0.64705336,0.2873069,0.6181685,0.29112434,0.66642207,0.30668288,0.5998464,0.31414336,0.6968192,0.45282593,0.5806351,0.42884827,0.73536414,0.57461005,0.5864431,0.47637787,0.6952065,0.39024344,0.6734432,0.3652582,0.67916214,0.8481881,0.59241617,0.84070754,0.0,0.0,0.0,0.0,0.0,0.0,0.0,0.0
57_carol.png,cw,0.47019473,0.39709795,0.48153123,0.37922254,0.46086636,0.3756269,0.4945895,0.3995352,0.44539896,0.39223954,0.5102538,0.51387566,0.41538557,0.5234365,0.5166439,0.59461486,0.40420875,0.64568716,0.44162378,0.5398584,0.4141717,0.55500335,0.48450977,0.8302709,0.41395345,0.8263136,0.0,0.0,0.0,0.0,0.0,0.0,0.0,0.0
57_final.png,cw,0.65472823,0.3124962,0.66705,0.28915915,0.63933337,0.2919268,0.684535,0.30914575,0.61848414,0.31365344,0.7093918,0.45637023,0.5985786,0.42581314,0.74909747,0.5778331,0.61284006,0.46475,0.7177886,0.4220609,0.69760674,0.38218772,0.6961783,0.85897505,0.6092217,0.85654736,0.0,0.0,0.0,0.0,0.0,0.0,0.0,0.0
58_carol.png,cw,0.44824475,0.3937715,0.4595786,0.37689903,0.4386416,0.37498918,0.4724649,0.3950681,0.42178726,0.39172873,0.487889,0.49781308,0.39980766,0.5167442,0.49415818,0.5848602,0.38718128,0.6430393,0.41497356,0.5361691,0.4055845,0.55588144,0.4623112,0.8078172,0.39902008,0.80960584,0.0,0.0,0.0,0.0,0.0,0.0,0.0,0.0
58_final.png,cw,0.6593542,0.3158027,0.6722737,0.29018065,0.6443102,0.29387072,0.69226605,0.30753618,0.6277653,0.31580263,0.7239574,0.44850752,0.6058568,0.43748575,0.760616,0.5835243,0.59860015,0.5269772,0.71823597,0.40586248,0.65802467,0.38652784,0.703426,0.83204484,0.61825174,0.8280591,0.0,0.0,0.0,0.0,0.0,0.0,0.0,0.0
59.png,cw,0.5570862,0.45641637,0.56292695,0.44630983,0.54995114,0.44685355,0.5717948,0.4529379,0.54060495,0.45284194,0.5792346,0.51525444,0.5384765,0.50124085,0.59029627,0.567745,0.56487596,0.51844645,0.59982914,0.5269522,0.5887222,0.4846371,0.57637703,0.68030643,0.54436237,0.6768261,0.5778012,0.79645544,0.534779,0.797094,0.5750211,0.8903259,0.52624214,0.89868927
59_carol.png,cw,0.44458002,0.38377932,0.4551087,0.36652654,0.4340859,0.3656094,0.4663101,0.38388503,0.41538566,0.38296518,0.4810843,0.48496264,0.3949863,0.5037178,0.49173936,0.5719103,0.37968102,0.6229379,0.417727,0.5261998,0.39537755,0.5439558,0.46213967,0.7914205,0.40009338,0.79542327,0.0,0.0,0.0,0.0,0.0,0.0,0.0,0.0
59_final.png,cw,0.6596294,0.31995022,0.672386,0.29287574,0.6469456,0.29817805,0.70101047,0.3094468,0.639063,0.32059863,0.7355341,0.48181862,0.6096795,0.44987428,0.7216388,0.55464196,0.5667822,0.46084213,0.676347,0.38373396,0.65047836,0.37736595,0.69627273,0.87548023,0.604844,0.85943437,0.0,0.0,0.0,0.0,0.0,0.0,0.0,0.0
5_carol_carol.png,cw,0.5698099,0.2025659,0.5875909,0.17369601,0.55199325,0.17524502,0.6121615,0.19756344,0.5286873,0.20349689,0.6472642,0.3557699,0.50100386,0.3951906,0.67696935,0.40056884,0.47317404,0.5293023,0.50715196,0.26905617,0.49910504,0.30923232,0.61562127,0.8214975,0.511847,0.8172864,0.0,0.0,0.0,0.0,0.0,0.0,0.0,0.0
5_final.png,cw,0.4387389,0.29616803,0.45001554,0.26772037,0.42560744,0.27272978,0.47305876,0.28008,0.41456676,0.2899743,0.5041612,0.4622327,0.37946162,0.41711536,0.49979275,0.5627727,0.34307125,0.43996587,0.47125778,0.37008384,0.44503027,0.36100346,0.46639937,0.86143816,0.37381163,0.84624195,0.0,0.0,0.0,0.0,0.0,0.0,0.0,0.0
60.png,cw,0.54170537,0.45286578,0.5481778,0.44321984,0.5350239,0.44344604,0.5584796,0.45243365,0.5261865,0.4514679,0.56639254,0.514602,0.522537,0.5002326,0.5809631,0.56807524,0.5499645,0.51552737,0.58314234,0.53280556,0.5784553,0.48408952,0.561955,0.6812085,0.52831566,0.67693067,0.56215906,0.79823345,0.5202864,0.80016774,0.56163293,0.89534193,0.5122877,0.9036046
60_carol.png,cw,0.45302278,0.378634,0.4642085,0.3590892,0.44149882,0.35810393,0.4772748,0.37778065,0.42391628,0.37693915,0.49614224,0.4941547,0.4006242,0.5093411,0.5133189,0.57059777,0.39335486,0.6258456,0.43338424,0.514244,0.41060615,0.5298985,0.48287088,0.80788636,0.41112724,0.8078376,0.0,0.0,0.0,0.0,0.0,0.0,0.0,0.0
60_final.png,cw,0.65702665,0.31873202,0.6691148,0.29198152,0.64519626,0.29648468,0.6954657,0.30964673,0.63749814,0.31900418,0.73181236,0.48707733,0.6057259,0.452199,0.73487103,0.5672595,0.5674512,0.4576077,0.6816069,0.39652893,0.6574768,0.38027436,0.6939069,0.88321143,0.6023817,0.86841446,0.0,0.0,0.0,0.0,0.0,0.0,0.0,0.0
61.png,cw,0.52142376,0.4458603,0.52849233,0.43727452,0.5153985,0.43583527,0.539622,0.44608068,0.50723517,0.4418108,0.5475937,0.50375646,0.503358,0.4899729,0.55969554,0.54999787,0.51758826,0.51022923,0.5590105,0.5130031,0.54739344,0.47680888,0.541432,0.6722243,0.50755733,0.6676604,0.5414511,0.7961693,0.49980226,0.7901323,0.5427263,0.8995732,0.48902798,0.8977288
61_carol.png,cw,0.551799,0.39491612,0.5626873,0.37491438,0.5398715,0.37351972,0.5736936,0.39332145,0.51942766,0.39167112,0.5956509,0.5097323,0.4958002,0.52894175,0.6265388,0.57768846,0.49916324,0.63979125,0.5327002,0.5231185,0.53341806,0.5298759,0.5819421,0.83736944,0.5080389,0.8369012,0.0,0.0,0.0,0.0,0.0,0.0,0.0,0.0
61_final.png,cw,0.6579442,0.31792653,0.6717596,0.29282868,0.64394546,0.2941689,0.6934532,0.30958912,0.6285996,0.31205332,0.7234988,0.45334923,0.6005348,0.43667874,0.75604784,0.58655727,0.5842061,0.5288632,0.71102345,0.40747103,0.660009,0.38122708,0.699607,0.8359726,0.6109978,0.8310762,0.0,0.0,0.0,0.0,0.0,0.0,0.0,0.0
62.png,cw,0.51739186,0.43710548,0.5248321,0.427587,0.51109356,0.42624965,0.5367015,0.4359101,0.50301874,0.43185127,0.54423404,0.49860874,0.49990177,0.4825369,0.55295867,0.55217445,0.5140788,0.50763696,0.5529396,0.5013571,0.53946245,0.46911353,0.53544354,0.67223614,0.5015618,0.66621643,0.5333001,0.7980568,0.49275717,0.7911366,0.5337485,0.89513564,0.4821549,0.8937804
62_carol.png,cw,0.5899843,0.3785818,0.59991723,0.35843948,0.5782102,0.35635316,0.6110686,0.37620312,0.55619586,0.37261742,0.63455856,0.49783885,0.5285947,0.51428723,0.6696441,0.5630532,0.53264266,0.62021947,0.5834888,0.52367157,0.58298624,0.53838104,0.6215637,0.812037,0.54428375,0.8150622,0.0,0.0,0.0,0.0,0.0,0.0,0.0,0.0
62_final.png,cw,0.65847504,0.3162474,0.6711155,0.29525003,0.6438593,0.29254413,0.6815168,0.32131448,0.61701477,0.31164563,0.7068823,0.47295448,0.59088963,0.43648478,0.75599647,0.5707027,0.62400323,0.4627759,0.7495359,0.40566662,0.7164017,0.3760389,0.7056421,0.88819844,0.6178529,0.88614917,0.0,0.0,0.0,0.0,0.0,0.0,0.0,0.0
63.png,cw,0.52316445,0.42497754,0.530515,0.4153889,0.5170328,0.41418937,0.5426973,0.4244128,0.5089342,0.42070812,0.55198276,0.49005556,0.5023383,0.4726392,0.5569786,0.5415676,0.5093987,0.49612182,0.55788386,0.48895186,0.5443224,0.45798492,0.54055434,0.6659707,0.50318825,0.6586783,0.53961504,0.79635096,0.49666604,0.78293794,0.5395818,0.90012664,0.48680988,0.88867307
63_carol.png,cw,0.61062825,0.3749805,0.62212837,0.3591369,0.59929407,0.35508728,0.63388723,0.37884852,0.5784258,0.37150565,0.6539303,0.48814374,0.5492972,0.501028,0.6838134,0.56408393,0.54218477,0.61785746,0.6021379,0.52605885,0.58803993,0.5543386,0.6401031,0.7820182,0.5679188,0.7839312,0.0,0.0,0.0,0.0,0.0,0.0,0.0,0.0
63_final.png,cw,0.6563928,0.31600553,0.6665738,0.29094788,0.63990456,0.2916385,0.6737069,0.31316477,0.6105355,0.31378457,0.7000416,0.47474924,0.58698905,0.4492585,0.75890553,0.5642519,0.6278079,0.45780963,0.75273025,0.40459895,0.72186714,0.38221332,0.7011169,0.89241207,0.616948,0.89603543,0.0,0.0,0.0,0.0,0.0,0.0,0.0,0.0
64.png,cw,0.5199761,0.4138542,0.52703005,0.40436843,0.5144752,0.4037376,0.54017633,0.41383904,0.5077371,0.411756,0.55140877,0.48086685,0.4993828,0.46260893,0.5510274,0.52949446,0.49489373,0.48546517,0.5471756,0.47200385,0.5326984,0.46108627,0.53723747,0.6565928,0.49901733,0.64778805,0.5362989,0.78796947,0.4938628,0.7695078,0.53743863,0.8905099,0.48747367,0.8728511
64_carol.png,cw,0.60907084,0.37202507,0.6207924,0.35132405,0.5976087,0.34941575,0.63310784,0.37150475,0.5766672,0.36693865,0.65517765,0.4922648,0.55194706,0.5048157,0.6913204,0.55235016,0.5491608,0.61108994,0.59727734,0.51369816,0.60124326,0.528439,0.6373211,0.8236757,0.5616659,0.82192314,0.0,0.0,0.0,0.0,0.0,0.0,0.0,0.0
64_final.png,cw,0.6505438,0.31646577,0.66117585,0.29120815,0.6348211,0.29359066,0.6712222,0.30984497,0.6106611,0.31427854,0.7018401,0.46523505,0.5837855,0.4427239,0.74887335,0.56771153,0.6169751,0.45622897,0.7369213,0.40186793,0.71540767,0.37400198,0.69775325,0.87674934,0.61066735,0.8796273,0.0,0.0,0.0,0.0,0.0,0.0,0.0,0.0
65_carol.png,cw,0.5577067,0.3725384,0.57030874,0.35229802,0.5454143,0.3517132,0.5865909,0.37442246,0.52802694,0.37472865,0.6061401,0.4914893,0.50832653,0.510838,0.62528914,0.55937195,0.5013676,0.6331924,0.53444993,0.5184697,0.5282043,0.5419232,0.58343947,0.83713615,0.50786036,0.8320176,0.0,0.0,0.0,0.0,0.0,0.0,0.0,0.0
65_final.png,cw,0.6444877,0.31707928,0.6573602,0.2914981,0.629645,0.29407704,0.6773696,0.3093428,0.61256784,0.31464112,0.7055791,0.46118858,0.58982384,0.4361943,0.7447858,0.5823089,0.59279376,0.46831182,0.71435654,0.41645017,0.69423085,0.37909818,0.69366586,0.86496496,0.60606766,0.8635523,0.0,0.0,0.0,0.0,0.0,0.0,0.0,0.0
66_carol.png,cw,0.48259592,0.36364925,0.49512547,0.3441494,0.47186026,0.3415934,0.51086307,0.36697355,0.4562359,0.36031824,0.5267084,0.4858851,0.42857772,0.49586052,0.523959,0.5638883,0.4103407,0.6256946,0.44216695,0.5066109,0.4287207,0.5073087,0.5040335,0.8214023,0.42641717,0.8198591,0.0,0.0,0.0,0.0,0.0,0.0,0.0,0.0
66_final.png,cw,0.6430369,0.31321958,0.6558503,0.2857377,0.6277063,0.29172915,0.6790515,0.30277112,0.61310256,0.31487754,0.7108745,0.45076916,0.5917948,0.43170807,0.7471942,0.58532387,0.59437734,0.49550125,0.71348345,0.4200036,0.6975139,0.37436533,0.6921626,0.86828357,0.6007825,0.8669509,0.0,0.0,0.0,0.0,0.0,0.0,0.0,0.0
67_carol.png,cw,0.43671903,0.35168278,0.44945797,0.33203006,0.4265047,0.33016136,0.46718177,0.35104614,0.41252255,0.3470111,0.485614,0.4722217,0.38657373,0.49084762,0.47839823,0.53986394,0.36896262,0.61608547,0.3930282,0.48541117,0.3813213,0.50863385,0.46495533,0.80468005,0.39008644,0.8048233,0.0,0.0,0.0,0.0,0.0,0.0,0.0,0.0
67_final.png,cw,0.6299013,0.3061697,0.6435754,0.27928978,0.61423427,0.2854686,0.6672203,0.29608858,0.59758466,0.31016633,0.7016239,0.4481451,0.57702553,0.44174647,0.73597366,0.5852137,0.58290386,0.52392936,0.70591116,0.40657294,0.6772982,0.37850574,0.6851538,0.88071644,0.5904927,0.87921804,0.0,0.0,0.0,0.0,0.0,0.0,0.0,0.0
68_carol.png,cw,0.41643065,0.35170272,0.42937127,0.3307987,0.40486747,0.3300924,0.44599876,0.3455744,0.3894992,0.34377563,0.46742907,0.46736747,0.36591887,0.4815452,0.46927285,0.5455195,0.34917808,0.6159606,0.376036,0.48561326,0.36043766,0.50757086,0.43414646,0.83157796,0.361,0.8249237,0.0,0.0,0.0,0.0,0.0,0.0,0.0,0.0
68_final.png,cw,0.5962709,0.27677274,0.61034805,0.24772924,0.57891625,0.25322273,0.6329222,0.27000996,0.5598077,0.28080618,0.6687571,0.4392676,0.5382807,0.41017693,0.7127651,0.5820881,0.5590627,0.44869682,0.69399506,0.39036,0.6698166,0.3496094,0.65051275,0.89181894,0.55073464,0.8901711,0.0,0.0,0.0,0.0,0.0,0.0,0.0,0.0
69_carol.png,cw,0.40900904,0.34103626,0.42264396,0.32053086,0.39904627,0.3173499,0.4401309,0.3432797,0.38536933,0.33590978,0.4573272,0.47896564,0.35261548,0.48711553,0.43508554,0.5463604,0.32410234,0.6243849,0.34915897,0.47258133,0.33722964,0.5025004,0.42254123,0.861724,0.34358758,0.8518408,0.0,0.0,0.0,0.0,0.0,0.0,0.0,0.0
69_final.png,cw,0.5567409,0.1979707,0.57397664,0.16615558,0.5377962,0.16951133,0.598129,0.19036566,0.51255924,0.19606315,0.6338493,0.39595592,0.48317298,0.36300138,0.68765974,0.54547584,0.52440816,0.39816928,0.6777658,0.33864018,0.65256387,0.30046737,0.62246525,0.9051222,0.5099199,0.9106108,0.0,0.0,0.0,0.0,0.0,0.0,0.0,0.0
6_carol.png,cw,0.5710357,0.2490364,0.5864512,0.22476938,0.55463195,0.22517776,0.6074294,0.2470666,0.53308594,0.25194559,0.6432246,0.37107816,0.50815165,0.40924254,0.6710761,0.45218018,0.4788254,0.56431824,0.53129005,0.3363009,0.5050029,0.37148577,0.6192937,0.7766493,0.5244883,0.77444655,0.0,0.0,0.0,0.0,0.0,0.0,0.0,0.0
70_carol.png,cw,0.40666217,0.3277013,0.42239967,0.30672842,0.39722377,0.3013195,0.44333872,0.33254844,0.3836795,0.31994867,0.4558259,0.47563434,0.3465742,0.47774675,0.4331943,0.53932154,0.30883214,0.61324465,0.3429971,0.471192,0.32640252,0.49192938,0.41547713,0.89279723,0.330122,0.87920654,0.0,0.0,0.0,0.0,0.0,0.0,0.0,0.0
70_final.png,cw,0.5649451,0.17432593,0.5830653,0.13920906,0.54393125,0.14348009,0.61028254,0.16455589,0.5179997,0.17314212,0.65008837,0.3798561,0.48572344,0.34455192,0.7046027,0.558872,0.50782275,0.38108307,0.68926287,0.31588557,0.6648302,0.2799659,0.63610506,0.8918587,0.5173656,0.899641,0.0,0.0,0.0,0.0,0.0,0.0,0.0,0.0
71_carol.png,cw,0.39588565,0.2936054,0.41148186,0.27076027,0.38501686,0.26850528,0.43193546,0.29537112,0.3693195,0.28956825,0.45036745,0.4440397,0.33421972,0.45642403,0.4188735,0.5011099,0.29743892,0.5931794,0.32135144,0.43035588,0.30853918,0.4640565,0.41868287,0.901013,0.32813466,0.88945365,0.0,0.0,0.0,0.0,0.0,0.0,0.0,0.0
71_final.png,cw,0.5990033,0.14273876,0.61714494,0.10260514,0.5752767,0.110591315,0.64647615,0.12501441,0.5469695,0.1427408,0.69518536,0.35450712,0.51422673,0.32485217,0.7577524,0.5520346,0.5365304,0.37307948,0.73366547,0.30871385,0.7005127,0.25997964,0.6854769,0.90558606,0.55438906,0.91697305,0.0,0.0,0.0,0.0,0.0,0.0,0.0,0.0
72_carol.png,cw,0.37670755,0.28188005,0.39305124,0.25966603,0.3656363,0.25671086,0.41456357,0.28634068,0.34931675,0.27992523,0.43478885,0.4347984,0.31338176,0.45168594,0.41959485,0.5029313,0.2815778,0.5946665,0.30974662,0.4302106,0.29443,0.4543814,0.39943993,0.8826778,0.30674964,0.8717695,0.0,0.0,0.0,0.0,0.0,0.0,0.0,0.0
72_final.png,cw,0.6299326,0.108388014,0.6492716,0.0680539,0.6054503,0.07737291,0.68216753,0.09692917,0.5793183,0.11551794,0.7398264,0.34193712,0.54544055,0.30197835,0.79661405,0.5531731,0.5554974,0.36455503,0.77097714,0.2953131,0.74074113,0.23951916,0.7212041,0.9129593,0.5814153,0.9145464,0.0,0.0,0.0,0.0,0.0,0.0,0.0,0.0
73_carol.png,cw,0.3222909,0.2918856,0.3381417,0.26878837,0.31022215,0.26637098,0.35790738,0.29503068,0.29147798,0.28947288,0.37340045,0.4439137,0.257752,0.4590466,0.36335406,0.4845807,0.21988368,0.5733531,0.25401253,0.4153189,0.23686548,0.43292257,0.3398255,0.90129036,0.24981757,0.8906401,0.0,0.0,0.0,0.0,0.0,0.0,0.0,0.0
73_final.png,cw,0.6399652,0.11505093,0.65982264,0.07309761,0.6162473,0.08146854,0.6917568,0.100647226,0.5897461,0.11678484,0.74516535,0.3404321,0.5531841,0.29905125,0.80320185,0.5594536,0.5809144,0.35160878,0.78181636,0.3042696,0.75424373,0.24268737,0.7258295,0.9260098,0.58578604,0.9338329,0.0,0.0,0.0,0.0,0.0,0.0,0.0,0.0
74_carol.png,cw,0.2823444,0.28923517,0.29855743,0.26842597,0.26940173,0.2622215,0.31719583,0.2957414,0.2493773,0.2831775,0.33145326,0.4335018,0.21678671,0.44554135,0.31262204,0.4835214,0.17091426,0.5761589,0.21065864,0.4120362,0.19604577,0.4315748,0.3020248,0.85654736,0.21435788,0.8451043,0.0,0.0,0.0,0.0,0.0,0.0,0.0,0.0
74_final.png,cw,0.6279397,0.14837424,0.64700395,0.10899794,0.6057085,0.11572253,0.6784437,0.13121915,0.57923305,0.1458435,0.7276781,0.35839182,0.54214936,0.32983908,0.7798571,0.56604683,0.560964,0.38110405,0.7559782,0.33420864,0.72422206,0.2706749,0.7145932,0.92066574,0.5807168,0.9322494,0.0,0.0,0.0,0.0,0.0,0.0,0.0,0.0
75_carol.png,cw,0.2702005,0.2887529,0.28540835,0.26838842,0.25698483,0.26307064,0.30259508,0.29520476,0.2361697,0.28536466,0.32032806,0.42282206,0.20930433,0.4414035,0.32094735,0.45966864,0.16572972,0.5652854,0.2060508,0.38832,0.19346313,0.40781373,0.29600963,0.84240055,0.21222746,0.83186847,0.0,0.0,0.0,0.0,0.0,0.0,0.0,0.0
75_final.png,cw,0.5977243,0.20780598,0.61510444,0.17324223,0.57793224,0.17786534,0.64295924,0.19099714,0.554002,0.20019163,0.68647444,0.3978876,0.5220806,0.36912388,0.737305,0.5818778,0.5366054,0.42962974,0.7081749,0.37218618,0.6853906,0.31814307,0.66988295,0.9029989,0.5506451,0.9062433,0.0,0.0,0.0,0.0,0.0,0.0,0.0,0.0
76_carol.png,cw,0.27905917,0.28697476,0.29409292,0.26484925,0.26617283,0.26028672,0.31085998,0.28990823,0.24559748,0.27952382,0.32962668,0.42706743,0.2131108,0.43281624,0.3284071,0.48469958,0.17621279,0.5518144,0.21795788,0.3805004,0.20861225,0.4004654,0.3055237,0.8268712,0.21954766,0.81870186,0.0,0.0,0.0,0.0,0.0,0.0,0.0,0.0
76_final.png,cw,0.5827646,0.26353472,0.5976864,0.23333348,0.5656253,0.23651324,0.6197557,0.2509802,0.5444074,0.2580245,0.6512771,0.42784008,0.5189101,0.4055661,0.6955077,0.57406336,0.5427001,0.4543329,0.66724014,0.3920188,0.6534254,0.35505536,0.6295855,0.8883901,0.5316116,0.8891722,0.0,0.0,0.0,0.0,0.0,0.0,0.0,0.0
77_carol.png,cw,0.31568566,0.23695615,0.33152837,0.21991137,0.30428988,0.21094793,0.34745073,0.2514342,0.2841155,0.23261923,0.3618353,0.36300838,0.24800643,0.3732449,0.3575952,0.3947397,0.21369652,0.488078,0.24895176,0.31191877,0.22892645,0.33835018,0.33922702,0.7752866,0.24942899,0.76505923,0.0,0.0,0.0,0.0,0.0,0.0,0.0,0.0
77_final.png,cw,0.5930005,0.29239362,0.6061249,0.26444668,0.5768338,0.27033722,0.6290863,0.2816846,0.56022125,0.29410955,0.66301,0.4449783,0.5370437,0.42326292,0.6989745,0.5848603,0.5398626,0.480881,0.6712487,0.42225233,0.6562731,0.38319927,0.6344801,0.8745663,0.54131305,0.86934376,0.0,0.0,0.0,0.0,0.0,0.0,0.0,0.0
78_carol.png,cw,0.3132186,0.21383797,0.33024013,0.19565019,0.30227494,0.18924052,0.35191497,0.22782657,0.28590026,0.21413822,0.36805528,0.34751552,0.25187737,0.36472604,0.3492189,0.36171973,0.21270359,0.475444,0.24197066,0.28845108,0.22994563,0.31158167,0.3438902,0.7772341,0.2517608,0.76846516,0.0,0.0,0.0,0.0,0.0,0.0,0.0,0.0
78_final.png,cw,0.62916404,0.34352392,0.64194095,0.32118002,0.6166185,0.32010895,0.6611016,0.33694786,0.6005308,0.33470476,0.68639004,0.48093867,0.574999,0.45532194,0.71607095,0.60954005,0.5819015,0.53072727,0.69209915,0.4683381,0.6756562,0.44373003,0.6645168,0.83588654,0.5810708,0.82869637,0.0,0.0,0.0,0.0,0.0,0.0,0.0,0.0
79_carol.png,cw,0.32918993,0.26743013,0.3447233,0.2474932,0.31645384,0.24432254,0.36373168,0.27625248,0.2968347,0.27002594,0.38024163,0.40112427,0.26339623,0.42028627,0.36897817,0.4391918,0.22710529,0.534786,0.26023048,0.36207682,0.24810068,0.38144958,0.3666864,0.83311826,0.2726831,0.8292875,0.0,0.0,0.0,0.0,0.0,0.0,0.0,0.0
79_final.png,cw,0.632019,0.35274237,0.64396083,0.3295294,0.61893404,0.33071157,0.6626456,0.34108555,0.60261,0.34380183,0.68841106,0.47906977,0.5790566,0.45656407,0.7176893,0.6111269,0.5821721,0.5365032,0.6924707,0.46946505,0.67531645,0.4447977,0.66632044,0.8168514,0.585245,0.81007165,0.0,0.0,0.0,0.0,0.0,0.0,0.0,0.0
7_2.png,cw,0.50717986,0.25965133,0.51495534,0.250698,0.50079864,0.24767528,0.5247849,0.26596403,0.48988253,0.25741807,0.5325431,0.34136122,0.47657266,0.31971407,0.5413474,0.39188597,0.4826265,0.34042883,0.54050124,0.34241566,0.5255307,0.3097652,0.52057564,0.5238785,0.47947088,0.5168062,0.5225794,0.66309285,0.47457942,0.65500003,0.5191294,0.7786192,0.47141686,0.7761987
7_carol.png,cw,0.5908251,0.30458423,0.6054965,0.2815581,0.5753227,0.28146493,0.62575793,0.3073871,0.5547433,0.3080155,0.6558326,0.4336017,0.5347403,0.45932677,0.6876814,0.49706078,0.5117396,0.60744965,0.5496999,0.41703132,0.5255241,0.43926367,0.63152665,0.8999937,0.53837603,0.8949983,0.0,0.0,0.0,0.0,0.0,0.0,0.0,0.0
80_carol.png,cw,0.41708246,0.33180732,0.43206692,0.30879587,0.404178,0.30759808,0.45116687,0.33099335,0.3863382,0.33129263,0.47453013,0.4686455,0.3597682,0.4999713,0.45933408,0.53472525,0.33492583,0.6463178,0.35407057,0.4755157,0.3384134,0.4958498,0.45300454,0.9143709,0.3620666,0.9093345,0.0,0.0,0.0,0.0,0.0,0.0,0.0,0.0
80_final.png,cw,0.6254898,0.3609283,0.636902,0.34056905,0.6138951,0.33999184,0.6537543,0.35547546,0.59849846,0.35452923,0.67851365,0.48538572,0.5746257,0.4656857,0.70987654,0.6084471,0.5795461,0.5369651,0.6850798,0.48051155,0.66704655,0.44615957,0.66257,0.804714,0.585704,0.8010893,0.0,0.0,0.0,0.0,0.0,0.0,0.0,0.0
81_carol.png,cw,0.51712286,0.29555553,0.53206706,0.2724444,0.50400686,0.27083582,0.55145377,0.2957565,0.48595995,0.29376832,0.5728867,0.43089086,0.46049014,0.46250182,0.5749506,0.48267838,0.44424835,0.6071404,0.46453905,0.43271494,0.45235643,0.45929646,0.54909474,0.8558518,0.46210632,0.85142434,0.0,0.0,0.0,0.0,0.0,0.0,0.0,0.0
81_final.png,cw,0.6116567,0.37113613,0.6224758,0.35112137,0.5999435,0.35121202,0.63737476,0.36521932,0.5850876,0.3643951,0.6622151,0.48449025,0.56191397,0.46728373,0.68631816,0.6096572,0.56379515,0.55029297,0.66701555,0.4769289,0.64756423,0.4520551,0.6501013,0.79564404,0.5774137,0.7927275,0.0,0.0,0.0,0.0,0.0,0.0,0.0,0.0
82_2.png,cw,0.42049813,0.1643068,0.42707855,0.15228221,0.4128477,0.15166941,0.43584833,0.15837951,0.4003512,0.15530515,0.44506258,0.23595399,0.3874123,0.21303508,0.4564282,0.3143819,0.38993075,0.25419784,0.45519295,0.2586895,0.43669114,0.23885123,0.43550858,0.42563638,0.39436316,0.41848582,0.43154854,0.55856735,0.39141804,0.5539006,0.43243638,0.653567,0.38551283,0.65841496
82_carol.png,cw,0.55100095,0.29965448,0.56548345,0.28075418,0.5380537,0.2765537,0.58089936,0.3059866,0.5172143,0.2979843,0.60191554,0.42805168,0.4889784,0.44776884,0.621698,0.5026163,0.47079912,0.5815761,0.504416,0.4131268,0.4797607,0.4290391,0.57759243,0.80247635,0.49623457,0.7995993,0.0,0.0,0.0,0.0,0.0,0.0,0.0,0.0
82_final.png,cw,0.6040364,0.37581533,0.6136635,0.35586488,0.5914923,0.35844845,0.62841773,0.36563572,0.57647336,0.36973962,0.6552836,0.48181552,0.55662286,0.46720546,0.6779262,0.6055487,0.5608352,0.55241954,0.6639988,0.49620456,0.6419716,0.46424425,0.64698887,0.78505045,0.5759722,0.7830468,0.65764755,0.9518106,0.5676403,0.962016,0.0,0.0,0.0,0.0
83_2.png,cw,0.40167755,0.1675147,0.40856662,0.15529834,0.39435858,0.1544985,0.4185142,0.16021797,0.38279223,0.15712325,0.4294676,0.23817861,0.36993834,0.21633866,0.4395407,0.3178265,0.37023205,0.2589583,0.43533152,0.26678875,0.41656548,0.24130177,0.41939205,0.4295758,0.37687337,0.42246157,0.41829214,0.5624784,0.3759773,0.55502903,0.41910878,0.6603407,0.37180868,0.66128165
83_carol.png,cw,0.5579914,0.29733434,0.57185847,0.27928987,0.54565144,0.27505928,0.5872897,0.3063739,0.52701783,0.29682422,0.6092559,0.42927223,0.4975912,0.43790835,0.64098173,0.53877765,0.4777046,0.57355535,0.6037035,0.4724681,0.4930924,0.413827,0.58554125,0.79757327,0.5070753,0.79592574,0.0,0.0,0.0,0.0,0.0,0.0,0.0,0.0
83_final.png,cw,0.60903823,0.37369892,0.6184516,0.35250604,0.59643185,0.35584378,0.6325512,0.3650687,0.5814316,0.37114936,0.6582273,0.48395067,0.56125546,0.4651623,0.6809176,0.60867536,0.565081,0.537598,0.66686594,0.4827396,0.65122133,0.4559476,0.6487907,0.79964185,0.5766818,0.7968031,0.0,0.0,0.0,0.0,0.0,0.0,0.0,0.0
84_2.png,cw,0.3980776,0.15448856,0.40529594,0.14263609,0.3909193,0.1418856,0.41633567,0.1488531,0.3800129,0.14599289,0.42806858,0.22647902,0.3671558,0.20346381,0.43795532,0.30703914,0.36566576,0.24517952,0.4272883,0.25750592,0.41075268,0.23174375,0.4138081,0.41702017,0.370641,0.4084382,0.4119799,0.55019283,0.36908984,0.5398178,0.4130175,0.6503386,0.3663315,0.6469458
84_carol.png,cw,0.49462906,0.3000434,0.50897443,0.27970895,0.48030788,0.27793342,0.52703255,0.30282295,0.46129245,0.30062708,0.55194026,0.43028563,0.43376964,0.46038046,0.55532634,0.49682856,0.42272267,0.6118106,0.44392356,0.44257605,0.42801,0.46243295,0.5276298,0.8581337,0.4394092,0.8595505,0.0,0.0,0.0,0.0,0.0,0.0,0.0,0.0
84_final.png,cw,0.6194908,0.37521446,0.62924665,0.35430086,0.6068529,0.35656205,0.6422428,0.3669298,0.5901242,0.3700531,0.6654526,0.48719305,0.56961876,0.46160015,0.6903175,0.60950357,0.58164066,0.5204062,0.679539,0.4836269,0.6611563,0.45458192,0.65335923,0.80564654,0.5811823,0.7997785,0.0,0.0,0.0,0.0,0.0,0.0,0.0,0.0
85_2.png,cw,0.42511925,0.13476011,0.43296224,0.124507986,0.4189806,0.12181189,0.4445068,0.13378741,0.4091019,0.12593289,0.4539652,0.20985268,0.39506936,0.18293215,0.4607452,0.2829208,0.38925603,0.22118698,0.45380217,0.23707059,0.4354537,0.21599808,0.4386019,0.3938669,0.39689046,0.38325894,0.4355494,0.5247683,0.39269954,0.5106543,0.43417224,0.6231967,0.389626,0.61492944
85_carol.png,cw,0.55602765,0.29791683,0.5700781,0.27916193,0.543095,0.27543166,0.5860057,0.30429205,0.5238396,0.29705712,0.60846317,0.42809623,0.49449816,0.4401708,0.6284501,0.5271339,0.47518986,0.577828,0.5401667,0.42886013,0.48924702,0.4173514,0.5834635,0.78818667,0.5028789,0.7841827,0.0,0.0,0.0,0.0,0.0,0.0,0.0,0.0
85_final.png,cw,0.6204427,0.3720567,0.6306279,0.35114512,0.6079267,0.35256785,0.64382666,0.36510667,0.5913745,0.36616352,0.66598153,0.48819745,0.56884855,0.46092522,0.68922,0.6140933,0.578894,0.5233935,0.67944384,0.48837262,0.664061,0.45395583,0.65317076,0.8168337,0.5792294,0.81088763,0.0,0.0,0.0,0.0,0.0,0.0,0.0,0.0
86_2.png,cw,0.49155983,0.117001854,0.49855965,0.10602078,0.48532814,0.10477907,0.5098671,0.11404703,0.47617322,0.10942396,0.51899636,0.19470762,0.46240902,0.1643437,0.517764,0.2727662,0.45733532,0.19939116,0.51780415,0.21212141,0.50104547,0.1891729,0.5009602,0.3731128,0.4604385,0.3608281,0.49691296,0.5025038,0.4564089,0.48593652,0.49639034,0.5991935,0.45258245,0.58857715
86_carol.png,cw,0.5618864,0.29525328,0.5762392,0.2741953,0.5493139,0.2707403,0.59273094,0.30118617,0.52918434,0.2941176,0.6146797,0.43463084,0.50088185,0.45216522,0.63600767,0.5072975,0.4860804,0.58178616,0.509153,0.40641922,0.49428597,0.42362747,0.588198,0.82339734,0.50423,0.81815946,0.0,0.0,0.0,0.0,0.0,0.0,0.0,0.0
86_final.png,cw,0.5941816,0.36218372,0.60545915,0.3410447,0.58142114,0.34184384,0.62137187,0.3575921,0.5656239,0.35756364,0.6417615,0.48539275,0.5412091,0.45625627,0.6612914,0.6163041,0.5433096,0.52941096,0.6507663,0.4858279,0.63313675,0.45419592,0.6154784,0.8159509,0.53774554,0.804172,0.0,0.0,0.0,0.0,0.0,0.0,0.0,0.0
87_2.png,cw,0.53304046,0.11799575,0.5400213,0.10634043,0.52674025,0.10619051,0.5529456,0.11312061,0.51879454,0.111241385,0.56261647,0.19299373,0.50632787,0.16169725,0.5588828,0.2729769,0.49797717,0.19211188,0.5599542,0.2168046,0.54442096,0.18726832,0.54033715,0.37179512,0.50040066,0.3582596,0.53633535,0.5019046,0.49523807,0.48421365,0.5317891,0.59860647,0.49181542,0.5875277
87_carol.png,cw,0.57040906,0.29306147,0.5858277,0.2731939,0.557682,0.26809284,0.602969,0.30087906,0.5370096,0.2912697,0.6207533,0.4300294,0.5069537,0.45000535,0.6347679,0.49747023,0.48553425,0.5820201,0.5128306,0.41346398,0.4979334,0.4332388,0.59457755,0.81624377,0.5100404,0.8105179,0.0,0.0,0.0,0.0,0.0,0.0,0.0,0.0
87_final.png,cw,0.5716366,0.3632434,0.5831551,0.3432812,0.560052,0.34301126,0.59997934,0.35986802,0.5443771,0.3586436,0.6222482,0.4928367,0.51811016,0.46204525,0.64382213,0.6170859,0.52407146,0.5295197,0.62921315,0.4792102,0.6154072,0.45282522,0.5960251,0.83283675,0.51379883,0.8202759,0.0,0.0,0.0,0.0,0.0,0.0,0.0,0.0
88_2.png,cw,0.5394604,0.15804607,0.5469675,0.14730026,0.5336329,0.1453903,0.55959266,0.15552737,0.52517503,0.14921449,0.5679982,0.23689339,0.5111416,0.20272748,0.56223553,0.31460422,0.50301796,0.23542252,0.5626639,0.2562786,0.5445262,0.23319952,0.5466538,0.41348118,0.50597864,0.398776,0.5415369,0.54377764,0.5010096,0.5228968,0.54093534,0.63836515,0.49689713,0.62246037
88_carol.png,cw,0.5585643,0.2814635,0.5736511,0.2595295,0.543754,0.25713134,0.59194136,0.2920069,0.5219067,0.28777555,0.6192692,0.43559065,0.4923428,0.46047953,0.6340295,0.5011923,0.47175938,0.60111934,0.4977514,0.4203876,0.48563212,0.43504012,0.5952938,0.86087674,0.5018002,0.8590283,0.0,0.0,0.0,0.0,0.0,0.0,0.0,0.0
88_final.png,cw,0.45792037,0.340169,0.46942168,0.3187547,0.4455293,0.31912872,0.4847363,0.33730435,0.42982858,0.33570743,0.50381196,0.4693738,0.39943868,0.4391259,0.51600873,0.6131529,0.3942883,0.53506184,0.50843185,0.457881,0.48530683,0.4351722,0.47703117,0.81680673,0.39650637,0.80817235,0.0,0.0,0.0,0.0,0.0,0.0,0.0,0.0
89_2.png,cw,0.5279529,0.19732025,0.5344885,0.18729153,0.5221059,0.1863343,0.54631364,0.19654272,0.5147122,0.19191886,0.5569817,0.27759868,0.502006,0.24334532,0.55319566,0.35194787,0.4870503,0.27466962,0.54794616,0.29901627,0.5323487,0.27905264,0.53744,0.453796,0.4990148,0.43892336,0.530002,0.58076835,0.49077868,0.5587179,0.53120655,0.6760012,0.48915035,0.6553971
89_carol.png,cw,0.5183126,0.18882717,0.53666717,0.16165647,0.5002645,0.16013011,0.5590343,0.19161355,0.47402042,0.19106117,0.5836025,0.34864134,0.44982958,0.39272547,0.61621433,0.4284608,0.42812425,0.56823254,0.45837474,0.34627947,0.44428286,0.37397793,0.5658856,0.7998456,0.4710671,0.80235374,0.0,0.0,0.0,0.0,0.0,0.0,0.0,0.0
89_final.png,cw,0.43588653,0.33423483,0.4477283,0.3132728,0.423423,0.31232566,0.46281582,0.33151567,0.40648907,0.32820734,0.48343998,0.46341145,0.3785334,0.43589485,0.502652,0.5951301,0.38025028,0.5170854,0.4928731,0.45459428,0.47455698,0.4248661,0.4591689,0.8004542,0.38049918,0.7913495,0.0,0.0,0.0,0.0,0.0,0.0,0.0,0.0
8_carol_carol.png,cw,0.59925306,0.314993,0.612172,0.29210675,0.5848276,0.29237315,0.6283302,0.30978626,0.56382614,0.3105971,0.6558423,0.42611432,0.5390419,0.44559115,0.6781076,0.50888497,0.5174289,0.5894269,0.5632671,0.39922065,0.54130656,0.42025155,0.6331369,0.826679,0.54664177,0.82298386,0.0,0.0,0.0,0.0,0.0,0.0,0.0,0.0
8_final.png,cw,0.4235788,0.2942243,0.43514186,0.26800427,0.40985614,0.2718812,0.4566463,0.28358698,0.39892787,0.2891667,0.48961622,0.45174098,0.361848,0.4118254,0.48451024,0.55888623,0.3278513,0.4593597,0.45840377,0.381883,0.4459261,0.34597838,0.46098495,0.86232764,0.36619356,0.85356957,0.0,0.0,0.0,0.0,0.0,0.0,0.0,0.0
90_2.png,cw,0.52765995,0.22893594,0.5340904,0.21902974,0.5221673,0.21787483,0.54655546,0.22637954,0.51571846,0.22156167,0.55800295,0.3046747,0.50376666,0.2718606,0.551402,0.37944943,0.48318404,0.3073849,0.5438302,0.3212268,0.5262892,0.30393875,0.5359829,0.48016214,0.49842262,0.46561933,0.5294763,0.6069509,0.49193153,0.5851045,0.5302452,0.70305616,0.48924762,0.6840905
90_carol.png,cw,0.5505527,0.25445327,0.5657036,0.22716102,0.534454,0.22569405,0.58486784,0.25039706,0.50966096,0.24884796,0.6146692,0.41282174,0.48208204,0.44547823,0.6420952,0.4784065,0.46005592,0.5954413,0.49691874,0.40278274,0.4832286,0.42627144,0.59408736,0.83430004,0.5007641,0.8348758,0.0,0.0,0.0,0.0,0.0,0.0,0.0,0.0
90_final.png,cw,0.42693153,0.33345193,0.43807307,0.3116143,0.41348845,0.31310907,0.4533698,0.3286678,0.39681104,0.33018366,0.47517037,0.46745378,0.37279624,0.43764225,0.49465865,0.6008409,0.3782244,0.5047553,0.4822178,0.46240696,0.464782,0.42356187,0.45022303,0.81218684,0.3734944,0.8024712,0.0,0.0,0.0,0.0,0.0,0.0,0.0,0.0
91.png,cw,0.52187407,0.24790314,0.5304314,0.23899704,0.5166867,0.2378534,0.54337245,0.2511063,0.5095977,0.24869828,0.5492511,0.30077812,0.50299656,0.31960794,0.5243656,0.30930635,0.4951338,0.3741238,0.49658313,0.27371725,0.49355063,0.31094322,0.54545355,0.48536813,0.5099304,0.48891136,0.5440043,0.6209588,0.49989986,0.61635816,0.5448468,0.7268755,0.49869746,0.70847034
91_2.png,cw,0.52779186,0.22982405,0.5345723,0.22035725,0.5229434,0.21830183,0.5472492,0.22771698,0.5171429,0.22061253,0.55668074,0.30468622,0.5046734,0.26943284,0.5482332,0.37872085,0.48152566,0.30589825,0.54177326,0.32154065,0.5231911,0.30460685,0.53233355,0.4777605,0.4962658,0.46131805,0.52608514,0.60400313,0.48907393,0.57710737,0.52478975,0.7005023,0.4839118,0.67389876
91_carol.png,cw,0.57851124,0.3160234,0.59278387,0.29403558,0.56223834,0.29289377,0.6095478,0.31700668,0.5382188,0.31588542,0.63757473,0.44594443,0.5116159,0.47323507,0.64712113,0.5189233,0.5052874,0.6187232,0.53597677,0.45588225,0.5164677,0.4701009,0.6227538,0.8814275,0.5298275,0.8844084,0.0,0.0,0.0,0.0,0.0,0.0,0.0,0.0
91_final.png,cw,0.44637442,0.33207986,0.45811757,0.30988646,0.43235832,0.31066546,0.47401237,0.32614154,0.41431433,0.32690158,0.49412322,0.4710385,0.39108157,0.43760118,0.5159531,0.6025385,0.40522838,0.49762666,0.50603753,0.45996678,0.49436647,0.42815933,0.47412053,0.81568706,0.3923188,0.8057624,0.0,0.0,0.0,0.0,0.0,0.0,0.0,0.0
92.png,cw,0.5215019,0.24813639,0.53000575,0.23911917,0.5159498,0.23741105,0.54134446,0.25240108,0.5073988,0.24961862,0.54369974,0.30379564,0.50185704,0.32084057,0.52627337,0.31480983,0.49541426,0.37231055,0.5003694,0.27815163,0.49264517,0.31668356,0.5367366,0.48415938,0.5042565,0.48852116,0.5398138,0.61497605,0.49825993,0.60974747,0.5404793,0.71794045,0.49120608,0.70371634
92_carol.png,cw,0.5263109,0.20473781,0.5439833,0.17749028,0.50916946,0.17610615,0.5662497,0.20627698,0.48396292,0.20491137,0.59512836,0.37216035,0.45546708,0.40951425,0.62158024,0.44501165,0.43511838,0.57118964,0.4686799,0.36024046,0.4536191,0.38542175,0.574928,0.8111008,0.47702193,0.8125746,0.0,0.0,0.0,0.0,0.0,0.0,0.0,0.0
92_final.png,cw,0.5379792,0.33522522,0.5494401,0.31245542,0.5234288,0.3133919,0.56212604,0.3270181,0.50121176,0.3289843,0.5893084,0.4714151,0.479106,0.45367414,0.6285183,0.5911889,0.50010985,0.50974566,0.6097943,0.45422813,0.59401673,0.41701365,0.5833403,0.848063,0.4986391,0.84520805,0.0,0.0,0.0,0.0,0.0,0.0,0.0,0.0
93.png,cw,0.54517037,0.24568301,0.5535113,0.23654848,0.5391718,0.23537967,0.56446755,0.24871695,0.53009385,0.24735887,0.5683537,0.29563195,0.52488726,0.31542316,0.557109,0.3159981,0.5214101,0.3736793,0.52570856,0.28202632,0.51592386,0.31647885,0.5637337,0.47917497,0.53059655,0.48493448,0.56320196,0.61158276,0.5218221,0.6110784,0.5621429,0.7148849,0.5164365,0.70652807
93_carol.png,cw,0.5642869,0.28872797,0.57984537,0.26312894,0.5485611,0.26099142,0.59886587,0.28865513,0.52414614,0.2852205,0.62740487,0.43951654,0.49749875,0.46580666,0.65090483,0.5026015,0.48127356,0.60945606,0.5123696,0.42307222,0.49973717,0.44841072,0.6072789,0.8594172,0.51267195,0.8559524,0.0,0.0,0.0,0.0,0.0,0.0,0.0,0.0
93_final.png,cw,0.5534997,0.3313468,0.564079,0.30698127,0.5393996,0.3101876,0.57801205,0.32198113,0.5206662,0.3274509,0.6067016,0.45864296,0.49552965,0.43716413,0.6397251,0.5899966,0.5095064,0.5042886,0.6219765,0.43949628,0.6102561,0.41137457,0.59528893,0.8391961,0.51049006,0.8375037,0.0,0.0,0.0,0.0,0.0,0.0,0.0,0.0
94.png,cw,0.58619463,0.2473235,0.59391326,0.23708072,0.5802307,0.23699269,0.6045394,0.24697259,0.57094204,0.24748993,0.6109835,0.2984838,0.5620821,0.32132226,0.5961074,0.31442353,0.5575414,0.38498163,0.5694733,0.27479193,0.56270546,0.31188905,0.603351,0.47999772,0.5667671,0.48571616,0.60114557,0.6069357,0.55990595,0.60608256,0.6013438,0.70839304,0.55329674,0.69340175
94_carol.png,cw,0.5799297,0.32400516,0.5930563,0.3014496,0.5672381,0.30005595,0.6099744,0.32288334,0.54916036,0.321952,0.63612974,0.45080513,0.52618146,0.48152745,0.65080035,0.50205296,0.5111203,0.6107848,0.53638345,0.457219,0.5302068,0.48482653,0.6211944,0.80893004,0.53991556,0.8094022,0.0,0.0,0.0,0.0,0.0,0.0,0.0,0.0
94_final.png,cw,0.565354,0.3311927,0.57596296,0.30915153,0.55135125,0.3096474,0.59025973,0.3229727,0.5313419,0.32573974,0.6187281,0.46374765,0.5075815,0.4469418,0.65163493,0.5864728,0.5297618,0.5062184,0.637854,0.45285264,0.6236578,0.42270902,0.6118366,0.8203798,0.5286448,0.8214945,0.0,0.0,0.0,0.0,0.0,0.0,0.0,0.0
95.png,cw,0.56235564,0.25245428,0.5696883,0.24296023,0.55679286,0.24187991,0.57873064,0.25282836,0.5469917,0.25146905,0.58480096,0.30251163,0.535423,0.32043913,0.5777583,0.32873887,0.5172189,0.39347866,0.54972935,0.28095227,0.51350677,0.34601822,0.5758544,0.47854024,0.5406337,0.48273918,0.573865,0.60449237,0.53570026,0.60127044,0.57291394,0.7011462,0.5271446,0.68897
95_carol.png,cw,0.5708305,0.33662066,0.5832242,0.3166321,0.55766046,0.3159869,0.5988934,0.3345921,0.53864086,0.33412445,0.6246394,0.45604926,0.5137543,0.47498563,0.638007,0.53509986,0.5005103,0.5982803,0.543194,0.46373466,0.51308537,0.47707477,0.60818124,0.8017144,0.52882516,0.8039577,0.0,0.0,0.0,0.0,0.0,0.0,0.0,0.0
95_final.png,cw,0.54847294,0.31450844,0.5604354,0.28924692,0.5337426,0.29451597,0.5813185,0.30773532,0.5182005,0.31808814,0.6153058,0.45791543,0.49314398,0.4439948,0.64982754,0.59616816,0.50085855,0.54011846,0.61765015,0.4359708,0.6022131,0.40443176,0.59479564,0.8668296,0.502385,0.8664436,0.0,0.0,0.0,0.0,0.0,0.0,0.0,0.0
96.png,cw,0.4987952,0.26907247,0.50599194,0.26000416,0.49281248,0.25906482,0.5142666,0.27181315,0.48231524,0.27028418,0.5206601,0.31932622,0.47448882,0.33860424,0.5251391,0.33107656,0.47248238,0.38484433,0.49100104,0.31541887,0.47509304,0.33156413,0.5164568,0.49155444,0.4830707,0.4972974,0.51490796,0.6086976,0.47775716,0.6136417,0.5120646,0.7108018,0.46737465,0.7065871
96_carol.png,cw,0.553218,0.34164646,0.56549424,0.3204538,0.54201674,0.31836936,0.5804244,0.33719966,0.5250188,0.33469936,0.6024772,0.46065685,0.4991289,0.48453632,0.6125093,0.53192997,0.4859353,0.6077047,0.5158161,0.47144797,0.5035578,0.48855993,0.59015095,0.80024534,0.51472926,0.8009587,0.0,0.0,0.0,0.0,0.0,0.0,0.0,0.0
96_final.png,cw,0.5240645,0.28471637,0.53787124,0.2595721,0.507467,0.2638928,0.56051314,0.28318527,0.4904384,0.29119354,0.5916565,0.43823814,0.4663516,0.41011184,0.6225236,0.57779497,0.47343507,0.47236872,0.5940509,0.41143468,0.5797829,0.3747693,0.56414634,0.875829,0.46863937,0.8681651,0.0,0.0,0.0,0.0,0.0,0.0,0.0,0.0
97.png,cw,0.4948338,0.26750994,0.50085235,0.25984105,0.4885006,0.25913543,0.50569785,0.27439615,0.47667974,0.27355516,0.5117431,0.3183468,0.4703126,0.34147272,0.5233763,0.3299476,0.47630158,0.39394543,0.48701066,0.31697327,0.46820393,0.3494308,0.51151735,0.48910645,0.48149282,0.49703708,0.5128071,0.6024756,0.4768793,0.6140142,0.5094503,0.70116127,0.46855783,0.7061239
97_carol.png,cw,0.54489243,0.3465074,0.5564333,0.32608688,0.5332453,0.32420048,0.57020855,0.34506956,0.51432,0.34225085,0.593187,0.46315578,0.4912703,0.4910442,0.6096171,0.52449936,0.4841176,0.6131772,0.5094305,0.472254,0.49297863,0.49517784,0.58553445,0.8000408,0.5101987,0.8036087,0.0,0.0,0.0,0.0,0.0,0.0,0.0,0.0
97_final.png,cw,0.49508476,0.23769605,0.51101077,0.21055904,0.4788139,0.212829,0.5361783,0.2336605,0.45922923,0.23782128,0.56638813,0.41228214,0.42965612,0.38405716,0.5960366,0.56753427,0.42754322,0.451133,0.5670449,0.37910783,0.5545367,0.34061363,0.5460517,0.87469906,0.44258672,0.8692069,0.0,0.0,0.0,0.0,0.0,0.0,0.0,0.0
98_carol.png,cw,0.5433591,0.4143645,0.55664176,0.39325255,0.5312168,0.39066383,0.57286876,0.4157397,0.51280415,0.40969068,0.5999869,0.546081,0.48326334,0.56429636,0.6151676,0.62612337,0.4649786,0.70729625,0.5103272,0.5724565,0.48840374,0.5804584,0.5871946,0.92529523,0.5015552,0.92704135,0.0,0.0,0.0,0.0,0.0,0.0,0.0,0.0
98_final.png,cw,0.4940905,0.23767096,0.50998646,0.21037532,0.47787318,0.21192531,0.53327,0.23289396,0.4572739,0.23547359,0.5636547,0.4093099,0.42773718,0.3815371,0.5965299,0.5620656,0.43649584,0.44133446,0.5650581,0.37318152,0.5542918,0.33794314,0.5442301,0.8773992,0.44176254,0.8731137,0.0,0.0,0.0,0.0,0.0,0.0,0.0,0.0
99_carol.png,cw,0.55189,0.5225015,0.5661036,0.5014384,0.53926325,0.49828285,0.5821202,0.52359366,0.51741076,0.5174387,0.60804474,0.6471463,0.4910435,0.67876714,0.6165925,0.753627,0.47456512,0.84756976,0.51934946,0.7094729,0.49917674,0.7359426,0.59811425,0.9895365,0.5165067,0.9981623,0.0,0.0,0.0,0.0,0.0,0.0,0.0,0.0
99_final.png,cw,0.51060045,0.2572751,0.5271683,0.22955759,0.494443,0.22927791,0.5516347,0.25244093,0.4743208,0.25144416,0.5763143,0.42037138,0.44630638,0.39463043,0.61120826,0.57924306,0.46181726,0.4766934,0.5877607,0.39973107,0.57260275,0.3546669,0.55345744,0.88569707,0.454033,0.88492143,0.0,0.0,0.0,0.0,0.0,0.0,0.0,0.0
9_2_2.png,cw,0.5082164,0.25935766,0.5153346,0.25008607,0.50180477,0.2472083,0.52445453,0.2642058,0.49032393,0.25493607,0.5327376,0.3424217,0.47527704,0.31401804,0.542833,0.4064409,0.4850529,0.34031233,0.5396986,0.3497033,0.5334884,0.31840026,0.52281255,0.5246507,0.48098937,0.51513326,0.52179897,0.6625317,0.47554666,0.6548354,0.52037406,0.7788813,0.4720334,0.7768271
9_carol.png,cw,0.58736956,0.33148435,0.6005309,0.31078374,0.5751851,0.30790803,0.6171114,0.32762817,0.55626625,0.32169056,0.6405313,0.43641552,0.527716,0.45482662,0.65222013,0.51081496,0.5036682,0.5919523,0.5425106,0.4047668,0.52869296,0.42744377,0.6235598,0.8008023,0.5397298,0.7993945,0.0,0.0,0.0,0.0,0.0,0.0,0.0,0.0
9_final_final.png,cw,0.41407615,0.29526713,0.42584738,0.2685515,0.40057367,0.2725721,0.44810638,0.28090212,0.3881744,0.28783274,0.47885966,0.44954428,0.35720018,0.40862215,0.48109803,0.55865777,0.32371694,0.45098147,0.45230857,0.38348135,0.42572078,0.35528904,0.44985676,0.84422356,0.3587489,0.8342526,0.0,0.0,0.0,0.0,0.0,0.0,0.0,0.0
