filename,pose_category,nose_x,nose_y,left_eye_x,left_eye_y,right_eye_x,right_eye_y,left_ear_x,left_ear_y,right_ear_x,right_ear_y,left_shoulder_x,left_shoulder_y,right_shoulder_x,right_shoulder_y,left_elbow_x,left_elbow_y,right_elbow_x,right_elbow_y,left_wrist_x,left_wrist_y,right_wrist_x,right_wrist_y,left_hip_x,left_hip_y,right_hip_x,right_hip_y,left_knee_x,left_knee_y,right_knee_x,right_knee_y,left_ankle_x,left_ankle_y,right_ankle_x,right_ankle_y
1725301674593.png,land,0.564794,0.24889693,0.57538885,0.23438232,0.55518353,0.23342347,0.58994347,0.23694685,0.5396126,0.23443827,0.6069846,0.32012188,0.52159846,0.32073498,0.60132915,0.42333725,0.5168935,0.42481345,0.55684143,0.5029622,0.5486282,0.5033269,0.5892982,0.5013176,0.5339579,0.5008851,0.58022183,0.6375088,0.52895844,0.6366226,0.559753,0.7677372,0.54242575,0.77048576
1725301679341.png,land,0.570362,0.27246076,0.5816218,0.25896704,0.56078845,0.2577991,0.5980901,0.26505503,0.54622084,0.26213077,0.6153503,0.34602943,0.5281194,0.34485134,0.60727054,0.4540775,0.5228881,0.44945294,0.55960625,0.54060197,0.5569657,0.5283864,0.5962353,0.5328171,0.5386927,0.53139216,0.5873778,0.6678976,0.53367525,0.666827,0.5689573,0.79913765,0.5488621,0.8000898
1725301689975.png,land,0.55406916,0.2871168,0.5648862,0.27371922,0.54513514,0.27192953,0.5803096,0.27473542,0.53086597,0.27040085,0.59565735,0.3542401,0.511566,0.35209304,0.59053147,0.46000445,0.50589776,0.4539698,0.54750186,0.5424499,0.5382226,0.53324795,0.5783112,0.53678775,0.5238956,0.53462607,0.56943953,0.6679438,0.5159078,0.66575915,0.5500651,0.7924186,0.53268296,0.7924548
1725301695822.png,land,0.5520813,0.28406027,0.5627078,0.27085334,0.5426574,0.26944223,0.5773137,0.2757777,0.5275132,0.27228832,0.59322345,0.35886568,0.5077869,0.35628116,0.5883646,0.4677781,0.5024586,0.4606048,0.5455262,0.55751306,0.53264743,0.5439262,0.57548887,0.5487941,0.5196065,0.5463608,0.5706662,0.68341714,0.513697,0.6800095,0.55034506,0.8132182,0.5302256,0.81140536
1725302204942.png,land,0.50442874,0.23914926,0.5130206,0.22795714,0.49603602,0.22809212,0.5257097,0.23785791,0.48319262,0.23842567,0.5400383,0.31501487,0.46584094,0.31369933,0.54187423,0.40634936,0.46040344,0.40488732,0.507318,0.45988014,0.48839748,0.46864933,0.5187195,0.48120147,0.46754023,0.47941545,0.5187079,0.6077492,0.46864578,0.6019692,0.5210503,0.7281006,0.463986,0.72208357
1725302209387.png,land,0.53652906,0.27827987,0.5445376,0.26544055,0.5268921,0.26595688,0.5543468,0.2738288,0.5105556,0.27436194,0.5683361,0.35771808,0.49300572,0.3566329,0.5779896,0.45569602,0.48798087,0.45633033,0.5407651,0.51102567,0.5183395,0.5217602,0.5503684,0.53617996,0.5000712,0.534451,0.55301315,0.6639685,0.49236426,0.6612389,0.54654235,0.7861501,0.4907032,0.7820333
1725302214162.png,land,0.5058848,0.27467886,0.51490366,0.26190266,0.4953158,0.26234883,0.52681255,0.27322045,0.47873843,0.27446198,0.54147804,0.35856816,0.4601231,0.36016467,0.55275106,0.4624886,0.45676193,0.4659514,0.5103133,0.52300596,0.49161276,0.5336421,0.5263234,0.54517984,0.47140095,0.5451577,0.5271773,0.68360263,0.46487802,0.6869864,0.52564657,0.81304556,0.46562114,0.81344515
IMG_20241016_103036.jpg,land,0.50391793,0.2713786,0.5115258,0.2604268,0.49551588,0.2629763,0.52708715,0.26053172,0.486135,0.26737472,0.5424413,0.31382218,0.4817893,0.31770408,0.54252845,0.391229,0.49080005,0.38837236,0.52256423,0.44632015,0.519977,0.45033842,0.5266188,0.46377754,0.48361492,0.46441454,0.52361774,0.5860444,0.48245296,0.5849779,0.52800727,0.6955025,0.48044935,0.69752246
IMG_20241016_103038.jpg,land,0.5255889,0.27902576,0.5331832,0.26799756,0.51755226,0.27080455,0.5496784,0.2696778,0.5093812,0.27724472,0.56603414,0.32468536,0.50472176,0.32845765,0.5627425,0.4033256,0.5108432,0.39742404,0.54017216,0.4595718,0.5374731,0.45994377,0.55031663,0.4693804,0.5068868,0.4699327,0.54843545,0.593555,0.50710595,0.592153,0.552634,0.70645744,0.5051513,0.70825267
IMG_20241016_103042_1.jpg,land,0.4656076,0.1971249,0.47310975,0.18422171,0.45634654,0.1880287,0.49019003,0.18347257,0.44734845,0.1936098,0.5104287,0.242341,0.4443261,0.24873292,0.5069936,0.32304007,0.4508726,0.32173264,0.48290038,0.3770673,0.47596064,0.38475138,0.4983154,0.39459258,0.4519193,0.39581028,0.4952589,0.5261435,0.45198742,0.5241192,0.49755198,0.64593595,0.4516114,0.6461908
IMG_20241016_103236.jpg,land,0.5139898,0.32794347,0.52058035,0.31847236,0.50606865,0.32037628,0.53224134,0.3226471,0.49597073,0.32673785,0.54545885,0.37941477,0.48781243,0.38023043,0.5414265,0.4637814,0.4950712,0.45586458,0.5203951,0.51764536,0.5327343,0.50629884,0.54033864,0.5241308,0.49950925,0.52605927,0.54221016,0.637484,0.5039376,0.6420076,0.5519112,0.73593223,0.5111328,0.74317104
IMG_20241016_103237.jpg,land,0.52916723,0.33726487,0.5357436,0.32752368,0.5211037,0.32941106,0.5465188,0.33057824,0.50945973,0.3353616,0.5596361,0.38615113,0.49909613,0.3894638,0.5548297,0.4716631,0.50895435,0.46838364,0.53658855,0.5282937,0.54350954,0.5231747,0.5528059,0.53371024,0.50976497,0.53624004,0.55316716,0.65138614,0.51418436,0.65325665,0.5601869,0.7508309,0.5192691,0.75468695
IMG_20241016_103238.jpg,land,0.52631915,0.3798912,0.53270257,0.37018698,0.5183766,0.37195027,0.54324913,0.37398466,0.50677055,0.3785618,0.55860054,0.42958158,0.4949039,0.4350163,0.5556987,0.513251,0.5057444,0.5151565,0.5369576,0.57188404,0.54422814,0.5666411,0.5536631,0.5764051,0.50865686,0.5800087,0.55149245,0.6981054,0.51276135,0.7019371,0.5581765,0.80108327,0.5195423,0.8074404
IMG_20241016_103238_1.jpg,land,0.5383658,0.33318582,0.5449248,0.32257944,0.52914166,0.32490313,0.5557508,0.32756296,0.5168703,0.3326972,0.56789654,0.3883093,0.5095396,0.38867614,0.5629062,0.47817874,0.5171024,0.46938884,0.5451637,0.53070354,0.5561145,0.5219742,0.560989,0.5335902,0.51948446,0.53471226,0.5605181,0.65323126,0.51941246,0.65663874,0.56770235,0.7593807,0.52438474,0.7652536
IMG_20241016_103239.jpg,land,0.5498386,0.2878441,0.5555619,0.27786565,0.54148036,0.28079072,0.5664607,0.28232703,0.53050685,0.2898192,0.5836865,0.33980373,0.5197564,0.3454256,0.57881445,0.42349342,0.528203,0.4211569,0.560907,0.48506436,0.5687536,0.4758399,0.5750028,0.4887705,0.5297616,0.49212688,0.5743368,0.6091505,0.53281367,0.61252314,0.57978535,0.7118557,0.5411493,0.7178924
IMG_20241016_103240.jpg,land,0.56392485,0.28301373,0.5702409,0.27306342,0.55564916,0.27542102,0.5817315,0.2778215,0.5453269,0.28324142,0.59684163,0.33725113,0.5360946,0.33911029,0.5906685,0.42108485,0.5402982,0.41684186,0.5683223,0.47794002,0.5764422,0.4695347,0.5876624,0.48551938,0.5447396,0.48652646,0.58713704,0.60364795,0.54562086,0.6044725,0.59338313,0.7035072,0.55386645,0.7048199
IMG_20241016_103240_1.jpg,land,0.53234047,0.328017,0.5389022,0.31817424,0.5242592,0.32056874,0.55108154,0.3241888,0.514015,0.3305886,0.5666784,0.3808893,0.5046689,0.3863734,0.55958635,0.46188375,0.5098507,0.46235102,0.541387,0.52307504,0.54441524,0.52209425,0.56014687,0.5269172,0.51587385,0.5297922,0.5605492,0.6507512,0.51797897,0.6515187,0.56827587,0.7561155,0.5250481,0.75821394
IMG_20241016_103241.jpg,land,0.5505571,0.36772445,0.5579198,0.35800907,0.54323286,0.35942054,0.57137054,0.36162308,0.53352726,0.3655058,0.5874086,0.41834217,0.5227803,0.42212194,0.580155,0.5045701,0.5283232,0.5044325,0.5555627,0.56001425,0.5628611,0.557373,0.5811366,0.56874377,0.53536445,0.57095265,0.58183813,0.69240046,0.54139817,0.6911896,0.5917068,0.796674,0.5483379,0.7960911
IMG_20241016_103242.jpg,land,0.5445636,0.34338182,0.55229807,0.33351344,0.5369221,0.3350651,0.56659037,0.33862546,0.52767235,0.3420504,0.5815446,0.4004239,0.5170308,0.4015366,0.57521296,0.48442915,0.5176244,0.4817268,0.5436186,0.53898424,0.5533127,0.53775156,0.57046455,0.5559316,0.52548397,0.5565273,0.5700368,0.6741465,0.5291604,0.6741444,0.57602465,0.7778116,0.5338761,0.77845156
IMG_20241016_103243.jpg,land,0.55688864,0.34690723,0.5639362,0.3364271,0.5480502,0.3384126,0.5759452,0.34110937,0.53656656,0.34528163,0.58908904,0.40180632,0.52899,0.40316838,0.5853395,0.49045137,0.5329282,0.48607442,0.5645218,0.54833776,0.5726565,0.5382663,0.5829371,0.5528628,0.5404569,0.5543125,0.5814443,0.67360854,0.5395833,0.676958,0.59041244,0.7791603,0.54461026,0.7834495
IMG_20241016_103244.jpg,land,0.58642775,0.32934508,0.5938177,0.319478,0.5783092,0.32058656,0.60487145,0.3238154,0.565431,0.32653052,0.6154701,0.38413003,0.5511717,0.38288754,0.60546964,0.47505465,0.55622685,0.463822,0.5812092,0.5344131,0.5907016,0.5243804,0.59906864,0.5376433,0.55344427,0.5366118,0.5913165,0.6585391,0.5506855,0.6561747,0.5924046,0.76316667,0.548878,0.76209193
IMG_20241017_140706.jpg,land,0.52063894,0.30645344,0.528588,0.29115674,0.51115906,0.29304448,0.5397803,0.2999395,0.49723873,0.3058849,0.5540111,0.3849611,0.4879499,0.3936834,0.5547071,0.49936312,0.4974443,0.5113063,0.50835156,0.5466168,0.5278681,0.5690209,0.54291016,0.59107584,0.4965755,0.5933659,0.5394747,0.7521315,0.49830496,0.7507411,0.53784215,0.9055695,0.49952304,0.90522903
IMG_20241017_140707.jpg,land,0.5127349,0.35589454,0.5211698,0.3406979,0.50351477,0.3419026,0.5340181,0.34871554,0.48959967,0.35245967,0.5505113,0.43485194,0.47428,0.4405419,0.54095817,0.55734247,0.4821373,0.564701,0.49597454,0.6163221,0.5161861,0.6314955,0.53722745,0.6556918,0.4830538,0.6571627,0.5356834,0.830258,0.4826759,0.8292328,0.52717704,0.98348135,0.48767564,0.9834164
IMG_20241017_140708.jpg,land,0.5094918,0.29104373,0.5194432,0.27914566,0.50090104,0.2780598,0.5331121,0.29897213,0.48755687,0.29729393,0.54482305,0.3816416,0.47160769,0.39094716,0.5432952,0.48965204,0.48046315,0.5135043,0.4988666,0.5652875,0.5145527,0.5918709,0.5391614,0.6063293,0.48721346,0.6110295,0.5395402,0.78301966,0.485418,0.7915995,0.5345553,0.9603543,0.49697748,0.9637953
IMG_20241017_140709.jpg,land,0.493868,0.28375846,0.5034626,0.2705294,0.48506695,0.27023622,0.51696056,0.2893275,0.47152415,0.2893853,0.53072476,0.37310776,0.454837,0.38284785,0.52753747,0.4837533,0.46208993,0.50874716,0.4821993,0.56401336,0.4994254,0.58552307,0.5238379,0.5998599,0.4699589,0.6040617,0.5236698,0.7826318,0.46698338,0.78794366,0.51969105,0.96291614,0.4795539,0.96180576
IMG_20241017_140709_1.jpg,land,0.49332157,0.29524952,0.5019185,0.281214,0.4838113,0.28188425,0.51311713,0.29915208,0.46838218,0.30138353,0.5306414,0.38714495,0.4494132,0.39700964,0.53373,0.49923986,0.4598748,0.5219634,0.49234438,0.5946366,0.50326467,0.6047551,0.528086,0.63398653,0.47009283,0.63945967,0.5281263,0.8314362,0.4688316,0.8383646,0.51953214,0.98920554,0.48478162,0.9863077
IMG_20241017_140710.jpg,land,0.51833946,0.2614656,0.5259479,0.24488273,0.5078217,0.24425831,0.5308529,0.2482473,0.4845147,0.24633066,0.539769,0.33285072,0.46260646,0.33928126,0.5482842,0.4498185,0.4762595,0.47078553,0.512478,0.5546913,0.5183858,0.56727546,0.5372344,0.58513606,0.48392382,0.5893137,0.5350126,0.77376467,0.47766808,0.7820243,0.5282209,0.95151126,0.48847297,0.96366924
IMG_20241017_140711.jpg,land,0.522743,0.29810196,0.5304877,0.27908906,0.5126096,0.28010333,0.53560615,0.26978114,0.48919687,0.26961753,0.54425305,0.3499273,0.46470022,0.3527203,0.5499503,0.47279492,0.47324252,0.48349768,0.51197135,0.57222426,0.51308787,0.58796865,0.5383664,0.59975463,0.4843605,0.60242265,0.53867763,0.7867641,0.47950327,0.7954058,0.52978593,0.97125936,0.4906253,0.9757779
IMG_20241017_140711_1.jpg,land,0.53342175,0.30611244,0.5428787,0.28555018,0.5226811,0.2874405,0.5584955,0.26782817,0.50730515,0.27234212,0.576158,0.34414566,0.49160492,0.34919125,0.56790394,0.47429937,0.49060097,0.48460752,0.525215,0.5765824,0.52104086,0.5942583,0.56531364,0.60860676,0.50771165,0.6097968,0.5663116,0.8025248,0.50746965,0.806759,0.5603842,0.9874693,0.5177806,0.9834573
IMG_20241017_140712.jpg,land,0.52897143,0.30004457,0.5392425,0.279166,0.51897186,0.2801864,0.5603876,0.263885,0.50813025,0.26750234,0.5844626,0.34561113,0.49240804,0.34861726,0.5749083,0.48429978,0.48550263,0.48899555,0.5223592,0.59587955,0.51804304,0.60505366,0.56992143,0.62441546,0.50671685,0.6238825,0.5702852,0.83500606,0.5074962,0.8348218,0.56242067,0.9889116,0.52064115,0.9822378
IMG_20241017_140713.jpg,land,0.5310445,0.26573032,0.54171807,0.24882391,0.52137107,0.25342545,0.5619851,0.26826063,0.5110196,0.27844834,0.585364,0.368604,0.49664226,0.38204423,0.5787234,0.5009006,0.4927536,0.52276134,0.52805185,0.6141241,0.5277335,0.6312824,0.57953733,0.63572925,0.5172197,0.6414081,0.58113533,0.83560413,0.520469,0.8431058,0.57351017,0.9936424,0.5347431,0.9800308
IMG_20241017_140714.jpg,land,0.48332062,0.27238375,0.49309167,0.25955835,0.4750111,0.2582626,0.5073156,0.2763038,0.46245986,0.27334085,0.52361804,0.3656168,0.4457977,0.36806825,0.51769084,0.47880012,0.4475951,0.4877663,0.47066027,0.5534219,0.48263693,0.5703494,0.5089296,0.6007119,0.45483348,0.60050464,0.5095436,0.77632636,0.44904524,0.7750886,0.49377963,0.9616662,0.4580248,0.95816106
IMG_20241017_140715.jpg,land,0.4869511,0.2833315,0.49628377,0.26865983,0.47731304,0.26985344,0.50978374,0.28609064,0.46299982,0.28971356,0.52768904,0.37390327,0.44855124,0.387022,0.5341799,0.4831616,0.4626722,0.5086525,0.49047983,0.57284635,0.50207764,0.5836772,0.522518,0.61600465,0.4667176,0.62171215,0.5238113,0.80619955,0.46625727,0.81394583,0.51834816,0.98153317,0.4822053,0.97917026
IMG_20241017_140716.jpg,land,0.5356451,0.32783464,0.54354405,0.3111945,0.524415,0.31482977,0.55711704,0.31797394,0.50893867,0.32659468,0.5760976,0.40858862,0.49809957,0.41656396,0.57571274,0.52939725,0.50567687,0.5431044,0.5407107,0.6214298,0.5468552,0.6357616,0.5616865,0.64985275,0.5074279,0.6517707,0.5602497,0.83472955,0.5073065,0.8350013,0.0,0.0,0.0,0.0
IMG_20241017_140717.jpg,land,0.51070637,0.26374507,0.51952994,0.24878715,0.50062007,0.24999546,0.5332415,0.25955263,0.4868431,0.26330623,0.5489473,0.3473841,0.4726574,0.35414496,0.5551332,0.46470582,0.48098785,0.47473854,0.5163387,0.55169296,0.52609116,0.5646804,0.53900826,0.5806902,0.48657206,0.5833473,0.53615683,0.7590963,0.48299712,0.76815826,0.5312244,0.9364271,0.49004793,0.9408867
IMG_20241017_140717_1.jpg,land,0.50208616,0.18480344,0.51140237,0.17126842,0.49303332,0.170451,0.5248513,0.18475208,0.48013693,0.1833206,0.5377609,0.27127382,0.46353638,0.27039748,0.5393355,0.38415572,0.46616074,0.38201553,0.50071394,0.460943,0.5105205,0.4671944,0.5198314,0.5065133,0.4689555,0.5044283,0.5128101,0.6792975,0.4627756,0.6815767,0.50293016,0.8453339,0.46503422,0.84873354
IMG_20241017_140718.jpg,land,0.51934934,0.28206432,0.5280524,0.26675802,0.50987136,0.26871452,0.5424269,0.2725024,0.49630862,0.2776065,0.5585484,0.3563906,0.48372215,0.36198056,0.5569933,0.4642985,0.4919276,0.47374633,0.5194693,0.5310697,0.53354806,0.5529152,0.54462737,0.5785792,0.49255553,0.57993454,0.5386234,0.74987245,0.4941879,0.7492614,0.5399963,0.91267794,0.49641645,0.9121882
IMG_20241017_140718_1.jpg,land,0.52628523,0.13370296,0.53487885,0.119628094,0.5175067,0.120100416,0.5472935,0.12740794,0.50389224,0.12932417,0.56071734,0.20994249,0.49054742,0.21206373,0.5610689,0.32253507,0.4940097,0.31953597,0.5258963,0.387031,0.5293204,0.391802,0.5479868,0.42725638,0.49919957,0.42802387,0.54145014,0.5923394,0.50034374,0.59219575,0.5420845,0.7433973,0.50261647,0.7468648
IMG_20241017_140720.jpg,land,0.58648705,0.06696587,0.59625196,0.053558674,0.578511,0.052252676,0.6100841,0.068405725,0.5663208,0.06537887,0.6234431,0.15713836,0.54854834,0.15731438,0.62179875,0.26160094,0.5433719,0.26536253,0.57772696,0.33923456,0.5731989,0.34883752,0.6050679,0.3899158,0.55381304,0.3880652,0.60372174,0.5650563,0.54868644,0.5634578,0.59410024,0.73694694,0.5534092,0.733856
IMG_20241017_140720_1.jpg,land,0.57253677,0.106840916,0.58217794,0.09380388,0.56383884,0.092643216,0.5965957,0.1071988,0.5515705,0.10546092,0.6081216,0.19481014,0.53299016,0.19432586,0.6072819,0.3008934,0.5269027,0.29973653,0.5610534,0.3723794,0.56040794,0.38927385,0.5898675,0.4267989,0.5387287,0.42511082,0.5873101,0.6008055,0.5364419,0.60409373,0.5801749,0.7737669,0.54216826,0.769643
IMG_20241017_140721.jpg,land,0.54126954,0.09491665,0.55131626,0.081165604,0.5341498,0.07917986,0.566593,0.094749376,0.5243799,0.09036746,0.5780201,0.18353885,0.5050253,0.18044956,0.5659591,0.29959643,0.49200827,0.29549438,0.51783276,0.3666224,0.51529336,0.38037124,0.5565226,0.41566798,0.50617075,0.41217643,0.55392313,0.58864665,0.50318366,0.5870923,0.54520434,0.7588316,0.5048226,0.7522613
IMG_20241017_140721_1.jpg,land,0.41634437,0.1482485,0.42664385,0.13396458,0.40781173,0.13423876,0.442768,0.14816028,0.39742202,0.14782442,0.46120393,0.23631439,0.38353887,0.23789226,0.4526053,0.33921245,0.3745095,0.35085222,0.39961818,0.41915262,0.40316126,0.44007957,0.4499936,0.46971,0.39353794,0.47126755,0.45341754,0.6405254,0.40019605,0.6426835,0.45565715,0.81346387,0.4097956,0.8154864
IMG_20241017_140722.jpg,land,0.39370376,0.24803318,0.40338403,0.23402265,0.38674492,0.2330511,0.42029476,0.2422547,0.3782112,0.24062361,0.43523058,0.3251266,0.36160564,0.32756063,0.4255089,0.43278062,0.35147446,0.43677184,0.3770537,0.5110207,0.3776088,0.5256226,0.4239411,0.5597674,0.3734489,0.5603517,0.42546132,0.73384345,0.37412286,0.7357258,0.42415997,0.90826535,0.38666746,0.90362597
IMG_20241017_140723.jpg,land,0.42295685,0.2926177,0.43287715,0.27875164,0.41473344,0.2761856,0.4480392,0.28601706,0.40291083,0.28125307,0.45903623,0.3713195,0.38322937,0.36789244,0.4516243,0.48414823,0.37453088,0.477331,0.4017456,0.5556773,0.40348747,0.5670794,0.44226104,0.60298145,0.3903248,0.60048103,0.4420755,0.77870685,0.38825992,0.7804065,0.43451527,0.95831615,0.39522225,0.95671666
IMG_20241017_140724.jpg,land,0.502845,0.33793977,0.51173043,0.32294986,0.49334309,0.32335925,0.52538013,0.3293321,0.4784154,0.3303348,0.5416924,0.41608968,0.46030813,0.4151088,0.53976804,0.52870613,0.45811874,0.52381814,0.50224006,0.61062634,0.49358204,0.6114074,0.52481556,0.6561971,0.46846694,0.6558059,0.5254679,0.8405908,0.4710873,0.838447,0.0,0.0,0.0,0.0
IMG_20241017_140725.jpg,land,0.60427606,0.33377203,0.6124175,0.31832,0.59433126,0.3197912,0.62492067,0.32302284,0.57850945,0.32664445,0.64228934,0.4100566,0.5595163,0.40913072,0.63952565,0.52721584,0.5568389,0.5195182,0.60343385,0.60856354,0.5925491,0.6098905,0.6226401,0.6496479,0.56537336,0.6486168,0.61936444,0.83662003,0.56494385,0.83425665,0.0,0.0,0.0,0.0
IMG_20241017_140726.jpg,land,0.6270551,0.32431418,0.63558096,0.31033447,0.6181421,0.31022784,0.6485567,0.31690267,0.6041251,0.31598872,0.6646094,0.40435946,0.58381677,0.39904,0.6587442,0.5201897,0.57921386,0.5132417,0.61942506,0.602155,0.61948353,0.61130047,0.6437066,0.6534174,0.5874128,0.6507188,0.6431382,0.84260756,0.58700186,0.8390318,0.0,0.0,0.0,0.0
IMG_20241017_140727.jpg,land,0.5072277,0.31823164,0.5171612,0.30395508,0.49906588,0.30231482,0.5318446,0.30897385,0.48548174,0.30504748,0.5451463,0.3922802,0.46542636,0.386309,0.53712875,0.51260066,0.46281272,0.5044328,0.4920315,0.5871831,0.49916795,0.5984023,0.5238686,0.6310239,0.46833953,0.62735975,0.5219588,0.82056725,0.46906906,0.81378883,0.5148743,0.9808841,0.47150266,0.9754985
IMG_20241017_140728.jpg,land,0.4393737,0.2742084,0.44908634,0.25921282,0.43095523,0.25747657,0.46335152,0.26607242,0.4186533,0.2626802,0.47697031,0.3495582,0.40030748,0.34908497,0.47201994,0.467769,0.39609006,0.4676341,0.42614603,0.54698604,0.4272848,0.5518775,0.4635,0.58693194,0.41059983,0.5862291,0.46597525,0.7646229,0.41103154,0.7651295,0.46172053,0.93825245,0.420037,0.9385294
IMG_20241017_140729.jpg,land,0.43107578,0.2729657,0.4412151,0.25803643,0.42243704,0.2558551,0.4553077,0.26508883,0.40892997,0.25994274,0.4681753,0.35102153,0.3902703,0.34693393,0.46412614,0.4676433,0.38414434,0.46258995,0.4178922,0.5446797,0.420068,0.5529366,0.45311975,0.58721906,0.40004992,0.5849814,0.45329943,0.76646394,0.40189683,0.76561236,0.44887182,0.93677264,0.40544084,0.93882436
IMG_20241017_140950.jpg,land,0.47403377,0.24039121,0.48326236,0.2272058,0.4663657,0.22726414,0.49954495,0.23923133,0.45660603,0.23873693,0.51573575,0.33627975,0.44242883,0.3314701,0.5047537,0.46532565,0.44905174,0.44933698,0.47488528,0.5430773,0.48653114,0.5316212,0.50601786,0.5662448,0.4540412,0.5656237,0.508342,0.7396421,0.46129176,0.73772204,0.51422834,0.87825793,0.46527293,0.880597
IMG_20241017_140952.jpg,land,0.48918092,0.16058649,0.4988008,0.14823017,0.48298272,0.14588211,0.51352406,0.1613838,0.47331414,0.15514787,0.52446324,0.26023284,0.45422885,0.24396601,0.5043836,0.39390433,0.45405442,0.3524901,0.4732641,0.46750277,0.48234013,0.4390862,0.5070086,0.48627532,0.45608693,0.4787787,0.5017691,0.6621166,0.4534555,0.6496913,0.50070965,0.79428047,0.4491837,0.7847959
IMG_20241017_140952_1.jpg,land,0.49146625,0.2930529,0.5011543,0.27799568,0.48330295,0.278017,0.5162073,0.28808883,0.47154182,0.28778973,0.5277118,0.3865127,0.45560142,0.3769168,0.5102933,0.5300576,0.4602416,0.49306607,0.47521317,0.5983853,0.4967724,0.5723039,0.5133343,0.6136149,0.46130607,0.60987085,0.50771356,0.8020008,0.46121627,0.79549485,0.5072225,0.9489256,0.45432052,0.9472988
IMG_20241017_140954.jpg,land,0.56157345,0.2445155,0.5709365,0.22974518,0.551831,0.22978254,0.58446264,0.24596694,0.5378923,0.24613701,0.59923965,0.34989092,0.521156,0.34553832,0.6012245,0.49215162,0.53150076,0.46599513,0.5624718,0.5830763,0.5818178,0.5495676,0.58785284,0.60092425,0.5322747,0.6000089,0.5872064,0.7875939,0.52716064,0.79509634,0.5816587,0.95427567,0.5303685,0.95607483
IMG_20241017_140955.jpg,land,0.52098984,0.26624063,0.52897155,0.24840583,0.50951344,0.25009677,0.5384914,0.2631737,0.49116004,0.2665507,0.5556522,0.37626463,0.47594118,0.37060302,0.55038637,0.53093433,0.496549,0.50665647,0.52416855,0.6198073,0.54923666,0.5995591,0.5424079,0.6547842,0.48467365,0.65267354,0.5408218,0.8583973,0.4768935,0.86162525,0.5199171,0.99076456,0.48923862,0.98883283
IMG_20241017_140956.jpg,land,0.46457148,0.30981985,0.4738286,0.29217914,0.4534121,0.29342538,0.48652878,0.3110941,0.4379935,0.31352204,0.50841045,0.4288186,0.41979885,0.42122954,0.5018128,0.59189016,0.43990213,0.561706,0.47107637,0.68381906,0.49563637,0.65945137,0.49878037,0.71895695,0.43223712,0.7177993,0.5012359,0.93536353,0.4269737,0.94290906,0.0,0.0,0.0,0.0
IMG_20241017_140957.jpg,land,0.4651245,0.27147454,0.47650176,0.25371304,0.4542867,0.25330272,0.49305046,0.27445966,0.43982726,0.27282572,0.5154344,0.39882326,0.41978198,0.38789016,0.5082634,0.5612595,0.43149683,0.52592385,0.46048665,0.66778886,0.48082715,0.6330996,0.50050616,0.7047311,0.42987075,0.7008942,0.4995324,0.92864376,0.42463574,0.93179214,0.0,0.0,0.0,0.0
IMG_20241017_140957_1.jpg,land,0.45971322,0.29932642,0.47185293,0.278452,0.44853804,0.2796926,0.49045324,0.29733536,0.43585974,0.30016264,0.5193235,0.42869213,0.4141594,0.42750618,0.50233364,0.6037751,0.43104258,0.58628076,0.44703728,0.71850693,0.47816017,0.68984896,0.49992403,0.76213807,0.4250349,0.75992495,0.0,0.0,0.0,0.0,0.0,0.0,0.0,0.0
IMG_20241017_140958.jpg,land,0.50212765,0.16750044,0.5171663,0.1459097,0.4910055,0.14481534,0.5403789,0.16907959,0.47732422,0.16521247,0.5665647,0.31671065,0.45476845,0.3076672,0.5444542,0.50093055,0.4617841,0.47823253,0.4774091,0.62432235,0.5032432,0.60043526,0.5454917,0.67135334,0.46415988,0.6654895,0.53634775,0.92933244,0.45654318,0.9208118,0.0,0.0,0.0,0.0
IMG_20241017_140959.jpg,land,0.44739836,0.18992805,0.46136108,0.16718678,0.43403158,0.16968907,0.48343536,0.18930525,0.4185342,0.19469975,0.5159396,0.34006643,0.39508763,0.3398188,0.50362223,0.5458092,0.4211423,0.52329975,0.44425234,0.6699864,0.47731635,0.64520127,0.502671,0.7171952,0.41665545,0.7164942,0.0,0.0,0.0,0.0,0.0,0.0,0.0,0.0
IMG_20241017_141000.jpg,land,0.5010232,0.24699873,0.51347256,0.22232698,0.48439208,0.22350186,0.52818793,0.24285461,0.46110696,0.24697067,0.56185406,0.4044272,0.42843193,0.39996475,0.5438949,0.6169032,0.46547678,0.5884903,0.5004096,0.7568344,0.5286316,0.7344075,0.53353953,0.8083557,0.44075036,0.80528605,0.0,0.0,0.0,0.0,0.0,0.0,0.0,0.0
IMG_20241017_141000_1.jpg,land,0.45224488,0.23880462,0.4625661,0.21524692,0.43567622,0.2182674,0.47397962,0.23468067,0.41132987,0.24309374,0.5052212,0.38346437,0.38463008,0.38358438,0.4946532,0.5849954,0.42459556,0.5630255,0.46352187,0.7161867,0.4892582,0.68179226,0.48491117,0.76559013,0.3996775,0.76379895,0.0,0.0,0.0,0.0,0.0,0.0,0.0,0.0
IMG_20241017_141001.jpg,land,0.4577459,0.19359103,0.46934593,0.17296597,0.44389015,0.17420253,0.48330057,0.19318503,0.4226089,0.195774,0.5036004,0.3292584,0.39886436,0.3253234,0.4973304,0.51895875,0.42675704,0.4965279,0.45433876,0.63750064,0.48204184,0.61228675,0.48446694,0.67606795,0.40804258,0.67284465,0.48297355,0.9245812,0.40126243,0.9255039,0.0,0.0,0.0,0.0
IMG_20241017_141002.jpg,land,0.3685201,0.20334134,0.37856218,0.18521906,0.35648766,0.18711597,0.3932439,0.2025893,0.34000567,0.20597388,0.41314796,0.3250721,0.32596096,0.3180346,0.41031995,0.48680872,0.34276226,0.45429668,0.3714409,0.5799665,0.40136352,0.5551086,0.40663186,0.61053425,0.3435238,0.60961777,0.40991732,0.8141177,0.34195456,0.82001275,0.40583125,0.98031884,0.35076416,0.98426485
IMG_20241017_141002_1.jpg,land,0.4132638,0.3128962,0.4223767,0.29569316,0.40224075,0.29800847,0.43642583,0.31324667,0.38842687,0.31852502,0.4603361,0.42298365,0.37475747,0.42352563,0.45911118,0.57290244,0.39706963,0.5587795,0.42409888,0.66913354,0.44768962,0.6487839,0.4612249,0.7062579,0.39727283,0.70967954,0.46935838,0.9144982,0.3992858,0.9251142,0.0,0.0,0.0,0.0
IMG_20241017_141007.jpg,land,0.51215875,0.3297249,0.52029073,0.31640223,0.50464594,0.31772745,0.5361667,0.32858846,0.49651468,0.33079687,0.5565582,0.42698947,0.4827262,0.42050195,0.5427505,0.55159086,0.4853535,0.5260788,0.51005363,0.6230809,0.51834184,0.59931177,0.5493643,0.6592071,0.4966022,0.6575959,0.54997575,0.836375,0.49603,0.83509076,0.5543863,0.9745847,0.5081835,0.97697306
IMG_20241017_141007_1.jpg,land,0.52711016,0.19769254,0.53609616,0.18635622,0.51957715,0.1857955,0.5505317,0.20572598,0.5099038,0.20380144,0.56622267,0.29853258,0.4964095,0.29274124,0.5565756,0.41683114,0.49903104,0.40019515,0.51700735,0.49695516,0.5315401,0.47519785,0.55360603,0.52964985,0.50311726,0.5271505,0.5581079,0.6978269,0.49662492,0.6998132,0.55149513,0.853177,0.5027312,0.8532747
IMG_20241017_141008.jpg,land,0.46554777,0.15157956,0.47493038,0.13803546,0.45702964,0.13865213,0.4887877,0.15883087,0.4457417,0.15854232,0.50250167,0.26045462,0.43169206,0.25288522,0.49596024,0.38198677,0.42958406,0.3627955,0.45197317,0.45454693,0.46772534,0.43834707,0.48342553,0.48607126,0.43337962,0.48149493,0.4781576,0.661976,0.4277911,0.66075563,0.476456,0.8070464,0.42341384,0.80983996
IMG_20241017_141009_1.jpg,land,0.55127275,0.19110915,0.56023014,0.17822723,0.5425215,0.17635173,0.57058275,0.19758572,0.5282263,0.1921257,0.57920307,0.2958417,0.50778943,0.27955884,0.572492,0.4300589,0.5088651,0.39071035,0.53726053,0.50134706,0.553484,0.47590292,0.5547113,0.52980596,0.5038734,0.52138984,0.54903615,0.70447403,0.49351805,0.70095307,0.5350664,0.85140115,0.48903987,0.85414064
IMG_20241017_141010.jpg,land,0.5019032,0.087464295,0.5095626,0.0738099,0.49183634,0.07355253,0.5174204,0.09380995,0.47467947,0.09243773,0.5263083,0.1956388,0.4547335,0.18273845,0.521235,0.33474487,0.46046558,0.2972393,0.48894387,0.4071134,0.50613207,0.3809659,0.505746,0.43056005,0.4546816,0.4250915,0.5017539,0.6023311,0.44514757,0.60705686,0.48842448,0.747171,0.44383568,0.7556082
IMG_20241017_141010_1.jpg,land,0.44690192,0.21796793,0.453833,0.20293103,0.43664256,0.20491225,0.4614121,0.21822077,0.42007905,0.2221198,0.4727383,0.31494623,0.40470603,0.31230804,0.4706018,0.4546035,0.42119485,0.43409365,0.441869,0.5241762,0.46830016,0.505388,0.4606964,0.55607814,0.41128802,0.5567083,0.46081066,0.7324095,0.4038824,0.7473003,0.45071638,0.88285464,0.40691864,0.9012626
IMG_20241017_141011.jpg,land,0.52945536,0.20714462,0.5372779,0.19143765,0.519391,0.19345085,0.5485289,0.20014162,0.5060373,0.20420007,0.5633862,0.28995773,0.49193868,0.28556255,0.55891496,0.41577044,0.49555045,0.3958049,0.5225657,0.50358707,0.53998715,0.48647794,0.54572606,0.5404884,0.49522,0.5376815,0.5425211,0.71697986,0.48950398,0.7226157,0.534294,0.87267417,0.48656473,0.88301307
IMG_20241017_141011_1.jpg,land,0.49885887,0.19864525,0.5078242,0.18386187,0.49040443,0.18420786,0.5229827,0.1935994,0.48036075,0.19446173,0.5382152,0.28205806,0.46611983,0.2797058,0.53341776,0.4181889,0.4735503,0.402643,0.49686387,0.5007916,0.51694,0.48380366,0.5233324,0.5273334,0.4716872,0.52608186,0.52037334,0.71376723,0.46414116,0.7206795,0.51553404,0.8670225,0.46751523,0.8800991
IMG_20241017_141012.jpg,land,0.5051517,0.14545824,0.51549685,0.12876739,0.4958435,0.13031885,0.53496504,0.14019543,0.48575974,0.14345507,0.55203074,0.24618179,0.47081372,0.24055122,0.54134166,0.3960419,0.4668724,0.3676301,0.49306074,0.4906642,0.50423366,0.46738335,0.53469634,0.5068204,0.47762686,0.5031652,0.53143644,0.70950735,0.47212592,0.7126472,0.52954584,0.8772404,0.47603717,0.8726157
IMG_20241017_141013.jpg,land,0.50245297,0.1556187,0.51323813,0.13951881,0.49350846,0.14005846,0.53212124,0.15286532,0.4829065,0.15366122,0.5482778,0.25789547,0.46651465,0.25269198,0.53707683,0.40216902,0.46216017,0.38094983,0.48970404,0.4952821,0.4961814,0.47894028,0.53007776,0.5259562,0.4722456,0.52137524,0.5265168,0.72856116,0.46282235,0.7263145,0.5230784,0.89943826,0.46792933,0.8890899
IMG_20241017_141013_1.jpg,land,0.5297416,0.18122053,0.5398226,0.16441764,0.5198955,0.16636631,0.5574838,0.17544772,0.50884044,0.17933385,0.57337075,0.27682263,0.49566507,0.27142534,0.56059736,0.42003676,0.49082622,0.39373603,0.5179816,0.5148195,0.525456,0.48848903,0.5564449,0.5433711,0.5010214,0.53937733,0.55426675,0.73830473,0.49622858,0.736865,0.55441815,0.90566987,0.49769947,0.89425546
IMG_20241017_143929.jpg,land,0.46658075,0.27577788,0.47301692,0.26403168,0.4587322,0.264267,0.48056233,0.2726229,0.4446038,0.2731744,0.48936376,0.3407917,0.42951795,0.34158042,0.48521236,0.42877167,0.43302637,0.42787778,0.4580278,0.49086788,0.46204358,0.49179003,0.48005587,0.51641107,0.43793708,0.51689976,0.47754446,0.66815007,0.4375886,0.6671585,0.47160798,0.81394184,0.4371906,0.8123645
IMG_20241017_143930.jpg,land,0.4631875,0.2872283,0.46835166,0.2748149,0.4545342,0.27712467,0.47439605,0.28345358,0.44000986,0.28959954,0.48572648,0.35031372,0.42841542,0.35826945,0.48669565,0.43694943,0.43426868,0.44490364,0.45903876,0.50575495,0.45868233,0.5061104,0.4800246,0.52173156,0.43987918,0.52534634,0.48081806,0.6758629,0.4424696,0.67779285,0.47809583,0.8272591,0.44326892,0.82745445
IMG_20241017_143931.jpg,land,0.4932349,0.27342564,0.5003672,0.26170987,0.4858713,0.26117897,0.5092849,0.27102417,0.47277603,0.26980498,0.518093,0.34141752,0.45706627,0.3420121,0.51099014,0.43423495,0.45837563,0.4340912,0.4823126,0.4977825,0.4885911,0.49941182,0.50807756,0.5221632,0.4650007,0.5228241,0.50474787,0.676147,0.4626646,0.6771617,0.49714625,0.82474035,0.46295568,0.8273895
IMG_20241017_143931_1.jpg,land,0.46879607,0.2927081,0.47609583,0.28102106,0.4611732,0.2802694,0.48483792,0.29129484,0.44734904,0.28949577,0.49425888,0.3633984,0.4305496,0.36210233,0.4840137,0.460224,0.43157864,0.4561272,0.4510163,0.5220966,0.4591677,0.5239792,0.4856469,0.5462632,0.44054952,0.5461139,0.48148796,0.7084985,0.4381764,0.70718735,0.47564662,0.86261255,0.44041288,0.8619218
IMG_20241017_143932.jpg,land,0.48787034,0.31923446,0.49595633,0.30831927,0.48024392,0.30617216,0.50519294,0.3192961,0.46571642,0.31279448,0.5111524,0.39481673,0.44708994,0.38637123,0.5017899,0.4912962,0.44304383,0.48234975,0.46342066,0.55246615,0.47101888,0.5556903,0.49377194,0.5886765,0.44959912,0.58461815,0.48488888,0.75107086,0.44324636,0.74956363,0.47306958,0.91131324,0.4394257,0.91128445
IMG_20241017_143933.jpg,land,0.46609226,0.2702678,0.47362515,0.2556298,0.45509702,0.25517175,0.48065633,0.2695523,0.43418103,0.26928696,0.49127498,0.35954008,0.41727248,0.36326537,0.5007035,0.4764012,0.42988387,0.48625463,0.4709658,0.56019145,0.47616348,0.5636629,0.49031034,0.5849106,0.4389803,0.5884817,0.4862374,0.7802127,0.43826434,0.7862699,0.47794196,0.95843995,0.43966183,0.96811706
IMG_20241017_143934.jpg,land,0.4707089,0.2854411,0.47768298,0.27017552,0.45979205,0.26953328,0.48408386,0.2836437,0.43730402,0.28314674,0.49756894,0.37020814,0.42231655,0.37708455,0.50788563,0.4833063,0.43729866,0.50101894,0.47718537,0.5689303,0.48739463,0.5767837,0.49648005,0.60028845,0.44425184,0.6056449,0.49720544,0.7904289,0.4457704,0.79640955,0.48699287,0.9663309,0.44903523,0.9793242
IMG_20241017_143935.jpg,land,0.4353523,0.31029043,0.4427913,0.293753,0.4241191,0.29493308,0.45087576,0.30503035,0.40263286,0.3085317,0.46451992,0.39332813,0.3872014,0.39981604,0.47587058,0.5121152,0.40236425,0.5266402,0.44356722,0.6052896,0.44818223,0.60659194,0.46593177,0.6316103,0.4100373,0.63690287,0.46683517,0.861298,0.4191814,0.8646324,0.0,0.0,0.0,0.0
IMG_20241017_143935_1.jpg,land,0.43960696,0.2368724,0.44939083,0.22238033,0.42856106,0.22065619,0.4598364,0.24272339,0.4073649,0.23927821,0.4710306,0.3377779,0.38781005,0.338244,0.46838158,0.4671183,0.39615718,0.47269467,0.42681137,0.55039597,0.4390852,0.5586721,0.46401846,0.5708188,0.40514085,0.57223797,0.45794526,0.7733972,0.40289053,0.7769283,0.4446594,0.9637187,0.40594193,0.9704456
IMG_20241017_143936.jpg,land,0.43960086,0.29052278,0.4508155,0.27398604,0.42923737,0.2725864,0.46522707,0.29100674,0.4116008,0.28830206,0.48000875,0.3879455,0.39263982,0.39028072,0.47730178,0.52112424,0.3957005,0.52877194,0.4234752,0.6153009,0.43665907,0.62194073,0.47640514,0.65023655,0.4124671,0.6520936,0.4729847,0.88578725,0.4098671,0.8871266,0.0,0.0,0.0,0.0
IMG_20241017_143937.jpg,land,0.4481713,0.24006397,0.45955196,0.22406548,0.43845606,0.22278614,0.47524717,0.23958696,0.42287847,0.23669985,0.489662,0.34027532,0.40657353,0.34304205,0.48352224,0.47981685,0.40589234,0.47877634,0.42798078,0.5764739,0.4409389,0.566805,0.48752466,0.5985536,0.4281529,0.60136974,0.4875428,0.8295142,0.4251744,0.83448046,0.49247238,0.9915277,0.4368115,0.9905901
IMG_20241017_143938.jpg,land,0.45505685,0.23828337,0.46322954,0.22379579,0.4446835,0.22322862,0.4731948,0.2379158,0.4259493,0.23747197,0.48690107,0.32417223,0.41282827,0.32945913,0.4853711,0.43829173,0.4195827,0.4472317,0.44559687,0.52293676,0.45994785,0.52716476,0.48355767,0.54427975,0.43162584,0.5493291,0.4843195,0.72926724,0.4334242,0.73857635,0.47978124,0.90927684,0.44223735,0.92655796
IMG_20241017_143938_1.jpg,land,0.38495812,0.13322498,0.3923611,0.11901411,0.37527725,0.12030341,0.40213004,0.12671064,0.35987112,0.12923698,0.41303355,0.20403917,0.34948888,0.2116331,0.41644144,0.305152,0.35846192,0.32394385,0.39206922,0.37857863,0.3969643,0.39082128,0.4118247,0.41042712,0.36794716,0.4160402,0.41918823,0.57284606,0.37641028,0.58096033,0.4161264,0.72775555,0.3840696,0.7363486
IMG_20241017_143942.jpg,land,0.35450423,0.24902314,0.3633246,0.23545738,0.34478113,0.23424779,0.37435955,0.24966958,0.32727042,0.24753813,0.38785848,0.33089665,0.31347188,0.33645755,0.38481322,0.43740568,0.31798902,0.45191842,0.34388998,0.5185776,0.3548743,0.52914566,0.38366848,0.5463562,0.3313469,0.5509054,0.38477767,0.72627413,0.3318159,0.7320819,0.38027135,0.90324336,0.34166566,0.91715914
IMG_20241017_143943.jpg,land,0.43180075,0.4100566,0.44009408,0.3966113,0.4218157,0.39596766,0.44935325,0.40740603,0.4045043,0.40512452,0.46073198,0.48557645,0.38599917,0.48569295,0.45459604,0.599127,0.38724273,0.601776,0.4149199,0.68032634,0.42174104,0.6884214,0.45127174,0.7095636,0.3982344,0.7116286,0.44961333,0.88423955,0.3984904,0.8955921,0.0,0.0,0.0,0.0
IMG_20241017_143944.jpg,land,0.43988758,0.3308387,0.44883463,0.31477067,0.42991692,0.3144091,0.45981213,0.32515672,0.411537,0.32485548,0.47194168,0.41103324,0.39660928,0.41512057,0.47579786,0.52614915,0.40519518,0.5349879,0.43541333,0.6126723,0.4378647,0.61191297,0.4717554,0.63218355,0.4177419,0.6358265,0.46870923,0.85092634,0.41938975,0.8537696,0.0,0.0,0.0,0.0
IMG_20241017_143944_1.jpg,land,0.44352993,0.2816778,0.45241323,0.2678798,0.43308604,0.26669416,0.4628323,0.28219223,0.41413274,0.28015044,0.47505897,0.36582795,0.39966995,0.36996886,0.47791433,0.48462313,0.4083108,0.49234554,0.44011942,0.5705708,0.44689965,0.5694202,0.46958846,0.58310294,0.41791254,0.5862326,0.46828538,0.7724837,0.4179173,0.7769946,0.46119887,0.96217465,0.42656273,0.96910244
IMG_20241017_143945.jpg,land,0.46431273,0.21386705,0.4720921,0.20103946,0.45585707,0.20035987,0.48133746,0.21179555,0.44094446,0.21022652,0.49108428,0.28785294,0.4257922,0.28956777,0.49046892,0.38791966,0.4302352,0.3925112,0.45963216,0.45379683,0.46282542,0.45844674,0.48426142,0.48629954,0.43878505,0.48774308,0.4847001,0.65230125,0.44171327,0.6522394,0.47819135,0.81543136,0.443664,0.8146744
IMG_20241017_143946.jpg,land,0.44517183,0.2159804,0.45163646,0.20587753,0.43767893,0.20419046,0.4578271,0.21930088,0.42311102,0.21409684,0.46645346,0.29016492,0.4063345,0.28652397,0.4668966,0.37833625,0.40936843,0.37951794,0.43785617,0.44217306,0.43894887,0.44058293,0.46065333,0.46660912,0.41898093,0.46612614,0.46038902,0.6242309,0.4215015,0.62347126,0.45249066,0.7814239,0.41935205,0.7774608
IMG_20241017_143947.jpg,land,0.42901784,0.1342598,0.43547478,0.124430716,0.42147046,0.12284113,0.4416173,0.13749368,0.40696508,0.13271713,0.44951913,0.2037644,0.391484,0.19983636,0.4494168,0.28782296,0.39664048,0.28583318,0.4189815,0.34792313,0.4216419,0.34594658,0.44489703,0.37108362,0.4048806,0.37052092,0.44555196,0.5159235,0.40695363,0.5155256,0.4389059,0.66104686,0.41103852,0.6586669
IMG_20241017_143948.jpg,land,0.39922068,0.09543597,0.40495288,0.08518913,0.39152172,0.08429793,0.41027167,0.09647165,0.3767651,0.09339445,0.41829538,0.16472252,0.36154878,0.16109712,0.4186874,0.25066897,0.3652621,0.24782124,0.39046624,0.31263584,0.39219743,0.313126,0.41148025,0.3351794,0.37222692,0.33490238,0.41302228,0.48132837,0.37559646,0.4824029,0.40675658,0.62725955,0.37642238,0.62763333
IMG_20241017_143948_1.jpg,land,0.4068979,0.13524294,0.4134467,0.12505795,0.39954874,0.12498224,0.42210945,0.13748108,0.38747963,0.13630918,0.4319883,0.20623499,0.3727741,0.20467034,0.42891032,0.2913324,0.37540105,0.29173738,0.40208784,0.35095596,0.4042068,0.35483986,0.42330584,0.37554684,0.3821752,0.37505093,0.42105466,0.5242272,0.38177893,0.5235698,0.41511407,0.6704973,0.38176525,0.66771555
IMG_20241017_143949.jpg,land,0.43255156,0.15725997,0.43952984,0.14666303,0.42513818,0.1464963,0.44875205,0.1569812,0.41285583,0.15564224,0.45662856,0.22593637,0.3994098,0.22466289,0.45315507,0.31203553,0.4000196,0.3124905,0.42130744,0.36502376,0.426809,0.36945137,0.4451641,0.4033432,0.4055759,0.40260452,0.4419996,0.5465411,0.40545797,0.5477413,0.43338525,0.6874343,0.40061018,0.6888231
IMG_20241017_143950.jpg,land,0.56742543,0.12869197,0.5749944,0.11870038,0.56055015,0.11673869,0.58398074,0.13004436,0.548295,0.12397894,0.59097534,0.19921225,0.5330574,0.19416024,0.58597815,0.28957948,0.53219754,0.2879039,0.5564356,0.3466035,0.5575135,0.34711346,0.58100057,0.36890647,0.54087013,0.36742768,0.5765583,0.51682687,0.53985417,0.51751196,0.56944877,0.65787214,0.5392805,0.6584575
IMG_20241017_143951.jpg,land,0.5922413,0.17401512,0.60006446,0.16370891,0.58550954,0.16178444,0.60980326,0.17599823,0.57319677,0.17092933,0.6156498,0.24548851,0.5565104,0.23916905,0.60680586,0.336573,0.5549047,0.32706028,0.57599854,0.39036292,0.5801241,0.3933923,0.59933645,0.4149691,0.557851,0.4112067,0.591944,0.56451225,0.5554973,0.5605446,0.57941437,0.7056202,0.54616344,0.7023608
IMG_20241017_143952.jpg,land,0.6093671,0.15552916,0.61854637,0.14566171,0.60255027,0.14198276,0.6290386,0.15893063,0.5896058,0.14856768,0.6306616,0.23044725,0.5733176,0.22013804,0.6217426,0.32796234,0.57285583,0.31851465,0.5916076,0.3910281,0.596977,0.39173615,0.6148542,0.4082884,0.5749227,0.4039048,0.61191213,0.5572794,0.57183003,0.5559025,0.5989257,0.70527637,0.56627524,0.7055704
IMG_20241017_143952_1.jpg,land,0.5702616,0.14860965,0.57924026,0.13888209,0.5637714,0.13414162,0.5881342,0.15231664,0.5495281,0.14036678,0.5897742,0.21971388,0.53030044,0.21141493,0.5821906,0.31439197,0.53062123,0.31090295,0.548028,0.3790366,0.55366355,0.38220283,0.57330287,0.3932175,0.53157604,0.38944218,0.5689624,0.5463845,0.53052616,0.54283166,0.56175005,0.69521326,0.52652013,0.69119525
IMG_20241017_143953.jpg,land,0.309183,0.19330937,0.3178392,0.18300085,0.3022648,0.17996608,0.32824084,0.19853702,0.28959355,0.19102333,0.33543694,0.26898816,0.27330837,0.26592815,0.33291405,0.36379796,0.27733007,0.36417454,0.3006101,0.42845798,0.30370227,0.4338798,0.32723653,0.44449395,0.2839297,0.44440663,0.32667622,0.6010873,0.28703797,0.6022158,0.32334277,0.7532917,0.29105595,0.75579864
IMG_20241017_143953_1.jpg,land,0.25950044,0.18866345,0.2674228,0.17804922,0.25215957,0.17608446,0.27719715,0.1920458,0.2391024,0.1872037,0.28627524,0.25988308,0.22492209,0.2611611,0.2891907,0.34912348,0.23135749,0.3536107,0.26129285,0.4164186,0.26172492,0.41544232,0.28733572,0.4384057,0.24433966,0.44198677,0.29558215,0.5923379,0.25274643,0.598036,0.29817814,0.7448539,0.26215973,0.7517025
IMG_20241017_143955.jpg,land,0.54393,0.13293268,0.5515751,0.12254293,0.5369806,0.11969767,0.5591465,0.131092,0.5231019,0.12279536,0.5629299,0.19800101,0.5076231,0.19213888,0.5608053,0.29201192,0.50889957,0.29084742,0.5362293,0.3572276,0.53622234,0.35347226,0.5561542,0.3680036,0.5178719,0.36734188,0.55606264,0.511183,0.51983273,0.5131971,0.55356437,0.65415776,0.5213039,0.6558316
IMG_20241017_143956.jpg,land,0.5411531,0.24605171,0.54945457,0.23456179,0.53397965,0.23266675,0.5591314,0.23745966,0.52056164,0.23262429,0.5637847,0.29198274,0.50531137,0.28876722,0.55750114,0.3887507,0.50784343,0.38665277,0.53039646,0.45622134,0.5296362,0.45826587,0.549911,0.43878305,0.5091224,0.43756953,0.5492604,0.5811232,0.50703555,0.5805476,0.54302317,0.7241368,0.50892615,0.72513735
IMG_20241017_143957.jpg,land,0.4683589,0.26981288,0.47564924,0.25925806,0.4617713,0.2573784,0.48429325,0.26540905,0.4499744,0.25957972,0.49135384,0.33093986,0.43639982,0.32598528,0.48697248,0.42788562,0.43849647,0.42351255,0.45905346,0.4906694,0.45976126,0.48303297,0.48544258,0.49718514,0.44696698,0.4960625,0.48553267,0.6408793,0.44698244,0.6415294,0.4835251,0.7876042,0.44838214,0.7876028
IMG_20241017_143958.jpg,land,0.43575218,0.21304578,0.44269648,0.20234129,0.4286828,0.20120339,0.45110047,0.21236421,0.4166112,0.2088639,0.46080047,0.2780056,0.40357852,0.27901205,0.46297064,0.3680341,0.40790015,0.37796402,0.43115544,0.42706755,0.43389127,0.43248785,0.4576093,0.44595584,0.4177114,0.44761336,0.4623459,0.5873695,0.42299676,0.58997923,0.45938578,0.7316177,0.4258004,0.73214245
IMG_20241017_143958_1.jpg,land,0.3892281,0.21363197,0.39695254,0.20232481,0.3820111,0.20070255,0.4061257,0.21277536,0.3688781,0.20869733,0.41472346,0.28302172,0.35400048,0.28166038,0.41470352,0.37756824,0.35631138,0.37758535,0.38512325,0.43252128,0.38232508,0.43657172,0.40894204,0.45447966,0.36675438,0.45481363,0.4055208,0.6002675,0.3666205,0.60072637,0.4042778,0.7425552,0.3696847,0.7437916
IMG_20241017_143959.jpg,land,0.32024145,0.2325496,0.32661396,0.2206025,0.31201613,0.22146511,0.33537015,0.22937098,0.29913944,0.23059513,0.3473748,0.29932705,0.28711802,0.29974923,0.35048082,0.3896009,0.291755,0.3888539,0.32011148,0.45225912,0.32124987,0.45189357,0.34413308,0.47318846,0.30252331,0.47477987,0.3475859,0.6222334,0.3069865,0.6248467,0.3459787,0.7727843,0.3112363,0.7748027
IMG_20241017_144000.jpg,land,0.29106167,0.3432763,0.29934335,0.33233577,0.28373995,0.3296745,0.30876142,0.34473306,0.26965472,0.3379694,0.31707722,0.41568235,0.25257635,0.4134057,0.31512418,0.51016414,0.25563872,0.5114637,0.28431973,0.5667921,0.28436616,0.57036024,0.3112469,0.5954454,0.26608476,0.5956416,0.30784735,0.7477235,0.26477528,0.7490308,0.3021362,0.89835995,0.26538935,0.9008956
IMG_20241017_144000_1.jpg,land,0.36409178,0.2372538,0.37169886,0.22635087,0.35676107,0.22485852,0.38073474,0.23844607,0.3435089,0.23477492,0.38875967,0.30666572,0.32889566,0.30720133,0.3880055,0.3960778,0.33363685,0.39993545,0.35930657,0.4556116,0.36005744,0.45851707,0.3818746,0.48057356,0.33990052,0.4816919,0.38130975,0.62771857,0.34129703,0.6295034,0.37646374,0.77322656,0.34214103,0.77529514
IMG_20241017_144001.jpg,land,0.54261756,0.27139,0.5489643,0.2612277,0.5357292,0.25960028,0.5554126,0.26973537,0.52231085,0.26458755,0.56334245,0.3366059,0.5061367,0.33309248,0.56202865,0.42469478,0.5065365,0.42571008,0.5329354,0.4815498,0.5319031,0.48185995,0.5558074,0.5052719,0.5160827,0.50494194,0.5541225,0.6511526,0.5166401,0.6533701,0.5491025,0.7938294,0.51546127,0.79565114
IMG_20241017_144004.jpg,land,0.49373767,0.16352348,0.49928206,0.15261433,0.48571807,0.15330902,0.50536656,0.16334544,0.47166526,0.16443576,0.5161393,0.23103192,0.4583345,0.23373903,0.5183109,0.3206235,0.46224838,0.3291728,0.49154288,0.38446802,0.49103212,0.38857,0.5109504,0.40252846,0.47125292,0.4041671,0.5101972,0.547782,0.4737084,0.5481737,0.5035001,0.6922114,0.4742786,0.68912596
IMG_20241017_144443.jpg,land,0.49394757,0.23407783,0.5024925,0.21819358,0.48377177,0.22086357,0.5163637,0.22140293,0.46927184,0.22762786,0.52926546,0.30541345,0.45960885,0.30687433,0.52149564,0.42170742,0.46550807,0.41111958,0.48933595,0.4937406,0.49911717,0.48529086,0.51992345,0.52160645,0.4705808,0.5222881,0.51828843,0.68239784,0.47253138,0.6805904,0.5222282,0.82586855,0.46773034,0.82428527
IMG_20241017_144444.jpg,land,0.46977216,0.32836878,0.47853392,0.3139202,0.46036062,0.31560418,0.49290398,0.32200518,0.44758502,0.32536572,0.5065481,0.4088935,0.43811852,0.40984818,0.49978587,0.5235376,0.4446101,0.5203234,0.4645878,0.59800935,0.473315,0.5898236,0.4968376,0.6279834,0.448249,0.6272258,0.49542567,0.7896378,0.44828883,0.7866238,0.4990353,0.9335274,0.44629198,0.9268078
IMG_20241017_144445.jpg,land,0.48472926,0.21573077,0.4937059,0.20226985,0.4763026,0.2020732,0.507238,0.21098928,0.46335363,0.21057612,0.5199234,0.29418257,0.45088372,0.29439467,0.5161996,0.40433776,0.45836344,0.39818853,0.4879121,0.48602554,0.48779494,0.47270918,0.5123511,0.5107915,0.46306068,0.5112419,0.51265657,0.67295283,0.46587515,0.6696743,0.5127705,0.8111542,0.46165225,0.80771923
IMG_20241017_144445_1.jpg,land,0.62111855,0.36338538,0.62968576,0.34868848,0.61144125,0.348904,0.64117825,0.35858062,0.5957675,0.35879356,0.65311587,0.4459568,0.5815975,0.44453445,0.6492355,0.5614689,0.5944998,0.5533879,0.6161808,0.64124227,0.6248577,0.6270209,0.6419316,0.66998494,0.5907566,0.6687933,0.64247304,0.835056,0.589619,0.83206,0.63889027,0.9759003,0.58904064,0.97096163
IMG_20241017_144447.jpg,land,0.53957105,0.31087428,0.5489365,0.29619798,0.5303648,0.29643625,0.5623335,0.30434483,0.51589394,0.3048406,0.5723532,0.3910425,0.5026039,0.3880164,0.5649108,0.50603575,0.50601983,0.4903959,0.53318113,0.58206946,0.53500444,0.565722,0.55633605,0.60313606,0.50668496,0.6009533,0.55187947,0.76570076,0.50324005,0.761094,0.5488142,0.91060567,0.4937398,0.9065748
IMG_20241017_144447_1.jpg,land,0.45255357,0.3136387,0.46159354,0.29959518,0.4437092,0.29958436,0.47429726,0.30706573,0.42999792,0.30726647,0.4832656,0.39007014,0.41879788,0.3869278,0.47690317,0.5077251,0.4226119,0.49089012,0.44548738,0.574196,0.45169201,0.5648014,0.47085842,0.605091,0.4245008,0.60404605,0.46969905,0.7669337,0.42384097,0.76335144,0.4676846,0.90758914,0.41423345,0.90724623
IMG_20241017_144448.jpg,land,0.4582549,0.28085226,0.46916682,0.26404643,0.44704056,0.26368815,0.4841349,0.27514178,0.42976004,0.27465993,0.496105,0.3769543,0.41684645,0.38019812,0.4965708,0.5052421,0.4279994,0.5069718,0.45960397,0.60637856,0.46294114,0.59789675,0.4907547,0.6315917,0.43468025,0.63381577,0.49452335,0.81687355,0.43103778,0.8231446,0.48814985,0.9765121,0.4373584,0.97705436
IMG_20241017_144449.jpg,land,0.5626825,0.3201927,0.57347804,0.30081776,0.5507189,0.30016574,0.58642566,0.312893,0.53076273,0.3119889,0.6025454,0.42005286,0.51391625,0.42549372,0.6010281,0.5580316,0.52842367,0.5686942,0.5637584,0.6654555,0.5713837,0.6640366,0.59250945,0.7096141,0.52809083,0.7121562,0.59491944,0.9169651,0.51954347,0.9188307,0.0,0.0,0.0,0.0
IMG_20241017_144450.jpg,land,0.6060389,0.22639781,0.616617,0.20556991,0.5922489,0.20603496,0.62749875,0.21637088,0.5671999,0.21744041,0.6392636,0.33164904,0.5500429,0.33677694,0.6457842,0.4705449,0.56798786,0.48067605,0.6148055,0.5843286,0.6114213,0.575774,0.62610865,0.6321589,0.5631476,0.6327848,0.6278762,0.83903885,0.55287,0.8383292,0.61095107,0.9972983,0.5616653,0.9837474
IMG_20241017_144451.jpg,land,0.5240791,0.26730138,0.5337334,0.24867165,0.51143426,0.249074,0.5444792,0.2633394,0.48972124,0.2647425,0.5596343,0.37034962,0.47437388,0.3743954,0.5583524,0.50644124,0.49170116,0.51189214,0.5261422,0.6115721,0.5314941,0.60663164,0.54965925,0.6608875,0.48808724,0.6624035,0.55199134,0.8631914,0.4792342,0.8655325,0.53225905,0.9886666,0.4907906,0.985044
IMG_20241017_144451_1.jpg,land,0.55044067,0.16354622,0.56158435,0.14794512,0.5391668,0.14686203,0.57538015,0.16558646,0.5206222,0.16316964,0.58490205,0.26752803,0.5048683,0.26783907,0.5824257,0.39404717,0.5115159,0.39563784,0.5436577,0.49045637,0.55234,0.48393077,0.57042515,0.53410685,0.5137689,0.5323429,0.56765425,0.7290066,0.504662,0.7264619,0.5591929,0.9005658,0.5049182,0.89336705
IMG_20241017_144452.jpg,land,0.47847405,0.14456393,0.49123162,0.1295283,0.46824828,0.12612273,0.5077168,0.14792572,0.45163572,0.13962542,0.5168965,0.25482866,0.43577954,0.24684457,0.50835764,0.3844457,0.4333809,0.3718151,0.45953986,0.47739723,0.46918875,0.4706707,0.4973033,0.5233204,0.44006178,0.51733917,0.49148437,0.71448874,0.43265152,0.7065704,0.48432606,0.8833919,0.42401192,0.8793609
IMG_20241017_144453.jpg,land,0.4882052,0.17161074,0.5012176,0.15748031,0.47926798,0.15441363,0.52121055,0.17570744,0.46638623,0.16805133,0.5312338,0.27780658,0.45192042,0.2688111,0.516376,0.4076971,0.44551817,0.387332,0.4687159,0.50175315,0.47649556,0.48708072,0.5159312,0.5349888,0.45967755,0.528803,0.5104051,0.7293561,0.45223117,0.71998394,0.5059058,0.89755034,0.44667703,0.883147
IMG_20241017_144454.jpg,land,0.4716896,0.3034668,0.48433423,0.28763726,0.4631124,0.28388157,0.50277734,0.30192712,0.45046234,0.2930344,0.5146483,0.40302217,0.43595427,0.39798766,0.50112313,0.53055537,0.43670002,0.5237641,0.45581466,0.62007755,0.46410793,0.6190777,0.49853635,0.6594593,0.44197682,0.65645546,0.49846125,0.8519647,0.4345853,0.8486538,0.4876207,0.98786277,0.44072765,0.9878511
IMG_20241017_144454_1.jpg,land,0.54599583,0.240406,0.5576868,0.22558519,0.5362102,0.22301738,0.57378143,0.24161161,0.5210579,0.23553756,0.5814106,0.34226093,0.5051934,0.33472636,0.5674552,0.4767472,0.5045337,0.4617484,0.5247996,0.56367385,0.5338317,0.552363,0.561814,0.58694655,0.50722533,0.5811221,0.5597199,0.7702432,0.49828058,0.76239204,0.5486474,0.92782396,0.49437332,0.9150196
IMG_20241017_144455.jpg,land,0.46406162,0.35809937,0.47291574,0.3418709,0.4530698,0.34320512,0.48541608,0.3526358,0.43664303,0.35584918,0.50107825,0.44480821,0.4248069,0.45072818,0.49914506,0.5727292,0.441113,0.57863355,0.46893615,0.6690187,0.47677127,0.6567435,0.49610943,0.69709355,0.44127578,0.7001032,0.5069876,0.8781847,0.4452653,0.8778053,0.50020885,1.0,0.44866312,1.0
IMG_20241017_144455_1.jpg,land,0.4884544,0.23188333,0.4984636,0.21791743,0.4781632,0.21567291,0.50985706,0.2337245,0.46037453,0.22897883,0.5181509,0.32693973,0.44635773,0.32579023,0.51936555,0.439578,0.45400858,0.4401917,0.48810545,0.52785826,0.48887765,0.524774,0.5074756,0.56865627,0.45649022,0.56741506,0.50735706,0.7407208,0.44778714,0.74033034,0.49963227,0.8926041,0.4448046,0.8952517
IMG_20241017_144457.jpg,land,0.4979142,0.19429001,0.50756496,0.17858186,0.4865476,0.17937769,0.52074414,0.19174506,0.46935663,0.1939334,0.53113014,0.28845766,0.45860934,0.2908895,0.5316727,0.41151094,0.4677342,0.40809578,0.4980671,0.4957783,0.50426203,0.4837293,0.5224346,0.52841604,0.47130352,0.5297513,0.5243618,0.69822085,0.46630764,0.70547163,0.5202599,0.8540674,0.46679774,0.85793346
IMG_20241017_144457_1.jpg,land,0.48900038,0.27019343,0.49824783,0.2560594,0.47865394,0.25589478,0.5095469,0.2722519,0.46187276,0.2725423,0.5198996,0.35978112,0.45106682,0.36695397,0.5231814,0.4732461,0.467021,0.48568857,0.48933002,0.56135255,0.50120986,0.5553138,0.51391834,0.5955706,0.46408516,0.5987339,0.5176596,0.7654822,0.45868063,0.7717107,0.5124632,0.91957235,0.45985097,0.9242689
IMG_20241017_144458.jpg,land,0.4725123,0.15703233,0.4808654,0.14321345,0.46349105,0.14503261,0.49495575,0.15220901,0.4512376,0.15608384,0.50985926,0.23695557,0.4408928,0.24142307,0.50660884,0.34406868,0.44831085,0.34697863,0.4761161,0.4256643,0.47894388,0.41681224,0.50430536,0.45063934,0.45573246,0.45301378,0.50571156,0.6082644,0.4605794,0.6087153,0.51132166,0.7511074,0.46079776,0.7492967
IMG_20241017_144459.jpg,land,0.49229378,0.08151279,0.5015067,0.06573387,0.48245034,0.06789148,0.51698124,0.07436323,0.46938592,0.07937767,0.5308606,0.16684373,0.46022338,0.16809094,0.524663,0.28344423,0.46597695,0.27288416,0.49391866,0.35515755,0.5023174,0.34578314,0.5232857,0.38545063,0.47329527,0.38633102,0.5231439,0.54826313,0.47696716,0.54525435,0.52819765,0.68886834,0.47304994,0.6862636
IMG_20241017_144459_1.jpg,land,0.44937038,0.20816775,0.4604911,0.19482848,0.44051078,0.19179262,0.4758886,0.2102923,0.42666292,0.203182,0.4837898,0.30359018,0.41201758,0.29549745,0.4752411,0.42192268,0.41349235,0.4044753,0.43653065,0.49817026,0.44835228,0.4848851,0.4673143,0.5373846,0.41614372,0.5319655,0.46378306,0.7145086,0.4071648,0.7074898,0.4535225,0.869307,0.40168557,0.8573443
IMG_20241017_144459_2.jpg,land,0.48806337,0.16910613,0.49953628,0.15457118,0.47865686,0.15303722,0.5163607,0.17176297,0.4650952,0.16801928,0.526492,0.2701727,0.45108405,0.26626632,0.5153431,0.39567494,0.44911277,0.38392958,0.47773105,0.4827309,0.4789598,0.46727473,0.5114427,0.51842403,0.45783892,0.5151985,0.50950706,0.69927585,0.4494739,0.69638443,0.49978516,0.8602285,0.4472449,0.851946
IMG_20241017_144501.jpg,land,0.4761148,0.24554493,0.48720193,0.23034555,0.46591115,0.22999085,0.5036465,0.2461092,0.45148364,0.24506836,0.51644456,0.34482652,0.44086453,0.3434689,0.5089315,0.4687758,0.44373652,0.46198463,0.46890807,0.5578585,0.4792487,0.548629,0.50643784,0.5957923,0.45248073,0.59438306,0.51028067,0.7745953,0.44881406,0.7710489,0.503286,0.9358287,0.44858652,0.92787236
pose1091.png,land,0.4248601,0.33202907,0.4317046,0.31814876,0.41547912,0.319954,0.4410345,0.32244983,0.3999156,0.3260924,0.45630217,0.4007961,0.3842922,0.40477592,0.45544547,0.50734687,0.38303572,0.51140434,0.41472682,0.5392071,0.42301804,0.5349598,0.447925,0.61311746,0.39892253,0.61641204,0.4441905,0.7710338,0.40067244,0.7785195,0.44010195,0.9151878,0.40528268,0.92550415
pose1101.png,land,0.4189996,0.3658419,0.4272654,0.35193565,0.41029525,0.3525949,0.43980068,0.35645285,0.39705205,0.3572987,0.45498663,0.4361968,0.38159448,0.4378584,0.45013443,0.54944795,0.37831444,0.5502711,0.41102234,0.60639256,0.4142323,0.59124076,0.4434429,0.6542927,0.39306635,0.6556504,0.44022304,0.8176229,0.39432114,0.82037693,0.43497914,0.95833665,0.39909166,0.96158606
pose1115.png,land,0.4139207,0.2829098,0.4237133,0.26490244,0.40477476,0.2640943,0.43639365,0.26833043,0.38942415,0.26586947,0.45483,0.36483255,0.37030715,0.36831105,0.45796904,0.4867824,0.36966348,0.4967646,0.41485685,0.54001004,0.4098072,0.550613,0.44663945,0.6183331,0.38907486,0.62123936,0.44716725,0.8082282,0.3860911,0.81294304,0.43677145,0.97039455,0.397856,0.97803533
pose1120.png,land,0.40030742,0.106139794,0.410604,0.08700951,0.38944417,0.08706682,0.4251483,0.09070078,0.37333438,0.090384334,0.44597667,0.1892688,0.35653317,0.1924321,0.4447599,0.32101578,0.35652208,0.3245192,0.39083964,0.38257793,0.4036666,0.3657112,0.4375135,0.4551717,0.3760863,0.45773527,0.4363162,0.6537755,0.3786524,0.66061074,0.42910856,0.8176765,0.3854262,0.8388326
pose1130.png,land,0.40570265,0.24477993,0.41496477,0.22676738,0.39555484,0.22689287,0.42827374,0.2279382,0.38026926,0.22891776,0.44771117,0.32555336,0.3616904,0.3318563,0.44963926,0.45219713,0.36358246,0.4586697,0.4017133,0.51054525,0.40741944,0.5117211,0.44084495,0.58201283,0.38265535,0.58562344,0.44383755,0.7705689,0.3793167,0.77947843,0.4329846,0.9429886,0.39539114,0.953997
pose1132.png,land,0.4057322,0.24586827,0.41496095,0.22775307,0.3955431,0.22792195,0.42819032,0.22859438,0.38016814,0.22968,0.44768515,0.32577062,0.36134237,0.33221585,0.45009485,0.45317742,0.362688,0.46013603,0.40229034,0.5135546,0.40716028,0.5139042,0.44072017,0.5842234,0.38230282,0.5878764,0.4441429,0.77222,0.3793396,0.7807618,0.43343955,0.94571847,0.39510605,0.95583904
pose1133.png,land,0.3987767,0.24693555,0.40898567,0.23053156,0.39028463,0.2292623,0.4262684,0.23461956,0.37935573,0.23278594,0.4478806,0.32890147,0.36158365,0.33481526,0.4492038,0.455023,0.3610625,0.46178162,0.403131,0.5148846,0.4045371,0.5181867,0.43974108,0.5868342,0.3811614,0.590117,0.44276673,0.7750852,0.3781175,0.7831262,0.43318996,0.9460162,0.39457124,0.9583842
pose1149.png,land,0.38781038,0.21274427,0.3997925,0.1950251,0.38141355,0.1929649,0.42456898,0.2000423,0.37624845,0.19518109,0.4523968,0.300906,0.36158952,0.3039076,0.44614357,0.4323849,0.3589576,0.43604898,0.39085492,0.50328743,0.40515533,0.49425325,0.44037867,0.5683299,0.3774684,0.5699074,0.4413603,0.77042836,0.37763968,0.77360916,0.43247002,0.94730663,0.39241758,0.95956385
pose1150.png,land,0.3853554,0.20015226,0.39789796,0.18150279,0.37878257,0.17858545,0.42338324,0.18518353,0.3732244,0.17834045,0.45179835,0.29252446,0.35761064,0.29362464,0.44512114,0.43094736,0.35457155,0.43166128,0.3874891,0.49825892,0.40686497,0.48805395,0.44079366,0.5685055,0.37560743,0.56997114,0.4401537,0.7747285,0.37495095,0.7787437,0.43207723,0.9516536,0.3896437,0.96830666
pose2090.png,land,0.4267899,0.33111945,0.43355212,0.31774297,0.41773123,0.3192441,0.4430161,0.32279354,0.4022923,0.32583636,0.46088743,0.3982344,0.3840387,0.4054149,0.46418825,0.49233195,0.38220528,0.51009786,0.4126552,0.50056875,0.43828315,0.51087856,0.4516695,0.61133564,0.39959455,0.6158532,0.4458148,0.7690281,0.4020083,0.77752125,0.43999344,0.91380095,0.40625462,0.92512196
pose2095.png,land,0.42073733,0.3392335,0.4286614,0.32580727,0.4119494,0.32669476,0.44034004,0.33165297,0.39819127,0.332837,0.45365053,0.4111212,0.38310322,0.4117314,0.45024818,0.5167051,0.37898347,0.5140024,0.4140486,0.5666533,0.4170909,0.55622774,0.44381732,0.6215545,0.39567682,0.62351996,0.4400433,0.7769376,0.39722198,0.78305835,0.43761858,0.9179951,0.40123653,0.92752993
pose2100.png,land,0.41950408,0.35505027,0.42707214,0.3414895,0.41069764,0.34265316,0.43847245,0.34646788,0.39704555,0.34853184,0.4536601,0.42450476,0.38168162,0.4271417,0.45458406,0.52488023,0.37674993,0.53172106,0.42240065,0.5724563,0.4126501,0.5785401,0.443261,0.63873625,0.3944012,0.6407765,0.43962565,0.7978746,0.39592594,0.80143803,0.4362743,0.9410908,0.39921647,0.94518816
pose2115.png,land,0.4139207,0.2829098,0.4237133,0.26490244,0.40477476,0.2640943,0.43639365,0.26833043,0.38942415,0.26586947,0.45483,0.36483255,0.37030715,0.36831105,0.45796904,0.4867824,0.36966348,0.4967646,0.41485685,0.54001004,0.4098072,0.550613,0.44663945,0.6183331,0.38907486,0.62123936,0.44716725,0.8082282,0.3860911,0.81294304,0.43677145,0.97039455,0.397856,0.97803533
pose2128.png,land,0.40434232,0.23953412,0.4136878,0.2200845,0.39443493,0.22056021,0.42670956,0.22089788,0.37862855,0.2214205,0.44660702,0.3215046,0.36138672,0.32737905,0.44716153,0.4444347,0.36134094,0.45518404,0.40117168,0.5034784,0.40407747,0.5026874,0.43898392,0.5771381,0.38121185,0.5814035,0.44026193,0.76558447,0.37968916,0.77183026,0.43058753,0.9379106,0.39476418,0.948967
pose2133.png,land,0.3987767,0.24693555,0.40898567,0.23053156,0.39028463,0.2292623,0.4262684,0.23461956,0.37935573,0.23278594,0.4478806,0.32890147,0.36158365,0.33481526,0.4492038,0.455023,0.3610625,0.46178162,0.403131,0.5148846,0.4045371,0.5181867,0.43974108,0.5868342,0.3811614,0.590117,0.44276673,0.7750852,0.3781175,0.7831262,0.43318996,0.9460162,0.39457124,0.9583842
pose2139.png,land,0.39361584,0.24255586,0.40444046,0.22649494,0.38570362,0.2246298,0.42345244,0.23243918,0.37589908,0.22908443,0.44474068,0.32844,0.35866827,0.33423948,0.44605026,0.45214504,0.35738397,0.46141493,0.40512505,0.50998706,0.4014565,0.51803154,0.43635407,0.58578414,0.37808722,0.5891939,0.4393192,0.77382725,0.37504214,0.7809845,0.43143362,0.9459191,0.39133966,0.9577303
pose2144.png,land,0.3840261,0.23219664,0.39553204,0.21424538,0.37719095,0.21293762,0.41890368,0.21880576,0.371566,0.21548729,0.4449222,0.3200749,0.35837105,0.32496434,0.44056606,0.44527102,0.35562158,0.45428646,0.39306188,0.50571847,0.40269002,0.49945673,0.43497676,0.5786291,0.3753507,0.58165133,0.4344539,0.7710934,0.37492746,0.77584535,0.42829567,0.9411039,0.38976222,0.9540934
pose5110.jpg,land,0.2733897,0.35949343,0.2806285,0.34480134,0.2652626,0.34674978,0.29320723,0.34672064,0.2537964,0.35047302,0.31062883,0.4226145,0.24236163,0.42503706,0.318085,0.5477535,0.24396162,0.54197496,0.29706815,0.63805497,0.27554363,0.61518204,0.30840087,0.6307451,0.25982848,0.6337533,0.3244055,0.79400396,0.25946984,0.7977444,0.33169317,0.9487403,0.26286373,0.9514676
pose5130.jpg,land,0.28598464,0.35949242,0.29459426,0.343847,0.276115,0.3453861,0.30726445,0.35474744,0.2619567,0.35780564,0.32070014,0.44042516,0.2504847,0.44658342,0.32578447,0.55346555,0.2540695,0.5577331,0.30483946,0.65270966,0.27922088,0.639113,0.3178472,0.64675313,0.26803547,0.6513884,0.32561952,0.81917846,0.26410943,0.830627,0.326528,0.9666432,0.26507872,0.9795867
pose5140.jpg,land,0.3081345,0.30059195,0.31627563,0.28318125,0.29833835,0.28442055,0.32802388,0.29127645,0.28294095,0.29419014,0.34465712,0.39102155,0.26974648,0.39579332,0.35458058,0.51421773,0.2699621,0.51927376,0.33365864,0.62641215,0.29760832,0.60584897,0.33849946,0.61776054,0.28582576,0.62124497,0.34858152,0.7986252,0.28041303,0.8042966,0.3492858,0.96125466,0.27919525,0.9641397
1725301760843.png,go_up,0.52521795,0.33874902,0.53499436,0.3258382,0.51397145,0.32702905,0.5512345,0.33501074,0.5004543,0.33461604,0.5694195,0.4375331,0.48475963,0.3926271,0.5882187,0.5259499,0.43904138,0.308178,0.59259844,0.6123962,0.4313908,0.20443955,0.54261273,0.62564874,0.49028242,0.61192495,0.5476371,0.74825335,0.49126777,0.75151944,0.53801066,0.86567044,0.50275296,0.85196966
1725301766743.png,go_up,0.5386326,0.33147377,0.54934347,0.31830662,0.5285937,0.3195415,0.568675,0.3274168,0.51844674,0.32681763,0.58684653,0.4287894,0.50428885,0.38230872,0.6051206,0.5203829,0.454138,0.3170115,0.61082184,0.59858024,0.45505643,0.21263313,0.5589261,0.61129254,0.50728196,0.5952524,0.5594158,0.7198809,0.51237214,0.7190742,0.55265415,0.83052945,0.5164961,0.8163831
1725302269775.png,go_up,0.36751336,0.3453758,0.3742745,0.331046,0.35560933,0.3340501,0.3840116,0.33401918,0.33729187,0.33801085,0.3999701,0.42407662,0.32475543,0.39153966,0.4261059,0.50175434,0.29175037,0.31297627,0.4326046,0.5891649,0.29280156,0.20902169,0.38868958,0.5989891,0.3412384,0.5930779,0.4016614,0.7239519,0.34094462,0.73939794,0.40098533,0.8543509,0.34794316,0.8525092
1725302279630.png,go_up,0.30713376,0.35770938,0.3123547,0.34410736,0.29572135,0.34698868,0.32007727,0.34555772,0.27880323,0.35026434,0.33994904,0.43159074,0.26407903,0.3956256,0.35997528,0.49579662,0.23087953,0.32398888,0.36266872,0.5693106,0.229686,0.23414914,0.32820877,0.59334046,0.280302,0.5837261,0.3394959,0.69337153,0.2792448,0.7088108,0.32809243,0.8099219,0.2878475,0.8182853
1725302283104.png,go_up,0.3113209,0.37316355,0.31687382,0.3592754,0.29995766,0.36370268,0.3249403,0.35808104,0.283516,0.36511505,0.3397,0.4373412,0.27153534,0.40831977,0.36195296,0.5073382,0.24157183,0.34384608,0.36563367,0.5769974,0.23703425,0.2618652,0.32793787,0.5918122,0.2852829,0.58556944,0.3405053,0.70017743,0.28440705,0.7136515,0.33718744,0.8184525,0.29363278,0.81535804
IMG_20241016_102950.jpg,go_up,0.47571355,0.40929762,0.4851813,0.40102106,0.46276563,0.40199497,0.49947065,0.4050932,0.44446874,0.4058652,0.5171592,0.459849,0.43196672,0.43519956,0.53014165,0.51011086,0.38731393,0.39498314,0.5316216,0.569451,0.36142245,0.33702397,0.5030904,0.5656177,0.4481438,0.55797917,0.5130903,0.6518177,0.44085485,0.6569877,0.5127329,0.7460239,0.44525528,0.7455892
IMG_20241016_102952.jpg,go_up,0.50430894,0.41019812,0.5147869,0.40204585,0.49119014,0.4029578,0.53041464,0.40670773,0.4732761,0.40719634,0.54696393,0.46137786,0.4616113,0.43488583,0.5614639,0.5114005,0.42153695,0.39094484,0.5611877,0.56846374,0.40077546,0.33139148,0.52861804,0.5676177,0.4720527,0.5594188,0.53552186,0.65082586,0.46499968,0.6571489,0.5360447,0.74606204,0.47042388,0.74721
IMG_20241016_102953.jpg,go_up,0.5125402,0.39038652,0.5232911,0.38202372,0.49980116,0.3834219,0.54195964,0.3859052,0.48490468,0.38722882,0.560802,0.4433677,0.47614473,0.41460595,0.57613885,0.49814615,0.43336532,0.36622268,0.57015127,0.5555172,0.41452375,0.30625147,0.5381116,0.54929173,0.4820169,0.5397775,0.54347634,0.6350001,0.47448173,0.639152,0.54105175,0.7290346,0.47363022,0.7227689
IMG_20241016_102954.jpg,go_up,0.48418072,0.389626,0.4955245,0.38160735,0.47205323,0.38316083,0.518096,0.3855983,0.45978916,0.38767132,0.53731626,0.4396981,0.4505954,0.4176902,0.5569486,0.4927497,0.4054642,0.3701613,0.55318487,0.55013156,0.38749182,0.31161568,0.51789993,0.54649967,0.4617919,0.5408101,0.52899134,0.6332954,0.4604893,0.64116025,0.53332675,0.72753215,0.46452767,0.71798944
IMG_20241016_102957.jpg,go_up,0.43037173,0.31476986,0.43778726,0.30461463,0.4210498,0.3062965,0.45029786,0.31132767,0.41003376,0.3134289,0.4647854,0.38327298,0.39939138,0.35434392,0.48348573,0.4526744,0.35674918,0.29890034,0.48200935,0.5250341,0.3403568,0.22471873,0.45763972,0.5257256,0.4157445,0.5188753,0.464792,0.63682884,0.4172032,0.6448565,0.4695366,0.757343,0.41938058,0.7486355
IMG_20241016_102957_1.jpg,go_up,0.4498001,0.34195223,0.45656848,0.33058935,0.43968165,0.33401352,0.46870276,0.33656,0.427943,0.34280294,0.4856569,0.40961722,0.42241132,0.3768879,0.49794495,0.47942805,0.38759983,0.31846997,0.49475586,0.55473024,0.36819106,0.24219167,0.47484893,0.55479676,0.43166864,0.5447188,0.47943336,0.6630646,0.42672083,0.67179245,0.4794279,0.79211575,0.42657402,0.7876828
IMG_20241016_102959.jpg,go_up,0.49304765,0.32814172,0.50079644,0.3174036,0.48360744,0.3187185,0.51223326,0.32332563,0.47078964,0.32422015,0.52317977,0.39667273,0.46339306,0.36199826,0.53477865,0.46559536,0.43316156,0.3048198,0.5314958,0.5377213,0.4162676,0.22115499,0.5062275,0.5396022,0.4662296,0.52810925,0.50815487,0.6492542,0.45974508,0.653992,0.50531435,0.773333,0.45693696,0.76861614
IMG_20241016_103000.jpg,go_up,0.51330954,0.28224674,0.52009684,0.27066892,0.50297034,0.27270925,0.53033894,0.27686006,0.48847038,0.2796639,0.5438088,0.3521577,0.47926995,0.31889716,0.5521696,0.42085353,0.44746006,0.26176333,0.5505164,0.5005953,0.43059918,0.18063582,0.5287667,0.49287918,0.48674035,0.48167866,0.52972645,0.6037288,0.4741956,0.6124733,0.52597076,0.7293958,0.4781343,0.7285125
IMG_20241016_103001.jpg,go_up,0.5109257,0.3002104,0.5178171,0.28840914,0.5015499,0.29051656,0.5292107,0.29228774,0.48925695,0.29500848,0.5455736,0.36823654,0.48045817,0.33358803,0.55544144,0.43668234,0.44561535,0.27620816,0.55127776,0.51345354,0.42477855,0.20167938,0.53229,0.50930864,0.49029532,0.49753132,0.5338258,0.61505497,0.47980446,0.62482536,0.5280857,0.7410768,0.48215634,0.74033576
IMG_20241016_103002.jpg,go_up,0.4933259,0.39408618,0.50050324,0.38289604,0.48450086,0.38555673,0.51435965,0.38647518,0.47517678,0.39103955,0.531065,0.45642465,0.46877128,0.42789578,0.5471729,0.5245489,0.4321856,0.37708318,0.54686517,0.6020721,0.41015717,0.3077078,0.52255845,0.59884757,0.48119572,0.5916158,0.5340469,0.70729053,0.483212,0.71826756,0.5377248,0.82921803,0.48612452,0.82982904
IMG_20241016_103003.jpg,go_up,0.44142684,0.23260616,0.44983575,0.22182633,0.43177244,0.22359167,0.46325895,0.23048797,0.4200192,0.23193967,0.47769004,0.31080425,0.41057587,0.27261668,0.49071795,0.38771483,0.37290317,0.2085448,0.49035218,0.46751496,0.35344398,0.120963104,0.46128646,0.4634951,0.41695532,0.45149466,0.4672455,0.5817299,0.41441655,0.5871951,0.46479216,0.7164591,0.41491318,0.70834684
IMG_20241016_103004.jpg,go_up,0.42692828,0.29100725,0.43492523,0.2789943,0.41600308,0.2822835,0.4489524,0.2859327,0.4036016,0.2908276,0.46331006,0.36698955,0.39711028,0.33251628,0.475579,0.44093934,0.36008853,0.2655241,0.4783468,0.51885957,0.3420767,0.1814809,0.45091143,0.5174958,0.40764704,0.5079503,0.4611233,0.6342552,0.4071232,0.64521956,0.45949104,0.76141554,0.40770045,0.75371075
IMG_20241016_103005.jpg,go_up,0.5010025,0.3702495,0.50778955,0.35767952,0.49081656,0.36121193,0.5205642,0.36120325,0.47902033,0.36712867,0.53877735,0.43718037,0.47230813,0.40416226,0.5512088,0.50536996,0.43902746,0.3452751,0.55166346,0.58521104,0.41957107,0.27170008,0.5272126,0.58084655,0.4845073,0.5709894,0.53699815,0.68694955,0.48366085,0.70061725,0.5337744,0.81728643,0.48591518,0.81837916
IMG_20241016_103227.jpg,go_up,0.54636055,0.38169864,0.5520629,0.37154964,0.5382401,0.37320527,0.5627943,0.37586972,0.5287178,0.37791222,0.58208597,0.44641283,0.5190157,0.4110104,0.59686095,0.5124215,0.49374998,0.3499058,0.60307395,0.58835506,0.50157094,0.27320832,0.57282436,0.5845706,0.5322246,0.5749627,0.57676244,0.6833224,0.5290584,0.7007239,0.57444,0.79311204,0.53609616,0.8083835
IMG_20241016_103228.jpg,go_up,0.5529597,0.40021577,0.55880314,0.38969344,0.54436314,0.39202836,0.5688928,0.39394742,0.53445923,0.3967138,0.58384377,0.46366203,0.5258776,0.4315027,0.60162413,0.53412706,0.5024101,0.36487517,0.606567,0.61082476,0.50970095,0.2831158,0.57419467,0.60078865,0.5369862,0.59323907,0.58037364,0.71206325,0.5346338,0.7232922,0.5812968,0.8206462,0.54090714,0.82095945
IMG_20241016_103229.jpg,go_up,0.5742472,0.36751297,0.58009446,0.35710603,0.5652133,0.3592928,0.5885852,0.36254066,0.5534884,0.364937,0.60349834,0.43395814,0.5440869,0.3996281,0.62062496,0.5070464,0.52158886,0.33689713,0.62830895,0.58262765,0.52999943,0.25418022,0.59544885,0.5749406,0.5563991,0.56639886,0.59893155,0.68225795,0.5528614,0.69460857,0.59665793,0.7898463,0.557665,0.7953284
IMG_20241016_103230.jpg,go_up,0.52838683,0.26193914,0.5348316,0.2521628,0.5194144,0.25332394,0.5430854,0.26093403,0.50699615,0.26072305,0.5554799,0.33633965,0.4954225,0.29835117,0.5714232,0.4093121,0.47587934,0.22567645,0.57527137,0.4857123,0.49127653,0.14010791,0.54320943,0.47962528,0.5031768,0.46973947,0.5439171,0.5905791,0.4968025,0.60150564,0.53933734,0.69924194,0.50128585,0.7023674
IMG_20241016_103230_1.jpg,go_up,0.5727665,0.259658,0.57879597,0.24909912,0.56330556,0.25156137,0.5878356,0.25579283,0.55146146,0.25871152,0.60293937,0.33004895,0.54145,0.29536092,0.6218547,0.40446183,0.51983064,0.22446637,0.6265338,0.48233682,0.5328479,0.14151716,0.59454596,0.4746099,0.55404395,0.4669951,0.5987309,0.5840702,0.5517319,0.59992546,0.59651595,0.69406396,0.5574861,0.6995077
IMG_20241016_103231.jpg,go_up,0.5618939,0.21361981,0.5684341,0.20307867,0.5524977,0.20584506,0.57896507,0.21132377,0.5411272,0.21468154,0.5928886,0.2870806,0.533033,0.25187442,0.6096451,0.3607723,0.5118417,0.1788504,0.614355,0.4400978,0.5221995,0.08780035,0.57949,0.42901897,0.5404292,0.4199259,0.58220845,0.5356274,0.53593105,0.54901403,0.5808442,0.6445535,0.54213136,0.64547724
IMG_20241016_103232.jpg,go_up,0.5089831,0.3002673,0.5158613,0.28966877,0.5005466,0.29215145,0.5299749,0.29560524,0.492367,0.2991944,0.55043226,0.37038335,0.4856023,0.33554584,0.56816137,0.43950194,0.4612386,0.27111635,0.57176524,0.5169559,0.464707,0.1882268,0.54196525,0.51340127,0.49949524,0.5043937,0.5509143,0.61358494,0.5013209,0.6312135,0.55129653,0.72154766,0.50906354,0.7309368
IMG_20241016_103232_1.jpg,go_up,0.52611077,0.2644669,0.53334194,0.2543579,0.5182798,0.25585878,0.54834384,0.26046243,0.5116379,0.2612631,0.5649856,0.33411884,0.505088,0.29889542,0.5816265,0.40658635,0.48103058,0.22931339,0.5867193,0.4823358,0.48948786,0.14380439,0.55152124,0.4725793,0.51354873,0.4634049,0.56211716,0.586271,0.5166139,0.59369457,0.56441057,0.69167405,0.525083,0.68649596
IMG_20241016_103234.jpg,go_up,0.49367648,0.43139327,0.5007258,0.42153755,0.48566213,0.42270324,0.5138141,0.42886958,0.4779903,0.4290471,0.53045756,0.49706963,0.469693,0.46707195,0.544949,0.5719795,0.4481225,0.40516728,0.55222464,0.65165436,0.45759436,0.31931904,0.51657027,0.64269567,0.4759665,0.63598716,0.52315956,0.7555602,0.47297633,0.76543075,0.52078575,0.8655113,0.4783242,0.86433315
IMG_20241016_111040.jpg,go_up,0.55609107,0.36030257,0.5630638,0.35197127,0.5487522,0.3515328,0.57240397,0.35943726,0.5379412,0.35639742,0.5858208,0.42218754,0.52550006,0.3925554,0.602227,0.48437455,0.5023041,0.33559236,0.5995686,0.5560479,0.50106996,0.25327903,0.5755606,0.5552835,0.5371961,0.54708624,0.5761786,0.65307707,0.53116405,0.65951335,0.56644046,0.75412905,0.5402494,0.75611526
IMG_20241016_111041.jpg,go_up,0.55695224,0.42446172,0.5643249,0.4167103,0.5497643,0.41597855,0.57425576,0.42656392,0.53943765,0.42279762,0.5868285,0.49078473,0.5274917,0.45981413,0.60138685,0.5534321,0.50649005,0.40185636,0.59473324,0.6245092,0.5019755,0.3190737,0.5730153,0.62458676,0.5349968,0.61525726,0.57383245,0.72569925,0.52882576,0.7311226,0.56276244,0.8259297,0.5380381,0.8284292
IMG_20241016_111042.jpg,go_up,0.58546615,0.37325597,0.59241897,0.36456648,0.5774867,0.3645795,0.601682,0.37341908,0.56543064,0.3711918,0.61535466,0.44039914,0.5554273,0.40985835,0.63074297,0.5020272,0.53837353,0.3501457,0.6267715,0.57135904,0.5325509,0.2677381,0.6023956,0.5718638,0.5648813,0.5629278,0.6037267,0.6707656,0.5585442,0.67999524,0.58879536,0.77334356,0.56685674,0.7821971
IMG_20241016_111043.jpg,go_up,0.5880742,0.28531867,0.59483534,0.27686316,0.5798618,0.27723044,0.6040571,0.28702277,0.56790936,0.28565085,0.6171649,0.3543615,0.5581485,0.3240607,0.63174963,0.41633257,0.5404257,0.26254532,0.62692267,0.48474002,0.53895175,0.17685676,0.6033018,0.48679054,0.56601703,0.47786528,0.6041369,0.5865067,0.55981815,0.5936598,0.59083563,0.68824714,0.5664951,0.69196564
IMG_20241016_111044.jpg,go_up,0.57021004,0.26775694,0.5776601,0.2596418,0.5620286,0.25986964,0.5879789,0.26977837,0.5511036,0.26816678,0.6003691,0.3352531,0.541326,0.3045929,0.61722195,0.40122315,0.52090013,0.24375276,0.6139671,0.47175962,0.51546735,0.15912247,0.58853203,0.4713405,0.5502604,0.46275944,0.5890121,0.5685238,0.54589295,0.5745507,0.5810019,0.6716773,0.5568252,0.6696345
IMG_20241016_111045.jpg,go_up,0.5506929,0.38904643,0.55764496,0.38060865,0.54317147,0.3800635,0.5683796,0.38828292,0.53361446,0.3848348,0.5820792,0.45325676,0.5237737,0.4211808,0.5948181,0.5192621,0.5030757,0.36435997,0.5946592,0.58921903,0.5028167,0.2827006,0.5646998,0.5865682,0.52724516,0.57697546,0.5630635,0.6869315,0.52160424,0.69077533,0.5532622,0.7904496,0.5291735,0.79190904
IMG_20241016_111046.jpg,go_up,0.5650526,0.42512846,0.5725828,0.4164588,0.55738366,0.41671643,0.58451545,0.42422417,0.54793286,0.4222116,0.59770757,0.487586,0.53848135,0.45885754,0.611141,0.55873036,0.51942205,0.39900997,0.60706276,0.6334912,0.5137967,0.31195834,0.5799966,0.62874687,0.54204947,0.62082744,0.5793505,0.7303382,0.53687084,0.73748285,0.570737,0.8428409,0.54407996,0.8387641
IMG_20241016_111047.jpg,go_up,0.5663894,0.42158043,0.5745354,0.41336784,0.5592451,0.412816,0.58741266,0.42268604,0.5507488,0.4186369,0.5998751,0.48810628,0.540509,0.45576486,0.6114368,0.56368697,0.52187514,0.39494222,0.6061248,0.63950545,0.51728314,0.30862042,0.5774836,0.63274103,0.5390133,0.6227123,0.57570636,0.734637,0.53222775,0.7393361,0.5645904,0.8457243,0.5369742,0.83872324
IMG_20241016_111048.jpg,go_up,0.55300975,0.38779846,0.56072366,0.37864527,0.54544336,0.3784752,0.5737218,0.3852854,0.53722006,0.38249946,0.5877653,0.45182574,0.5279678,0.42095602,0.5991451,0.52533567,0.507411,0.36187276,0.5982508,0.59903914,0.5038926,0.27283025,0.56740665,0.59169525,0.52889276,0.58262485,0.5663536,0.69518834,0.52278996,0.7005074,0.5563861,0.80078006,0.5300086,0.7968786
IMG_20241016_111049.jpg,go_up,0.5370929,0.32416934,0.5442337,0.3148569,0.5289707,0.3149041,0.55450916,0.32212162,0.5177549,0.3197747,0.56833667,0.3917528,0.50731146,0.35949326,0.58457667,0.4606623,0.48758054,0.2958191,0.58212674,0.5341314,0.48739082,0.20540234,0.5552986,0.530901,0.51699555,0.5219107,0.55629486,0.6372791,0.5114716,0.6434231,0.54631984,0.74349266,0.52092445,0.7444384
IMG_20241016_111050.jpg,go_up,0.49398404,0.35238004,0.5013927,0.34344628,0.48562315,0.3433417,0.511523,0.35222164,0.47329593,0.3497107,0.5241426,0.42023116,0.46232408,0.3882465,0.54023916,0.4848016,0.44293886,0.32377675,0.5366092,0.55990833,0.4443421,0.23158789,0.50927174,0.5591741,0.47035486,0.55007964,0.51117843,0.6639246,0.46775815,0.67110723,0.49954745,0.7721531,0.47603333,0.7760014
IMG_20241017_140620.jpg,go_up,0.5401791,0.33908755,0.5491884,0.3305248,0.5328619,0.32733324,0.56107074,0.34892544,0.52173156,0.33738562,0.5658792,0.43786073,0.51019186,0.37262413,0.57513297,0.5295362,0.49697068,0.25635853,0.5755732,0.627584,0.49396646,0.14613043,0.53550094,0.61831874,0.49856243,0.59655464,0.5442836,0.7677126,0.5024353,0.7698097,0.53756624,0.9288187,0.51585746,0.9196833
IMG_20241017_140620_1.jpg,go_up,0.52857816,0.35098416,0.5368806,0.34045807,0.52031815,0.3403048,0.5489305,0.3562104,0.50970894,0.35196692,0.5614314,0.4480482,0.50258434,0.38604075,0.5778435,0.5333225,0.49119928,0.27853468,0.5816672,0.6282243,0.48157644,0.16817878,0.5392276,0.6336547,0.4998665,0.6130792,0.5444172,0.7727428,0.50219834,0.78122,0.5390498,0.9336638,0.51766527,0.9345817
IMG_20241017_140621.jpg,go_up,0.5310897,0.38998777,0.53927475,0.37994593,0.5228675,0.3792976,0.55018085,0.39522654,0.5118516,0.38968304,0.55805933,0.4822657,0.5017231,0.42471752,0.57374674,0.57787573,0.49466422,0.31639275,0.5775703,0.6775068,0.49250105,0.20786376,0.5350205,0.66968167,0.49615788,0.65281546,0.542494,0.81903094,0.4976155,0.82576936,0.5369111,0.9763085,0.5162048,0.968381
IMG_20241017_140621_1.jpg,go_up,0.5207617,0.36265168,0.53050834,0.3563998,0.5148054,0.3493686,0.54020894,0.3768754,0.5024091,0.3568822,0.54543215,0.46493784,0.48629346,0.3904567,0.55759287,0.5516882,0.47107083,0.28175193,0.5615929,0.65195554,0.46177876,0.1729201,0.5219748,0.6456302,0.4824171,0.6205586,0.5289937,0.78970283,0.48396817,0.79444057,0.5298066,0.9456178,0.5030624,0.9543407
IMG_20241017_140622.jpg,go_up,0.53445923,0.34034365,0.5438778,0.33260885,0.52794653,0.32759124,0.5555717,0.35252035,0.5170993,0.33732632,0.5602334,0.4398164,0.5034808,0.37970117,0.5680174,0.52765834,0.49149805,0.27488005,0.5738073,0.6249856,0.49375412,0.15784743,0.53392965,0.6190248,0.49653146,0.6001744,0.5378969,0.7705374,0.4950175,0.77576196,0.53063536,0.9280069,0.5104845,0.9293292
IMG_20241017_140623.jpg,go_up,0.55239075,0.26373872,0.5605593,0.25229606,0.5442865,0.25174698,0.57239515,0.2643889,0.53345144,0.2586297,0.5786827,0.35796332,0.5252794,0.29554364,0.5877281,0.45224527,0.5178333,0.18143988,0.5881366,0.5447422,0.52284694,0.06711049,0.54738146,0.53752476,0.512106,0.5163818,0.5522355,0.673105,0.51215047,0.6784731,0.5404268,0.8244972,0.52225834,0.81552064
IMG_20241017_140624.jpg,go_up,0.55094993,0.32484528,0.5583909,0.31287354,0.5429001,0.3135173,0.5701028,0.32272205,0.53316814,0.3199925,0.5786639,0.41524988,0.5252269,0.35825393,0.5896338,0.5131028,0.51569945,0.24874935,0.5895773,0.6110814,0.51794386,0.12937967,0.54867685,0.59472597,0.5136883,0.57547563,0.5528985,0.73433787,0.5111696,0.7384959,0.5432865,0.8887945,0.5239733,0.8742641
IMG_20241017_140624_1.jpg,go_up,0.5804678,0.34276947,0.5890479,0.3329455,0.57342887,0.33157203,0.60202,0.3454354,0.56452477,0.33796817,0.60820395,0.43095934,0.5557382,0.36904106,0.6189899,0.53109,0.5528353,0.26140434,0.6187743,0.62634814,0.5601198,0.14560068,0.5755793,0.6061774,0.5390928,0.584944,0.57872117,0.74783415,0.534918,0.74911314,0.5711855,0.90141034,0.549026,0.8881524
IMG_20241017_140627.jpg,go_up,0.57293206,0.32042846,0.58092165,0.3088524,0.56422675,0.3096013,0.5929638,0.31918526,0.55343014,0.31643257,0.5995695,0.41272715,0.5460491,0.35242578,0.60862505,0.5148693,0.53279525,0.24213453,0.6080627,0.6091629,0.5291527,0.13128643,0.56775314,0.5921304,0.5323957,0.57109106,0.56607014,0.7284358,0.5256983,0.7333659,0.55393666,0.8808384,0.53336006,0.864579
IMG_20241017_140627_1.jpg,go_up,0.51218665,0.3815581,0.519328,0.36634243,0.5024164,0.36996347,0.531489,0.36930776,0.49074736,0.3734332,0.54499286,0.460087,0.4850028,0.40950555,0.56138366,0.55235285,0.46981245,0.3056415,0.57276833,0.6499044,0.46333566,0.19392198,0.52694184,0.64656705,0.48762932,0.6318716,0.53225315,0.7876093,0.48401132,0.8016868,0.52843004,0.9536365,0.5016193,0.94602966
IMG_20241017_140628.jpg,go_up,0.55675256,0.32986525,0.5639692,0.31700385,0.5474445,0.318748,0.5744602,0.32829714,0.53506327,0.3282834,0.585456,0.42290178,0.526664,0.37077788,0.6029644,0.5133149,0.509333,0.25944486,0.6134523,0.61348385,0.50784487,0.1429558,0.56658494,0.6132086,0.5278258,0.5981888,0.57048845,0.7538183,0.520374,0.76749253,0.5653869,0.9121358,0.53049666,0.9063098
IMG_20241017_140629.jpg,go_up,0.5375768,0.29475597,0.54482865,0.28162688,0.5282321,0.28379717,0.5562522,0.2925041,0.51649463,0.29346663,0.5676005,0.38894227,0.50959754,0.3408721,0.5809274,0.48394012,0.49432492,0.24008666,0.58875585,0.5838686,0.4933864,0.11532329,0.54692024,0.57423526,0.50951463,0.559874,0.5515775,0.7170201,0.50372684,0.7254285,0.5419252,0.87160087,0.5111289,0.86403805
IMG_20241017_140629_1.jpg,go_up,0.5650307,0.35203606,0.57227385,0.34006456,0.5558559,0.34146583,0.58252764,0.35187057,0.5430998,0.35135713,0.5917654,0.43902597,0.53691703,0.39572528,0.60370445,0.53231245,0.52199507,0.29526877,0.6119042,0.628465,0.516758,0.17152499,0.5734682,0.62580097,0.5373026,0.614129,0.57350254,0.76702887,0.5288597,0.7801571,0.564506,0.9245194,0.53163654,0.92156667
IMG_20241017_140630.jpg,go_up,0.55777764,0.2573788,0.56434125,0.24571115,0.54903257,0.24604556,0.5732956,0.25819442,0.53675103,0.25553316,0.582108,0.34930497,0.52913994,0.30020738,0.5923241,0.44133812,0.51491857,0.19684236,0.6012036,0.5349782,0.5136025,0.06845967,0.560286,0.53140783,0.5249601,0.51712686,0.5610451,0.6721369,0.51742834,0.68174285,0.5510631,0.8234174,0.52104115,0.82039845
IMG_20241017_140630_1.jpg,go_up,0.5424534,0.32515642,0.54840416,0.31249228,0.5332914,0.3148825,0.5574445,0.32472497,0.52139455,0.3265311,0.57036686,0.41984227,0.51352006,0.37063864,0.5851298,0.50857306,0.49567214,0.2654991,0.59425855,0.6008437,0.49286878,0.14599808,0.5546822,0.6036599,0.5178061,0.58966774,0.56143713,0.7471662,0.51291716,0.7577734,0.55273026,0.9058594,0.52128255,0.901072
IMG_20241017_140632.jpg,go_up,0.53064775,0.32873183,0.53733927,0.31797037,0.52213967,0.31905434,0.5473819,0.33251908,0.5109973,0.33138606,0.5587522,0.42168617,0.5043826,0.37248623,0.5711589,0.50760794,0.48939773,0.27092502,0.5803968,0.5987549,0.48649272,0.15718858,0.5431292,0.5970735,0.50755334,0.58241075,0.54710424,0.73868495,0.5007018,0.74653333,0.53958285,0.8892811,0.5083943,0.88505167
IMG_20241017_140633.jpg,go_up,0.5379711,0.30671075,0.54483426,0.29426888,0.52926236,0.2959598,0.5557828,0.30447486,0.51819783,0.30461425,0.56785446,0.39439413,0.5118342,0.34402114,0.5787161,0.47815698,0.49677613,0.24774426,0.58759624,0.5683925,0.49024317,0.13345797,0.5492925,0.568669,0.5129395,0.55228907,0.5560802,0.7061536,0.5079798,0.7123011,0.5475555,0.8564509,0.51901346,0.85053396
IMG_20241017_140634.jpg,go_up,0.56568635,0.2475858,0.5728484,0.23572208,0.55696446,0.2358946,0.5821154,0.2452631,0.5442596,0.24182045,0.58860236,0.33600867,0.53579205,0.28319713,0.59837615,0.42573568,0.5216127,0.1823326,0.60229945,0.5169181,0.5176345,0.070685714,0.5686893,0.50641686,0.5335956,0.48989636,0.5710903,0.63908005,0.52400005,0.6455531,0.56411344,0.7827156,0.5329974,0.7741794
IMG_20241017_140635.jpg,go_up,0.50078684,0.22407791,0.507495,0.21330173,0.49273655,0.21268037,0.51768005,0.22405618,0.4826191,0.2192401,0.52734923,0.31387138,0.47632995,0.2596225,0.53650796,0.40303183,0.46036392,0.1602176,0.54457694,0.49460587,0.45468313,0.05275194,0.50507516,0.48538926,0.4713804,0.46774802,0.5067057,0.61224157,0.46486917,0.6162268,0.49890506,0.75554407,0.4710096,0.7538428
IMG_20241017_140635_1.jpg,go_up,0.5047843,0.27113223,0.5116004,0.26085156,0.49738583,0.25950164,0.5217017,0.2727152,0.48805693,0.26638496,0.53059626,0.3600055,0.48023114,0.30814418,0.54094464,0.4484671,0.46471655,0.2097575,0.54844093,0.53277624,0.4608871,0.0991772,0.5076244,0.5326268,0.47404522,0.5165805,0.5102839,0.66596055,0.4688695,0.6715575,0.5032005,0.81188434,0.47296762,0.8080719
IMG_20241017_140637.jpg,go_up,0.48309883,0.26470685,0.48877794,0.253767,0.4748585,0.25541165,0.496836,0.26657653,0.4636128,0.26684055,0.50604826,0.3496387,0.45435768,0.3059822,0.5161446,0.4351234,0.43976134,0.21398516,0.52177864,0.52160966,0.43429455,0.10004628,0.48593852,0.5185122,0.4517497,0.5054927,0.49113572,0.6516882,0.44430625,0.65754193,0.484333,0.7976702,0.45427454,0.78838456
IMG_20241017_140638.jpg,go_up,0.48533422,0.2611479,0.4908709,0.24974342,0.47666365,0.25164652,0.49808922,0.26192698,0.46398795,0.26274118,0.50584555,0.34555185,0.4544204,0.30300802,0.51518226,0.4305689,0.44031158,0.21183744,0.52138174,0.5162046,0.43744284,0.09211438,0.48524693,0.51497334,0.4512917,0.50243556,0.48988172,0.6479179,0.4432891,0.65396994,0.48228112,0.7947056,0.45221046,0.78458655
IMG_20241017_140639.jpg,go_up,0.5116485,0.26242554,0.51788396,0.25136495,0.50320613,0.25376296,0.527363,0.26447964,0.49252668,0.26642126,0.53686064,0.35142395,0.48489437,0.30391335,0.5478293,0.43697932,0.4699512,0.20666967,0.5517771,0.5247414,0.46367806,0.09798523,0.5149748,0.51754737,0.48037195,0.5026929,0.5189566,0.64745116,0.47289172,0.65753907,0.5115116,0.79711527,0.48155278,0.78707904
IMG_20241017_140639_1.jpg,go_up,0.5351043,0.2728851,0.5403746,0.26350585,0.5269614,0.26334545,0.5456517,0.28019172,0.51324654,0.276053,0.5515456,0.36683697,0.5007808,0.31437033,0.5590351,0.45542258,0.48511496,0.21733367,0.5646343,0.5394807,0.4798707,0.10952342,0.5299727,0.5359258,0.49615708,0.5197522,0.53185636,0.66758174,0.48669803,0.67291164,0.52411544,0.8129958,0.49564224,0.8077905
IMG_20241017_140640_1.jpg,go_up,0.5165114,0.2944977,0.5248686,0.28654328,0.5101545,0.28254429,0.53703,0.30239704,0.5019497,0.28982824,0.5435902,0.38756502,0.49163035,0.32970563,0.54992706,0.48331797,0.47339216,0.23849468,0.5524277,0.5772203,0.46883127,0.1345934,0.51513773,0.55294245,0.48078322,0.53282654,0.5139194,0.6863708,0.47274607,0.6850722,0.50596184,0.8353808,0.4748099,0.82628065
IMG_20241017_140641.jpg,go_up,0.5055594,0.33767915,0.51362646,0.3279359,0.49949628,0.32667732,0.52822727,0.33906695,0.49366927,0.3328276,0.5393487,0.4243664,0.48547268,0.37204313,0.5506924,0.51787734,0.46535033,0.28120825,0.5547624,0.6083857,0.45660067,0.17863551,0.5180687,0.5957028,0.48267338,0.5783216,0.52212656,0.7295424,0.47738516,0.7300678,0.5183067,0.87981546,0.48615018,0.85976166
IMG_20241017_140642.jpg,go_up,0.49543115,0.37218225,0.5021556,0.35974047,0.48818547,0.3617429,0.51554507,0.36821228,0.4815254,0.36944184,0.530682,0.45740515,0.47377038,0.41019055,0.54644173,0.5497263,0.45001754,0.3217232,0.55303544,0.6400601,0.4448518,0.21464488,0.5123409,0.63011414,0.47601044,0.6159569,0.51923513,0.7600988,0.47353122,0.7705327,0.5174869,0.9180765,0.48517072,0.90856904
IMG_20241017_140642_1.jpg,go_up,0.50311255,0.35291728,0.5094496,0.34132245,0.4952956,0.34411347,0.52158636,0.35246786,0.4875465,0.35555914,0.53568053,0.4401593,0.47926965,0.39349765,0.54958504,0.5296635,0.4550658,0.3020659,0.55656075,0.6195999,0.44833338,0.20251796,0.5166288,0.6118866,0.47999266,0.5978644,0.52377945,0.74478424,0.4769458,0.75457567,0.5211052,0.9041157,0.48709783,0.8899382
IMG_20241017_141043.jpg,go_up,0.5332146,0.3784538,0.5415483,0.3601988,0.5224424,0.3650306,0.5568005,0.3725374,0.5117527,0.37921667,0.5792682,0.49731603,0.5046614,0.44576526,0.5963779,0.61400646,0.48870492,0.32990837,0.5919628,0.7401177,0.4934343,0.17382099,0.56371933,0.7416717,0.5126582,0.7271619,0.57078177,0.9297817,0.50700676,0.9468105,0.0,0.0,0.0,0.0
IMG_20241017_141043_1.jpg,go_up,0.5214093,0.45345077,0.53011996,0.43560383,0.5109121,0.43999633,0.5462709,0.45012003,0.50185436,0.45662147,0.56994957,0.57177454,0.49410024,0.52296025,0.58462,0.6840578,0.4742127,0.41247892,0.58035713,0.81612754,0.47681525,0.25504544,0.5580436,0.8281205,0.50413716,0.81486833,0.0,0.0,0.0,0.0,0.0,0.0,0.0,0.0
IMG_20241017_141044.jpg,go_up,0.6168719,0.47330442,0.62523264,0.45482728,0.60543776,0.4599764,0.6404907,0.4657175,0.5938682,0.47442925,0.66393864,0.5889525,0.58461773,0.53663605,0.6811562,0.7047843,0.5685163,0.4256096,0.672884,0.84419507,0.569289,0.27313492,0.64777315,0.8503395,0.59055406,0.83456707,0.0,0.0,0.0,0.0,0.0,0.0,0.0,0.0
IMG_20241017_141045.jpg,go_up,0.5466876,0.41615015,0.55511713,0.39718118,0.5360373,0.40217662,0.57024056,0.40776548,0.52557784,0.415154,0.5920755,0.53143924,0.51586103,0.4792935,0.60627395,0.6505642,0.49619323,0.36874142,0.5964023,0.7827156,0.50512505,0.21954823,0.5697397,0.7866364,0.516899,0.76994896,0.57281566,0.97162664,0.50847685,0.9892209,0.0,0.0,0.0,0.0
IMG_20241017_141045_1.jpg,go_up,0.51535094,0.41815466,0.52313256,0.39993596,0.5042113,0.4059559,0.53694606,0.41071114,0.49333537,0.4206134,0.560051,0.5317796,0.48545048,0.48537725,0.5795593,0.6433302,0.46097344,0.37984455,0.5754187,0.7705879,0.46452034,0.22681178,0.5470701,0.7803599,0.49571663,0.7677799,0.5563268,0.9626337,0.49645865,0.9817298,0.0,0.0,0.0,0.0
IMG_20241017_141046.jpg,go_up,0.48060074,0.42975366,0.48816368,0.41176552,0.46872297,0.41672146,0.4964893,0.42447743,0.452262,0.43108106,0.51557297,0.5482895,0.43890947,0.49343824,0.5278217,0.6693263,0.42247465,0.38620916,0.52135855,0.7962732,0.43147507,0.23240751,0.4970084,0.8087513,0.44219404,0.791186,0.0,0.0,0.0,0.0,0.0,0.0,0.0,0.0
IMG_20241017_141047.jpg,go_up,0.49216527,0.44604865,0.49787453,0.42671508,0.48048803,0.4331684,0.5053374,0.4385464,0.4650804,0.44947952,0.52682936,0.5597791,0.45429045,0.51596195,0.5422084,0.6692861,0.4342223,0.4148493,0.53981763,0.79979426,0.4429166,0.25218925,0.51774895,0.81899565,0.4660553,0.80638975,0.0,0.0,0.0,0.0,0.0,0.0,0.0,0.0
IMG_20241017_141048.jpg,go_up,0.48418847,0.48320425,0.49073562,0.46672395,0.4725251,0.4725996,0.5000093,0.4779482,0.45765743,0.48706368,0.52108896,0.58930933,0.4462721,0.5468419,0.53467625,0.7038208,0.4304196,0.4475651,0.53408307,0.8270169,0.43422228,0.30038494,0.50938,0.8471436,0.45685735,0.83730346,0.0,0.0,0.0,0.0,0.0,0.0,0.0,0.0
IMG_20241017_141048_1.jpg,go_up,0.47364578,0.47908238,0.48200452,0.4628026,0.4632418,0.46610358,0.49585572,0.47626993,0.45222273,0.47983477,0.5158155,0.5932487,0.44104758,0.5396297,0.5250875,0.7143306,0.4226547,0.43383282,0.5217999,0.83689445,0.42818138,0.28933266,0.4964954,0.8474249,0.44236085,0.8320096,0.0,0.0,0.0,0.0,0.0,0.0,0.0,0.0
IMG_20241017_141049.jpg,go_up,0.43064624,0.5135908,0.43958402,0.49625564,0.41961515,0.5006077,0.45465317,0.51383823,0.4083057,0.5194974,0.4718753,0.63914037,0.39694297,0.5810083,0.47714716,0.76325685,0.38251275,0.47001648,0.4687162,0.8956043,0.38883495,0.3192557,0.44285622,0.90373033,0.38629913,0.8854936,0.0,0.0,0.0,0.0,0.0,0.0,0.0,0.0
IMG_20241017_141050.jpg,go_up,0.41884002,0.4654701,0.42820978,0.4475291,0.40855297,0.45151842,0.44704047,0.45950642,0.40017512,0.46512154,0.46854654,0.58485854,0.3930529,0.5254569,0.48082352,0.7069984,0.37522617,0.41701347,0.47003004,0.83768386,0.37262374,0.26464462,0.44475412,0.8400264,0.39021033,0.81978667,0.0,0.0,0.0,0.0,0.0,0.0,0.0,0.0
IMG_20241017_141050_1.jpg,go_up,0.3929209,0.45543864,0.40234974,0.43660495,0.3828268,0.44138262,0.4210749,0.45077223,0.3750257,0.4579999,0.44465747,0.57632554,0.36618215,0.5229266,0.45697606,0.6967753,0.3466977,0.40521604,0.4453586,0.83245426,0.34818214,0.25872558,0.4224108,0.83986866,0.3656133,0.8236786,0.0,0.0,0.0,0.0,0.0,0.0,0.0,0.0
IMG_20241017_141051.jpg,go_up,0.40793982,0.3896297,0.41801974,0.3722066,0.39787984,0.37704155,0.43807307,0.38603014,0.38960677,0.39252743,0.46056467,0.51200587,0.38420135,0.45836183,0.47677067,0.6282523,0.3623669,0.34743533,0.46738443,0.7599712,0.3608536,0.19441703,0.44145486,0.75960976,0.38836706,0.74321187,0.44886178,0.94534564,0.38319242,0.97044796,0.0,0.0,0.0,0.0
IMG_20241017_141052.jpg,go_up,0.47441176,0.32014596,0.48297682,0.30385542,0.46375623,0.30941415,0.49764588,0.31966475,0.45243767,0.3277705,0.5206033,0.44396964,0.44599816,0.3902118,0.53870165,0.5564756,0.42350122,0.2804442,0.5294347,0.6834791,0.42032903,0.12692395,0.5087458,0.6862384,0.45780468,0.6706575,0.51476544,0.8570858,0.45627627,0.8811922,0.0,0.0,0.45885488,0.97978425
IMG_20241017_141053.jpg,go_up,0.4727027,0.34030804,0.48127997,0.32325694,0.4612407,0.32881868,0.4937281,0.33950013,0.44710574,0.34756678,0.5141925,0.46868458,0.43698883,0.4145063,0.5281253,0.58777004,0.41732103,0.30564615,0.5215176,0.7186177,0.41781953,0.13900106,0.49679697,0.7249231,0.44283164,0.70828354,0.5001964,0.9126666,0.43294412,0.94208544,0.0,0.0,0.0,0.0
IMG_20241017_141053_1.jpg,go_up,0.44295704,0.31680757,0.44967216,0.2974609,0.43035817,0.3056736,0.46191657,0.31061715,0.41609138,0.32531038,0.4841438,0.43570462,0.40744406,0.3951667,0.5022561,0.5530778,0.3837363,0.2865828,0.49868524,0.6840513,0.38404956,0.12165711,0.47402266,0.6890067,0.42199942,0.68070877,0.47926885,0.8839791,0.417937,0.9064708,0.0,0.0,0.0,0.0
IMG_20241017_141054.jpg,go_up,0.48197132,0.45305791,0.48746496,0.43521675,0.469295,0.442319,0.4952167,0.44815993,0.45275736,0.46119642,0.5163828,0.57038826,0.44238558,0.52082473,0.5302553,0.6862002,0.42381582,0.41592947,0.5236555,0.8145579,0.4282342,0.25833672,0.50325054,0.82858074,0.45041054,0.8134254,0.0,0.0,0.0,0.0,0.0,0.0,0.0,0.0
IMG_20241017_141054_1.jpg,go_up,0.43021262,0.42540932,0.4367085,0.40651783,0.41798636,0.41300592,0.44342172,0.41816106,0.40058905,0.42813572,0.46207038,0.54366094,0.38742054,0.4915652,0.4741794,0.66574967,0.37153125,0.39030266,0.46716177,0.79017615,0.38112712,0.23087238,0.4419519,0.8037839,0.38887858,0.78631794,0.0,0.0,0.0,0.0,0.0,0.0,0.0,0.0
IMG_20241017_141055.jpg,go_up,0.48199826,0.4051296,0.48805168,0.38606936,0.46940786,0.39385048,0.4954416,0.39573613,0.45272106,0.40891546,0.5157048,0.5188702,0.44250858,0.4721572,0.53082085,0.6330399,0.42340457,0.36823818,0.5252526,0.7579731,0.42937255,0.21281868,0.50039333,0.774353,0.44909862,0.76024836,0.5045009,0.9584762,0.44325677,0.9739765,0.0,0.0,0.0,0.0
IMG_20241017_141056.jpg,go_up,0.5424057,0.37378415,0.5476688,0.35487294,0.5307189,0.3618716,0.5554111,0.36622477,0.5150602,0.3777709,0.5767041,0.4906806,0.5039219,0.44495007,0.59283936,0.60356784,0.48435888,0.34131145,0.58851737,0.73025835,0.49256092,0.18198308,0.56397355,0.73852354,0.5145967,0.72561175,0.56926095,0.9274605,0.5085644,0.9385356,0.0,0.0,0.0,0.0
IMG_20241017_141057.jpg,go_up,0.6225946,0.54964143,0.6277634,0.5317903,0.6105632,0.53889763,0.6359843,0.5419291,0.59609056,0.55597353,0.65899324,0.66867507,0.5843651,0.62150484,0.6699253,0.78001255,0.5719395,0.5292162,0.6742704,0.8985496,0.57118374,0.38199565,0.6446554,0.91795254,0.59237885,0.9022265,0.0,0.0,0.0,0.0,0.0,0.0,0.0,0.0
IMG_20241017_141058.jpg,go_up,0.45740616,0.32930246,0.46483338,0.3127515,0.44713685,0.3168514,0.47669077,0.32518205,0.4345135,0.33076143,0.4970252,0.4455289,0.42561576,0.3938673,0.5109012,0.5561626,0.40584302,0.2919608,0.5036149,0.6760387,0.4123356,0.14079541,0.48310748,0.6746168,0.4350233,0.65911365,0.48347583,0.8351684,0.4245707,0.8594787,0.47282135,0.97997665,0.42872238,0.9890264
IMG_20241017_141058_1.jpg,go_up,0.40681505,0.3165061,0.41544634,0.2966333,0.39465773,0.30397102,0.43082666,0.309863,0.3816564,0.32211933,0.4550954,0.44281286,0.37416676,0.39256677,0.47340524,0.5571257,0.34813243,0.2724303,0.46665812,0.6889403,0.3521368,0.11042341,0.44380313,0.69698715,0.38867164,0.68419164,0.45070058,0.878748,0.38292983,0.9145151,0.0,0.0,0.0,0.0
IMG_20241017_141059.jpg,go_up,0.3944283,0.40534252,0.40326256,0.3862375,0.3833595,0.39253503,0.4208308,0.39990252,0.37414822,0.41062507,0.44498736,0.5238536,0.36643547,0.47859457,0.46085617,0.64170027,0.34204233,0.37230265,0.45054913,0.7739758,0.34463346,0.2116514,0.4261182,0.7844326,0.37207752,0.7707965,0.43100718,0.96682835,0.3668444,0.9853008,0.0,0.0,0.0,0.0
IMG_20241017_141100.jpg,go_up,0.43311843,0.36227936,0.44130847,0.34495375,0.4229035,0.35092133,0.45827484,0.3588263,0.4141787,0.36844653,0.48098484,0.47729892,0.40748873,0.43320334,0.4985211,0.58623993,0.38602296,0.3216024,0.48954788,0.7138507,0.38625976,0.17251708,0.46410772,0.7175866,0.41419974,0.70597667,0.47277108,0.893434,0.4111451,0.912623,0.0,0.0,0.0,0.0
IMG_20241017_141101.jpg,go_up,0.4678997,0.39831313,0.4772001,0.38223678,0.45835385,0.3860692,0.4944203,0.39732122,0.4498374,0.40155542,0.5131282,0.51816756,0.44294062,0.4651397,0.52837974,0.63024545,0.42379242,0.35752842,0.5181212,0.75124615,0.42465708,0.22146492,0.49119717,0.7539735,0.44222978,0.73736876,0.49591073,0.93064326,0.43615282,0.94585663,0.0,0.0,0.0,0.0
IMG_20241017_141101_1.jpg,go_up,0.38816577,0.3115048,0.39744535,0.29444095,0.37971497,0.29829767,0.41687012,0.30691713,0.37311333,0.311436,0.43782303,0.42803618,0.36677533,0.37942514,0.45358402,0.5418745,0.34331295,0.27167526,0.44185612,0.6632785,0.34280187,0.12228833,0.4155926,0.6612488,0.36879194,0.6462261,0.42084706,0.8296547,0.3627736,0.84605753,0.4168465,0.98601854,0.37325653,0.9726438
IMG_20241017_141102.jpg,go_up,0.48856097,0.37865317,0.49688643,0.36153957,0.4796394,0.36632568,0.51444846,0.37286946,0.47264835,0.37990737,0.5351118,0.4890138,0.46596962,0.44718742,0.5511455,0.5976282,0.4437281,0.35238746,0.54063755,0.72434366,0.44203058,0.20722839,0.51585084,0.72047126,0.46901232,0.70830816,0.52495724,0.8969124,0.4654307,0.9098768,0.0,0.0,0.0,0.0
IMG_20241017_141103.jpg,go_up,0.25890043,0.43277228,0.2688849,0.41460472,0.24911442,0.41933283,0.28853658,0.4293827,0.24126387,0.43570843,0.30865788,0.5554691,0.23222008,0.50096816,0.3211153,0.6733553,0.2107256,0.39217505,0.3070154,0.80067,0.21020485,0.2420849,0.27855098,0.80793947,0.22462815,0.78881323,0.0,0.0,0.0,0.0,0.0,0.0,0.0,0.0
IMG_20241017_141104.jpg,go_up,0.26305854,0.45308954,0.27323428,0.43495512,0.2523898,0.43859226,0.29281324,0.44902173,0.2429785,0.45400602,0.31443033,0.5765055,0.23303989,0.51997626,0.32880053,0.6959173,0.21253717,0.40660855,0.31548908,0.83091414,0.2106419,0.2499739,0.2905809,0.8459862,0.23203975,0.8280424,0.0,0.0,0.0,0.0,0.0,0.0,0.0,0.0
IMG_20241017_141104_1.jpg,go_up,0.43599164,0.43702194,0.44397175,0.41883886,0.4247637,0.42439848,0.4585605,0.43337628,0.41417897,0.44331488,0.4853013,0.55807936,0.40563884,0.51164186,0.5039132,0.6743252,0.38351178,0.3997509,0.4967975,0.8175642,0.37856,0.2429446,0.47572976,0.8280579,0.4192496,0.81527865,0.0,0.0,0.0,0.0,0.0,0.0,0.0,0.0
IMG_20241017_141105.jpg,go_up,0.48107815,0.41672817,0.48788744,0.3974403,0.46788183,0.405376,0.49957395,0.4109974,0.45358527,0.42488968,0.52557594,0.54277956,0.4427629,0.4925773,0.5383311,0.67499405,0.4211491,0.37581298,0.5333305,0.8163381,0.42291236,0.21230355,0.50736564,0.8284237,0.4495947,0.8146471,0.0,0.0,0.0,0.0,0.0,0.0,0.0,0.0
IMG_20241017_141106.jpg,go_up,0.5581639,0.3655363,0.5648771,0.34342158,0.5436599,0.35310003,0.5749877,0.35819128,0.5261045,0.3755616,0.6006072,0.5019986,0.5141226,0.45018253,0.6128738,0.63402945,0.49133912,0.33257675,0.61006194,0.77435917,0.50092334,0.1589717,0.5820457,0.79068846,0.5222159,0.7743352,0.0,0.0,0.0,0.0,0.0,0.0,0.0,0.0
IMG_20241017_141106_1.jpg,go_up,0.5804774,0.46879146,0.5868639,0.44821563,0.5666473,0.45545122,0.5949813,0.46074867,0.54802144,0.4740356,0.6170717,0.60119736,0.53245705,0.5479836,0.6302203,0.7398969,0.5157627,0.43816108,0.62638533,0.88826674,0.52471614,0.25220582,0.603367,0.89977086,0.54107267,0.88590115,0.0,0.0,0.0,0.0,0.0,0.0,0.0,0.0
IMG_20241017_141107.jpg,go_up,0.54189485,0.3548512,0.5482507,0.33437586,0.5284885,0.34184322,0.557129,0.34913257,0.51119316,0.36155364,0.57984483,0.4880067,0.49972117,0.4351734,0.5929323,0.616827,0.47882053,0.3213136,0.58950084,0.7585784,0.48968202,0.14926581,0.5604375,0.7716704,0.5055699,0.75485283,0.0,0.0,0.49770996,0.98692,0.0,0.0,0.0,0.0
IMG_20241017_141108.jpg,go_up,0.5146085,0.38944784,0.5207244,0.3707763,0.50191444,0.37922382,0.53018665,0.38300505,0.48640558,0.398119,0.5538018,0.5087661,0.47806725,0.462492,0.5735009,0.6169226,0.45318785,0.35462344,0.5722897,0.7471351,0.45693052,0.20422825,0.54652375,0.7567106,0.49419656,0.74446774,0.55755043,0.9473126,0.4924968,0.97158283,0.0,0.0,0.0,0.0
IMG_20241017_141109.jpg,go_up,0.47827584,0.39215642,0.48498702,0.3750785,0.46724546,0.38081625,0.49413696,0.3862997,0.45333835,0.39488885,0.51155514,0.50277436,0.4423638,0.45402753,0.5242479,0.6159296,0.42678618,0.3541376,0.5193518,0.7347692,0.43449214,0.21339689,0.49285564,0.7441767,0.44379747,0.7296006,0.49533343,0.92109466,0.43332613,0.9366596,0.0,0.0,0.0,0.0
IMG_20241017_141110.jpg,go_up,0.43523437,0.3508581,0.4416591,0.3340867,0.4244254,0.33980647,0.45096937,0.34537098,0.4115948,0.3546091,0.4725631,0.46024907,0.40000913,0.41648564,0.49232998,0.5741847,0.38042206,0.31832054,0.48678643,0.6956661,0.38232717,0.17056957,0.46370324,0.7018577,0.4133449,0.6920321,0.4720121,0.8798874,0.41067916,0.89814335,0.0,0.0,0.0,0.0
IMG_20241017_141111.jpg,go_up,0.4191007,0.44461662,0.4272771,0.42662808,0.4079135,0.431892,0.4421783,0.43921542,0.39688733,0.44801655,0.46453637,0.5616936,0.38736045,0.5109097,0.48006144,0.67903423,0.3642851,0.40459988,0.4715859,0.8148934,0.36259732,0.24719974,0.44672576,0.8225885,0.39211133,0.80679417,0.0,0.0,0.0,0.0,0.0,0.0,0.0,0.0
IMG_20241017_141111_1.jpg,go_up,0.4687484,0.45016757,0.47776163,0.4321289,0.45791396,0.43784702,0.49399424,0.4463055,0.448133,0.4551751,0.516326,0.56947255,0.4390613,0.5167474,0.53014016,0.6881095,0.41839096,0.4089645,0.5205444,0.81902325,0.41643175,0.2590153,0.49282503,0.82344204,0.4377437,0.8059513,0.0,0.0,0.0,0.0,0.0,0.0,0.0,0.0
IMG_20241017_141112.jpg,go_up,0.47420067,0.38451934,0.4825051,0.36902025,0.46508795,0.37345198,0.49824947,0.38306382,0.45747712,0.38914123,0.5199494,0.49679115,0.4489335,0.44776323,0.5358245,0.6101492,0.4291136,0.34498632,0.52510697,0.7320489,0.4300294,0.21169664,0.50078535,0.7351134,0.4512087,0.72064245,0.50525916,0.9087494,0.44554177,0.92567533,0.0,0.0,0.0,0.0
IMG_20241017_141112_1.jpg,go_up,0.4832493,0.291417,0.49095297,0.27514315,0.47373885,0.280784,0.5069098,0.2864446,0.46540314,0.29522488,0.52535635,0.39939362,0.46207213,0.35815737,0.5427821,0.50579524,0.44039384,0.26055405,0.5335532,0.6164523,0.44242316,0.12026105,0.50739676,0.61584854,0.46630517,0.60424227,0.5134909,0.7667891,0.46280932,0.7832444,0.5124071,0.91615415,0.46626794,0.90711915
IMG_20241017_141113.jpg,go_up,0.48821902,0.34032413,0.49533364,0.32477644,0.47923714,0.33033887,0.5102448,0.33811733,0.4715548,0.34684533,0.529646,0.447832,0.4664219,0.40484518,0.5451014,0.5481125,0.44559687,0.30927595,0.5364849,0.6574402,0.44763175,0.17246513,0.5091559,0.6583182,0.4676143,0.6446751,0.51643205,0.80777985,0.46327013,0.819926,0.5121628,0.96466726,0.46905854,0.95330995
IMG_20241017_141114.jpg,go_up,0.48242474,0.3284743,0.49040022,0.31385013,0.47428814,0.31747547,0.5067196,0.32772473,0.4675515,0.33210793,0.5254806,0.43643236,0.46269622,0.3923092,0.5412453,0.5375609,0.44283617,0.2979283,0.53425926,0.6448468,0.44447756,0.16201715,0.50688994,0.64590293,0.46567288,0.6322956,0.51518756,0.798143,0.46226203,0.80910283,0.51150626,0.9524005,0.46678117,0.9418429
IMG_20241017_141114_1.jpg,go_up,0.4735644,0.31270272,0.48155016,0.29892993,0.4652647,0.3022721,0.49761555,0.3143757,0.4581515,0.31825358,0.5176013,0.42172477,0.45346397,0.37878513,0.53450114,0.522501,0.43274873,0.28420612,0.5277426,0.63113964,0.4326559,0.1523951,0.50329536,0.6304154,0.46137348,0.6179777,0.510093,0.78393924,0.45650363,0.7967948,0.50716513,0.93860674,0.46254197,0.9323382
IMG_20241017_141115.jpg,go_up,0.46853215,0.28053415,0.4763948,0.2658929,0.46008933,0.2706946,0.4927245,0.27721223,0.45366785,0.28434622,0.51361066,0.38362926,0.44914776,0.3419083,0.5331758,0.49264413,0.42705455,0.24954754,0.5238784,0.6024868,0.424588,0.12283669,0.50053376,0.59843457,0.45748892,0.58762205,0.5067599,0.74624896,0.45492345,0.7631282,0.50688666,0.8991492,0.460025,0.8936287
IMG_20241017_144037.jpg,go_up,0.53198797,0.40264204,0.53913283,0.3915137,0.5243488,0.39101207,0.5495921,0.40409335,0.5137641,0.39959088,0.5622376,0.49117675,0.505804,0.440541,0.5700187,0.5751909,0.4895692,0.35387224,0.57642186,0.6666327,0.4805925,0.2498163,0.5473391,0.65883726,0.5103493,0.6422526,0.5520726,0.80967516,0.5020156,0.8154213,0.53984606,0.9657424,0.5077561,0.9656815
IMG_20241017_144038.jpg,go_up,0.5592879,0.3330247,0.5673321,0.32298627,0.5517388,0.3213688,0.5783333,0.33754057,0.541215,0.33012456,0.58531094,0.42633584,0.5331133,0.37265903,0.5914979,0.5166823,0.5197715,0.2775789,0.59392583,0.60912806,0.51452684,0.16338742,0.56096965,0.59588283,0.52586204,0.57723683,0.5595316,0.7407508,0.5134788,0.74270964,0.539045,0.8833357,0.50943196,0.8737717
IMG_20241017_144040.jpg,go_up,0.5056964,0.33430517,0.5131745,0.3221924,0.49719736,0.32250243,0.52416205,0.33404475,0.48589018,0.33119965,0.5352448,0.42675352,0.47754964,0.377578,0.54699093,0.51807964,0.45569396,0.28343216,0.55667406,0.6155988,0.45127967,0.167391,0.52308345,0.6072815,0.485077,0.59337676,0.5289533,0.75883013,0.47879085,0.7666227,0.521405,0.91924995,0.48154703,0.9141584
IMG_20241017_144040_1.jpg,go_up,0.48452544,0.33065546,0.4921939,0.31826937,0.47502744,0.31900406,0.502577,0.33232656,0.4612308,0.33011264,0.5125695,0.42843664,0.45404536,0.3765342,0.5210782,0.51960665,0.43501973,0.27164415,0.5318472,0.61995435,0.4311432,0.1508133,0.49743202,0.6140313,0.45926502,0.59870785,0.5005572,0.7732852,0.4523667,0.7821853,0.48573276,0.9318727,0.45303327,0.9298158
IMG_20241017_144043.jpg,go_up,0.58443,0.30426088,0.5924049,0.28997195,0.57376206,0.29253265,0.603282,0.30385685,0.55937016,0.30558652,0.6197636,0.41158006,0.55143553,0.35608175,0.6326049,0.50886863,0.5295936,0.25301325,0.6407374,0.62022704,0.5226596,0.12220549,0.60670555,0.62353486,0.5609697,0.60659355,0.6083967,0.7838408,0.55644333,0.7961378,0.59151906,0.95738816,0.55818987,0.9591721
IMG_20241017_144043_1.jpg,go_up,0.56146234,0.34840053,0.57097054,0.33209604,0.5502668,0.3343981,0.5849678,0.34509152,0.53541976,0.34613207,0.6004286,0.4607331,0.5259371,0.40020314,0.60986596,0.56643146,0.49920925,0.28492445,0.61756855,0.69434905,0.49339387,0.14588512,0.58442116,0.68204254,0.53326875,0.6637586,0.5889285,0.87640864,0.5225115,0.9015616,0.5744782,0.97406137,0.52119625,0.9797106
IMG_20241017_144044.jpg,go_up,0.53276694,0.389355,0.5428477,0.3713338,0.5201833,0.37553674,0.5576899,0.382958,0.5045578,0.38730493,0.5761255,0.51051325,0.49498716,0.44545057,0.59077215,0.63262194,0.46373257,0.32016462,0.5992895,0.7699576,0.45480376,0.1681281,0.55747896,0.759972,0.50012785,0.74063754,0.56685346,0.96252733,0.49210608,0.9927667,0.0,0.0,0.0,0.0
IMG_20241017_144045.jpg,go_up,0.5057936,0.36560467,0.5157953,0.3453683,0.49287492,0.34964517,0.5296905,0.35434502,0.47465107,0.35973057,0.5487306,0.48373586,0.46197158,0.4192116,0.5641375,0.6145868,0.43263665,0.29414386,0.5763465,0.75768006,0.41988176,0.13307516,0.5324718,0.7551296,0.47115466,0.73576504,0.5400996,0.9544082,0.45024633,0.9890897,0.0,0.0,0.0,0.0
IMG_20241017_144045_1.jpg,go_up,0.5053047,0.3797997,0.5153736,0.3594518,0.4914422,0.36364907,0.52883905,0.37005877,0.47181624,0.37579694,0.5472556,0.50436205,0.4586036,0.43705088,0.56205004,0.6349312,0.4303956,0.3017237,0.5737364,0.7842099,0.41843328,0.14117703,0.5327223,0.7807039,0.47002542,0.76124656,0.0,0.0,0.0,0.0,0.0,0.0,0.0,0.0
IMG_20241017_144046.jpg,go_up,0.5246234,0.39056653,0.53419995,0.36807874,0.5092451,0.3758138,0.5473425,0.381202,0.4897104,0.39317396,0.56611425,0.5270638,0.48079893,0.46401852,0.5822237,0.6499512,0.4539204,0.31072286,0.598671,0.79937655,0.44811094,0.14041413,0.5540443,0.8094868,0.49001524,0.7947916,0.0,0.0,0.0,0.0,0.0,0.0,0.0,0.0
IMG_20241017_144047.jpg,go_up,0.52066624,0.36926502,0.52992785,0.3475659,0.50630254,0.35542396,0.5436135,0.3558878,0.48891276,0.36788005,0.5619538,0.49147213,0.48423025,0.43088567,0.5752661,0.6068221,0.45943734,0.28884667,0.58719784,0.741851,0.45617452,0.1365923,0.54833394,0.7548889,0.49280688,0.73881954,0.55812746,0.96044403,0.48444465,0.9979958,0.0,0.0,0.0,0.0
IMG_20241017_144048.jpg,go_up,0.47363102,0.33946273,0.48331472,0.32265484,0.4619979,0.3259698,0.49671495,0.33411747,0.44643477,0.33672225,0.51285326,0.44937178,0.4400479,0.392674,0.5288651,0.5543319,0.41485265,0.27982947,0.5390285,0.67648053,0.40698904,0.1330263,0.50331813,0.681736,0.45351678,0.6663449,0.50475293,0.89175177,0.44916466,0.91896003,0.0,0.0,0.0,0.0
IMG_20241017_144048_1.jpg,go_up,0.41576317,0.3434525,0.42410123,0.32915816,0.40561005,0.3314603,0.43704754,0.3412095,0.3930662,0.3426109,0.45415893,0.4404381,0.3886562,0.38799962,0.47012496,0.5341809,0.3679975,0.28879347,0.47984925,0.638764,0.35735705,0.16114366,0.4469622,0.6356448,0.40366015,0.6211058,0.44924173,0.7889353,0.40153754,0.8076148,0.4409875,0.955057,0.40508738,0.963344
IMG_20241017_144050.jpg,go_up,0.45564902,0.36043537,0.46370578,0.3485326,0.44732824,0.3480254,0.47632086,0.35952055,0.4367652,0.35515574,0.48879743,0.44617948,0.4292802,0.40086144,0.49694425,0.5462101,0.4120444,0.3081335,0.50506824,0.6480268,0.40672752,0.19079198,0.47239944,0.6355023,0.43229195,0.6232204,0.47194526,0.78950804,0.4233367,0.80038804,0.45604116,0.9615647,0.42322278,0.9613138
IMG_20241017_144050_1.jpg,go_up,0.44281986,0.36496052,0.45048565,0.35221377,0.43402448,0.352763,0.46274343,0.36395118,0.42323846,0.36206946,0.47639987,0.456183,0.41706416,0.4095683,0.48442116,0.5539995,0.39924198,0.31643054,0.4927903,0.65537894,0.39352033,0.19491923,0.45933717,0.6445326,0.41906506,0.6309661,0.46148863,0.80262643,0.4129694,0.8101105,0.44716084,0.9696899,0.41660896,0.96549684
IMG_20241017_144051.jpg,go_up,0.41632494,0.43253005,0.42420578,0.41978186,0.4072268,0.42118645,0.43545705,0.43363473,0.39565417,0.43295467,0.44688654,0.5285312,0.3882683,0.47736052,0.45744926,0.6245631,0.3729904,0.3785216,0.46211654,0.72877026,0.36728457,0.26229066,0.4337655,0.7227763,0.3920631,0.7080895,0.43445542,0.8980023,0.38166034,0.91156894,0.0,0.0,0.0,0.0
IMG_20241017_144052.jpg,go_up,0.45669731,0.39707267,0.46508464,0.38472942,0.44788662,0.3849197,0.47611582,0.39802352,0.43471667,0.39487076,0.48982677,0.49550673,0.4269727,0.4384874,0.50057757,0.5834987,0.4076616,0.33797878,0.5049278,0.6924249,0.40206036,0.22352368,0.47782004,0.6872954,0.4350795,0.6690266,0.47475824,0.86612517,0.4230804,0.88645214,0.4691262,0.9813795,0.42212334,0.99619514
pose15039.png,go_up,0.65653276,0.2361911,0.6655394,0.22117712,0.64862067,0.22067231,0.6820429,0.22898045,0.6402999,0.2247438,0.7015951,0.3392021,0.628899,0.28732535,0.72254556,0.42430598,0.59711087,0.19337086,0.72620916,0.5224684,0.6021503,0.08097462,0.6890114,0.5499304,0.64270175,0.5356975,0.69630444,0.69507664,0.6432954,0.71026486,0.6992324,0.864356,0.6545761,0.87178785
pose15040.png,go_up,0.64407766,0.2553711,0.6509193,0.24143042,0.63543534,0.24026048,0.6571512,0.2471401,0.6204848,0.24153942,0.6713863,0.3484022,0.60197324,0.2994161,0.69585437,0.43740594,0.57482195,0.20950459,0.70309484,0.5410168,0.58214206,0.09800521,0.66549695,0.5599961,0.6197604,0.5489891,0.673717,0.71862113,0.6184355,0.7316935,0.6738174,0.8796483,0.6315499,0.8892166
pose15045.png,go_up,0.458459,0.2694343,0.46433276,0.25234273,0.44916734,0.25592172,0.47254443,0.25785354,0.4359088,0.263207,0.4950765,0.36786422,0.4208989,0.32808542,0.5276605,0.4451452,0.39109737,0.2427696,0.5030635,0.44899285,0.39937323,0.11788142,0.48353988,0.5772562,0.43751335,0.56615233,0.4898762,0.73229253,0.4369874,0.74448735,0.49634796,0.90041184,0.45275155,0.89573187
pose15050.png,go_up,0.56571865,0.2735736,0.5762595,0.2662536,0.5592373,0.2620513,0.59088767,0.29676384,0.5497431,0.2833519,0.6016085,0.40200964,0.5355498,0.34892133,0.61350054,0.49001762,0.5143779,0.25130478,0.62045044,0.5930699,0.52162987,0.12899178,0.57981235,0.60856384,0.5361166,0.59232074,0.5770659,0.7742824,0.52537316,0.7784386,0.5734969,0.94275284,0.53137773,0.9349263
pose15055.png,go_up,0.63113296,0.33093563,0.63941085,0.31618717,0.6228579,0.31435663,0.6482633,0.32391658,0.6082935,0.31602368,0.6608771,0.4330545,0.59116876,0.3766352,0.67640567,0.52913624,0.5636779,0.28912556,0.67616403,0.632789,0.5716923,0.16325857,0.64451176,0.64733166,0.5982181,0.62979347,0.6418401,0.8025848,0.5866225,0.81406146,0.6348247,0.9652302,0.58942163,0.9744934
pose15060.png,go_up,0.7003605,0.2548199,0.7086684,0.24044977,0.691991,0.23832609,0.71773463,0.24846031,0.6769974,0.23878166,0.72846365,0.35921758,0.65732217,0.3018673,0.74441886,0.4608517,0.63304013,0.20275909,0.7430273,0.5660676,0.6439021,0.08199607,0.7047846,0.5727054,0.65903056,0.5548534,0.7052824,0.7412204,0.6470125,0.7429551,0.6914697,0.9010851,0.6522749,0.8891529
pose15110.png,go_up,0.39529878,0.30819872,0.40329856,0.2963419,0.38566464,0.2966962,0.41263095,0.31609014,0.37179503,0.31252533,0.4266147,0.42598686,0.3584664,0.36328644,0.45056266,0.53443336,0.33968952,0.2571966,0.46443683,0.63427246,0.34574956,0.128378,0.4036955,0.6367391,0.35598287,0.61664766,0.40701705,0.7860947,0.34054476,0.7934936,0.39588478,0.93951905,0.3379093,0.9324483
pose15112.png,go_up,0.49281892,0.25468078,0.50087863,0.24229711,0.48306647,0.2430266,0.5112927,0.2602245,0.47019258,0.25743356,0.5252212,0.3698422,0.4569745,0.30906346,0.5502423,0.48000717,0.43928495,0.20204684,0.5653368,0.5828461,0.4452209,0.07640775,0.5016162,0.5814236,0.45438057,0.5632509,0.50664455,0.73724127,0.4433159,0.7458141,0.4966898,0.89114225,0.4433387,0.88148195
pose15114.png,go_up,0.47359627,0.24641588,0.48230067,0.2336831,0.46414036,0.23421156,0.4947955,0.25039047,0.451969,0.24671996,0.5078846,0.3619952,0.43998766,0.3014868,0.53103805,0.4742747,0.41992083,0.19435522,0.54739934,0.5812416,0.42613944,0.06948344,0.4836072,0.5770129,0.43743473,0.5587862,0.4886931,0.7323076,0.42637405,0.7415009,0.48102027,0.8962214,0.42218786,0.8828321
pose15115.png,go_up,0.4306983,0.3443763,0.43886298,0.32984737,0.42086068,0.3322263,0.45122442,0.34646565,0.4090198,0.3475101,0.47008675,0.4619797,0.39621437,0.4011737,0.49356246,0.5719,0.37507382,0.29487526,0.5095676,0.6743351,0.3815577,0.16750586,0.44814438,0.68244916,0.39760226,0.66455805,0.45547023,0.8370492,0.39006582,0.85469496,0.44337454,0.97188747,0.3942814,0.97129387
pose15135.png,go_up,0.5729799,0.2069305,0.58109933,0.19522056,0.5639237,0.19466841,0.59204346,0.21124199,0.5507204,0.2053583,0.60319996,0.31361458,0.5392723,0.25719896,0.623612,0.41973877,0.51979333,0.15576006,0.6379096,0.51638085,0.52618474,0.043350812,0.57743806,0.51624745,0.5352637,0.49826863,0.5791642,0.65309393,0.52062947,0.65583336,0.57006526,0.80780554,0.51763934,0.79329324
pose15140.png,go_up,0.53743017,0.24049196,0.5450909,0.22804472,0.52834296,0.22810745,0.5558528,0.24267103,0.51536417,0.23904198,0.569373,0.34366626,0.5059434,0.2935588,0.5894628,0.4446857,0.48670244,0.19395171,0.6040244,0.54132235,0.49137148,0.068579316,0.54801303,0.5469882,0.50505424,0.53220433,0.55001265,0.68981826,0.4930559,0.696426,0.5408307,0.8454552,0.49109602,0.8343962
pose15145.png,go_up,0.65752506,0.23946336,0.6658324,0.22694105,0.64830464,0.22704048,0.67815197,0.24568698,0.63627446,0.24176331,0.6942283,0.35985667,0.6256726,0.29148608,0.7131907,0.45652798,0.6065764,0.18551275,0.72871935,0.55519825,0.6068655,0.06897575,0.66743535,0.5590455,0.62141705,0.53454864,0.6750461,0.68664366,0.60960287,0.69349813,0.6658457,0.8438588,0.61247504,0.83824944
pose15150.png,go_up,0.47529006,0.3398277,0.48313722,0.3281974,0.4661107,0.3281991,0.49557328,0.34519926,0.4547564,0.3412604,0.5093113,0.4479006,0.44379416,0.39268172,0.53121126,0.55439824,0.42388457,0.28759122,0.54737705,0.6517993,0.42991576,0.17057541,0.4873368,0.650408,0.44332498,0.63522285,0.49672365,0.792158,0.4346606,0.8026868,0.4920432,0.9489904,0.43457618,0.94108903
pose7075.jpg,go_up,0.28595155,0.28551197,0.2934658,0.2688163,0.27662507,0.2713495,0.30590203,0.2725296,0.26525813,0.27591887,0.32549363,0.37826818,0.2532517,0.3393328,0.34514654,0.47872335,0.22637483,0.27166384,0.34706756,0.59747857,0.23282857,0.159002,0.31345707,0.6019512,0.26605493,0.5921363,0.31853905,0.74580485,0.26532164,0.7621466,0.30923006,0.8999768,0.27189234,0.9077163
pose7085.jpg,go_up,0.4834818,0.31485283,0.49096113,0.2986535,0.47419733,0.30018342,0.5023286,0.3019104,0.4618938,0.30254185,0.5190617,0.4063539,0.4492762,0.36161453,0.5339138,0.5069246,0.42442888,0.30213925,0.5341022,0.6172989,0.4290521,0.19302337,0.50222224,0.62015796,0.45629716,0.6055696,0.50591576,0.7614613,0.4516006,0.76657903,0.49460715,0.9113175,0.45849794,0.91096663
pose7088.jpg,go_up,0.49420127,0.3890674,0.5006771,0.37270206,0.48425317,0.37625724,0.5113076,0.3770296,0.47127065,0.38237378,0.5273837,0.474377,0.4598956,0.44312173,0.5443941,0.5737448,0.43881005,0.39186606,0.544855,0.69076216,0.4472913,0.28070423,0.5112645,0.68336385,0.4676562,0.67467535,0.51381195,0.83688515,0.46105018,0.84300506,0.5035337,0.9758985,0.4663717,0.96438944
100.png,go_down,0.54720765,0.37689066,0.55761683,0.35994276,0.536564,0.3582371,0.57117,0.37604442,0.5216574,0.373438,0.5882836,0.4705087,0.5016459,0.46400934,0.6167313,0.34823227,0.472305,0.33678445,0.61573994,0.21236119,0.467271,0.19269761,0.5724325,0.78073174,0.50955516,0.77688855,0.5891914,0.9460347,0.0,0.0,0.0,0.0,0.0,0.0
101.png,go_down,0.55154836,0.37644616,0.560664,0.3594178,0.54004383,0.36070555,0.57305753,0.37464866,0.52488637,0.37871814,0.59142154,0.46271724,0.5080379,0.45996487,0.623454,0.3442143,0.4769458,0.33535615,0.623807,0.21906935,0.47258314,0.20358793,0.5763063,0.77183497,0.5157613,0.7694654,0.5912536,0.94782424,0.49929422,0.9541414,0.0,0.0,0.0,0.0
102.png,go_down,0.54787797,0.37976587,0.5580967,0.3640191,0.53717935,0.36270607,0.57146245,0.38192585,0.5225804,0.38021883,0.58836234,0.46997017,0.50456756,0.4629818,0.61930907,0.34678027,0.47702676,0.33545184,0.62014073,0.21132931,0.47321254,0.20106767,0.5716771,0.77682674,0.51100236,0.77275646,0.5875627,0.9516947,0.497375,0.9551918,0.0,0.0,0.0,0.0
103.png,go_down,0.5474746,0.379506,0.55674016,0.36241117,0.53677446,0.3633951,0.57050633,0.37683323,0.5234774,0.3801379,0.5901257,0.46732724,0.50645185,0.46270806,0.6164438,0.3479201,0.47482705,0.33788824,0.61482185,0.21246861,0.47025943,0.2033489,0.57405967,0.77110445,0.51359165,0.7671368,0.58774406,0.9351747,0.49567705,0.9366274,0.0,0.0,0.0,0.0
104.png,go_down,0.5452304,0.38113582,0.5551906,0.36423847,0.5344445,0.3644595,0.5695775,0.3787738,0.5204348,0.38017833,0.5878135,0.46858144,0.5034912,0.46379972,0.615786,0.3498194,0.4733582,0.33901206,0.614349,0.21858078,0.46970195,0.20222138,0.5722786,0.7699836,0.5117775,0.7668123,0.5878126,0.92892116,0.49660388,0.93233633,0.0,0.0,0.0,0.0
105.png,go_down,0.5510014,0.37656105,0.56126404,0.36068767,0.54123276,0.3598427,0.57654727,0.37627056,0.52889144,0.37531,0.59441817,0.46479014,0.5120005,0.45795482,0.62127626,0.34870318,0.47912845,0.33649418,0.6188181,0.21768811,0.4726891,0.20451757,0.57677794,0.76730585,0.5174788,0.7622301,0.58775246,0.9346534,0.49998942,0.93439126,0.0,0.0,0.0,0.0
106.png,go_down,0.5539285,0.38460332,0.56401527,0.36795858,0.54329175,0.36755663,0.5782155,0.38105422,0.52892077,0.3808434,0.5954762,0.4687818,0.5120517,0.46154666,0.62697446,0.3512445,0.48238975,0.3386114,0.62673575,0.22372136,0.4772387,0.20933573,0.57728815,0.76560456,0.5180117,0.76095736,0.58993024,0.917317,0.50211143,0.91909105,0.0,0.0,0.0,0.0
107.png,go_down,0.5489617,0.3946576,0.5589624,0.37867418,0.5377442,0.37771505,0.5727968,0.3913577,0.523285,0.3903604,0.5872796,0.47625378,0.5088128,0.46762767,0.61573946,0.36753193,0.47800535,0.35009944,0.6186487,0.23702224,0.47803402,0.22609635,0.57265717,0.75803137,0.51683986,0.7537181,0.5854195,0.928052,0.4987282,0.93288404,0.0,0.0,0.0,0.0
108.png,go_down,0.53602713,0.41215065,0.5457378,0.39842737,0.52638376,0.39637673,0.55922437,0.4156494,0.51414555,0.41224316,0.5727951,0.499432,0.49950576,0.49084523,0.5995755,0.389739,0.46976265,0.3754892,0.6009849,0.26236126,0.47075146,0.2442143,0.559206,0.7709888,0.50728977,0.7670214,0.57244474,0.93786365,0.49429208,0.93877673,0.0,0.0,0.0,0.0
109.png,go_down,0.5266088,0.43123266,0.53611594,0.4162502,0.51655185,0.41634017,0.5500053,0.42606056,0.504042,0.42713058,0.5634004,0.50459945,0.49113354,0.4981872,0.5876259,0.403598,0.46328887,0.39819467,0.5826806,0.2779066,0.45911747,0.28263,0.5471401,0.7803084,0.49485582,0.7758594,0.5612075,0.96301305,0.49117756,0.9591862,0.0,0.0,0.0,0.0
110.png,go_down,0.52486193,0.4255649,0.53449374,0.41106915,0.5148468,0.41108593,0.5478594,0.4219222,0.5020947,0.42285264,0.55980885,0.49964163,0.4896245,0.49467552,0.5854716,0.40077713,0.45984444,0.38962355,0.57609874,0.2827365,0.4546063,0.2727575,0.5424023,0.7657146,0.49502888,0.7624373,0.5447786,0.9674484,0.4996706,0.9671224,0.0,0.0,0.0,0.0
111.png,go_down,0.5252367,0.42248565,0.5343648,0.40851602,0.5155826,0.40893143,0.5475989,0.4188445,0.503587,0.4207659,0.5598221,0.49512112,0.4902393,0.49157676,0.5846731,0.39461735,0.46018034,0.38910657,0.5773325,0.2739056,0.45711336,0.26934868,0.54265785,0.76142085,0.4953997,0.75916106,0.55040526,0.9647765,0.50198483,0.96422803,0.0,0.0,0.0,0.0
112.png,go_down,0.52857506,0.42070606,0.5371084,0.40764517,0.5183908,0.40790206,0.54923135,0.42277223,0.506041,0.42498168,0.56226575,0.49569702,0.49383622,0.49142668,0.5854751,0.3953158,0.4641443,0.3841624,0.58132064,0.27611563,0.4657565,0.27020794,0.55024356,0.7609176,0.5041332,0.75946987,0.55421126,0.9582437,0.5059737,0.9619884,0.0,0.0,0.0,0.0
113.png,go_down,0.5314624,0.43685693,0.53997356,0.42249873,0.5207876,0.42297724,0.55151,0.43598014,0.50703895,0.43847477,0.5659247,0.51036394,0.4961122,0.5060129,0.589012,0.41249746,0.4710312,0.3998876,0.5878786,0.29176182,0.4730712,0.28234693,0.5572504,0.77260965,0.5085887,0.7702869,0.561846,0.957008,0.49939933,0.95927304,0.0,0.0,0.0,0.0
114.png,go_down,0.5326036,0.47518918,0.5409971,0.46120703,0.521807,0.46186098,0.5525043,0.4736577,0.5083119,0.47694638,0.5683643,0.54770505,0.49666667,0.54673827,0.59180695,0.44227296,0.4707838,0.4362954,0.5943837,0.32283238,0.47253537,0.31188232,0.5584808,0.82330096,0.5084466,0.82196945,0.0,0.0,0.0,0.0,0.0,0.0,0.0,0.0
115.png,go_down,0.5320515,0.4909679,0.5410035,0.4765428,0.52157897,0.47634926,0.55365765,0.48825613,0.5088774,0.48980662,0.5683282,0.5636105,0.49694782,0.5620143,0.5895168,0.45911938,0.46748123,0.45407286,0.59078133,0.33490172,0.46820197,0.32923308,0.5579183,0.84426934,0.5078642,0.84258574,0.0,0.0,0.0,0.0,0.0,0.0,0.0,0.0
116.png,go_down,0.5324166,0.4471557,0.5401677,0.43198404,0.5218483,0.43346786,0.5508846,0.44399118,0.50884193,0.44888556,0.5666155,0.5186689,0.49688044,0.51780474,0.58882576,0.41285565,0.46791425,0.40902337,0.58962595,0.29928902,0.46947354,0.2888837,0.55889976,0.79109037,0.50977165,0.79025507,0.564191,0.9687132,0.4995815,0.9722525,0.0,0.0,0.0,0.0
117.png,go_down,0.53466195,0.41249874,0.54223776,0.3985404,0.5238198,0.40064222,0.5530117,0.41462365,0.5108245,0.42081478,0.5684759,0.48996878,0.5004518,0.49017045,0.5902707,0.38297004,0.4731691,0.3841834,0.5934754,0.25616646,0.4704507,0.25406554,0.5667674,0.75868046,0.51749754,0.7591155,0.5873584,0.9504569,0.51120526,0.95059764,0.0,0.0,0.0,0.0
118.png,go_down,0.55020475,0.4116932,0.55709565,0.39752388,0.53960097,0.3998108,0.567245,0.4138337,0.52663416,0.42050585,0.5830244,0.48606735,0.51773787,0.48609513,0.6076627,0.38342565,0.48782557,0.37695453,0.6088804,0.2699327,0.4867611,0.25311267,0.5906013,0.7567942,0.5386031,0.76039886,0.6292588,0.94879675,0.5248193,0.95888895,0.0,0.0,0.0,0.0
119.png,go_down,0.5820701,0.41667986,0.5899779,0.40220562,0.5710875,0.40522295,0.6029994,0.41974166,0.5595108,0.42766383,0.6192245,0.49504694,0.5506662,0.49233797,0.6417971,0.39239073,0.51718324,0.3858799,0.643618,0.26641443,0.5164081,0.26187667,0.61882925,0.76835155,0.56487256,0.76796067,0.65366894,0.960947,0.54640496,0.9637409,0.0,0.0,0.0,0.0
120.png,go_down,0.6251062,0.4171451,0.6323032,0.40227962,0.613497,0.40637726,0.64445376,0.4140923,0.6007893,0.42556188,0.6642896,0.48679626,0.5920102,0.4922125,0.6878673,0.37516794,0.5587369,0.3825022,0.68648446,0.25479144,0.55067414,0.26520208,0.661262,0.76359814,0.6045211,0.76489556,0.6821414,0.9497708,0.57588357,0.96242195,0.0,0.0,0.0,0.0
121.png,go_down,0.6488841,0.41429177,0.65607625,0.39960107,0.63814247,0.40203094,0.66676986,0.41302752,0.6255276,0.42035997,0.684992,0.48735598,0.61347336,0.4873813,0.712933,0.38268262,0.58086914,0.38061872,0.70765704,0.26407355,0.5769967,0.2616239,0.6748453,0.7568646,0.62380123,0.75439334,0.68627465,0.9546117,0.6081954,0.95387685,0.0,0.0,0.0,0.0
122.png,go_down,0.6638774,0.4160874,0.67257535,0.40235192,0.65377694,0.40209335,0.68357676,0.4158459,0.63934124,0.4169947,0.698756,0.49236652,0.6254366,0.4924658,0.73096555,0.3767703,0.60267365,0.37629396,0.73158985,0.2602739,0.6013306,0.25620207,0.68461657,0.7594083,0.63336074,0.7586236,0.69355476,0.9537542,0.6257922,0.9602633,0.0,0.0,0.0,0.0
123.png,go_down,0.66926515,0.4176459,0.6783918,0.40343386,0.6584827,0.40367258,0.6893351,0.41675538,0.64260775,0.41843945,0.70289564,0.49537778,0.6297462,0.4939226,0.7370457,0.38477036,0.60867333,0.37741935,0.73839736,0.26779634,0.606365,0.25299737,0.6880771,0.7616619,0.6369628,0.7604982,0.6971046,0.9530624,0.63199985,0.95956576,0.0,0.0,0.0,0.0
124.png,go_down,0.6716012,0.4478036,0.6808218,0.4328858,0.6606291,0.4325624,0.69224983,0.44579506,0.64552534,0.44641757,0.70590436,0.52631164,0.6320512,0.5231595,0.73897964,0.42510843,0.6096352,0.41654536,0.74070966,0.31013507,0.6089791,0.29416543,0.69270104,0.80380553,0.6391605,0.8024993,0.0,0.0,0.0,0.0,0.0,0.0,0.0,0.0
125.png,go_down,0.6705284,0.47577634,0.6796767,0.46068373,0.6599835,0.46019003,0.69197685,0.47081846,0.64572734,0.47133988,0.7076068,0.5500004,0.6310276,0.54816765,0.74328005,0.44878274,0.6067111,0.44365057,0.7457495,0.33915693,0.60723746,0.32693836,0.6944369,0.83055174,0.6389874,0.8303424,0.0,0.0,0.0,0.0,0.0,0.0,0.0,0.0
126.png,go_down,0.6720104,0.43301967,0.6804918,0.41817635,0.66106236,0.41931325,0.69184804,0.43096614,0.6469451,0.43482015,0.70743644,0.5095351,0.63385004,0.5071302,0.74002707,0.41048762,0.605991,0.40265536,0.74417317,0.29585204,0.6043116,0.28282112,0.69342995,0.777577,0.6412159,0.77583414,0.7012546,0.9537725,0.6324293,0.95995516,0.0,0.0,0.0,0.0
127.png,go_down,0.67365444,0.40994853,0.6822708,0.3963985,0.66314584,0.3967759,0.694668,0.4122426,0.65038574,0.41485757,0.7101482,0.48856974,0.63839,0.48537606,0.7404068,0.39226592,0.60544336,0.3799124,0.74620956,0.27517182,0.6084155,0.2558347,0.6937106,0.7562305,0.645265,0.75368124,0.6923579,0.95831907,0.63415235,0.9622092,0.0,0.0,0.0,0.0
128.png,go_down,0.6721798,0.41576678,0.68116844,0.4013888,0.6619317,0.40152642,0.6951129,0.41313526,0.64997447,0.41514486,0.709455,0.48859474,0.63894767,0.48615545,0.7409369,0.3940851,0.6075112,0.3863924,0.7476487,0.26990426,0.6126314,0.26087677,0.6907857,0.7479302,0.64361084,0.7459693,0.6910782,0.94946676,0.6344577,0.95488465,0.0,0.0,0.0,0.0
129.png,go_down,0.6666002,0.42099017,0.6754272,0.40804985,0.65688914,0.4073615,0.68722135,0.42206767,0.6438059,0.42191043,0.7015127,0.4977939,0.6320504,0.49523807,0.7348305,0.39452562,0.6057578,0.391795,0.7378265,0.27972373,0.605674,0.2748288,0.6868805,0.7538992,0.63827264,0.7511473,0.690867,0.9477368,0.6245385,0.9504686,0.0,0.0,0.0,0.0
130.png,go_down,0.65427244,0.43079937,0.66244864,0.41876584,0.6448962,0.41801742,0.6734257,0.43455023,0.6321482,0.4344184,0.6880025,0.50637627,0.62036186,0.5020323,0.72118527,0.41020846,0.5966008,0.40208215,0.7256063,0.29418373,0.5982884,0.28975183,0.67606944,0.7580426,0.62869513,0.75542164,0.685387,0.9394497,0.61881393,0.9424045,0.0,0.0,0.0,0.0
131.png,go_down,0.64080656,0.4477751,0.64784163,0.43581203,0.6323798,0.43530223,0.6569434,0.44979173,0.6211747,0.4499922,0.6707953,0.5189168,0.60718143,0.514098,0.70137966,0.42883912,0.5843525,0.418582,0.70527476,0.32404068,0.58937943,0.31001592,0.6602633,0.7586742,0.6165152,0.75710016,0.67438126,0.94352055,0.6131624,0.94443387,0.0,0.0,0.0,0.0
132.png,go_down,0.6331581,0.45017895,0.64037466,0.43796402,0.62472135,0.4382833,0.6513154,0.4512331,0.61483836,0.453301,0.6634985,0.51970226,0.6032115,0.5180104,0.6891594,0.43403974,0.57754,0.42824367,0.6939666,0.3338841,0.5817207,0.32008517,0.65280795,0.7529949,0.6121158,0.7536489,0.6651748,0.9326491,0.61274517,0.9385343,0.6695174,1.0,0.0,0.0
133.png,go_down,0.63163805,0.45071217,0.6388348,0.43893763,0.6230832,0.43875912,0.64874244,0.45089412,0.6121081,0.4520907,0.66070503,0.51343,0.6013689,0.5130864,0.68548554,0.42536646,0.57736325,0.42362407,0.68770236,0.32804543,0.58027285,0.32040298,0.651687,0.7491238,0.61207974,0.7497587,0.6579536,0.93107444,0.6128983,0.9370463,0.0,0.0,0.0,0.0
136.png,go_down,0.6068139,0.4621548,0.61512333,0.45219153,0.6014911,0.4498986,0.6302143,0.4640281,0.5963001,0.46055573,0.6425133,0.5220587,0.5881086,0.52058744,0.66308135,0.44481498,0.5654144,0.4411149,0.66174924,0.3423729,0.5626637,0.3406839,0.63464814,0.74730664,0.5940186,0.74693805,0.64862406,0.9105179,0.5816463,0.9165643,0.6560604,0.987993,0.0,0.0
137.png,go_down,0.5912813,0.47096777,0.5975162,0.46132642,0.5841869,0.4605223,0.6056319,0.4749355,0.5744333,0.4745219,0.61554116,0.53251266,0.56177944,0.5299351,0.6381922,0.45570356,0.5441078,0.4502433,0.6403866,0.36545473,0.5450053,0.36273777,0.608046,0.7421098,0.5700506,0.74359375,0.6274693,0.9009893,0.5693289,0.9122953,0.63231003,0.9864329,0.57993895,0.98834234
138.png,go_down,0.5889448,0.4715469,0.5952559,0.46238786,0.5815011,0.4614781,0.6043064,0.47633502,0.57211864,0.47603956,0.61508954,0.5337948,0.56112784,0.5317841,0.63476455,0.45888165,0.5434392,0.45128953,0.6353971,0.37074953,0.54475844,0.35923597,0.60883677,0.7402834,0.571262,0.7417294,0.6217884,0.9013026,0.570581,0.911581,0.6186789,0.9959751,0.58089244,0.9979762
139.png,go_down,0.5990209,0.47925025,0.60658115,0.46883133,0.59178627,0.46774414,0.6156894,0.4798679,0.5802748,0.4766557,0.62153447,0.5407714,0.56865656,0.53625524,0.6368389,0.4613576,0.55297977,0.45132908,0.63758326,0.38492915,0.5537873,0.35946384,0.6065277,0.74426675,0.5703767,0.74236405,0.61247283,0.8981795,0.5774955,0.8959877,0.0,0.0,0.0,0.0
140.png,go_down,0.5938813,0.47357145,0.6011986,0.4638381,0.5870276,0.46306908,0.60994947,0.4774372,0.5762579,0.47473297,0.6163909,0.5413138,0.564572,0.53587466,0.6337169,0.46032584,0.5496032,0.4460956,0.63324016,0.38409314,0.5526286,0.35670334,0.6044485,0.743651,0.5688697,0.74157256,0.61227626,0.8960852,0.5757598,0.8929608,0.0,0.0,0.0,0.0
141.png,go_down,0.5990209,0.47925025,0.60658115,0.46883133,0.59178627,0.46774414,0.6156894,0.4798679,0.5802748,0.4766557,0.62153447,0.5407714,0.56865656,0.53625524,0.6368389,0.4613576,0.55297977,0.45132908,0.63758326,0.38492915,0.5537873,0.35946384,0.6065277,0.74426675,0.5703767,0.74236405,0.61247283,0.8981795,0.5774955,0.8959877,0.0,0.0,0.0,0.0
142.png,go_down,0.597746,0.4759324,0.6054438,0.46635434,0.59068,0.46525142,0.6146472,0.4803735,0.57964295,0.4770492,0.6203745,0.54227,0.5683699,0.53746945,0.6374576,0.459847,0.55413383,0.44947064,0.6374663,0.38388765,0.55490994,0.3593705,0.6052768,0.74548525,0.56966174,0.7434539,0.6134222,0.8988137,0.57752186,0.89642173,0.0,0.0,0.0,0.0
143.png,go_down,0.5902586,0.48004052,0.597029,0.4690063,0.5827125,0.47013932,0.6062612,0.47919703,0.57225096,0.48177987,0.6147978,0.53952,0.5643293,0.54266423,0.62779963,0.45646566,0.5492838,0.45987448,0.6261411,0.37980303,0.54841244,0.36873695,0.60404265,0.7427075,0.5688642,0.7432588,0.61134803,0.89660305,0.5727271,0.89458525,0.0,0.0,0.0,0.0
144.png,go_down,0.5784005,0.48002422,0.5841881,0.4708269,0.5705266,0.47068644,0.5931376,0.48258778,0.56076276,0.48409033,0.60568875,0.53653914,0.5525402,0.5342096,0.62564576,0.45873514,0.5375724,0.44921836,0.6199578,0.37432045,0.54228365,0.36163843,0.59799767,0.7367174,0.56147355,0.73634243,0.60442483,0.8851084,0.55750525,0.8920367,0.59873617,0.9939304,0.5652713,0.9917898
145.png,go_down,0.5746155,0.48376086,0.5811551,0.47122586,0.566606,0.47322455,0.59121567,0.47884944,0.5564465,0.48308727,0.6020829,0.5442315,0.54914653,0.5427644,0.6166841,0.46592188,0.5369588,0.45565364,0.6161129,0.37805334,0.5393483,0.37278634,0.59310484,0.7457799,0.5566883,0.7448632,0.60036826,0.89366776,0.5628425,0.89047617,0.0,0.0,0.0,0.0
146.png,go_down,0.57381064,0.48396692,0.58021677,0.47186226,0.5659312,0.47348973,0.58963114,0.47972527,0.5555346,0.4830981,0.59997684,0.5427665,0.54793525,0.5424684,0.61496484,0.462262,0.535663,0.45747888,0.614763,0.37506866,0.5369812,0.37567627,0.591782,0.7424138,0.5558604,0.742246,0.5994705,0.8853316,0.56138194,0.8838397,0.0,0.0,0.0,0.0
147.png,go_down,0.57404363,0.48439133,0.58014137,0.471583,0.56601214,0.47471043,0.5897061,0.47819105,0.55633956,0.4850948,0.60004073,0.5436711,0.55041635,0.5446518,0.6122631,0.4595363,0.5374712,0.45100865,0.61532515,0.37516648,0.5420073,0.3739106,0.59129256,0.7504477,0.556988,0.7504031,0.5930049,0.89725035,0.55917734,0.89462346,0.0,0.0,0.0,0.0
148.png,go_down,0.57484066,0.48309183,0.58102775,0.47420162,0.5674334,0.47298232,0.5904814,0.48399803,0.5579773,0.48303795,0.6024241,0.53385246,0.54949176,0.5303322,0.62148535,0.46061257,0.53364456,0.4486836,0.61715454,0.3752387,0.5385972,0.36050385,0.59672415,0.73112184,0.5603875,0.7306466,0.60176396,0.8812695,0.5563778,0.88720316,0.5977777,0.9886995,0.5647622,0.98735535
149.png,go_down,0.5731152,0.48339882,0.5793239,0.4727617,0.5652037,0.47424313,0.58824146,0.48256174,0.5545266,0.4857093,0.5974269,0.5406301,0.5483863,0.5403759,0.6118139,0.46983218,0.5357295,0.46059367,0.61367035,0.38810542,0.5364066,0.37133557,0.59152293,0.73933053,0.55737144,0.73966134,0.59764326,0.8842639,0.56184024,0.8848768,0.0,0.0,0.0,0.0
15.png,go_down,0.60153615,0.44361904,0.6086268,0.4318723,0.59292126,0.43305957,0.6187254,0.44439036,0.5827146,0.44834408,0.62828994,0.5065328,0.57548225,0.50713223,0.6454465,0.4192567,0.5573762,0.4171573,0.64578855,0.31522083,0.5538193,0.3120082,0.61878157,0.7431939,0.58123267,0.74310505,0.62727,0.9255973,0.57789123,0.9301429,0.6234195,1.0,0.0,0.0
150.png,go_down,0.5721775,0.48353273,0.578448,0.47128347,0.5641976,0.4734784,0.5881797,0.47872967,0.5543112,0.48335296,0.5979823,0.54168695,0.5483347,0.5415387,0.61121446,0.46051434,0.5374509,0.45090315,0.6152313,0.37770873,0.53990924,0.3698047,0.58996457,0.74206644,0.55570257,0.74240655,0.59518933,0.8857741,0.56043684,0.8874376,0.0,0.0,0.0,0.0
151.png,go_down,0.5739677,0.4851572,0.5803944,0.47254843,0.5662396,0.47486827,0.5904192,0.4789494,0.5566795,0.48373502,0.6004785,0.54382473,0.54965353,0.541461,0.6139675,0.46035925,0.5367173,0.44478807,0.61606014,0.3756228,0.54235655,0.36777908,0.591585,0.7466252,0.5564793,0.745538,0.5957254,0.8925154,0.55926573,0.8888468,0.0,0.0,0.0,0.0
152.png,go_down,0.57566494,0.4833667,0.58237094,0.47187507,0.5682802,0.47311074,0.59198946,0.48021215,0.55837977,0.4821932,0.600397,0.5439181,0.54913366,0.5383008,0.61321545,0.46477586,0.5364908,0.44545645,0.6158131,0.37958214,0.5415439,0.37254256,0.58895195,0.7447189,0.5535823,0.74249166,0.5924712,0.8916743,0.55649674,0.8878268,0.0,0.0,0.0,0.0
153.png,go_down,0.57104015,0.48158926,0.57750547,0.47219637,0.5647093,0.4699244,0.58626956,0.48302332,0.5554527,0.47881517,0.59634054,0.53716075,0.5462105,0.52755225,0.6113851,0.46894455,0.53054965,0.4450512,0.61223304,0.37490353,0.5339081,0.3554214,0.587038,0.729078,0.5504262,0.72491735,0.59116524,0.88372844,0.5306419,0.88796014,0.58769995,0.9800112,0.5266643,0.9748872
154.png,go_down,0.5563828,0.4791624,0.563239,0.47090402,0.5497416,0.46917647,0.57347995,0.48384687,0.54059446,0.48070467,0.5861351,0.53472286,0.53365535,0.52646077,0.6036316,0.46481273,0.51543677,0.4437331,0.59921235,0.37427112,0.514911,0.35593536,0.5777408,0.7357383,0.5360164,0.7299864,0.5837875,0.88519293,0.5004469,0.8865935,0.5824476,0.9944217,0.47840786,0.9902179
155.png,go_down,0.5306119,0.48510328,0.5373256,0.47659776,0.52359813,0.47536948,0.5482833,0.48945197,0.5148185,0.487832,0.55947506,0.54135144,0.50560266,0.5349543,0.57428294,0.4621541,0.48530388,0.45003167,0.56898654,0.37209994,0.48679343,0.36116207,0.5507895,0.7495782,0.5063229,0.74551696,0.5721427,0.89542836,0.4687203,0.89915144,0.57943714,0.99691415,0.44909582,0.9927175
156.png,go_down,0.49367672,0.48065606,0.5007902,0.47287115,0.48743063,0.46948472,0.51095355,0.48692238,0.47907233,0.48086357,0.5174735,0.5381135,0.46805707,0.530822,0.5394112,0.4565997,0.45124453,0.44591182,0.5413545,0.36721432,0.45063925,0.3600707,0.50997907,0.7439784,0.46973348,0.7431775,0.540573,0.8840761,0.44791436,0.89558446,0.5620112,0.99460006,0.4456342,1.0
157.png,go_down,0.46906224,0.47433123,0.4757606,0.46624437,0.46253538,0.46331576,0.4859584,0.4793334,0.4544502,0.47447437,0.49690732,0.533279,0.44448957,0.52696264,0.51331747,0.45288035,0.42778787,0.44019258,0.5102696,0.36382905,0.4290352,0.3465196,0.4894115,0.73442996,0.45099917,0.73273915,0.50305855,0.8844205,0.43963456,0.8894488,0.50263315,0.9898559,0.4434558,0.9919331
158.png,go_down,0.45926443,0.47691956,0.4660577,0.46727726,0.45280546,0.4661546,0.4773242,0.47884724,0.44573736,0.47756985,0.4898048,0.5340543,0.43954206,0.52910113,0.50491667,0.45228025,0.41986722,0.44109172,0.5011964,0.35729346,0.41689977,0.35151294,0.47884497,0.73118067,0.4445725,0.7273764,0.47605848,0.8898577,0.43383104,0.8903289,0.47100028,0.98593134,0.43725556,0.9768687
159.png,go_down,0.46075973,0.47825602,0.46745983,0.46881273,0.45405275,0.46716085,0.47698516,0.4806301,0.44534072,0.4778545,0.48743087,0.5357745,0.43706766,0.5276002,0.50284266,0.45447132,0.41916886,0.43703046,0.49956506,0.36075976,0.4164309,0.3457969,0.47516426,0.7349348,0.4405675,0.7302995,0.4754463,0.89198947,0.432019,0.891025,0.471143,0.98162085,0.43858021,0.97353464
16.png,go_down,0.59829396,0.44812572,0.60492015,0.43597743,0.5897061,0.43806866,0.6151811,0.44601047,0.5801984,0.45232445,0.62560236,0.50288737,0.5741847,0.50784296,0.6377038,0.4049853,0.5583349,0.41310453,0.63626975,0.3056586,0.55597425,0.30838788,0.6189004,0.7402446,0.581437,0.74224037,0.6295062,0.92360026,0.5772795,0.93069863,0.625056,1.0,0.0,0.0
160.png,go_down,0.4567748,0.47354695,0.46352524,0.4659673,0.4499498,0.463553,0.47335404,0.48197243,0.44168606,0.47798294,0.48531947,0.5388316,0.43247953,0.5300149,0.5018669,0.45925304,0.4162708,0.43628594,0.49856305,0.3631538,0.4136812,0.34164628,0.47254044,0.740811,0.43510652,0.7367722,0.47555962,0.8959608,0.42409953,0.900972,0.46710414,0.9914522,0.43001884,0.99141556
161.png,go_down,0.4506452,0.47482592,0.45778304,0.46580496,0.44445935,0.46397883,0.46783668,0.48065755,0.4361158,0.4775851,0.47816962,0.53532606,0.42576486,0.5281812,0.49605554,0.45370042,0.40795738,0.4366123,0.4927407,0.3628897,0.40432635,0.34763104,0.46143103,0.74004227,0.422288,0.7347751,0.46924728,0.89225566,0.39773414,0.89549315,0.46212322,0.98495686,0.39076006,0.97810304
162.png,go_down,0.43227544,0.4755063,0.43950978,0.467565,0.42563525,0.46458834,0.45020097,0.4833884,0.41663828,0.4780393,0.45985872,0.5376942,0.40586767,0.52829516,0.47831744,0.45390955,0.38771904,0.43487278,0.4737541,0.36014947,0.39034045,0.34334433,0.44494423,0.7440977,0.40209532,0.73900646,0.45940477,0.8926645,0.36671782,0.901097,0.46173334,0.98966116,0.35056394,0.9932801
163.png,go_down,0.4089839,0.4827446,0.41652322,0.4731803,0.40257263,0.47136387,0.42741984,0.48719648,0.39371264,0.48363787,0.4342068,0.5439008,0.38366696,0.53287184,0.4554874,0.4628573,0.36620975,0.44050902,0.45230293,0.36986923,0.36691162,0.34707633,0.4166699,0.7444785,0.37604254,0.7383282,0.4395279,0.8922358,0.34972292,0.89148647,0.4533891,0.99931455,0.33854336,0.9839632
164.png,go_down,0.37489888,0.47703552,0.38215294,0.4675808,0.36827216,0.4656674,0.39216632,0.48047855,0.3590588,0.47708955,0.39828116,0.5382226,0.34564608,0.52731127,0.41866168,0.45930028,0.32908425,0.4331618,0.41539937,0.36642644,0.33463082,0.3424325,0.38274726,0.7468274,0.34131998,0.7440109,0.4098057,0.8896145,0.32791847,0.8984196,0.42222124,0.99040663,0.32955813,0.9894174
165.png,go_down,0.36011368,0.4736889,0.36702245,0.4641794,0.35320243,0.46344194,0.37624693,0.47878152,0.34377956,0.4778589,0.38536334,0.5366422,0.33259124,0.53016263,0.40389413,0.45534727,0.31570202,0.4360305,0.40004358,0.3582422,0.31837574,0.33662426,0.37208697,0.73876005,0.3341999,0.73607117,0.3828935,0.8925532,0.32465073,0.8975467,0.37932622,0.9867122,0.32944554,0.98097086
166.png,go_down,0.35312638,0.47286147,0.3595794,0.46444684,0.34583497,0.46307948,0.36843723,0.47890964,0.336567,0.47739783,0.37716383,0.53600335,0.32607782,0.53113776,0.39466107,0.45425895,0.3071948,0.44216952,0.39287645,0.36097175,0.3086874,0.3458016,0.36407524,0.73628837,0.32929546,0.73424226,0.36589018,0.8937829,0.32393774,0.8983728,0.35610396,0.9900963,0.3285073,0.98587453
167.png,go_down,0.3517465,0.47725374,0.35840195,0.4673684,0.3452188,0.4661779,0.36794618,0.47813153,0.33681056,0.47670984,0.37650186,0.5322691,0.32490206,0.52859914,0.39283895,0.45533398,0.30491155,0.44514093,0.3913311,0.36367714,0.30693427,0.34684676,0.36124128,0.7354749,0.32568547,0.734139,0.36715287,0.8931149,0.32103485,0.89920527,0.36060238,0.9796377,0.32700783,0.97614235
168.png,go_down,0.35146627,0.47774515,0.358706,0.4683335,0.34485525,0.46728703,0.36786857,0.4797005,0.33430666,0.47676867,0.37388018,0.53661066,0.3222895,0.53439975,0.38432276,0.45661625,0.30425844,0.45277312,0.38639012,0.3806579,0.30408955,0.36571324,0.35965678,0.73595107,0.3228587,0.73562336,0.3684469,0.889967,0.3230391,0.890866,0.0,0.0,0.0,0.0
169.png,go_down,0.34398508,0.47564298,0.35104483,0.46659136,0.33803082,0.46381658,0.360219,0.47885895,0.32920226,0.47340643,0.3684767,0.53291434,0.31622705,0.52380663,0.38113672,0.4554072,0.2966504,0.43959087,0.37900674,0.36570114,0.29663754,0.34805095,0.35220036,0.7378197,0.31391293,0.7325721,0.3614054,0.8966297,0.2962327,0.89571124,0.35280934,0.9855168,0.29204944,0.97824275
17.png,go_down,0.5983794,0.4502544,0.60515463,0.43871078,0.58989704,0.43995786,0.6148337,0.4493141,0.57978326,0.45354852,0.62447894,0.50563157,0.5732946,0.5077671,0.63821065,0.40676337,0.5587638,0.40904438,0.64085525,0.3089492,0.55571914,0.30672964,0.6185516,0.7404023,0.5812939,0.7416592,0.6296884,0.9219986,0.5771841,0.9283059,0.6254535,0.99983215,0.0,0.0
170.png,go_down,0.33084267,0.47760254,0.33831492,0.46844324,0.32487923,0.46532813,0.34877175,0.4813887,0.31618443,0.47537178,0.35665032,0.53605,0.30342895,0.5285075,0.36988935,0.44996616,0.2830485,0.44114313,0.36779937,0.35568732,0.28112632,0.34721956,0.34130752,0.73888904,0.30150226,0.7347031,0.35291767,0.8992244,0.27859977,0.901321,0.3550473,0.9893626,0.27702886,0.9840084
171.png,go_down,0.31127864,0.4744067,0.3185957,0.46564794,0.3053144,0.46325892,0.32856387,0.4793315,0.29684377,0.47471017,0.3346452,0.5336988,0.2845478,0.52390516,0.35226575,0.45806232,0.26495153,0.43598428,0.3505281,0.36095276,0.26296645,0.34056315,0.32002464,0.734216,0.28185984,0.7306231,0.33892292,0.88431734,0.26777312,0.888745,0.34689456,0.9835117,0.26799285,0.9788298
172.png,go_down,0.29346403,0.47180906,0.3002072,0.46267954,0.28700382,0.4610399,0.30975708,0.47531754,0.27842528,0.47246763,0.3182619,0.53053176,0.26678625,0.5219804,0.33739376,0.46185464,0.24819884,0.43550882,0.34100655,0.3703298,0.24809852,0.34057677,0.3049593,0.72854155,0.26840824,0.7266613,0.31838506,0.8832393,0.2598898,0.893749,0.319702,0.9835946,0.26550677,0.98833126
173.png,go_down,0.28826305,0.46989733,0.29518348,0.46080968,0.2814108,0.45946923,0.30485964,0.47544402,0.27232817,0.4735154,0.31469774,0.53439486,0.26086205,0.5280998,0.33028635,0.45972103,0.23881133,0.441567,0.32855567,0.36428207,0.24120545,0.34571415,0.3017283,0.7369969,0.2653944,0.73461217,0.3048816,0.895783,0.25968617,0.90148365,0.2968107,0.9875014,0.26494542,0.9839313
174.png,go_down,0.28793147,0.47132826,0.29513925,0.46257794,0.28134304,0.46055084,0.30527005,0.47737977,0.27249107,0.4740172,0.31531125,0.53637576,0.26098147,0.52900255,0.33123818,0.4545088,0.23981805,0.4354437,0.3275593,0.35674426,0.24163309,0.3414916,0.3011548,0.73874056,0.2647278,0.73564094,0.30371293,0.89358354,0.25953072,0.89941406,0.29339018,0.98537123,0.26469877,0.9834556
175.png,go_down,0.29157296,0.47234184,0.29859668,0.46331295,0.2848747,0.46058774,0.3073337,0.47624436,0.274938,0.47108036,0.31605262,0.53382117,0.26293454,0.5241839,0.33540207,0.45655492,0.24354994,0.43393445,0.3378312,0.36501646,0.2451245,0.3399649,0.30364245,0.73452437,0.26718625,0.7311138,0.31108963,0.8892493,0.2598434,0.89309627,0.30469003,0.98053354,0.26270717,0.9797044
176.png,go_down,0.30079705,0.47131076,0.30733418,0.4614603,0.29376853,0.46065402,0.31590098,0.47508478,0.28401247,0.47378653,0.32507563,0.5360845,0.2712805,0.5263548,0.3497927,0.46230298,0.25266096,0.43189994,0.3497788,0.3679174,0.2555269,0.33398515,0.3120756,0.7390821,0.27279228,0.7372585,0.33550566,0.8855131,0.26382405,0.8980357,0.34042114,0.97922415,0.26344967,0.98433363
177.png,go_down,0.32131237,0.4743298,0.32802314,0.46494693,0.31357855,0.46307084,0.33722058,0.4789864,0.30281955,0.47564527,0.34615168,0.53938556,0.2910145,0.5298143,0.37188712,0.45615134,0.27338773,0.43427488,0.37197566,0.36723545,0.28206024,0.33742586,0.33696553,0.7505381,0.2941509,0.74930674,0.36674923,0.8965828,0.27661887,0.9085268,0.38293093,0.9966095,0.2734304,1.0
178.png,go_down,0.34664196,0.47389552,0.3528695,0.46476784,0.3390169,0.46440324,0.36124852,0.47924477,0.32786322,0.4789839,0.3731112,0.53592736,0.31923512,0.52920353,0.39871067,0.45471272,0.3018144,0.43488926,0.39979073,0.36900333,0.30111533,0.34224582,0.36390913,0.7519202,0.32054836,0.7486624,0.38531312,0.90221167,0.29462343,0.90758854,0.39345086,1.0,0.2817599,0.99803907
179.png,go_down,0.37806746,0.4651538,0.38470536,0.45596838,0.36960632,0.4553769,0.3940848,0.47148412,0.35811839,0.4716068,0.40691918,0.5293909,0.34738493,0.525489,0.4271094,0.44272012,0.3290817,0.43102062,0.42679626,0.351683,0.3331112,0.3311045,0.39651862,0.7449692,0.35206574,0.74297035,0.40697703,0.90056646,0.3234626,0.91131216,0.39993614,0.984728,0.3161158,0.987698
18.png,go_down,0.6007318,0.4512604,0.60710156,0.4391485,0.5919761,0.44110015,0.61603045,0.44831875,0.58143926,0.4540631,0.6259447,0.50469404,0.574886,0.506927,0.6435525,0.41184184,0.5598318,0.41069785,0.6449549,0.3103104,0.5567003,0.3086769,0.6191045,0.741835,0.5822679,0.7434363,0.62886727,0.9224662,0.57865226,0.93254626,0.0,0.0,0.0,0.0
180.png,go_down,0.39440116,0.47008103,0.4015135,0.45945993,0.38666415,0.45860875,0.41012678,0.47235328,0.37534347,0.471118,0.4204064,0.53236,0.36527124,0.5272719,0.44431886,0.44685206,0.3487254,0.4351448,0.44586736,0.34858304,0.35128328,0.3329317,0.40623078,0.7429075,0.36812833,0.7396726,0.41293034,0.902976,0.357608,0.90541553,0.39987946,0.98874265,0.3522877,0.98080426
181.png,go_down,0.40493932,0.47032183,0.411793,0.45883644,0.39705303,0.4584145,0.4189333,0.4702253,0.38518786,0.46979633,0.4280657,0.53197944,0.37532908,0.5274536,0.45150536,0.4506805,0.35791156,0.43795675,0.45088887,0.3481814,0.3600862,0.3323232,0.41642228,0.75369096,0.38090318,0.75133514,0.42102355,0.9133289,0.38146028,0.915164,0.40266228,0.99372745,0.0,0.0
182.png,go_down,0.4130846,0.4678917,0.4208181,0.45794123,0.40519482,0.45593303,0.4282241,0.47213507,0.39262635,0.4682807,0.43453997,0.5308293,0.38252097,0.52465063,0.458098,0.44588372,0.3662167,0.4316908,0.4563881,0.34251106,0.36770335,0.32723707,0.42202663,0.74724984,0.38823444,0.7446273,0.42154688,0.91009575,0.39573303,0.9113993,0.40309745,0.9875329,0.39718407,0.97957134
183.png,go_down,0.4199005,0.4708753,0.42765728,0.4602963,0.4113551,0.45876977,0.43534836,0.47438774,0.39855123,0.47179306,0.44195494,0.5365578,0.38862115,0.530121,0.4637479,0.45079523,0.37552232,0.43182203,0.46343955,0.34589097,0.38007,0.32422033,0.42822093,0.75937116,0.3933846,0.7567777,0.42148867,0.9269034,0.39839807,0.9301562,0.0,0.0,0.0,0.0
184.png,go_down,0.42652422,0.46615326,0.4334464,0.45453686,0.41719976,0.45465994,0.4411866,0.4677165,0.40418538,0.46966454,0.45173502,0.53018486,0.39380443,0.52937275,0.4714982,0.4407018,0.37824526,0.429403,0.4721264,0.33815792,0.38374335,0.32080057,0.43762535,0.7597723,0.40153757,0.75974435,0.42466933,0.93303424,0.4044915,0.9441847,0.0,0.0,0.0,0.0
185.png,go_down,0.43526134,0.448914,0.44302577,0.43803585,0.4264265,0.4369847,0.45248803,0.4540292,0.41449183,0.45309702,0.46366248,0.520542,0.40339464,0.51476675,0.48311606,0.42648268,0.38619778,0.40717995,0.4865117,0.32569283,0.38819754,0.29894108,0.4481059,0.7579673,0.40784675,0.75574714,0.4531486,0.93646103,0.40962902,0.94394577,0.0,0.0,0.0,0.0
186.png,go_down,0.4480974,0.439002,0.45578557,0.42625812,0.43849295,0.42549813,0.4643033,0.43956935,0.42457843,0.4386286,0.4729163,0.510954,0.4127156,0.50012314,0.50046045,0.42076993,0.39915457,0.38565287,0.5022962,0.3114849,0.4007271,0.27839512,0.46070614,0.76066387,0.41695586,0.75919884,0.48550886,0.9321307,0.41592112,0.94853413,0.0,0.0,0.0,0.0
187.png,go_down,0.46555942,0.43571252,0.47345123,0.42195138,0.45543742,0.42168012,0.48324123,0.43606323,0.44158584,0.43645617,0.4938454,0.5066231,0.43023634,0.4981375,0.5196856,0.41038844,0.41244754,0.3864343,0.52080697,0.29803738,0.41900045,0.26184466,0.4835635,0.7714047,0.43536955,0.76952225,0.50642383,0.95843744,0.4255249,0.9656992,0.0,0.0,0.0,0.0
188.png,go_down,0.48847827,0.40825084,0.4960576,0.39512685,0.47742066,0.39653778,0.50588006,0.4131369,0.46345368,0.4180814,0.52048266,0.48766065,0.45198083,0.48608398,0.54378,0.3684521,0.42959404,0.362363,0.5495218,0.24294159,0.43000498,0.23319286,0.51498055,0.7557463,0.46535617,0.75599,0.532905,0.9591815,0.45803148,0.96602446,0.0,0.0,0.0,0.0
189.png,go_down,0.50664115,0.3990629,0.51624334,0.38242534,0.4950416,0.38178542,0.528112,0.39444673,0.47925377,0.39467543,0.54277974,0.47691336,0.46647334,0.47293544,0.5660246,0.34987593,0.44643813,0.33955452,0.5674279,0.23296583,0.44088286,0.21210834,0.5352105,0.77603424,0.47998095,0.774874,0.5519911,0.9721312,0.47785226,0.976395,0.0,0.0,0.0,0.0
19.png,go_down,0.60149634,0.45257288,0.6085347,0.4415164,0.5930638,0.44201306,0.61798936,0.4531695,0.5824402,0.45560065,0.62687296,0.50968117,0.5755975,0.5093072,0.64547294,0.41498116,0.56067073,0.40956298,0.6475636,0.3111695,0.55677116,0.30588266,0.61966836,0.7427216,0.5827808,0.7434277,0.62965214,0.92101234,0.57930315,0.93045753,0.62824774,1.0,0.5882306,0.99850804
190.png,go_down,0.5191019,0.39042953,0.529442,0.37340328,0.506455,0.37225097,0.5417285,0.38732782,0.4888193,0.38701004,0.55417,0.475975,0.4756728,0.4752973,0.5820927,0.3448216,0.45254058,0.3414171,0.5841942,0.2098097,0.44842854,0.18678977,0.5478359,0.79569364,0.4911262,0.7961609,0.5525463,0.9728548,0.48234764,0.97596055,0.0,0.0,0.0,0.0
20.png,go_down,0.60109586,0.45001906,0.60796595,0.43838578,0.5923735,0.43976957,0.6176203,0.44981164,0.58178806,0.45421025,0.62676877,0.50820976,0.5749455,0.50867635,0.64375085,0.41226858,0.5601337,0.40788794,0.6458696,0.3118943,0.55639505,0.30464137,0.61824536,0.7429528,0.5808064,0.7436584,0.6297213,0.92006135,0.5772339,0.9283589,0.62746036,1.0,0.5880188,0.9934921
21.png,go_down,0.5940246,0.44810188,0.60118014,0.4369186,0.58591795,0.43696755,0.6112181,0.44888508,0.57568175,0.45032468,0.62077916,0.5066309,0.56847847,0.50583434,0.63676256,0.41178077,0.55245316,0.41122183,0.63921213,0.3094207,0.5482273,0.30795252,0.6113288,0.7397661,0.57175475,0.7382321,0.6228038,0.9176553,0.5542526,0.9212665,0.62036455,0.99465436,0.0,0.0
22.png,go_down,0.5780009,0.4484591,0.5848531,0.43759423,0.5687667,0.43870455,0.59551746,0.45161387,0.55720526,0.4555854,0.60754406,0.51075166,0.55067575,0.510944,0.622363,0.40454122,0.5318305,0.4099461,0.6203572,0.3072329,0.53220665,0.30804935,0.6012439,0.745911,0.55518633,0.74356216,0.61765456,0.9262702,0.5179311,0.9279926,0.6224826,1.0,0.50495356,0.9976652
23.png,go_down,0.5449489,0.45584455,0.5521916,0.44566157,0.5363839,0.44533938,0.56284714,0.46030083,0.52569497,0.46095306,0.5732128,0.51689935,0.5171638,0.5135421,0.5921887,0.41185734,0.50338995,0.41044736,0.59472644,0.31790656,0.5026573,0.31341994,0.56671405,0.7525313,0.5197309,0.7505246,0.59818566,0.9304446,0.48767275,0.9343904,0.0,0.0,0.0,0.0
24.png,go_down,0.5109022,0.4521397,0.5183526,0.44096333,0.5025441,0.4409682,0.52894044,0.45465085,0.49225107,0.4557218,0.53687865,0.51523674,0.48368907,0.5097772,0.55560726,0.4177402,0.46890917,0.40591,0.5575148,0.31535694,0.46853828,0.30197492,0.5284995,0.7545961,0.48490915,0.7534483,0.56241065,0.92217654,0.47071677,0.9289876,0.0,0.0,0.0,0.0
25.png,go_down,0.49131364,0.45196873,0.49885076,0.441863,0.48424762,0.4394001,0.508398,0.45399663,0.47352248,0.44996235,0.51934433,0.5121832,0.4624096,0.50523186,0.5368266,0.41885003,0.44916672,0.4024926,0.5383116,0.3135161,0.44589886,0.29709888,0.5074357,0.74285823,0.46721727,0.7393586,0.5124527,0.9295434,0.46060744,0.9307664,0.0,0.0,0.0,0.0
26.png,go_down,0.4864006,0.4511599,0.4937926,0.4405891,0.47837996,0.44089782,0.5052762,0.4549502,0.46935344,0.45705283,0.51579106,0.51552886,0.46096295,0.5137986,0.5305687,0.4203832,0.44233245,0.41292673,0.5260566,0.3166064,0.44136414,0.3096966,0.5007628,0.7474128,0.46265453,0.7459199,0.50341094,0.92529786,0.4568754,0.93310875,0.4964674,0.9972378,0.0,0.0
27.png,go_down,0.48551798,0.45173326,0.49310708,0.44152755,0.4780727,0.4406917,0.504741,0.45521826,0.4694531,0.4547851,0.5150898,0.514807,0.45959935,0.5108481,0.53141326,0.42041907,0.4416809,0.40936688,0.5296726,0.31654298,0.44273525,0.306878,0.49896818,0.7460108,0.46023816,0.74414307,0.5052136,0.92825323,0.45657387,0.9359946,0.0,0.0,0.0,0.0
28.png,go_down,0.48420134,0.45394754,0.4917926,0.44301632,0.4764703,0.44267055,0.50363535,0.45529506,0.46761447,0.45586914,0.5141386,0.5162922,0.45831603,0.51279694,0.53067625,0.4206554,0.44113725,0.4103176,0.52911997,0.3181311,0.44247523,0.30670574,0.49778944,0.749009,0.4589731,0.7471564,0.5047783,0.9283754,0.4562437,0.93476725,0.0,0.0,0.0,0.0
29.png,go_down,0.48366246,0.45318082,0.4912243,0.44242537,0.47583246,0.44160604,0.5022284,0.45552805,0.466256,0.45518526,0.51226467,0.517092,0.45655409,0.51412606,0.5291687,0.42027044,0.4390532,0.41280857,0.5264369,0.31934902,0.44000173,0.31271,0.4983899,0.7498717,0.45963255,0.7486968,0.50549835,0.9319478,0.4563725,0.939882,0.0,0.0,0.0,0.0
30.png,go_down,0.47939682,0.4538615,0.48728243,0.4434949,0.4717706,0.442092,0.49852768,0.4570678,0.46183252,0.4552705,0.5087576,0.5173152,0.4517548,0.51401556,0.52386004,0.42438024,0.4321339,0.41846594,0.52202845,0.31524828,0.43429828,0.31179383,0.49725947,0.7481115,0.45651284,0.74625176,0.5024411,0.9300107,0.4443687,0.9355477,0.4978551,0.99664664,0.0,0.0
31.png,go_down,0.471224,0.4506386,0.4794349,0.44099358,0.46304092,0.43907115,0.49184075,0.4548705,0.4526414,0.45211568,0.50225914,0.51365685,0.4435676,0.5095832,0.5157293,0.41898084,0.42376995,0.4155717,0.5124501,0.31642565,0.42473942,0.30998072,0.4905265,0.74770176,0.44594234,0.74419606,0.49750853,0.92876095,0.41954035,0.93053895,0.49564558,1.0,0.0,0.0
32.png,go_down,0.45528927,0.4512845,0.4632009,0.44048774,0.44767183,0.43899587,0.4736204,0.45624,0.43735734,0.45384318,0.48158726,0.5160597,0.42691904,0.51048934,0.49875745,0.42059013,0.4063949,0.41387907,0.49955457,0.31652057,0.40456972,0.30895123,0.46957535,0.7546027,0.425392,0.7505218,0.4880004,0.929652,0.39449862,0.9314415,0.4957408,1.0,0.0,0.0
33.png,go_down,0.43067056,0.45451877,0.438801,0.44602957,0.42348576,0.44289094,0.45111656,0.46351868,0.4142099,0.45817345,0.45969424,0.5213386,0.4011988,0.5159814,0.476317,0.41627422,0.3819363,0.41559738,0.4764522,0.31552997,0.38691992,0.3117293,0.4467331,0.7527243,0.40036422,0.7507371,0.47157422,0.9311636,0.3766832,0.9370662,0.4821826,1.0,0.0,0.0
34.png,go_down,0.39385763,0.45104668,0.40158635,0.44012722,0.38685423,0.43906048,0.41452655,0.4530298,0.3792934,0.45181733,0.4227081,0.5146018,0.36880606,0.50747263,0.44038028,0.42497644,0.3478669,0.40713036,0.44236335,0.32452205,0.3495166,0.30847648,0.40909758,0.7482105,0.36780486,0.74700004,0.43511295,0.91639525,0.3587749,0.92756873,0.4476009,0.9950616,0.0,0.0
35.png,go_down,0.3809834,0.45041353,0.3884894,0.43989503,0.3735234,0.43966165,0.4010256,0.454422,0.36547267,0.45521498,0.41191688,0.51530945,0.35508087,0.5112451,0.42604667,0.422995,0.33211285,0.4126135,0.42381477,0.32053906,0.33647954,0.30673298,0.39876062,0.74313694,0.35793692,0.7416545,0.4116973,0.92751276,0.35196662,0.9317866,0.41402087,1.0,0.0,0.0
36.png,go_down,0.37319234,0.45200256,0.3811355,0.44222108,0.36592475,0.44082403,0.3937955,0.45669574,0.35784394,0.45497775,0.40431824,0.51620096,0.3477991,0.51168114,0.41828412,0.4270129,0.32517046,0.4170739,0.41706452,0.32467744,0.3290444,0.31267747,0.3911143,0.7416593,0.35251603,0.7395243,0.39216176,0.92934537,0.34868076,0.9315424,0.39074156,0.99431485,0.3630301,0.9840752
37.png,go_down,0.37283128,0.45546585,0.3808071,0.44543967,0.3653266,0.44397262,0.3921729,0.45807728,0.3559928,0.45637763,0.4015091,0.51733106,0.3451746,0.5153719,0.4179162,0.42517292,0.32398114,0.4209758,0.41360074,0.32465786,0.3251869,0.3150451,0.39089575,0.7472086,0.35124597,0.74666995,0.3954461,0.92574954,0.34939694,0.9294908,0.0,0.0,0.0,0.0
38.png,go_down,0.3749966,0.45682755,0.38275713,0.44656023,0.36717415,0.44522583,0.39292574,0.45880425,0.3567728,0.45713434,0.4020397,0.51804185,0.34555689,0.51453006,0.42101377,0.4253638,0.32585087,0.41760805,0.41957885,0.32253635,0.3291878,0.30838397,0.39109588,0.74551576,0.35150766,0.7442561,0.39551574,0.9244597,0.34908974,0.9262184,0.38963264,0.9968244,0.0,0.0
39.png,go_down,0.3766461,0.45449194,0.38456875,0.44569147,0.3690996,0.44297817,0.39516288,0.46193272,0.35872698,0.45717832,0.40519732,0.5210652,0.34630957,0.5129591,0.42485905,0.43159422,0.32692084,0.41518945,0.42861477,0.32461727,0.3333102,0.30561355,0.39254647,0.74104935,0.35216004,0.7381505,0.397749,0.92148966,0.34678048,0.92389965,0.39351335,0.9808888,0.35866553,0.97552717
40.png,go_down,0.3817981,0.45160443,0.3888241,0.44113973,0.37388918,0.44024184,0.39826486,0.455641,0.3633161,0.45469776,0.4085508,0.5176445,0.35032803,0.51127,0.4304594,0.4272226,0.33026215,0.41286448,0.43393803,0.32754117,0.33671832,0.30611712,0.39754677,0.7488256,0.35577202,0.74779356,0.41633645,0.92557025,0.3513777,0.93152076,0.4196577,0.99862635,0.35909674,0.9918153
41.png,go_down,0.3942741,0.450398,0.40146762,0.43841806,0.38571006,0.43789,0.4111337,0.45095444,0.37470847,0.45074692,0.42065677,0.5154848,0.36271665,0.508242,0.44478863,0.42706326,0.34525087,0.40778875,0.44931388,0.32060516,0.3489155,0.30388132,0.41595158,0.757612,0.37017715,0.75916195,0.4567504,0.91708875,0.36048448,0.93642724,0.0,0.0,0.0,0.0
42.png,go_down,0.4168735,0.4510503,0.42437062,0.4409192,0.40821654,0.43935394,0.4341143,0.45802668,0.3961712,0.45555443,0.44360965,0.52163863,0.38413972,0.5153234,0.46485528,0.42646205,0.36376044,0.41410175,0.46609277,0.3248356,0.36784834,0.30230153,0.4424979,0.7596363,0.3939905,0.7605841,0.48088956,0.92773944,0.3737558,0.939608,0.0,0.0,0.0,0.0
43.png,go_down,0.46761447,0.45190623,0.47477406,0.44093782,0.45856196,0.44065195,0.48536444,0.4562942,0.44667625,0.45736668,0.49797383,0.5184023,0.437822,0.51763415,0.5147351,0.41448215,0.41256857,0.4190829,0.5133911,0.3154031,0.41046053,0.3143674,0.49644175,0.75729555,0.4473698,0.7562207,0.5189506,0.93479913,0.40811682,0.9396856,0.0,0.0,0.0,0.0
44.png,go_down,0.49792546,0.44851783,0.50468165,0.43556443,0.48875746,0.4365226,0.5133939,0.4469524,0.47650528,0.45041412,0.5259759,0.5083174,0.46593457,0.50811,0.54591656,0.41467395,0.44424194,0.41534233,0.5487398,0.3064923,0.44125137,0.3050563,0.51943266,0.75530076,0.4735828,0.75385785,0.5335411,0.94002634,0.44802222,0.9430249,0.0,0.0,0.0,0.0
45.png,go_down,0.51921576,0.44797167,0.5272255,0.43632188,0.5104581,0.43457863,0.53714234,0.44719738,0.4982264,0.44479057,0.54663056,0.5089476,0.48830348,0.505839,0.5700661,0.42292133,0.46723858,0.41667286,0.5697912,0.31450757,0.4649934,0.30282626,0.5368037,0.74594235,0.49816614,0.7451764,0.5406865,0.93452275,0.5019661,0.9368123,0.0,0.0,0.0,0.0
46.png,go_down,0.5281998,0.4477557,0.535636,0.43566847,0.51913416,0.4352433,0.54488635,0.44607592,0.5064584,0.44649085,0.5557705,0.50742316,0.4966115,0.5057515,0.5781457,0.4213045,0.47385746,0.41553187,0.5791821,0.31511065,0.47466236,0.30226094,0.5463846,0.7475136,0.50670755,0.7467394,0.54879135,0.9357666,0.5043862,0.9390339,0.53994435,1.0,0.5084932,0.9944526
47.png,go_down,0.5355128,0.44516492,0.54265964,0.4330537,0.52624667,0.43349695,0.5520663,0.44470274,0.51404727,0.44742572,0.5630775,0.505858,0.5042745,0.507183,0.58520406,0.40852317,0.4797706,0.4121206,0.5879774,0.30357856,0.48027653,0.30135715,0.55019224,0.747821,0.5105491,0.74732465,0.55161464,0.9369027,0.5051342,0.94154644,0.5405938,1.0,0.50628257,0.9942093
48.png,go_down,0.53769124,0.44585478,0.54525006,0.4337673,0.5288311,0.4331457,0.5549127,0.44502014,0.51693285,0.44513762,0.5652978,0.5088918,0.5060811,0.5064229,0.5882569,0.41207927,0.4817168,0.4087388,0.5903101,0.30402184,0.4825037,0.30154952,0.5501553,0.75256145,0.5105835,0.75049967,0.5514804,0.93832976,0.5067307,0.9419174,0.0,0.0,0.0,0.0
49.png,go_down,0.5341994,0.442379,0.5420021,0.43048313,0.5249407,0.430315,0.55258477,0.445386,0.5133956,0.44664776,0.5645386,0.514185,0.5024687,0.5116664,0.58661926,0.41771445,0.4782587,0.41176623,0.58939135,0.30207095,0.47989613,0.2982562,0.54936135,0.762398,0.5079608,0.76046586,0.5485984,0.94936556,0.503874,0.9541847,0.0,0.0,0.0,0.0
50.png,go_down,0.528077,0.43226752,0.5364511,0.42017406,0.5178772,0.41995758,0.54723483,0.436484,0.5044112,0.43782547,0.55954176,0.5029572,0.49299002,0.5018476,0.58371735,0.40232366,0.46838546,0.39894164,0.58424574,0.29650354,0.46958718,0.28282198,0.54654086,0.765054,0.50096416,0.7639974,0.54762626,0.9558672,0.4950158,0.96106654,0.0,0.0,0.0,0.0
51.png,go_down,0.5204314,0.41677958,0.5292459,0.4032638,0.50976926,0.40431735,0.5404189,0.4180882,0.49513784,0.42144567,0.55378026,0.49649101,0.48299575,0.4944775,0.5814326,0.39168933,0.46460992,0.37685576,0.5804349,0.2768728,0.4593405,0.25230902,0.54064673,0.76961756,0.49008742,0.7695672,0.5538367,0.95890284,0.48893294,0.9705331,0.0,0.0,0.0,0.0
52.png,go_down,0.51678205,0.40406808,0.5257979,0.3885449,0.5054381,0.38948342,0.53692394,0.4007145,0.48962674,0.4039156,0.5522221,0.484708,0.4775444,0.4829528,0.5808632,0.37594816,0.4568252,0.36122957,0.57794386,0.25650018,0.45384127,0.23205891,0.5433551,0.77032554,0.4899215,0.7701916,0.55542576,0.9698464,0.4845108,0.9800966,0.0,0.0,0.0,0.0
53.png,go_down,0.51801175,0.4012491,0.5269743,0.3857343,0.50678456,0.38629,0.53795296,0.39802805,0.4911027,0.40052673,0.554014,0.4827169,0.4779939,0.48014742,0.581638,0.37206507,0.4559471,0.3525251,0.5775794,0.2598343,0.45347482,0.22351241,0.5455885,0.771236,0.4911334,0.77092195,0.55588126,0.9655148,0.4841818,0.9767793,0.0,0.0,0.0,0.0
54.png,go_down,0.5251839,0.39650694,0.5346104,0.3809372,0.51307946,0.38107097,0.5471079,0.3954298,0.49716577,0.39743364,0.5617883,0.47675246,0.48534933,0.47187313,0.585051,0.36469227,0.46116123,0.34532827,0.5869406,0.24997665,0.45943865,0.21289138,0.5580942,0.765718,0.5016234,0.76547724,0.5782282,0.95933795,0.0,0.0,0.0,0.0,0.0,0.0
55.png,go_down,0.54265976,0.39071706,0.5506278,0.37489352,0.5303179,0.37688315,0.56055886,0.39157474,0.514049,0.3971346,0.57673085,0.4770674,0.5018859,0.47237778,0.60512674,0.3596598,0.47867078,0.34538376,0.60980505,0.23937,0.47802934,0.21449004,0.5818302,0.77171147,0.52217066,0.77320737,0.6301948,0.96044075,0.50424904,0.9715951,0.0,0.0,0.0,0.0
56.png,go_down,0.5827763,0.39682576,0.5903467,0.3799268,0.5701181,0.38401142,0.60211074,0.3953701,0.55583423,0.40556607,0.6175557,0.47675285,0.5462605,0.4742456,0.64401186,0.3587776,0.5212643,0.35632393,0.6530787,0.23263249,0.5223995,0.22751456,0.6182159,0.77076524,0.5596181,0.77168435,0.6666659,0.9445967,0.53480047,0.95218015,0.0,0.0,0.0,0.0
57.png,go_down,0.6394895,0.39994082,0.64712346,0.3841913,0.62703776,0.38744584,0.6585271,0.40401858,0.6125219,0.41316608,0.6779483,0.4897684,0.6050383,0.48929062,0.7006055,0.37406728,0.57571703,0.35998526,0.70358735,0.23359506,0.5722579,0.23094614,0.6835222,0.7742735,0.6249217,0.7754676,0.709737,0.926552,0.58324534,0.9495874,0.0,0.0,0.0,0.0
58.png,go_down,0.68207735,0.38866386,0.69008344,0.37430048,0.66986865,0.37549037,0.69935596,0.3910132,0.65213305,0.39486933,0.7142784,0.47190547,0.638174,0.46774122,0.7451261,0.3787072,0.6183572,0.36170688,0.7528955,0.23441234,0.616157,0.21345805,0.7078305,0.76783586,0.6513026,0.7671153,0.72467387,0.9509332,0.63878334,0.95662916,0.0,0.0,0.0,0.0
59.png,go_down,0.6999043,0.391848,0.70748645,0.37493053,0.687518,0.37709746,0.7168494,0.38801056,0.6708379,0.39478442,0.7343652,0.47722724,0.6575653,0.4767348,0.76599437,0.35577422,0.6386399,0.350336,0.77499413,0.22162443,0.63670737,0.22161464,0.72510564,0.7692193,0.6705887,0.76957685,0.74441195,0.9521647,0.66747916,0.9613549,0.0,0.0,0.0,0.0
60.png,go_down,0.70624924,0.3912475,0.7142232,0.37394813,0.6935575,0.3765042,0.7245213,0.3848626,0.6763902,0.39234877,0.7421148,0.4717066,0.66516954,0.4730309,0.7731635,0.35230216,0.6446367,0.34982982,0.7773889,0.22779189,0.64043546,0.2230831,0.7328156,0.76210624,0.6780985,0.7619567,0.745592,0.946539,0.6687666,0.95372874,0.0,0.0,0.0,0.0
61.png,go_down,0.7052635,0.3916429,0.7138898,0.37526813,0.69329035,0.3764322,0.724969,0.38751,0.67686194,0.39162406,0.7422581,0.4702075,0.66384125,0.46775272,0.773203,0.35251337,0.64275205,0.34605348,0.7776,0.22176681,0.63643104,0.21645038,0.729335,0.75883365,0.67264956,0.7560873,0.7438067,0.9501764,0.65760267,0.95291454,0.0,0.0,0.0,0.0
62.png,go_down,0.6926951,0.38873222,0.70147127,0.37296006,0.68087846,0.37355727,0.71251804,0.3883107,0.6649669,0.39131102,0.7286249,0.46981347,0.651034,0.46831104,0.75838655,0.35000256,0.62209594,0.35359675,0.75996464,0.21139184,0.62033576,0.22574607,0.71723115,0.7644972,0.6590016,0.7617167,0.7318796,0.96231425,0.6273161,0.96948504,0.0,0.0,0.0,0.0
63.png,go_down,0.6630343,0.3922814,0.67248696,0.37660116,0.65140647,0.3773153,0.6864836,0.39721027,0.63753855,0.4000804,0.7016842,0.48492676,0.626551,0.4771394,0.72944725,0.3825328,0.5944041,0.36341274,0.72900677,0.23854998,0.590536,0.22441237,0.6890148,0.76920754,0.6293342,0.76339483,0.70819926,0.9637738,0.5839529,0.9663954,0.0,0.0,0.0,0.0
64.png,go_down,0.6099082,0.3995473,0.6199844,0.38542306,0.5995244,0.38375735,0.63406044,0.40427542,0.58641577,0.40124896,0.64444315,0.4879383,0.5736169,0.4776251,0.67610335,0.37732726,0.54552096,0.3603255,0.68058896,0.24632771,0.5447055,0.22903484,0.6336709,0.7616005,0.5778321,0.7578408,0.6650938,0.9046729,0.54576856,0.91302264,0.0,0.0,0.0,0.0
65.png,go_down,0.56603855,0.3902002,0.5761073,0.37450743,0.55544937,0.37290174,0.59035605,0.39034113,0.54217595,0.38770667,0.6034969,0.47706082,0.52700716,0.46630076,0.6320732,0.3624314,0.5015851,0.3453377,0.63610756,0.23471735,0.50480384,0.2080992,0.5918726,0.77351326,0.5324766,0.7703663,0.6286687,0.96521455,0.0,0.0,0.0,0.0,0.0,0.0
66.png,go_down,0.5457829,0.3899533,0.5553174,0.37467262,0.5340432,0.37478334,0.5679196,0.39115697,0.5192687,0.39341235,0.5850428,0.4771586,0.5066128,0.47543767,0.60991096,0.35267508,0.4804774,0.3450975,0.6097145,0.23277651,0.48082298,0.21552302,0.57380915,0.77084875,0.51883745,0.7688865,0.5775053,0.97428674,0.0,0.0,0.0,0.0,0.0,0.0
67.png,go_down,0.54151285,0.39321145,0.5512955,0.3783162,0.5303842,0.3773047,0.56403875,0.3932635,0.51560295,0.39245987,0.5775775,0.47671205,0.5009153,0.47191477,0.60182536,0.35519662,0.475236,0.34308785,0.60291576,0.23416981,0.47628278,0.21570252,0.56377196,0.7582467,0.51086843,0.7568737,0.57173645,0.92541045,0.50005543,0.9369573,0.0,0.0,0.0,0.0
68.png,go_down,0.54045767,0.39271104,0.5505568,0.37792796,0.5295938,0.37608796,0.563594,0.39353177,0.5152596,0.39077044,0.5766109,0.4789494,0.50052536,0.47116116,0.598724,0.35865623,0.47430658,0.34524077,0.6015128,0.23041224,0.47488156,0.21442184,0.56263113,0.76821464,0.5086991,0.76460546,0.5720574,0.95158887,0.49504107,0.95546263,0.0,0.0,0.0,0.0
69.png,go_down,0.53572303,0.39268845,0.54565865,0.3772981,0.5252088,0.37614313,0.5597959,0.39059532,0.5118816,0.38908294,0.57345194,0.47309777,0.49836892,0.466018,0.59492373,0.36554578,0.4686171,0.35009858,0.59792125,0.24479298,0.46813488,0.22023001,0.56041855,0.75154656,0.5061318,0.7476877,0.57112825,0.9207736,0.48238364,0.9237541,0.0,0.0,0.0,0.0
70.png,go_down,0.52912295,0.39315262,0.5385109,0.37776238,0.51809955,0.3782046,0.55286276,0.3902501,0.5049623,0.3926678,0.5670773,0.46704355,0.4926291,0.46266294,0.5873996,0.35398585,0.45841727,0.34480268,0.5884963,0.23115137,0.45507568,0.21018545,0.55101854,0.74942833,0.49611768,0.7450298,0.56064314,0.9391797,0.46721014,0.93921304,0.0,0.0,0.0,0.0
71.png,go_down,0.51103246,0.39427546,0.52150804,0.37940514,0.5006345,0.377054,0.53722125,0.39423248,0.48838633,0.39072993,0.5483204,0.47933155,0.4758707,0.46987092,0.5700437,0.37904114,0.44426328,0.35610393,0.57018673,0.23988377,0.44408497,0.21769129,0.5317801,0.7594877,0.47729436,0.7557936,0.5454793,0.9542823,0.4507568,0.9643278,0.0,0.0,0.0,0.0
72.png,go_down,0.4851215,0.3914603,0.49576783,0.37805775,0.47521076,0.3749126,0.51064694,0.39677417,0.4626378,0.39076233,0.5200261,0.4820026,0.4472691,0.46874848,0.54425216,0.37230143,0.4185779,0.34850284,0.5488025,0.23032439,0.41903296,0.21265046,0.50263125,0.76533794,0.4488402,0.76051193,0.52172536,0.9501053,0.43151015,0.95611537,0.0,0.0,0.0,0.0
73.png,go_down,0.46890005,0.39161834,0.47932658,0.37586424,0.4580161,0.3754926,0.49377185,0.39120826,0.44372243,0.39096418,0.5067997,0.48075366,0.42695743,0.47348326,0.53315973,0.35854873,0.40274006,0.34533802,0.5311038,0.23974515,0.39553922,0.21423323,0.48633733,0.777573,0.42750683,0.7743249,0.5125903,0.96438295,0.42024383,0.9692196,0.0,0.0,0.0,0.0
74.png,go_down,0.45803347,0.3886544,0.46738443,0.37150955,0.44673038,0.37164068,0.4794952,0.38412184,0.43164736,0.3855155,0.49503827,0.4747664,0.41616544,0.46806648,0.52055585,0.35722047,0.39161733,0.33858117,0.52172023,0.23479538,0.386787,0.20973395,0.4803443,0.7815925,0.42301196,0.77852327,0.4957347,0.97054666,0.41385135,0.9765264,0.0,0.0,0.0,0.0
75.png,go_down,0.4582625,0.39008033,0.46776432,0.37200162,0.44669804,0.37342924,0.4815353,0.38374466,0.4321189,0.38766798,0.496425,0.47650507,0.4177529,0.46920738,0.517563,0.364441,0.39141864,0.34274614,0.51911575,0.23506457,0.3857979,0.21649607,0.47983852,0.77582383,0.42276305,0.77245116,0.49462923,0.9349046,0.411954,0.9427348,0.0,0.0,0.0,0.0
76.png,go_down,0.4638928,0.39116117,0.47403994,0.3745285,0.45345888,0.3744301,0.48918128,0.38796362,0.44041163,0.3885239,0.50364196,0.47755194,0.42485428,0.46865505,0.52352405,0.3657965,0.395399,0.3457146,0.51937294,0.2201903,0.3874658,0.20944704,0.48234814,0.77764195,0.42318153,0.77158535,0.49506688,0.94474274,0.40060836,0.9496113,0.0,0.0,0.0,0.0
77.png,go_down,0.46502003,0.3873756,0.47563562,0.37230775,0.4548574,0.36917633,0.49020857,0.38640466,0.4417346,0.38124618,0.5031071,0.4688691,0.42530194,0.46144295,0.5264082,0.35695988,0.3955068,0.34748968,0.52033746,0.21338633,0.3912889,0.21182807,0.48058718,0.7647715,0.42224997,0.75942165,0.4859361,0.95017946,0.0,0.0,0.0,0.0,0.0,0.0
78.png,go_down,0.45949775,0.38265127,0.46991673,0.36725396,0.44885468,0.3658449,0.48401362,0.38483396,0.4354744,0.3820896,0.49794197,0.47424054,0.41954905,0.45993316,0.523234,0.3616403,0.38839796,0.34075132,0.52157176,0.22894774,0.3845359,0.21243426,0.47290078,0.77331483,0.4139162,0.76184064,0.0,0.0,0.0,0.0,0.0,0.0,0.0,0.0
79.png,go_down,0.44618973,0.380793,0.45671654,0.36668488,0.43561736,0.3640943,0.47023025,0.38565022,0.421297,0.3809102,0.4834416,0.46820298,0.40369767,0.4577739,0.51041585,0.3452187,0.37451473,0.3394232,0.508126,0.20816463,0.37238744,0.21451603,0.46191645,0.7667962,0.4027161,0.7587846,0.4734761,0.9452324,0.0,0.0,0.0,0.0,0.0,0.0
80.png,go_down,0.41688043,0.3755192,0.4272244,0.3607293,0.40553817,0.35941094,0.44215053,0.37969,0.3917547,0.37871543,0.45452243,0.46703607,0.3755445,0.46208522,0.48277092,0.33751428,0.34609705,0.33731833,0.4808301,0.19395511,0.34847087,0.20281783,0.43303567,0.7649644,0.3742462,0.76271176,0.0,0.0,0.0,0.0,0.0,0.0,0.0,0.0
81.png,go_down,0.38769838,0.3742786,0.39771882,0.3583936,0.37686238,0.3568392,0.41081303,0.3781966,0.36228332,0.37556762,0.4239176,0.47700197,0.34138924,0.46187127,0.45135146,0.35288146,0.31564075,0.32761645,0.45348543,0.19903485,0.3121703,0.19003879,0.4025516,0.7954567,0.34013456,0.7896194,0.0,0.0,0.0,0.0,0.0,0.0,0.0,0.0
82.png,go_down,0.36695454,0.37225753,0.3768863,0.35581106,0.35555926,0.3548281,0.39078376,0.37488264,0.34202114,0.37501413,0.40726835,0.46601516,0.32528624,0.46111578,0.43437895,0.3390063,0.29554963,0.33472744,0.43263087,0.19107763,0.2906924,0.19320975,0.39385313,0.7909881,0.33250833,0.78897333,0.0,0.0,0.0,0.0,0.0,0.0,0.0,0.0
83.png,go_down,0.35619724,0.37466267,0.3655594,0.3556315,0.34399247,0.3589073,0.37997696,0.36989585,0.33021146,0.37873095,0.40032682,0.46770608,0.3160283,0.46880904,0.4242115,0.3379181,0.27921134,0.3397563,0.41905317,0.18439701,0.2695418,0.1982748,0.38887292,0.79871523,0.32753545,0.79700387,0.0,0.0,0.0,0.0,0.0,0.0,0.0,0.0
84.png,go_down,0.3560359,0.37769115,0.36575454,0.35813382,0.34410942,0.3606229,0.3802591,0.37118658,0.33016464,0.37784794,0.39943105,0.4716735,0.3148344,0.4675195,0.4235808,0.35232726,0.27561095,0.33878052,0.41792402,0.194114,0.26652312,0.19636068,0.38477316,0.79920596,0.32401702,0.79518986,0.0,0.0,0.0,0.0,0.0,0.0,0.0,0.0
85.png,go_down,0.35822877,0.382024,0.36831307,0.3633088,0.34622252,0.36395422,0.3815534,0.376404,0.33030254,0.37898737,0.39870018,0.47265387,0.3121422,0.46687058,0.42768297,0.34721547,0.2779825,0.3350223,0.42405048,0.19751835,0.26818234,0.19882147,0.38300404,0.80362064,0.3207449,0.8002343,0.0,0.0,0.0,0.0,0.0,0.0,0.0,0.0
86.png,go_down,0.35903537,0.38376778,0.36905152,0.36492184,0.3471597,0.36553204,0.38224357,0.37680545,0.3314094,0.37884462,0.39899746,0.47378218,0.3139847,0.46333602,0.42830795,0.35670328,0.28049412,0.33560565,0.42564696,0.2049405,0.27102897,0.20024249,0.382575,0.80660385,0.32062805,0.80101734,0.0,0.0,0.0,0.0,0.0,0.0,0.0,0.0
87.png,go_down,0.36275262,0.37586692,0.3723523,0.35985956,0.35035866,0.35908636,0.38527766,0.37603897,0.33488843,0.37686378,0.4010303,0.4736615,0.3186096,0.4658641,0.43017268,0.34846085,0.28328696,0.3367965,0.42264885,0.18731901,0.28051972,0.19402605,0.38477987,0.79939276,0.32523847,0.79672617,0.0,0.0,0.0,0.0,0.0,0.0,0.0,0.0
88.png,go_down,0.36656737,0.37482384,0.3767838,0.35719952,0.35446295,0.35716867,0.39156997,0.37451866,0.34020537,0.37664652,0.40738782,0.46950182,0.32411066,0.46370947,0.43340915,0.341986,0.290188,0.3307776,0.4307444,0.19514321,0.2856347,0.19184668,0.39039898,0.78810865,0.33014524,0.7855164,0.0,0.0,0.0,0.0,0.0,0.0,0.0,0.0
89.png,go_down,0.37021738,0.38410094,0.3809773,0.36593366,0.3585009,0.36664227,0.39689586,0.37897962,0.34423977,0.38158786,0.4144582,0.476169,0.3274797,0.47190666,0.44030887,0.34197262,0.29734623,0.34093156,0.43570796,0.19913097,0.288273,0.20054998,0.39443347,0.80455595,0.33045965,0.80042434,0.0,0.0,0.0,0.0,0.0,0.0,0.0,0.0
90.png,go_down,0.37575388,0.41990924,0.38583153,0.40166616,0.36341184,0.40356177,0.39965135,0.4159014,0.34712276,0.42121407,0.41606554,0.514239,0.32966414,0.512886,0.44107574,0.37466156,0.30257624,0.3709974,0.43634248,0.23159994,0.29391038,0.23617575,0.39862913,0.84492177,0.33357698,0.84328,0.0,0.0,0.0,0.0,0.0,0.0,0.0,0.0
91.png,go_down,0.3760666,0.43811274,0.38667274,0.4193031,0.3637225,0.4197247,0.40132236,0.43127352,0.34766918,0.43307889,0.4172327,0.52937883,0.33035576,0.5240105,0.44209415,0.39644703,0.3011309,0.38748622,0.43834534,0.2586997,0.29590434,0.24365878,0.4003071,0.8544826,0.3339048,0.85145354,0.0,0.0,0.0,0.0,0.0,0.0,0.0,0.0
92.png,go_down,0.37658972,0.3993863,0.3868155,0.3823338,0.36441883,0.3830252,0.400153,0.39669245,0.3479499,0.39924312,0.41619787,0.49245897,0.32939658,0.48914889,0.44430846,0.35138845,0.3001178,0.35547397,0.44223252,0.21265967,0.28926167,0.2211668,0.39516398,0.8115437,0.33151522,0.8079742,0.0,0.0,0.0,0.0,0.0,0.0,0.0,0.0
93.png,go_down,0.37528566,0.37121442,0.38638443,0.35570756,0.36324167,0.3544389,0.39959568,0.37600952,0.34626734,0.37408176,0.4146673,0.47269106,0.32712975,0.46414614,0.44349343,0.33451653,0.3019699,0.32436946,0.44268265,0.19124058,0.2932436,0.18582529,0.39510044,0.79903036,0.33080825,0.7943757,0.0,0.0,0.0,0.0,0.0,0.0,0.0,0.0
94.png,go_down,0.3740999,0.36804572,0.3845407,0.3511218,0.36152005,0.35149544,0.39751452,0.3684798,0.34452057,0.37031114,0.4140633,0.4643815,0.32691684,0.45979428,0.44404477,0.3293145,0.3015586,0.3215763,0.44429308,0.18650857,0.2938556,0.17581527,0.39837623,0.7880172,0.33400115,0.7859313,0.0,0.0,0.0,0.0,0.0,0.0,0.0,0.0
95.png,go_down,0.37980837,0.36846212,0.39012754,0.3501876,0.36729038,0.34933725,0.4033091,0.36661938,0.35014203,0.36623356,0.42018262,0.46463317,0.33100015,0.45588553,0.4495843,0.32901436,0.30874935,0.30769727,0.45341873,0.18384448,0.30649203,0.1608252,0.41018432,0.79954207,0.34262803,0.79853684,0.0,0.0,0.0,0.0,0.0,0.0,0.0,0.0
96.png,go_down,0.4025765,0.36198503,0.41299725,0.3462147,0.39073527,0.3450423,0.42706376,0.36694646,0.37615132,0.36527464,0.442379,0.46366432,0.35834438,0.45171136,0.47125873,0.3305927,0.33054322,0.3090802,0.47188655,0.18571082,0.33066124,0.16242146,0.43894547,0.79033595,0.37177488,0.78900164,0.0,0.0,0.0,0.0,0.0,0.0,0.0,0.0
97.png,go_down,0.44984493,0.37360322,0.45980206,0.35583356,0.43752033,0.35723737,0.47538012,0.3748407,0.42426687,0.37886783,0.4915914,0.47792003,0.41142923,0.46803734,0.51627654,0.34420115,0.37659052,0.32733357,0.519271,0.18634318,0.37530035,0.17082596,0.48420238,0.7999782,0.42044896,0.7956972,0.0,0.0,0.0,0.0,0.0,0.0,0.0,0.0
98.png,go_down,0.5040436,0.37637168,0.5142256,0.35798967,0.49276718,0.35792515,0.5294491,0.37392527,0.47883034,0.37540638,0.54903305,0.47508472,0.4622872,0.4705425,0.5715773,0.3418807,0.4308246,0.33503816,0.56656563,0.19281468,0.420255,0.1892779,0.53911555,0.80568,0.47105646,0.8013836,0.0,0.0,0.0,0.0,0.0,0.0,0.0,0.0
99.png,go_down,0.5356497,0.3695526,0.5459613,0.35289901,0.5231363,0.35211945,0.559218,0.3729905,0.50606877,0.37261152,0.5724203,0.47935188,0.48851734,0.46704993,0.5981552,0.367345,0.4564435,0.3443491,0.59701073,0.1992509,0.45148936,0.19470415,0.55544955,0.79783034,0.49286318,0.79149663,0.0,0.0,0.0,0.0,0.0,0.0,0.0,0.0
IMG_20241016_102856.jpg,go_down,0.5209346,0.3474163,0.5295166,0.3405913,0.5133281,0.3385733,0.5412132,0.34724715,0.502168,0.3433999,0.5516051,0.38458756,0.49456632,0.38028452,0.57958066,0.31682616,0.47382656,0.31137934,0.5885575,0.2429715,0.4628729,0.23541316,0.5435688,0.54789394,0.5051702,0.54618686,0.55071336,0.6709909,0.50478506,0.6691822,0.55297303,0.7903166,0.5085528,0.7895906
IMG_20241016_102858.jpg,go_down,0.5182067,0.36785364,0.5263944,0.36105517,0.5103657,0.35858846,0.53508836,0.3689845,0.4969181,0.36408225,0.5440165,0.40903074,0.48654357,0.4049019,0.56657845,0.34048393,0.46239418,0.33416206,0.57553244,0.26636824,0.44721863,0.25678554,0.5451365,0.5693496,0.50697917,0.5693332,0.55330163,0.6918791,0.50847083,0.6934319,0.5563677,0.8116126,0.51589143,0.81692266
IMG_20241016_102859.jpg,go_down,0.5042858,0.30331355,0.5124767,0.29603463,0.49593988,0.2928383,0.5208438,0.30345464,0.48124343,0.29737028,0.52971697,0.34318697,0.46969002,0.33915105,0.55404073,0.27074432,0.44745362,0.26624936,0.56442076,0.19756384,0.4333713,0.18959212,0.52598464,0.5051938,0.48681706,0.50455546,0.5338418,0.62879956,0.4841259,0.63129896,0.5316319,0.7478188,0.4905986,0.7581328
IMG_20241016_102859_1.jpg,go_down,0.5294713,0.28210178,0.53855765,0.2753504,0.5209529,0.27256668,0.54881835,0.28313515,0.50669694,0.27742335,0.5567685,0.32200664,0.49589825,0.31629065,0.58345115,0.24941275,0.47137418,0.24530643,0.5941389,0.17488971,0.45917568,0.16502126,0.54718024,0.48594943,0.5066476,0.48347297,0.5520591,0.60710084,0.504821,0.60328156,0.54977304,0.7271063,0.50731677,0.7271211
IMG_20241016_102900.jpg,go_down,0.4702075,0.31752378,0.47876412,0.31014273,0.4620514,0.3075042,0.4879364,0.3171867,0.4485682,0.31171042,0.4962581,0.35848874,0.43799165,0.3524732,0.5232968,0.28743947,0.41267133,0.27855545,0.5301995,0.21243933,0.39939958,0.19984357,0.49043664,0.5241994,0.45196804,0.5217206,0.49679253,0.64829654,0.44854042,0.6448874,0.49796277,0.76115227,0.45678788,0.7597866
IMG_20241016_102901.jpg,go_down,0.46208942,0.29730332,0.47098464,0.28956196,0.45393774,0.28686544,0.48198396,0.2960628,0.4409952,0.29054028,0.49142787,0.33764064,0.4318027,0.33002192,0.51766944,0.26743272,0.40696383,0.25269726,0.52845937,0.19329911,0.3946313,0.17663893,0.48472777,0.5007984,0.4456596,0.49825695,0.4907995,0.62114584,0.44508836,0.62031597,0.49127284,0.74311924,0.44919798,0.7440638
IMG_20241016_102901_1.jpg,go_down,0.45735177,0.33968076,0.46756107,0.33322984,0.45001134,0.32939607,0.48037377,0.34173664,0.43870717,0.33381402,0.49055767,0.38315645,0.42977783,0.37591332,0.51492316,0.31269678,0.40371725,0.3075553,0.5230696,0.228491,0.39492548,0.2285762,0.48307502,0.5475179,0.4422543,0.54478467,0.49448735,0.6730465,0.44980755,0.6669515,0.49835193,0.7828925,0.45173153,0.78359926
IMG_20241016_102902.jpg,go_down,0.50122297,0.3858186,0.5106406,0.37865323,0.49484712,0.3752318,0.5244722,0.38350713,0.4849099,0.3763389,0.53571206,0.4219212,0.47577617,0.41425627,0.55871695,0.35115322,0.45328403,0.3410313,0.56735206,0.2777434,0.44290152,0.27145204,0.5294708,0.58418477,0.4898407,0.58140564,0.54039973,0.7077619,0.49365604,0.70365244,0.54153013,0.8335072,0.49719033,0.8292033
IMG_20241016_102903.jpg,go_down,0.4835147,0.38299015,0.49261242,0.37631652,0.47595713,0.37338048,0.5070095,0.38266957,0.46621448,0.37737265,0.51714087,0.42363924,0.4594939,0.4178893,0.54423076,0.35499662,0.43492955,0.34388018,0.55218947,0.27749062,0.42596775,0.27108702,0.5048076,0.5840638,0.4676845,0.58069384,0.5137509,0.7123787,0.46518347,0.7082597,0.51273036,0.82874477,0.46806088,0.8246465
IMG_20241016_102904.jpg,go_down,0.49086207,0.4002521,0.49902397,0.392976,0.48337585,0.3899738,0.5074217,0.39997008,0.46928295,0.39351016,0.517172,0.441953,0.4553578,0.43377003,0.54230565,0.36763498,0.43285933,0.35611397,0.5585784,0.29288152,0.42102304,0.2807956,0.50913084,0.6074135,0.46893612,0.60484403,0.5185938,0.7291133,0.4678822,0.7274635,0.5163159,0.85903144,0.4708902,0.8606244
IMG_20241016_103213.jpg,go_down,0.49439925,0.3180856,0.5015326,0.31079245,0.48634088,0.3089794,0.5106939,0.31649554,0.47516543,0.31349224,0.5211117,0.35819364,0.46457613,0.3537034,0.54608387,0.290086,0.44262114,0.28063756,0.5437356,0.20749839,0.4460861,0.20215474,0.51225924,0.51700306,0.47556666,0.51530004,0.51958483,0.63403904,0.46930456,0.63712347,0.5167037,0.72701204,0.4784816,0.73531663
IMG_20241016_103214.jpg,go_down,0.5309638,0.3447335,0.5377427,0.33658186,0.52161306,0.33554742,0.5459491,0.3412299,0.50794685,0.33990636,0.5560316,0.38731807,0.49784195,0.3847251,0.58032054,0.3172893,0.476686,0.31276476,0.57707053,0.23001322,0.48579633,0.22675769,0.54798454,0.5491859,0.510706,0.5486803,0.5548928,0.6636274,0.5051443,0.66869444,0.5494126,0.7595961,0.51050013,0.7710877
IMG_20241016_103215.jpg,go_down,0.5038673,0.33202025,0.51122797,0.32397386,0.49544886,0.3223813,0.5200556,0.3293502,0.4832282,0.32673633,0.5297134,0.373656,0.47315258,0.3706784,0.5550598,0.305855,0.45243317,0.29939798,0.5509731,0.21714275,0.45586994,0.21201229,0.52154976,0.53594273,0.48468423,0.5348914,0.5279363,0.65474343,0.47793475,0.65876555,0.52575946,0.7532503,0.4859664,0.76354617
IMG_20241016_103216.jpg,go_down,0.4709727,0.35681176,0.4793394,0.34851044,0.46295998,0.3467942,0.49093372,0.35373327,0.45133945,0.35082397,0.50042105,0.39527377,0.44111562,0.3916225,0.5221465,0.32683292,0.42046753,0.31988952,0.5208233,0.24089251,0.42044327,0.23867768,0.48950788,0.56384075,0.44934404,0.56275433,0.49479336,0.6779765,0.44706765,0.68239224,0.49442044,0.7869884,0.45490843,0.79265004
IMG_20241016_103217.jpg,go_down,0.41412285,0.249927,0.42274743,0.2428929,0.40666097,0.24112096,0.43472472,0.25221127,0.39556652,0.24900028,0.4466811,0.29722437,0.3838057,0.29257584,0.46817863,0.22374964,0.36223707,0.210789,0.46367174,0.13445087,0.35726187,0.11993455,0.4359351,0.46817654,0.39338377,0.4665772,0.44196895,0.58937407,0.39107826,0.5932364,0.43961933,0.69613755,0.3967588,0.6978922
IMG_20241016_103219.jpg,go_down,0.4363981,0.21689187,0.44485617,0.2099475,0.42788446,0.20797513,0.45724773,0.21974188,0.41709238,0.21641852,0.46870694,0.2672736,0.40618697,0.26051742,0.49127212,0.19486187,0.37958035,0.17947623,0.4887797,0.09292393,0.38238138,0.09078757,0.45777032,0.4365361,0.4166378,0.4336425,0.46746805,0.56238455,0.41238773,0.5630839,0.46421552,0.66234094,0.42115587,0.6633133
IMG_20241016_103219_1.jpg,go_down,0.42256096,0.28197137,0.43150616,0.27470374,0.4138993,0.27199385,0.44213527,0.2839836,0.40025514,0.27862272,0.45264727,0.32862243,0.3887942,0.32191297,0.4771012,0.2569136,0.3708652,0.24805549,0.47498125,0.16652758,0.37513474,0.1556883,0.43719253,0.50075644,0.394064,0.4977893,0.4369271,0.617876,0.3902131,0.6181306,0.4375064,0.7234099,0.39459807,0.72853255
IMG_20241016_103220.jpg,go_down,0.43577915,0.29735178,0.44359902,0.29038328,0.42705423,0.28845662,0.45383587,0.29886362,0.41483474,0.29565895,0.46323973,0.3437668,0.40513107,0.3384962,0.48730713,0.27278268,0.38190642,0.2612123,0.48711765,0.18742917,0.38722438,0.18085513,0.4524277,0.5061392,0.4148395,0.5039411,0.4580329,0.62552875,0.40863177,0.6282884,0.45369005,0.7242408,0.41339728,0.7310551
IMG_20241016_103221.jpg,go_down,0.52149403,0.3474029,0.529033,0.33991528,0.51237255,0.33852568,0.5395712,0.34578213,0.5004012,0.34384346,0.5499757,0.38900423,0.49189088,0.38553157,0.57254654,0.32056636,0.47009227,0.31547603,0.57166916,0.23414294,0.47487977,0.2337262,0.5395561,0.5539667,0.50153935,0.55229396,0.54455596,0.6707098,0.49428505,0.67293906,0.5414099,0.7668619,0.50102985,0.77419424
IMG_20241016_103223.jpg,go_down,0.47971892,0.3998933,0.4873436,0.39299256,0.47123724,0.39124084,0.49840567,0.40066642,0.46056762,0.39797854,0.50877464,0.44376913,0.4505408,0.44010657,0.52957255,0.3760796,0.4265362,0.37092227,0.52712584,0.28791752,0.43097025,0.28993586,0.49933937,0.6061354,0.46106327,0.6048264,0.5077509,0.72436774,0.45654666,0.7269231,0.50599474,0.8217925,0.4647715,0.8292646
IMG_20241016_111631.jpg,go_down,0.4987521,0.3069848,0.5060925,0.2991112,0.4889875,0.29900247,0.51462615,0.31070083,0.47481754,0.3114776,0.5278945,0.36197737,0.46365184,0.3619496,0.55459464,0.28139958,0.43516952,0.28067434,0.54820573,0.19416414,0.43018982,0.19006205,0.52191174,0.53752196,0.48084137,0.53714573,0.53167,0.66726834,0.477341,0.66948634,0.5256388,0.7853173,0.48700628,0.78864354
IMG_20241016_111633.jpg,go_down,0.48307654,0.33448315,0.4909333,0.3261821,0.47312367,0.3257882,0.50015974,0.3371125,0.4588065,0.33755785,0.51473975,0.38777202,0.44817653,0.38839197,0.54139197,0.30982003,0.42321217,0.30974537,0.539103,0.2191357,0.41748667,0.2133151,0.51157224,0.56925136,0.46736982,0.57046914,0.51920503,0.68897426,0.46965092,0.6948409,0.5098481,0.81405175,0.47246608,0.82259864
IMG_20241016_111633_1.jpg,go_down,0.5219121,0.33652255,0.5297787,0.32783768,0.5116656,0.32698542,0.53819406,0.33800998,0.49575025,0.3371076,0.55081326,0.39003146,0.48453596,0.38806295,0.5790105,0.31531802,0.4620145,0.3102782,0.5752735,0.2246325,0.45989805,0.21352927,0.5427673,0.5655628,0.49976295,0.56484246,0.5470943,0.6866772,0.49830574,0.6900429,0.5374339,0.8091678,0.5000945,0.8148053
IMG_20241016_111634.jpg,go_down,0.54288155,0.29649907,0.5496943,0.28873459,0.5329898,0.28785518,0.5557631,0.30039063,0.51655734,0.29907832,0.567254,0.35400036,0.5037977,0.3508417,0.5985412,0.27816862,0.4784417,0.2744027,0.5959637,0.18947957,0.48171768,0.18229552,0.55679315,0.5270879,0.51713693,0.52499765,0.56209666,0.6560759,0.5117109,0.6555293,0.54990536,0.7666902,0.5125546,0.7709569
IMG_20241016_111635.jpg,go_down,0.53647935,0.21402876,0.5433062,0.20625322,0.5259672,0.20659783,0.55141014,0.2188455,0.5109419,0.2207764,0.5658257,0.27161807,0.50005895,0.27202728,0.5942445,0.19036566,0.47034445,0.19175498,0.58863825,0.09051298,0.46844685,0.09732126,0.564548,0.44715366,0.5228275,0.44819766,0.5747562,0.57594115,0.5224197,0.5813344,0.5719133,0.6867426,0.533375,0.69546026
IMG_20241016_111636.jpg,go_down,0.55658805,0.2807102,0.5650068,0.272623,0.5475455,0.27158636,0.5759979,0.28534794,0.5345734,0.28435975,0.5907148,0.3366703,0.52216333,0.3367149,0.6180849,0.25603616,0.49485385,0.2564272,0.61115044,0.16340117,0.49202463,0.16248429,0.5810412,0.516647,0.53680813,0.516343,0.58747363,0.6379913,0.537053,0.64176345,0.58086425,0.76565975,0.5404356,0.7679867
IMG_20241016_111636_1.jpg,go_down,0.5431647,0.25456062,0.5512553,0.24639685,0.53448516,0.24560197,0.56269425,0.25846237,0.5227177,0.2579473,0.57872695,0.31210837,0.5106019,0.31073433,0.6045192,0.22526176,0.47956434,0.22609548,0.6012669,0.13499379,0.47443965,0.13755202,0.5669004,0.4908837,0.5236079,0.48888016,0.57340574,0.6140732,0.52097404,0.61210746,0.5662321,0.738656,0.52670145,0.7337611
IMG_20241016_111637.jpg,go_down,0.55375665,0.35097706,0.5623799,0.3420879,0.5458598,0.3418564,0.5765713,0.35144088,0.53632355,0.35218298,0.5929214,0.40247262,0.5260016,0.40519834,0.6146404,0.32308802,0.49528483,0.33105224,0.6023677,0.23647669,0.4877158,0.24391307,0.5858353,0.5808424,0.54259485,0.5811663,0.59494495,0.7036787,0.54727405,0.702783,0.5941323,0.83365875,0.55611145,0.8241312
IMG_20241016_111639.jpg,go_down,0.5387646,0.38817394,0.54702383,0.38089067,0.53054154,0.37945256,0.5585478,0.3927461,0.5194163,0.39061096,0.57224274,0.44467756,0.50809115,0.44173095,0.5994502,0.36846074,0.4761455,0.36486146,0.5950886,0.27974337,0.47644356,0.27810007,0.55948555,0.6163997,0.51915073,0.6137678,0.5655891,0.75036466,0.51629287,0.7472788,0.55972725,0.8693696,0.5177195,0.8655275
IMG_20241017_140648.jpg,go_down,0.51325923,0.36111167,0.5221634,0.35284102,0.5059542,0.3494376,0.53341055,0.36687467,0.49461958,0.36028808,0.5436041,0.41703916,0.48611552,0.41091782,0.56123006,0.3126209,0.4709676,0.30336305,0.56264406,0.20447302,0.4619478,0.19779992,0.5367798,0.64683634,0.49634305,0.6436454,0.5403271,0.79771864,0.4884199,0.79767716,0.5357882,0.9571342,0.496125,0.9555111
IMG_20241017_140648_1.jpg,go_down,0.5300523,0.32427165,0.53807366,0.31596085,0.5221313,0.3133171,0.549468,0.32788607,0.51132065,0.32368928,0.5609465,0.37898904,0.5021011,0.37456855,0.5796384,0.27284214,0.48167273,0.26718158,0.5857934,0.16193007,0.4814637,0.15836635,0.5519852,0.59686637,0.51295185,0.5941187,0.55819386,0.7598572,0.5051894,0.7580988,0.54917943,0.9064432,0.5160724,0.9054932
IMG_20241017_140649.jpg,go_down,0.5079616,0.31210527,0.5159197,0.30379727,0.5009155,0.30090687,0.52598566,0.3140015,0.4892818,0.30853903,0.5373855,0.3623878,0.4779445,0.3556783,0.5556781,0.2596283,0.46176702,0.24645033,0.56025344,0.15698649,0.4540587,0.14267604,0.52698207,0.58310115,0.48611984,0.57983553,0.5291741,0.7345141,0.47670785,0.7367546,0.521677,0.89050406,0.48367512,0.8922617
IMG_20241017_140650.jpg,go_down,0.5064561,0.3452999,0.51274884,0.3344697,0.49804315,0.33237052,0.51723766,0.3405398,0.4815239,0.3370009,0.5248965,0.38691908,0.4664693,0.38455403,0.5446865,0.28503603,0.4508821,0.28338814,0.55167973,0.18047902,0.44525865,0.17014699,0.51772773,0.6101136,0.47791407,0.6103653,0.5217483,0.7543238,0.47026825,0.7614537,0.51541454,0.9084725,0.47598517,0.92058796
IMG_20241017_140653.jpg,go_down,0.51953214,0.440033,0.5297969,0.4276657,0.5101034,0.42461097,0.5443843,0.43982774,0.49827334,0.4352489,0.5577889,0.49711955,0.4862524,0.49280277,0.58058256,0.37877673,0.46389356,0.37630403,0.5807895,0.24147747,0.46017033,0.24534617,0.5453325,0.77078843,0.49496213,0.7681145,0.54961693,0.9614003,0.48878333,0.96293133,0.0,0.0,0.0,0.0
IMG_20241017_140655.jpg,go_down,0.51353663,0.4042202,0.5234963,0.39346543,0.50468934,0.38995975,0.538386,0.40615693,0.4938647,0.40067482,0.5533502,0.46150625,0.48117495,0.45661893,0.5726485,0.33736855,0.45436028,0.33442658,0.5736495,0.20771717,0.4507352,0.2151139,0.54483455,0.72897524,0.4942401,0.7269226,0.5500199,0.917513,0.48579887,0.9203588,0.0,0.0,0.0,0.0
IMG_20241017_140655_1.jpg,go_down,0.5040858,0.38702354,0.5146518,0.37459463,0.4956451,0.37148198,0.5308093,0.38547322,0.48468348,0.3800737,0.54574126,0.44528946,0.47205377,0.44064942,0.56720865,0.31856546,0.44788596,0.31566963,0.5667206,0.18690893,0.44036475,0.19174126,0.5351037,0.7202364,0.4823537,0.7178759,0.54443663,0.9076876,0.4740397,0.9115398,0.0,0.0,0.0,0.0
IMG_20241017_140656.jpg,go_down,0.498207,0.4166534,0.5081418,0.40522304,0.48895973,0.40191606,0.52148277,0.4191673,0.47685376,0.41384903,0.53651685,0.47780702,0.46284118,0.4710767,0.5629818,0.3498596,0.44070303,0.3454372,0.56087184,0.21616459,0.43654743,0.22384386,0.5215942,0.75395584,0.4699856,0.7485088,0.52789825,0.9477765,0.46256897,0.9430882,0.0,0.0,0.0,0.0
IMG_20241017_140656_1.jpg,go_down,0.48816177,0.4383797,0.49768105,0.42470112,0.47698843,0.42347315,0.50863814,0.4397775,0.4613091,0.43887472,0.52539366,0.50422025,0.44635874,0.49972376,0.54731745,0.36916137,0.42593262,0.36289823,0.5572566,0.22117311,0.41813102,0.2202221,0.51971424,0.80661505,0.46128473,0.8043634,0.0,0.0,0.0,0.0,0.0,0.0,0.0,0.0
IMG_20241017_140657.jpg,go_down,0.50253755,0.40913504,0.51089585,0.3945003,0.49068144,0.39380887,0.51674736,0.40712017,0.46997994,0.40669143,0.5323595,0.47322705,0.4533313,0.4714909,0.5622365,0.33190504,0.43563318,0.3284617,0.5676627,0.17787088,0.4296178,0.1741386,0.5312351,0.7946219,0.4721995,0.79380596,0.0,0.0,0.45566446,0.9999225,0.0,0.0,0.0,0.0
IMG_20241017_140658.jpg,go_down,0.51756454,0.42192316,0.5273769,0.40577158,0.5048483,0.40497273,0.53573143,0.4165853,0.4835737,0.4155448,0.5484973,0.4916693,0.46666658,0.48988336,0.5797682,0.33907098,0.45102215,0.3357195,0.58854693,0.19718151,0.44576636,0.18668911,0.5427044,0.8070115,0.4817258,0.8081628,0.0,0.0,0.0,0.0,0.0,0.0,0.0,0.0
IMG_20241017_140659.jpg,go_down,0.5254028,0.37206906,0.53618723,0.35919228,0.5143959,0.3561846,0.5454215,0.37267873,0.49521086,0.3658599,0.55841625,0.44036672,0.47800562,0.4307159,0.59154034,0.29864392,0.46104854,0.2865656,0.5999237,0.14788221,0.4561796,0.13925466,0.54590756,0.75019854,0.48785883,0.74574757,0.5520887,0.95544577,0.47797704,0.95981723,0.0,0.0,0.0,0.0
IMG_20241017_140659_1.jpg,go_down,0.47603616,0.42346174,0.48629963,0.41146973,0.46569934,0.408347,0.49854487,0.4269699,0.45103747,0.42195916,0.51329803,0.48845056,0.43691546,0.48169607,0.54096156,0.35593176,0.4136673,0.34827644,0.5460272,0.21022275,0.41061226,0.20967655,0.5012876,0.77729833,0.44761217,0.7733386,0.5043252,0.9742938,0.4377814,0.97554785,0.0,0.0,0.0,0.0
IMG_20241017_140700.jpg,go_down,0.4671653,0.4067498,0.47695115,0.39569327,0.45829478,0.3928932,0.48863548,0.4061359,0.44404456,0.4008635,0.50049067,0.460782,0.43189985,0.4569377,0.5251752,0.34450564,0.4110604,0.33758485,0.5254405,0.23142852,0.40085965,0.22596742,0.49553397,0.7177511,0.44675454,0.7173503,0.4992802,0.8890613,0.4379728,0.8994115,0.0,0.0,0.0,0.0
IMG_20241017_140701.jpg,go_down,0.45535344,0.46307984,0.46346393,0.45140478,0.44693938,0.4498418,0.47395638,0.46095064,0.43547785,0.45905238,0.4864908,0.51346797,0.42382327,0.51130986,0.510365,0.4083404,0.40094593,0.4078791,0.5070283,0.29517564,0.39699182,0.29702654,0.4796322,0.7552447,0.43546292,0.75382185,0.48736748,0.9213736,0.42900974,0.9234139,0.0,0.0,0.0,0.0
IMG_20241017_141017.jpg,go_down,0.4780596,0.28761426,0.48640126,0.27755505,0.4684929,0.2765251,0.49713108,0.29731157,0.45542175,0.2962462,0.5091549,0.37094826,0.44427487,0.36860052,0.5322448,0.272581,0.41221547,0.27001283,0.5268603,0.12608756,0.41078642,0.13019617,0.50148094,0.6147311,0.45895472,0.6136101,0.507255,0.79540676,0.4527591,0.7986028,0.50637484,0.9398508,0.4572291,0.94074094
IMG_20241017_141017_1.jpg,go_down,0.47388574,0.28245753,0.48221937,0.2716911,0.46368796,0.2709612,0.4926321,0.29013965,0.4493558,0.28968197,0.5029274,0.3671219,0.43889868,0.36499134,0.5241394,0.26472774,0.41199195,0.2625727,0.52060795,0.12271299,0.4129829,0.120834604,0.4933303,0.61121416,0.45113862,0.61039686,0.49984714,0.78964514,0.4440185,0.79403824,0.4985626,0.9373568,0.45074156,0.93911344
IMG_20241017_141018.jpg,go_down,0.48798174,0.3522115,0.49583054,0.34123385,0.4785991,0.3402914,0.5056102,0.35816985,0.4655811,0.35723713,0.5184304,0.42898223,0.45240036,0.42425898,0.5389805,0.3272647,0.42887437,0.31955573,0.5350704,0.18009138,0.43362838,0.18355446,0.50803894,0.68407375,0.46250334,0.68154156,0.51407325,0.86998004,0.45224243,0.87303555,0.5032227,0.9945011,0.46054065,0.9886943
IMG_20241017_141019.jpg,go_down,0.5009828,0.3619339,0.50819993,0.35065672,0.49078453,0.34972772,0.51437813,0.36812988,0.47377834,0.3669888,0.5241894,0.4390246,0.45960686,0.4363686,0.5475601,0.34062162,0.44022772,0.34281003,0.5454851,0.19786434,0.4457097,0.20289078,0.517537,0.6944376,0.47253102,0.6929871,0.5246423,0.8803965,0.46288228,0.881254,0.5142713,0.9957972,0.46832368,0.987551
IMG_20241017_141020.jpg,go_down,0.52712965,0.35733926,0.53469145,0.34794772,0.5182323,0.34702215,0.5449451,0.36550528,0.5064639,0.364759,0.55628026,0.43121484,0.49638435,0.42897883,0.57480234,0.3327153,0.47302932,0.3311072,0.572238,0.20616351,0.47848934,0.20751788,0.5490138,0.6633689,0.50827515,0.6627963,0.55535203,0.8343351,0.50032794,0.83961093,0.5516866,0.97336453,0.5065886,0.9771235
IMG_20241017_141021.jpg,go_down,0.5345339,0.36471158,0.5426646,0.35537487,0.52618504,0.3532257,0.5535295,0.3730848,0.514782,0.36965415,0.5643897,0.43967655,0.50253254,0.43547067,0.58324295,0.3383538,0.48146164,0.338541,0.5821284,0.21154526,0.48948088,0.21841332,0.54994726,0.6750324,0.5076018,0.6718215,0.5548206,0.84854364,0.49630785,0.84833145,0.54440814,0.98425996,0.50085795,0.9787558
IMG_20241017_141021_1.jpg,go_down,0.4660813,0.31988528,0.4747002,0.3104511,0.45767877,0.30834636,0.48534262,0.3283121,0.4454109,0.32463518,0.49463746,0.39345887,0.43496737,0.38673806,0.51224375,0.29971477,0.41800424,0.28404957,0.50724995,0.16702184,0.415528,0.16037008,0.48208353,0.6245824,0.44029486,0.6211868,0.48902255,0.78269315,0.43083757,0.787488,0.48417664,0.939794,0.43625632,0.939561
IMG_20241017_141022.jpg,go_down,0.48438674,0.33094856,0.49277312,0.32223138,0.47595555,0.3201178,0.50477827,0.34053063,0.46517333,0.33712283,0.5150347,0.40628138,0.45439255,0.4002316,0.5332423,0.3138883,0.4334045,0.30525702,0.5287846,0.17905907,0.44015753,0.18406676,0.49849564,0.6342195,0.45716125,0.63001895,0.5034367,0.801584,0.44607335,0.80259,0.494478,0.9489807,0.44874865,0.9474072
IMG_20241017_141023.jpg,go_down,0.48846737,0.3173099,0.49657127,0.30854362,0.47994614,0.307238,0.50771046,0.32920408,0.46878764,0.3277248,0.51872575,0.39570624,0.4584197,0.39142445,0.5384098,0.2979552,0.4375959,0.29075086,0.5351258,0.16513489,0.4420956,0.16841671,0.50425917,0.62310785,0.46361625,0.6201813,0.5136908,0.79279584,0.45747855,0.7958653,0.50587374,0.9416996,0.46071878,0.9380757
IMG_20241017_141024.jpg,go_down,0.46961406,0.2879834,0.47799623,0.27892545,0.4604208,0.2781513,0.48964283,0.2999265,0.44871807,0.29912984,0.49925682,0.37109718,0.44025117,0.36503598,0.5180441,0.27546254,0.41892064,0.26161718,0.5179523,0.14357983,0.42400238,0.132895,0.48134643,0.6021007,0.44174477,0.5978831,0.48042032,0.7727264,0.4284145,0.77577806,0.47591788,0.9174153,0.43201044,0.91379994
IMG_20241017_141025.jpg,go_down,0.50621605,0.29822528,0.5140592,0.28745627,0.49730214,0.2862421,0.52206695,0.3058129,0.48259148,0.30398896,0.5342538,0.3801538,0.46811792,0.37660408,0.5585697,0.27470315,0.44846493,0.26587212,0.5584211,0.14084753,0.45213297,0.12993638,0.5205782,0.63143075,0.47606528,0.6290603,0.52098835,0.79555565,0.46544307,0.80090815,0.51087517,0.96686506,0.46018732,0.9649658
IMG_20241017_141025_1.jpg,go_down,0.48250127,0.24618189,0.49012542,0.23676194,0.47269478,0.23574339,0.49976584,0.25531843,0.4594038,0.2544971,0.51073396,0.32526326,0.44984528,0.32107615,0.53386873,0.22713982,0.42756268,0.21799037,0.53410715,0.08166713,0.43400642,0.088925876,0.50168777,0.5577318,0.46136796,0.55669487,0.5075124,0.72498363,0.45355156,0.7356851,0.50026053,0.8623168,0.45663875,0.878412
IMG_20241017_141026.jpg,go_down,0.48780364,0.2457427,0.49454546,0.23651962,0.4792354,0.23523821,0.50204045,0.25328147,0.46652025,0.25152338,0.512359,0.3188236,0.45573786,0.31344277,0.53719,0.22863239,0.436385,0.21829702,0.53911376,0.10016972,0.44124362,0.09423517,0.49859923,0.5334272,0.46157587,0.5302813,0.50338995,0.68717146,0.4517822,0.69133025,0.4923247,0.8128117,0.45164004,0.82087094
IMG_20241017_141027.jpg,go_down,0.51559293,0.32123032,0.52362734,0.3125778,0.50728935,0.31098866,0.53365403,0.33021432,0.49592668,0.3275503,0.54144603,0.39098734,0.48701125,0.38648638,0.5635837,0.3052449,0.46884337,0.2961101,0.562716,0.17563339,0.46869352,0.1680334,0.5269119,0.6081255,0.48932257,0.6045042,0.52941954,0.7611415,0.4756846,0.762426,0.5239868,0.8975823,0.47910696,0.89596987
IMG_20241017_141028.jpg,go_down,0.43930832,0.34611878,0.4473485,0.33813164,0.43115333,0.33605888,0.45832825,0.35631865,0.42043585,0.35275742,0.46903208,0.4184915,0.4101509,0.4092542,0.49215513,0.3374911,0.3904694,0.31591427,0.4940097,0.20474884,0.39337498,0.20202106,0.4521917,0.63895226,0.4122243,0.63339794,0.45563778,0.7974547,0.39953762,0.7992282,0.44570118,0.932476,0.39901948,0.9312208
IMG_20241017_141028_1.jpg,go_down,0.39191064,0.36351466,0.40020552,0.35431406,0.3834659,0.35256246,0.4118065,0.37224063,0.37250194,0.3694797,0.42227876,0.4376543,0.36207622,0.43108484,0.44510978,0.35056844,0.3412068,0.33668327,0.4469529,0.22194864,0.3434984,0.21747802,0.40464002,0.66734785,0.3636777,0.6629924,0.40863407,0.83058053,0.35166058,0.83384305,0.3977465,0.9679824,0.35210907,0.96579164
IMG_20241017_141029.jpg,go_down,0.43173325,0.42587042,0.4402214,0.41528082,0.4234168,0.4145655,0.45341066,0.4337958,0.41410848,0.43345487,0.4666972,0.49949846,0.4042575,0.4943557,0.4871187,0.41470754,0.3816978,0.40089732,0.4860029,0.27750877,0.3808966,0.27502006,0.45516402,0.7389358,0.4113729,0.7365278,0.46337152,0.9190243,0.40485466,0.9237043,0.0,0.0,0.0,0.0
IMG_20241017_141030.jpg,go_down,0.49811533,0.5107082,0.5057943,0.49795997,0.48906255,0.49699283,0.5152958,0.51388127,0.4772975,0.51341647,0.5292208,0.5828157,0.4645155,0.5766899,0.5502316,0.49451903,0.44610563,0.4794127,0.54997486,0.35336667,0.44509965,0.35039368,0.51935977,0.8366868,0.47058478,0.8333902,0.0,0.0,0.0,0.0,0.0,0.0,0.0,0.0
IMG_20241017_141031.jpg,go_down,0.49878252,0.50972956,0.5064853,0.49640936,0.48976135,0.49603802,0.51680726,0.51119834,0.47872695,0.51201576,0.5317477,0.5820804,0.46662924,0.5762151,0.5536075,0.49501848,0.44672123,0.47626242,0.55184674,0.35359314,0.44628125,0.34680483,0.52122957,0.8350049,0.47270066,0.83184373,0.0,0.0,0.0,0.0,0.0,0.0,0.0,0.0
IMG_20241017_141031_1.jpg,go_down,0.5046488,0.47905147,0.5134504,0.46814588,0.49659064,0.46695217,0.5248193,0.4862955,0.48512104,0.48506257,0.5391775,0.5567572,0.4714869,0.5514483,0.5642277,0.46620384,0.45183465,0.44226965,0.5621287,0.3228144,0.45021087,0.31239557,0.5264068,0.818475,0.4775848,0.8152046,0.0,0.0,0.0,0.0,0.0,0.0,0.0,0.0
IMG_20241017_141032.jpg,go_down,0.48065016,0.5054423,0.4899146,0.49094257,0.4695163,0.49130553,0.50249916,0.51075834,0.45494458,0.5130203,0.5181413,0.59596854,0.43754336,0.5926286,0.5421406,0.4796523,0.41624314,0.46998584,0.5443542,0.30692455,0.41286215,0.30696115,0.5063568,0.9073477,0.4441629,0.9060093,0.0,0.0,0.0,0.0,0.0,0.0,0.0,0.0
IMG_20241017_141033.jpg,go_down,0.46281254,0.5102212,0.47283104,0.4945412,0.45087442,0.49335784,0.48402014,0.5149058,0.43354264,0.5136997,0.49824345,0.60795206,0.41571704,0.60438424,0.5273861,0.481355,0.39554,0.47135422,0.5306883,0.30880222,0.39343867,0.3024816,0.49104145,0.9265459,0.42720652,0.92664075,0.0,0.0,0.0,0.0,0.0,0.0,0.0,0.0
IMG_20241017_141034.jpg,go_down,0.52222437,0.51907957,0.53099537,0.50355023,0.5095016,0.5047439,0.5402798,0.5218749,0.4910251,0.5263986,0.5568103,0.6087147,0.47615576,0.61377245,0.5833255,0.48314002,0.4540843,0.488594,0.58421487,0.3191953,0.44838148,0.3217311,0.55878496,0.92796564,0.4957693,0.9313462,0.0,0.0,0.0,0.0,0.0,0.0,0.0,0.0
IMG_20241017_141034_1.jpg,go_down,0.6905067,0.50246143,0.6997346,0.48712024,0.67800134,0.48698026,0.7103061,0.50815237,0.66101265,0.5095593,0.7282139,0.59420335,0.64423853,0.5925155,0.7518444,0.47454363,0.61821085,0.48213786,0.75652987,0.2880133,0.61799467,0.31181714,0.72740453,0.9215326,0.66285414,0.9223106,0.0,0.0,0.0,0.0,0.0,0.0,0.0,0.0
IMG_20241017_141036.jpg,go_down,0.5969318,0.45459402,0.60667676,0.44081214,0.58613217,0.4386619,0.6161745,0.46411762,0.5690178,0.4608772,0.6305135,0.54926777,0.5498902,0.5441213,0.662603,0.42702895,0.5321273,0.41408202,0.6719058,0.24887832,0.5293179,0.24852842,0.6223751,0.8760357,0.5613128,0.8740421,0.0,0.0,0.0,0.0,0.0,0.0,0.0,0.0
IMG_20241017_141036_1.jpg,go_down,0.34706083,0.45648703,0.35917047,0.43885857,0.33660734,0.43681124,0.37871405,0.45777833,0.32574904,0.45404524,0.39564556,0.5574076,0.30734298,0.54565793,0.42203087,0.42821404,0.28321478,0.41696194,0.42378724,0.23602244,0.27997178,0.23416987,0.3675738,0.89687496,0.30014932,0.88981944,0.0,0.0,0.0,0.0,0.0,0.0,0.0,0.0
IMG_20241017_141038.jpg,go_down,0.30303058,0.46842492,0.31613028,0.45366818,0.29337084,0.45200726,0.33650544,0.4763854,0.28144658,0.47321758,0.35593978,0.5620165,0.2649843,0.55546474,0.38524276,0.4353924,0.2392957,0.4127878,0.37934142,0.24515995,0.22728093,0.24133572,0.34195817,0.9154902,0.272634,0.9116133,0.0,0.0,0.0,0.0,0.0,0.0,0.0,0.0
IMG_20241017_141039.jpg,go_down,0.3589189,0.4488693,0.37098208,0.43209466,0.34870082,0.4300166,0.39016858,0.45021254,0.3371896,0.44677457,0.40917075,0.54563653,0.3192809,0.5374199,0.43757638,0.41817895,0.2960519,0.40093842,0.43217346,0.23275813,0.28624985,0.22521164,0.38841376,0.88477045,0.3193708,0.8798292,0.0,0.0,0.0,0.0,0.0,0.0,0.0,0.0
IMG_20241017_144010.jpg,go_down,0.41749334,0.37215108,0.42380878,0.36367488,0.41024977,0.3623137,0.43122873,0.37191054,0.3995224,0.37013972,0.43803716,0.415423,0.39170486,0.4147023,0.45135418,0.3358514,0.37657505,0.33334804,0.4491244,0.2385861,0.37063292,0.23388092,0.43507364,0.598161,0.4027453,0.5989903,0.44393307,0.74253196,0.39637676,0.74896604,0.4371209,0.8771835,0.4036008,0.88726014
IMG_20241017_144010_1.jpg,go_down,0.45727006,0.33393922,0.4629554,0.32475743,0.44969755,0.32414752,0.47044212,0.3310651,0.43828812,0.33132568,0.4791627,0.37579668,0.43144554,0.37293768,0.49058673,0.2956627,0.4203275,0.2810866,0.49465704,0.20426728,0.41198313,0.1909667,0.47565916,0.55913836,0.44215068,0.56009895,0.48139408,0.68814623,0.43398225,0.70188814,0.4793312,0.82407665,0.4401049,0.8416018
IMG_20241017_144011.jpg,go_down,0.46770746,0.34802327,0.4734264,0.33883035,0.45979527,0.33858767,0.48111683,0.3459659,0.44898614,0.3464634,0.4915978,0.39105597,0.4415717,0.3891838,0.5045315,0.31726325,0.42671424,0.31111938,0.50284815,0.2279952,0.42095444,0.21513003,0.48472986,0.57485723,0.45077607,0.57357883,0.49386433,0.7123062,0.4439664,0.7137373,0.48293054,0.8507905,0.45271817,0.85710394
IMG_20241017_144012.jpg,go_down,0.48751098,0.35301077,0.49314743,0.34380484,0.48053586,0.34261516,0.5004499,0.34953606,0.46921816,0.3482058,0.5098381,0.39413968,0.46006647,0.38760698,0.5198084,0.31626993,0.4500233,0.29778045,0.52320504,0.22381113,0.44434825,0.20884956,0.50214547,0.5799594,0.46772197,0.57807875,0.5077719,0.70516896,0.46079615,0.71192473,0.5016028,0.8537276,0.4655425,0.8559301
IMG_20241017_144012_1.jpg,go_down,0.5406939,0.36073416,0.54664457,0.34995914,0.5325404,0.34935284,0.55209565,0.3573951,0.5179369,0.3570611,0.56140614,0.4045421,0.5072765,0.4021368,0.5803099,0.30421615,0.4968704,0.29979467,0.5865207,0.20609017,0.49136916,0.19633682,0.5517227,0.61837786,0.5151385,0.61715597,0.5559021,0.772297,0.5097867,0.7755057,0.5478719,0.9443353,0.50909793,0.9434561
IMG_20241017_144013.jpg,go_down,0.5254203,0.3484314,0.5322514,0.33633763,0.51559114,0.33619887,0.5380283,0.34194636,0.49893323,0.34196046,0.5461408,0.39596587,0.49055412,0.39231595,0.56586003,0.30102497,0.4753664,0.2931525,0.5702285,0.1895853,0.4683897,0.1785228,0.54477787,0.6204174,0.5065211,0.6200681,0.5510798,0.782986,0.50287116,0.7857204,0.5453415,0.9476975,0.5087466,0.95015633
IMG_20241017_144015_1.jpg,go_down,0.47440436,0.35578567,0.48238304,0.34535927,0.46606967,0.3438398,0.4925365,0.35450014,0.45386612,0.35197064,0.5033662,0.40560657,0.4448858,0.39970306,0.5229457,0.30740932,0.42836195,0.29382914,0.5259303,0.20426114,0.42305472,0.18637042,0.4937365,0.6281289,0.45303386,0.6257527,0.49916032,0.7930659,0.4466324,0.795433,0.4927291,0.96019673,0.4531688,0.96229154
IMG_20241017_144016.jpg,go_down,0.48317367,0.39021465,0.4918282,0.38022536,0.47431785,0.3778682,0.5005442,0.39150524,0.4595575,0.38695776,0.5105467,0.44722056,0.4474569,0.44053927,0.5333725,0.3384542,0.43169054,0.32805666,0.5378281,0.2316259,0.4222189,0.21452515,0.50127715,0.69591683,0.45527157,0.69347113,0.5107728,0.8988146,0.44814366,0.9002191,0.0,0.0,0.0,0.0
IMG_20241017_144018.jpg,go_down,0.49603218,0.46149856,0.5042343,0.4467735,0.4850725,0.4461392,0.51200753,0.45682618,0.46813014,0.4568383,0.523392,0.5169058,0.45566735,0.514477,0.5467067,0.39898306,0.435825,0.3926252,0.5501201,0.26826605,0.42742318,0.26212803,0.5226169,0.7924245,0.4716382,0.7926886,0.0,0.0,0.0,0.0,0.0,0.0,0.0,0.0
IMG_20241017_144019.jpg,go_down,0.556192,0.48963383,0.5656274,0.47400293,0.5441641,0.47410443,0.5758436,0.4858998,0.526176,0.4877107,0.5877952,0.5515981,0.51651645,0.5522558,0.61780393,0.42658037,0.5034658,0.41970497,0.62186164,0.2861126,0.48865628,0.27874807,0.58744144,0.85492,0.5323954,0.85645604,0.0,0.0,0.0,0.0,0.0,0.0,0.0,0.0
IMG_20241017_144019_1.jpg,go_down,0.5180076,0.44567484,0.5274876,0.42875406,0.50519925,0.42737383,0.53419715,0.44099182,0.4833153,0.43931136,0.5444151,0.5172535,0.4706809,0.5181052,0.57635576,0.38070968,0.45766956,0.3735623,0.5823394,0.23866072,0.44627815,0.22478798,0.5506132,0.83042383,0.49335328,0.8344548,0.0,0.0,0.0,0.0,0.0,0.0,0.0,0.0
IMG_20241017_144020.jpg,go_down,0.48911363,0.36691803,0.49891815,0.35456732,0.4770011,0.35292658,0.5060296,0.367007,0.45636064,0.36414546,0.51725084,0.4355106,0.44551006,0.43490088,0.5466574,0.29970923,0.42705685,0.29502013,0.55123,0.1484922,0.413955,0.14560571,0.5218143,0.73824793,0.46927267,0.7412956,0.5318571,0.955624,0.46714807,0.975525,0.0,0.0,0.0,0.0
IMG_20241017_144020_1.jpg,go_down,0.46577996,0.4038961,0.47533357,0.3902058,0.45412004,0.3878487,0.48340833,0.4049571,0.43495548,0.40119115,0.49569082,0.4751512,0.42095888,0.4721255,0.52396256,0.34420174,0.40447718,0.3320331,0.5303373,0.21111383,0.39704096,0.19116259,0.4979649,0.77675414,0.4413075,0.7783248,0.51322323,0.9776303,0.42829993,0.99468225,0.0,0.0,0.0,0.0
IMG_20241017_144021.jpg,go_down,0.37051535,0.49031803,0.38400942,0.48638505,0.36310193,0.47240177,0.3947356,0.52124447,0.3462885,0.49165955,0.40077376,0.59027934,0.3191046,0.57061887,0.43727198,0.44641542,0.3014597,0.42975995,0.4436749,0.3097744,0.3022331,0.28915495,0.3923654,0.9100541,0.32818103,0.9060394,0.0,0.0,0.0,0.0,0.0,0.0,0.0,0.0
IMG_20241017_144021_1.jpg,go_down,0.4704254,0.40416157,0.4837756,0.39997014,0.46386498,0.38618177,0.49446088,0.43376207,0.44849816,0.40507314,0.5005453,0.5027249,0.42294,0.4876886,0.53194225,0.35593423,0.40051094,0.3434099,0.53765124,0.21673864,0.39785916,0.206892,0.49573302,0.8111484,0.43694237,0.8086509,0.0,0.0,0.0,0.0,0.0,0.0,0.0,0.0
IMG_20241017_144022.jpg,go_down,0.48074397,0.41295218,0.49414822,0.40859032,0.47650155,0.39288563,0.507188,0.4382658,0.4651077,0.40543315,0.5153219,0.5018996,0.4392882,0.4816505,0.53852034,0.36466533,0.41855672,0.34506333,0.5461539,0.21823995,0.41330293,0.21062718,0.5104228,0.806965,0.45304447,0.8010246,0.0,0.0,0.0,0.0,0.0,0.0,0.0,0.0
IMG_20241017_144022_1.jpg,go_down,0.49411976,0.4091907,0.5055467,0.39679086,0.48513225,0.39055878,0.5185716,0.41335732,0.47104916,0.40167418,0.53152466,0.47817728,0.45782807,0.4708926,0.553954,0.34459746,0.4438906,0.3315168,0.555078,0.1877425,0.42879188,0.19236693,0.5314553,0.78966916,0.47397122,0.7879301,0.0,0.0,0.0,0.0,0.0,0.0,0.0,0.0
IMG_20241017_144023.jpg,go_down,0.4649982,0.322929,0.47562915,0.30975047,0.45535004,0.30530408,0.48362342,0.31721658,0.4359907,0.30699655,0.491715,0.37826893,0.4241471,0.3727742,0.5209296,0.25699097,0.4097177,0.24782178,0.5236124,0.12553768,0.40114853,0.11032995,0.4896678,0.6488993,0.4425102,0.6475549,0.4922348,0.87549174,0.43252182,0.8805819,0.48463488,0.9911865,0.4238171,1.0
IMG_20241017_144024.jpg,go_down,0.4856774,0.38467336,0.49442008,0.37309927,0.4759755,0.37024888,0.50260705,0.38310894,0.4590622,0.3776943,0.5119004,0.44031638,0.44886863,0.4366583,0.53406495,0.3296434,0.43427968,0.32819614,0.5389475,0.21270333,0.4313069,0.20412093,0.5071054,0.68929404,0.46344584,0.6866669,0.5101341,0.8912458,0.45164767,0.8873101,0.49251777,0.99491775,0.45511195,0.9882217
IMG_20241017_144025.jpg,go_down,0.5076879,0.3314373,0.51491684,0.32160023,0.49931225,0.3193378,0.5224494,0.32945427,0.48615304,0.32542366,0.53068274,0.38140875,0.47923812,0.37756768,0.55189025,0.2943002,0.46571562,0.2850496,0.5517656,0.18300651,0.45941973,0.17133763,0.5277962,0.58909106,0.4928203,0.5875254,0.535553,0.74716026,0.48415938,0.7485834,0.5262586,0.8913229,0.48832834,0.8990669
IMG_20241017_144026.jpg,go_down,0.48989755,0.31731755,0.49668637,0.3081465,0.48144072,0.30580825,0.50512016,0.31529573,0.46889365,0.31183177,0.5139781,0.36430508,0.46131447,0.36093858,0.5317776,0.27631012,0.44585952,0.27006546,0.53815705,0.17457314,0.4429412,0.16866957,0.5120137,0.55360067,0.47723472,0.5534243,0.5237685,0.70508075,0.47288707,0.70832145,0.5142059,0.84708387,0.48116952,0.8572507
IMG_20241017_144027.jpg,go_down,0.48115608,0.33634174,0.48743993,0.32697102,0.47396618,0.32461125,0.49469233,0.33472705,0.46180344,0.33091134,0.5062214,0.38383546,0.45322654,0.37962022,0.5241066,0.29308254,0.44159088,0.28314918,0.52764606,0.19747886,0.43176064,0.18736437,0.5041336,0.57914215,0.46880388,0.57814807,0.5100865,0.7186073,0.4630381,0.7229499,0.504634,0.86230534,0.4676465,0.8701441
IMG_20241017_144027_1.jpg,go_down,0.4617425,0.29803112,0.46912646,0.28886104,0.45419365,0.2873855,0.47868097,0.29759416,0.44308987,0.29502672,0.4869364,0.34584633,0.4355638,0.34113988,0.5061184,0.26474714,0.42186788,0.25017598,0.5090927,0.165338,0.41591796,0.14838359,0.47686267,0.5361257,0.44173944,0.5341502,0.48467407,0.6741449,0.4327133,0.6791711,0.4744898,0.8152452,0.43771377,0.8210214
IMG_20241017_144028.jpg,go_down,0.33359498,0.3017837,0.34123427,0.2931145,0.3250671,0.29063782,0.3517243,0.30457467,0.3133998,0.30047706,0.3615374,0.35667002,0.3050726,0.34899893,0.3812479,0.27310967,0.2875806,0.25339893,0.38957494,0.17109354,0.28469637,0.14714646,0.34925446,0.55624783,0.3116692,0.5525088,0.35723728,0.7082463,0.30205142,0.7095258,0.3426776,0.8495655,0.30551624,0.8554602
IMG_20241017_144029.jpg,go_down,0.5059556,0.3173296,0.51273954,0.30790412,0.49838987,0.30480894,0.5193393,0.31391218,0.48445553,0.3080205,0.52864003,0.36141473,0.4738836,0.35397622,0.5510694,0.27109826,0.45844352,0.25635856,0.55817026,0.17578998,0.449967,0.15781575,0.5215673,0.56262046,0.4849743,0.55995417,0.526423,0.70855767,0.47751623,0.71135455,0.51884574,0.8583383,0.4780669,0.86917377
IMG_20241017_144030.jpg,go_down,0.5486912,0.40022546,0.55511206,0.3900947,0.541254,0.38779417,0.5612536,0.39569983,0.5278924,0.39113984,0.5720182,0.4430506,0.5178038,0.4340764,0.5953284,0.35839096,0.5037957,0.34095368,0.6030691,0.26316202,0.49952084,0.24634752,0.56222683,0.6485569,0.5267333,0.6443466,0.56468,0.79974335,0.5220061,0.7987519,0.55198425,0.9645338,0.5204463,0.9693707
IMG_20241017_144031.jpg,go_down,0.47338054,0.31719327,0.48100203,0.3072226,0.46512604,0.3053118,0.48974973,0.31653875,0.45181435,0.3134378,0.4985464,0.36969557,0.4441312,0.36589107,0.5203188,0.27271074,0.42856783,0.2630457,0.52643317,0.1738031,0.4208364,0.15764965,0.49214333,0.5744984,0.454896,0.5738054,0.49534157,0.71592003,0.4491203,0.7220703,0.48891526,0.866741,0.44749498,0.87312657
IMG_20241017_144033.jpg,go_down,0.37010694,0.3693252,0.37794498,0.35980442,0.36227718,0.3575143,0.38789025,0.36753184,0.35019574,0.36352426,0.397717,0.41689476,0.3413417,0.4112182,0.41931707,0.3291418,0.3238816,0.3154475,0.42115068,0.2269653,0.3155053,0.21165004,0.38903382,0.62398666,0.35080191,0.62207854,0.3943558,0.7767792,0.3466511,0.7805337,0.38982803,0.93642896,0.35230806,0.9404153
IMG_20241017_144356.jpg,go_down,0.47222713,0.36372304,0.48209608,0.35340425,0.46255884,0.3494735,0.49377787,0.37222305,0.44749933,0.3649845,0.5046765,0.44819307,0.43532148,0.44287965,0.52663946,0.34618488,0.41862917,0.34260285,0.51172537,0.23157339,0.42764163,0.22783999,0.4916688,0.69800323,0.44494584,0.69481677,0.49077663,0.8591734,0.43294656,0.86216646,0.4803733,0.9856469,0.4421796,0.98791945
IMG_20241017_144356_1.jpg,go_down,0.47317907,0.33211246,0.48228222,0.3203337,0.46293926,0.31797943,0.4920628,0.33662575,0.44589335,0.33282968,0.50416493,0.41118765,0.43213052,0.41051546,0.5267524,0.30722606,0.41391784,0.3138116,0.5110651,0.183238,0.42158532,0.19096161,0.49447078,0.66534686,0.44546524,0.6659248,0.49499306,0.814057,0.44230023,0.82190096,0.49154457,0.9558628,0.44589734,0.9632539
IMG_20241017_144357.jpg,go_down,0.51018476,0.3798995,0.5204956,0.36525288,0.49952313,0.36285293,0.5321717,0.37963226,0.4827078,0.37592524,0.5471666,0.46184322,0.4664476,0.46198112,0.5764975,0.34895572,0.44300798,0.35919496,0.5590815,0.22768743,0.44451588,0.23657592,0.53770435,0.7513882,0.4820247,0.7502197,0.5470055,0.9260611,0.47842366,0.9271243,0.0,0.0,0.0,0.0
IMG_20241017_144358.jpg,go_down,0.51572615,0.3752511,0.5267182,0.3599858,0.50407815,0.35853687,0.53992194,0.37569267,0.48672906,0.37386334,0.55579156,0.46377438,0.47154692,0.46221286,0.58663493,0.34787828,0.44746867,0.35218614,0.56745684,0.21378402,0.44796512,0.22448353,0.5426218,0.75938916,0.48443958,0.75691825,0.5519531,0.94213575,0.48168835,0.94380254,0.0,0.0,0.0,0.0
IMG_20241017_144359.jpg,go_down,0.50890815,0.44003472,0.5194899,0.42331535,0.49552202,0.42292327,0.5331823,0.4407424,0.47765714,0.44210067,0.55340075,0.5333924,0.46058273,0.5292469,0.5835026,0.41290814,0.4283362,0.41293234,0.559375,0.25304842,0.42746583,0.27097335,0.54311025,0.8705893,0.47548705,0.8693606,0.0,0.0,0.0,0.0,0.0,0.0,0.0,0.0
IMG_20241017_144400.jpg,go_down,0.52015346,0.4482614,0.53272784,0.42971683,0.5075902,0.42909694,0.5510565,0.44939741,0.49116856,0.4500113,0.57096416,0.5466911,0.47183853,0.5452108,0.6084372,0.42201364,0.44585645,0.41979554,0.59141034,0.25664583,0.4431026,0.27778608,0.55312884,0.8975966,0.48084316,0.8952687,0.0,0.0,0.0,0.0,0.0,0.0,0.0,0.0
IMG_20241017_144400_1.jpg,go_down,0.495066,0.46085867,0.5074217,0.44125366,0.48189965,0.44014,0.52301925,0.45882383,0.46255493,0.45810434,0.54277515,0.55828065,0.43999842,0.5571288,0.5820419,0.43591875,0.40700823,0.4295987,0.56752425,0.26572233,0.40430883,0.279244,0.52898794,0.922918,0.45427352,0.9223308,0.0,0.0,0.0,0.0,0.0,0.0,0.0,0.0
IMG_20241017_144401.jpg,go_down,0.50605077,0.4575205,0.5163251,0.4383204,0.4929995,0.4363709,0.5253578,0.4527892,0.47055307,0.44987038,0.5410003,0.5476837,0.44851565,0.5413316,0.5826439,0.4356902,0.42425242,0.4250793,0.57273185,0.2831477,0.4270466,0.2802316,0.5289538,0.89452213,0.46171203,0.89148,0.0,0.0,0.0,0.0,0.0,0.0,0.0,0.0
IMG_20241017_144404.jpg,go_down,0.6381243,0.3764018,0.6469981,0.36499852,0.62795466,0.36377624,0.65852416,0.38419273,0.61369085,0.38347435,0.67488116,0.45737967,0.59968644,0.4598151,0.7048487,0.3516908,0.57429326,0.3657108,0.69491005,0.23885353,0.57626843,0.25406358,0.66725993,0.70934486,0.6175655,0.70985204,0.6767512,0.8697178,0.6128539,0.8739099,0.6658458,0.9902969,0.6273834,0.98636365
IMG_20241017_144405.jpg,go_down,0.57544535,0.3713272,0.5851649,0.36031228,0.5659373,0.35760832,0.5980494,0.37800434,0.5523345,0.37384528,0.6121603,0.44987643,0.5386203,0.45034242,0.64192563,0.34910294,0.5124711,0.3594657,0.63086635,0.2327846,0.51490843,0.24533238,0.60057503,0.70156956,0.552287,0.70138234,0.6054467,0.86434406,0.5478611,0.8699065,0.5965473,0.98431927,0.5580858,0.9854723
IMG_20241017_144405_1.jpg,go_down,0.4996534,0.34148306,0.50961673,0.32789493,0.49008638,0.32531646,0.5229141,0.34315866,0.47619635,0.3390748,0.53719765,0.42323786,0.4628851,0.42134875,0.56596,0.3226355,0.44014415,0.3255091,0.5547746,0.20647417,0.4410622,0.21138352,0.5227157,0.6743716,0.4743734,0.6721847,0.5295767,0.81620467,0.47138476,0.8181381,0.5197342,0.9733901,0.47737908,0.96896565
IMG_20241017_144406.jpg,go_down,0.38008538,0.34636077,0.3904493,0.335864,0.37028044,0.33271292,0.40504903,0.35367194,0.35679656,0.34815407,0.41755372,0.4298611,0.34443358,0.42380708,0.44573483,0.33662197,0.31702703,0.3269749,0.43603045,0.21351035,0.3178459,0.21314377,0.40257755,0.67872787,0.35495046,0.67562634,0.40875155,0.8341261,0.3504737,0.8381486,0.40003154,0.970604,0.35910633,0.97270644
IMG_20241017_144407.jpg,go_down,0.4511728,0.38615566,0.46048158,0.37352648,0.4410607,0.3721492,0.47278464,0.38985762,0.4271105,0.38866016,0.4871603,0.46561524,0.41310203,0.46690747,0.5152647,0.36553627,0.38808388,0.37504703,0.5017144,0.25137404,0.38959643,0.25996292,0.47471324,0.7183677,0.42536584,0.7176025,0.4830184,0.8782976,0.4192793,0.88231206,0.47091496,0.9925772,0.43135834,0.9850514
IMG_20241017_144407_1.jpg,go_down,0.3885099,0.303388,0.39841798,0.29139733,0.37927255,0.28748885,0.40890807,0.30789798,0.3641951,0.29997206,0.41944426,0.38969663,0.34706458,0.38036925,0.4521886,0.29405874,0.3245377,0.28368756,0.44788587,0.17011759,0.32559666,0.15698679,0.39528623,0.6456925,0.34689856,0.63951176,0.39820662,0.7890119,0.33780065,0.78717476,0.38240287,0.9391453,0.33777294,0.93606555
pose11060.png,go_down,0.43526596,0.18282548,0.44311523,0.16991249,0.4259324,0.1691512,0.45417038,0.17123207,0.41238508,0.17072701,0.4633805,0.2303006,0.40407896,0.22863676,0.4806179,0.14953613,0.38812298,0.14431398,0.4809297,0.046082284,0.38744038,0.03886155,0.45270997,0.43409657,0.41397542,0.43366972,0.46353078,0.5824812,0.4079547,0.58826286,0.4528734,0.717958,0.41767302,0.7259996
pose11065.png,go_down,0.49432904,0.27749857,0.50217503,0.2658277,0.48617277,0.26387078,0.5124124,0.27016422,0.47407565,0.26634213,0.52203524,0.3279408,0.46352768,0.32010227,0.5455123,0.25084603,0.44962007,0.23173562,0.5467434,0.15297097,0.453652,0.12995404,0.50347334,0.53953165,0.4651123,0.5353333,0.5096827,0.68182397,0.4565053,0.6852562,0.49414197,0.8114924,0.46047202,0.8190169
pose11069.png,go_down,0.3677097,0.24929823,0.37590402,0.23703842,0.35838276,0.2356469,0.38654372,0.24018966,0.344948,0.23808153,0.39439613,0.29773265,0.33594114,0.29629844,0.41473752,0.21713519,0.32098106,0.21698888,0.411831,0.11713706,0.32075295,0.10731591,0.38246617,0.5154988,0.34300828,0.51417005,0.38884288,0.66456974,0.33366296,0.6668942,0.3808963,0.79712677,0.34387216,0.8018905
pose11074.png,go_down,0.34938273,0.20611538,0.3575123,0.19338499,0.3413682,0.19048545,0.36876547,0.19568269,0.32914892,0.19023615,0.38041753,0.25501785,0.3163135,0.24559101,0.40064448,0.16897187,0.30167648,0.15107772,0.4008657,0.07096827,0.30151814,0.052479025,0.36418706,0.47941753,0.3212895,0.47540647,0.37330824,0.61321,0.3157679,0.6156638,0.36188295,0.7623151,0.32542333,0.7680119
pose11079.png,go_down,0.30023843,0.23719889,0.30954736,0.22614327,0.29132324,0.22209862,0.32188237,0.23094323,0.2779678,0.22300322,0.3300709,0.29187363,0.2677896,0.28042865,0.3571003,0.20878507,0.2537029,0.18687247,0.35484588,0.10635215,0.25925905,0.08465203,0.30617163,0.5116268,0.26570925,0.50401026,0.30808198,0.66306853,0.25568804,0.6585541,0.2932312,0.79838747,0.25926572,0.79645693
pose11090.png,go_down,0.48459834,0.22975585,0.4968953,0.22086444,0.477156,0.21213606,0.51590526,0.22919628,0.46698022,0.21038604,0.5244075,0.29224196,0.4530193,0.26808852,0.5539862,0.2110156,0.4369541,0.16699702,0.5560027,0.089748174,0.44447026,0.051210742,0.48031312,0.5435457,0.43266907,0.52628344,0.46835947,0.72040695,0.4116313,0.69943845,0.44657296,0.8748023,0.41103926,0.8633192
pose11098.png,go_down,0.47241783,0.24143232,0.48330036,0.22798805,0.46473962,0.22381787,0.50160974,0.23018807,0.45514193,0.22164796,0.5149871,0.29661772,0.44340414,0.28412765,0.5349247,0.20875031,0.42389312,0.19080393,0.53037727,0.08712964,0.42003408,0.07235527,0.48937923,0.5467866,0.44084376,0.53823924,0.496651,0.70873535,0.4348382,0.696997,0.48387527,0.8703063,0.44307774,0.85721654
pose11102.png,go_down,0.438514,0.21179119,0.44889182,0.19960083,0.43001026,0.19583917,0.46709275,0.20359874,0.41991282,0.19731045,0.48031798,0.26944238,0.41006798,0.26127905,0.49999905,0.17232688,0.38624963,0.15657856,0.4956189,0.05366334,0.38700005,0.046192933,0.4588901,0.5141712,0.41298944,0.50761515,0.46677795,0.6931517,0.40616757,0.68599665,0.4569643,0.8488571,0.41809306,0.83897
pose11107.png,go_down,0.5068965,0.30154255,0.51734614,0.287477,0.49925178,0.28456002,0.5351368,0.28816092,0.48903665,0.2821808,0.5484991,0.3513944,0.47631782,0.34095812,0.56632674,0.26068398,0.4532927,0.23989029,0.5622546,0.14992954,0.45372948,0.1271441,0.5230121,0.60654485,0.47434336,0.5998301,0.5234205,0.77316207,0.4660825,0.7708898,0.5116625,0.94315475,0.47081876,0.9343299
pose13130.png,go_down,0.5030581,0.20405078,0.5127791,0.19266218,0.49469805,0.18956265,0.52730733,0.20176181,0.4838946,0.19598414,0.5347296,0.27107313,0.4778998,0.26316532,0.5569943,0.17276813,0.4617114,0.15552095,0.5571713,0.05201293,0.4668232,0.03974317,0.5125355,0.50828797,0.47479105,0.50222856,0.51370955,0.679398,0.4645551,0.6787445,0.5029546,0.84517735,0.46060205,0.839956
pose13135.png,go_down,0.5253326,0.30410558,0.53490055,0.29270837,0.51735246,0.28962123,0.55024624,0.30124784,0.5074636,0.295433,0.5607932,0.36814576,0.49986878,0.3582567,0.58632916,0.2796082,0.4778598,0.25586903,0.5993134,0.15681869,0.4822947,0.1354315,0.53975296,0.60058,0.50000226,0.59451646,0.540927,0.77838135,0.49043018,0.775794,0.531962,0.93923354,0.48941788,0.9294566
pose13140.png,go_down,0.53322715,0.29185665,0.5424088,0.28065163,0.5250157,0.2781482,0.5570369,0.28802246,0.51473093,0.28371793,0.56682205,0.351067,0.5095766,0.34217727,0.58985263,0.26371664,0.49471372,0.2396206,0.596572,0.13588977,0.495445,0.1280944,0.54836404,0.5801275,0.5099572,0.5747658,0.5545043,0.75216436,0.5020878,0.75381553,0.54376334,0.917989,0.5003129,0.9142725
pose13145.png,go_down,0.47807866,0.25522533,0.48737583,0.24207696,0.46912804,0.24078098,0.50290835,0.2494835,0.45839053,0.24849366,0.51345325,0.31596494,0.4534635,0.31358913,0.53319675,0.21725911,0.43284678,0.20457545,0.53794134,0.09313982,0.43697792,0.085313715,0.5003166,0.54639477,0.4607591,0.5456228,0.5084668,0.7187215,0.45654002,0.72808313,0.5033659,0.8902108,0.45943648,0.89023435
pose13150.png,go_down,0.34284666,0.2541583,0.35156828,0.23963673,0.3336974,0.23887172,0.3653233,0.24593216,0.32272276,0.24579413,0.37941352,0.31311896,0.31723416,0.30880344,0.39862284,0.22518118,0.29984054,0.20460303,0.40153313,0.088045865,0.29403442,0.08155882,0.37439018,0.5529881,0.33223838,0.5526265,0.38691688,0.7244295,0.3299855,0.73431593,0.38477305,0.9076446,0.3387625,0.9112228
pose4148.jpg,go_down,0.41932243,0.34368676,0.42717242,0.32957548,0.40960708,0.3302757,0.43790784,0.3347847,0.39558694,0.33718178,0.45237535,0.4035419,0.38461936,0.40356556,0.4805587,0.345928,0.36342257,0.34332463,0.48336205,0.2565647,0.3587818,0.24430963,0.44002008,0.6338194,0.39559317,0.6330954,0.44345623,0.7866401,0.39007887,0.7894913,0.4332406,0.93417054,0.3942861,0.9317402
pose4150.jpg,go_down,0.41889864,0.32277977,0.42657742,0.30860466,0.4091351,0.3095077,0.43761873,0.3156236,0.39472526,0.3188546,0.45288453,0.38749957,0.3826962,0.3906712,0.48010555,0.32964024,0.3634079,0.3271908,0.4862024,0.23741552,0.35903177,0.22485232,0.4407459,0.6181816,0.39566347,0.61988294,0.44325143,0.7608871,0.38913685,0.7718699,0.43342462,0.90794593,0.38978404,0.91514546
pose6017.png,go_down,0.29156947,0.25872138,0.29935288,0.24334572,0.28174192,0.24354477,0.31041932,0.24228685,0.26785213,0.24423422,0.3281098,0.31060207,0.25408164,0.3077973,0.35564438,0.24217361,0.22400363,0.22112149,0.35774058,0.1590398,0.21880059,0.12082539,0.32384628,0.5630605,0.27344388,0.5651246,0.33623052,0.7195553,0.27216023,0.73381263,0.32780224,0.8791187,0.2740211,0.8898141
pose6026.png,go_down,0.29559737,0.2311429,0.30335075,0.21604222,0.2855464,0.21622832,0.31468284,0.21376917,0.27189565,0.21566929,0.33019108,0.2794296,0.25898165,0.2742446,0.35628122,0.21154255,0.22837722,0.1878369,0.36009747,0.12495219,0.22647409,0.09253928,0.32393026,0.5276312,0.2751218,0.52846915,0.33731884,0.6847044,0.27375177,0.69714355,0.33344087,0.8411562,0.27832273,0.8516115
pose6030.png,go_down,0.28951812,0.23664208,0.29731917,0.22224647,0.28014785,0.22064054,0.30718392,0.22037992,0.26605272,0.21810566,0.32242328,0.2885598,0.25134343,0.28218228,0.35222843,0.2221509,0.2225887,0.20006125,0.35608435,0.12652557,0.2206316,0.09883476,0.31799698,0.53463566,0.26992732,0.5353613,0.33147514,0.6896302,0.26758215,0.7022188,0.3263759,0.8412933,0.27069494,0.85838556
pose6031.png,go_down,0.29058933,0.24205822,0.29816002,0.22760628,0.28078407,0.22704981,0.3082703,0.22803,0.2667493,0.22831611,0.32396007,0.2964149,0.2529558,0.290988,0.35275012,0.23354305,0.22364755,0.20869595,0.3576011,0.14051437,0.22199178,0.10759865,0.31915593,0.5400374,0.271084,0.5414833,0.33177623,0.69207215,0.27023065,0.7075689,0.32629192,0.8447199,0.27219453,0.86214566
pose6033.png,go_down,0.29260653,0.25597668,0.29968184,0.23963521,0.28258055,0.23979479,0.30994424,0.23805381,0.26800647,0.23973742,0.32692295,0.31223923,0.2518982,0.3073447,0.35341075,0.24555326,0.22115643,0.21992561,0.35965395,0.152268,0.22110805,0.124552004,0.31869262,0.55137473,0.27037448,0.55318296,0.33222413,0.7048756,0.26668924,0.72377735,0.32365933,0.8578583,0.27484456,0.87590873
1725301704338.png,go_side,0.58502644,0.265185,0.5972587,0.25601387,0.5775374,0.25028324,0.60690206,0.27055207,0.5580991,0.2577338,0.6189534,0.33865872,0.52489007,0.33233094,0.64446074,0.35757047,0.46340692,0.35763076,0.5620616,0.34323514,0.37555817,0.38384932,0.5857474,0.5428077,0.52771634,0.5336782,0.58174753,0.672492,0.5254907,0.6590378,0.57125956,0.78042305,0.53402406,0.78254527
1725301709398.png,go_side,0.58785284,0.28846765,0.5991656,0.27816328,0.57991934,0.27464315,0.6088103,0.28983635,0.5612501,0.28162757,0.62304056,0.36026922,0.52864933,0.35493153,0.6448655,0.3912023,0.4614312,0.38338673,0.5554925,0.37503684,0.37981355,0.40891182,0.5912663,0.56141365,0.53367895,0.553108,0.5825865,0.6887077,0.5304535,0.6804296,0.5706045,0.794228,0.53620005,0.7957614
1725301714425.png,go_side,0.59503907,0.27878624,0.60730445,0.26803043,0.5874962,0.263358,0.61837006,0.27807587,0.5694788,0.26746276,0.63159555,0.3494822,0.5374732,0.34199196,0.66183823,0.3770528,0.4772097,0.36547768,0.5858438,0.3643346,0.40494683,0.389409,0.5961661,0.55472267,0.53919536,0.54579276,0.5936842,0.68705344,0.5387169,0.6778601,0.58342147,0.80137414,0.5446332,0.8017916
1725301720610.png,go_side,0.5534809,0.26098177,0.5651742,0.2525086,0.54575336,0.24738988,0.57680565,0.26603246,0.53031415,0.25614786,0.5887652,0.3356343,0.4988322,0.3287043,0.61270195,0.36752406,0.43787345,0.3597074,0.5284084,0.35258874,0.37839073,0.38932467,0.5552918,0.533663,0.50002635,0.52454394,0.5558322,0.6684892,0.5029039,0.6585337,0.54369473,0.7745172,0.51204103,0.7745708
1725301724676.png,go_side,0.5256829,0.2804406,0.5375368,0.27033982,0.5181887,0.2664579,0.5493579,0.2825979,0.5013885,0.2741339,0.56715405,0.35243177,0.47085977,0.35117775,0.6075009,0.3807219,0.40709272,0.3849038,0.5378007,0.37248242,0.33243918,0.41324055,0.53882235,0.5560141,0.47933686,0.5502495,0.54542166,0.6920268,0.47692668,0.6846021,0.541975,0.8049525,0.47415423,0.80566704
1725301729568.png,go_side,0.4764497,0.2676183,0.48444116,0.25358495,0.46497646,0.25699645,0.5006256,0.2610042,0.45376968,0.26882833,0.5326087,0.33415458,0.4345234,0.33946458,0.60435826,0.33888635,0.39339057,0.35979986,0.69014573,0.35017768,0.4621648,0.33864763,0.5192335,0.5463782,0.4589644,0.5524757,0.52303594,0.68175054,0.46561393,0.6843886,0.52631366,0.7995093,0.4577817,0.7917247
1725301735057.png,go_side,0.35751182,0.24844684,0.36647105,0.23300798,0.3472703,0.23622668,0.38819668,0.23561536,0.3399394,0.24306576,0.4249974,0.30976912,0.32270098,0.31551644,0.49882963,0.32595485,0.27904445,0.3437772,0.58777,0.3411111,0.337948,0.31871992,0.4105111,0.5208449,0.3486354,0.5274243,0.41823933,0.6549908,0.36131763,0.6579652,0.42211753,0.77488357,0.358796,0.76821506
1725302219258.png,go_side,0.5316496,0.26725948,0.5416792,0.25790742,0.5234059,0.2534612,0.54845726,0.26761058,0.50370044,0.25738013,0.55111045,0.33264014,0.47167572,0.3197775,0.5705911,0.35825688,0.40370852,0.32393086,0.5099987,0.3468375,0.3452854,0.32224017,0.5218482,0.52299076,0.47237626,0.5142629,0.52180874,0.6627227,0.46620625,0.6587804,0.5221736,0.78645676,0.4621944,0.78951746
1725302226512.png,go_side,0.391611,0.2578367,0.40061852,0.24711004,0.3822856,0.24726382,0.41206303,0.2546912,0.36806738,0.25626823,0.42288095,0.3176229,0.34627745,0.31634542,0.43037173,0.34310004,0.2812341,0.32338446,0.36492857,0.3368395,0.21553306,0.32304743,0.40609416,0.5033186,0.35689652,0.50005513,0.41171703,0.634525,0.35446215,0.63769984,0.41588148,0.76147425,0.3611459,0.7627549
1725302233688.png,go_side,0.49874333,0.24636477,0.5067263,0.23453312,0.48933533,0.23441432,0.51211745,0.23933929,0.46882588,0.23957843,0.52129143,0.305415,0.4413543,0.30162868,0.53983635,0.33030647,0.3759836,0.30673864,0.4761028,0.32731846,0.30707076,0.3020484,0.49794585,0.49857754,0.447754,0.49307665,0.5012261,0.6310198,0.44568765,0.62801844,0.4953676,0.76244986,0.44636148,0.755771
1725302238803.png,go_side,0.4764005,0.24383663,0.48299974,0.23089781,0.46492696,0.23219894,0.49250022,0.23668791,0.44832847,0.23958011,0.5184287,0.30930462,0.41846815,0.29998565,0.5870571,0.31591928,0.35608488,0.3028972,0.6529672,0.31970173,0.40513223,0.3054021,0.5003022,0.49427623,0.44140574,0.49444485,0.49782398,0.62368816,0.44983804,0.62661284,0.50075597,0.7494739,0.44443202,0.7493974
1725302243500.png,go_side,0.47930023,0.27970847,0.48669565,0.26736286,0.46877924,0.2688672,0.49855396,0.27412048,0.45489988,0.27722922,0.5252303,0.3447156,0.4284797,0.33897611,0.59340465,0.34929076,0.3633355,0.34308076,0.65369594,0.3564831,0.40793294,0.34731033,0.505637,0.52812314,0.4499257,0.52971274,0.5031469,0.6603446,0.45755157,0.6630245,0.50448954,0.7842423,0.447706,0.78511953
1725302250630.png,go_side,0.330791,0.2595322,0.33883235,0.2463853,0.31985232,0.24858882,0.35284325,0.25361425,0.30660182,0.25880733,0.38145363,0.3244004,0.27933672,0.32564566,0.45279467,0.32441694,0.20708154,0.3317917,0.5193118,0.3334565,0.25300497,0.32648146,0.36878484,0.5169301,0.3094224,0.5235867,0.369738,0.6524607,0.32091758,0.66327864,0.38031173,0.779153,0.31556594,0.78622705
1725302255651.png,go_side,0.34539595,0.28138906,0.35269445,0.26780903,0.3336911,0.2702666,0.36564994,0.27417794,0.31893775,0.28022566,0.39556575,0.34478724,0.29263678,0.3453112,0.46304613,0.34983498,0.22349487,0.35972938,0.53290224,0.3525829,0.2700249,0.34521943,0.38436985,0.5377447,0.32417318,0.5431899,0.38384286,0.6704177,0.33558857,0.6762378,0.3896514,0.8042419,0.33072707,0.80950516
1725302260675.png,go_side,0.33851925,0.2838439,0.34512863,0.2689667,0.32620838,0.26995498,0.35306308,0.2695888,0.30464998,0.27224612,0.37704095,0.3406723,0.27415603,0.3452951,0.44662133,0.34314033,0.20431487,0.3715489,0.5126546,0.3449086,0.24858679,0.34883106,0.3714983,0.5358108,0.31268248,0.5440071,0.37134454,0.6687101,0.32217678,0.67453283,0.37829468,0.79795736,0.3168892,0.8111561
IMG_20241016_102809.jpg,go_side,0.556607,0.31468228,0.5657667,0.30500945,0.5485957,0.30416864,0.5768805,0.31207618,0.53476816,0.3111879,0.59282684,0.36804637,0.5145743,0.36946416,0.6299163,0.39283404,0.4531058,0.3794863,0.5767074,0.40045542,0.3896805,0.38502815,0.5775962,0.534926,0.5318787,0.53196836,0.5750144,0.6609917,0.5333489,0.6590073,0.5799357,0.7841236,0.5330262,0.7782223
IMG_20241016_102811.jpg,go_side,0.5549498,0.315314,0.5640188,0.30551672,0.5468283,0.30515176,0.5754174,0.3132378,0.5332864,0.31335825,0.59189445,0.36977935,0.5126329,0.37103114,0.6287652,0.39497462,0.44993266,0.38115895,0.57588273,0.39777592,0.38858375,0.38552374,0.5746076,0.5366869,0.52822614,0.53346145,0.5713469,0.6624984,0.5293081,0.66056526,0.5759434,0.7831399,0.5298032,0.7753761
IMG_20241016_102812.jpg,go_side,0.5076907,0.30707493,0.51603866,0.29682514,0.49880227,0.2971474,0.52569985,0.30368662,0.48346892,0.30558625,0.5424202,0.35930386,0.46291003,0.36438724,0.58248407,0.38088492,0.39962664,0.37720186,0.5299123,0.38852426,0.33552188,0.38457716,0.5289954,0.5261584,0.4829735,0.5250627,0.52711034,0.6503578,0.4853936,0.65203685,0.5329408,0.76851636,0.48642305,0.7670605
IMG_20241016_102814.jpg,go_side,0.5310777,0.3116882,0.5399075,0.30174282,0.52275604,0.30111355,0.5506446,0.30770206,0.5090445,0.30773583,0.56684935,0.36332688,0.48800316,0.3654131,0.6057613,0.3843188,0.42399263,0.37427828,0.5533739,0.3873359,0.36165732,0.3797251,0.55065495,0.5304526,0.504345,0.52799666,0.54830605,0.6545852,0.50490177,0.655752,0.55193305,0.7734205,0.50492823,0.77243996
IMG_20241016_102814_1.jpg,go_side,0.51502067,0.3237099,0.5244731,0.31357872,0.50674653,0.31347328,0.538072,0.32006326,0.49443612,0.3211282,0.5556516,0.37724024,0.4751442,0.37757593,0.5892917,0.4049921,0.41015694,0.3837092,0.53121877,0.40248802,0.34659445,0.38526675,0.5361084,0.5491014,0.4883405,0.5453355,0.5339828,0.6777615,0.48951393,0.67868245,0.5356177,0.8036523,0.48652315,0.7976675
IMG_20241016_102815.jpg,go_side,0.5351471,0.27491888,0.54475725,0.2637996,0.5276937,0.26512748,0.56006503,0.270139,0.51695466,0.2748218,0.5798032,0.32809734,0.5003929,0.3369661,0.61128503,0.352005,0.43786198,0.34878695,0.55451334,0.35954282,0.37009227,0.3517561,0.56576216,0.5050194,0.5176295,0.5054779,0.56842256,0.6358457,0.5223268,0.64011514,0.5749529,0.77177936,0.5298333,0.7676057
IMG_20241016_102816.jpg,go_side,0.5128249,0.16340317,0.5226502,0.15202339,0.50362587,0.15342751,0.5382034,0.15897182,0.49097553,0.16394705,0.5594203,0.22103837,0.47308165,0.22905444,0.59365267,0.24084996,0.40885806,0.23764522,0.52665806,0.25100845,0.34638846,0.24584603,0.5430114,0.40713432,0.49166536,0.40629473,0.54328126,0.54433423,0.49769124,0.5469056,0.54747725,0.6786901,0.5002047,0.6689507
IMG_20241016_102818.jpg,go_side,0.51375157,0.15644833,0.52328134,0.1451411,0.50405055,0.14647888,0.5370762,0.15240994,0.48995247,0.15680677,0.5583159,0.21682654,0.46895784,0.2257181,0.59679145,0.2347559,0.40033397,0.23889357,0.5338241,0.24274263,0.33665347,0.24450566,0.545357,0.40663937,0.4930714,0.40733606,0.54636836,0.54316294,0.50033873,0.5483046,0.5539924,0.6679084,0.50501674,0.66569567
IMG_20241016_102818_1.jpg,go_side,0.5614446,0.1458479,0.57120776,0.13305935,0.55192703,0.13458523,0.58430487,0.13898678,0.53705376,0.14443868,0.6051482,0.2040257,0.51519376,0.20915891,0.64237493,0.22946472,0.4436701,0.21828546,0.5832882,0.2299985,0.37062386,0.22031708,0.5800594,0.3992633,0.52515185,0.3966282,0.57731897,0.53313583,0.5257523,0.53507644,0.5727826,0.6731711,0.5284884,0.6685673
IMG_20241016_102819.jpg,go_side,0.47318137,0.4065896,0.48223534,0.39606103,0.46454787,0.39651972,0.4944311,0.40247586,0.4509173,0.4049213,0.51216185,0.45922688,0.4300297,0.46158704,0.54961455,0.48489356,0.3620091,0.46748295,0.4907549,0.48435822,0.2969733,0.47154817,0.4957733,0.6315054,0.44707718,0.62948954,0.49676147,0.7651109,0.4510551,0.76949537,0.50301635,0.89719695,0.45263594,0.8938984
IMG_20241016_102820.jpg,go_side,0.45548975,0.41148904,0.46484724,0.40097544,0.44759995,0.40124393,0.47915518,0.40495995,0.4359757,0.407027,0.49811584,0.45999086,0.4174018,0.46388614,0.53036445,0.48646003,0.354404,0.47382185,0.47066027,0.49183613,0.29142112,0.4786524,0.48390704,0.6313496,0.43592817,0.62980825,0.48816052,0.7617542,0.44282138,0.76236624,0.49636498,0.8967376,0.44663948,0.88820726
IMG_20241016_102823.jpg,go_side,0.47041845,0.35208374,0.47838765,0.34231782,0.46148026,0.33900258,0.4858798,0.34771025,0.4441246,0.34066495,0.50133574,0.4004834,0.41895074,0.40152666,0.56025255,0.40547895,0.39440292,0.43498853,0.61882645,0.40077078,0.4525333,0.41518733,0.49643815,0.56229854,0.44638854,0.5666875,0.4956991,0.6927827,0.4536008,0.6919018,0.5001503,0.8122404,0.45204678,0.8242711
IMG_20241016_102823_1.jpg,go_side,0.48956448,0.35631076,0.49713525,0.34561124,0.48001376,0.34428504,0.50480074,0.35151002,0.46294382,0.34825075,0.5207425,0.40685222,0.4404895,0.40931904,0.58099467,0.41005224,0.41219556,0.44000965,0.6405033,0.40332118,0.46458665,0.42003763,0.51593477,0.5695481,0.4682842,0.5747327,0.5184741,0.7043279,0.47564128,0.703536,0.52614367,0.82173127,0.47545335,0.8292955
IMG_20241016_102824.jpg,go_side,0.4916108,0.40911922,0.49861887,0.39825153,0.4815032,0.3977698,0.5063708,0.40388578,0.46461475,0.4028973,0.52464116,0.45696312,0.44331273,0.46142778,0.58658963,0.4580332,0.41748095,0.49188,0.64410865,0.45195988,0.47652188,0.47704935,0.52296466,0.6211447,0.47424477,0.6273696,0.5258807,0.7579798,0.48297685,0.75890803,0.53681266,0.8832311,0.48411432,0.8913226
IMG_20241016_102825.jpg,go_side,0.49327892,0.2855547,0.50058,0.27477875,0.48307934,0.2737196,0.50791955,0.28118014,0.4653456,0.2790329,0.52550954,0.3366302,0.44391572,0.34238496,0.58632874,0.33394572,0.42185244,0.3707993,0.6404641,0.32831803,0.48054963,0.34930924,0.5235529,0.506003,0.47457725,0.51263046,0.52534044,0.64235395,0.4806414,0.64524657,0.5324343,0.75778294,0.48240516,0.7721638
IMG_20241016_102826.jpg,go_side,0.4983704,0.28020522,0.50553066,0.2690028,0.48816112,0.26852167,0.5136862,0.2736769,0.47157615,0.27264035,0.53190637,0.3295817,0.44983816,0.33247167,0.5917829,0.33018306,0.4252954,0.3578784,0.64688605,0.329216,0.48625174,0.34571964,0.5237479,0.5015062,0.47439033,0.5062071,0.5222201,0.6400079,0.47838524,0.64241284,0.52795184,0.76094395,0.47665235,0.7718024
IMG_20241016_102826_1.jpg,go_side,0.4445052,0.08200053,0.45338675,0.07065447,0.4338266,0.06916978,0.46536413,0.07919203,0.41738796,0.07619876,0.48850098,0.14476117,0.39403743,0.1428404,0.5523096,0.14659764,0.36513543,0.16319887,0.616025,0.14475481,0.43324858,0.147667,0.4752516,0.32675213,0.41850594,0.3297614,0.47476646,0.4701303,0.42767912,0.47009972,0.47313696,0.59944105,0.424583,0.60708356
IMG_20241016_102827.jpg,go_side,0.44668052,0.13067128,0.45498487,0.11848119,0.436606,0.11803664,0.46795708,0.12330003,0.42302483,0.12287412,0.4924173,0.18603761,0.40322152,0.18833816,0.5562761,0.18762782,0.37111193,0.20989889,0.61907905,0.1802386,0.43163452,0.1907987,0.48561737,0.3640678,0.43230766,0.368868,0.48662853,0.50180864,0.44151473,0.5033083,0.4911676,0.62902987,0.43872452,0.6332118
IMG_20241016_102828.jpg,go_side,0.44079512,0.39056697,0.4481229,0.37930396,0.4310377,0.38002262,0.46015307,0.3832353,0.41836417,0.3854797,0.4837844,0.43510216,0.40077692,0.44241086,0.54320896,0.43254846,0.37188786,0.4665564,0.600457,0.42582494,0.43250957,0.44344255,0.47980237,0.6002944,0.43013945,0.60694915,0.48184678,0.7385152,0.4392698,0.74094677,0.4869174,0.86553735,0.43588975,0.8722913
IMG_20241016_103141.jpg,go_side,0.4754558,0.22758912,0.48383662,0.21835995,0.4670444,0.2171523,0.49462008,0.22894043,0.4555457,0.22707388,0.5154798,0.28437454,0.4335353,0.28363934,0.58196056,0.28288478,0.3679235,0.28328568,0.63931423,0.27568194,0.3088652,0.27693513,0.5010945,0.4498004,0.45399582,0.45009214,0.50343144,0.57149327,0.45708787,0.5733509,0.5025572,0.6705402,0.45947772,0.6772544
IMG_20241016_103150.jpg,go_side,0.533538,0.22207902,0.54283446,0.21503492,0.52872854,0.21293998,0.55790687,0.22471453,0.5218324,0.22187817,0.5713338,0.270916,0.50324273,0.27233043,0.5858737,0.2856933,0.44517615,0.26864466,0.5331355,0.29235923,0.38949543,0.26348984,0.55745053,0.42523116,0.51475585,0.4239233,0.5572732,0.5333232,0.5141662,0.5380459,0.5565994,0.6385322,0.5190533,0.6403522
IMG_20241016_103151.jpg,go_side,0.63105196,0.21903066,0.63851434,0.21106443,0.62318707,0.20953698,0.6445463,0.22046103,0.60745084,0.21865927,0.6554094,0.2683293,0.58482444,0.27036726,0.68131036,0.28459996,0.5272966,0.27219015,0.6216666,0.2950983,0.4714635,0.27157646,0.64556485,0.42620736,0.6025153,0.42528874,0.6445557,0.5369643,0.6013876,0.54302573,0.6430043,0.63896877,0.6033835,0.64383495
IMG_20241016_103153.jpg,go_side,0.6193623,0.23122664,0.6265825,0.22294934,0.61129904,0.2222805,0.6330875,0.23279783,0.5959549,0.2325688,0.6445582,0.2810892,0.5751024,0.28325188,0.6668766,0.29822573,0.517315,0.28593612,0.61113894,0.30319965,0.46191168,0.28308997,0.63656515,0.43774483,0.5941021,0.43687886,0.6350205,0.5455775,0.5920734,0.55122083,0.6326695,0.64575106,0.5928774,0.64908624
IMG_20241016_103154.jpg,go_side,0.50365096,0.30396006,0.5123052,0.29620683,0.496872,0.29454106,0.5219115,0.30658412,0.4843666,0.303499,0.5316871,0.35418823,0.46279168,0.35309482,0.5454713,0.37356994,0.4023255,0.35240796,0.49488938,0.37862065,0.34397647,0.34501004,0.52178377,0.5107542,0.47900337,0.50908715,0.52076256,0.62413454,0.4764772,0.6278409,0.52391225,0.7277194,0.48149088,0.7294021
IMG_20241016_103155.jpg,go_side,0.53550506,0.2825267,0.54476094,0.27566966,0.52900404,0.27308607,0.5558622,0.28733012,0.51752746,0.28308132,0.5650443,0.33579457,0.49632195,0.33463368,0.57561857,0.34924918,0.4372368,0.32997346,0.5174734,0.3576892,0.3827993,0.32160106,0.55246073,0.4946632,0.50875115,0.49166507,0.552715,0.6109705,0.50623304,0.609369,0.5523259,0.7206906,0.50914776,0.71356785
IMG_20241016_103157.jpg,go_side,0.51953363,0.22800022,0.5288638,0.22046232,0.51289785,0.21850975,0.5407137,0.23157428,0.5014818,0.22849055,0.55173045,0.28121206,0.47984192,0.2816295,0.5600835,0.2957939,0.41907772,0.27912846,0.5029925,0.3044641,0.36309987,0.27317905,0.5416848,0.4437137,0.49625593,0.4419267,0.5426655,0.5643542,0.49607602,0.5652237,0.5416858,0.6711851,0.5016375,0.66516966
IMG_20241016_103158.jpg,go_side,0.50078595,0.18918598,0.50976,0.18189117,0.49357215,0.17909479,0.5183629,0.19306025,0.47999647,0.18846108,0.52766186,0.24424842,0.45548838,0.24276444,0.5431054,0.25933176,0.392042,0.23976207,0.4851059,0.26398802,0.33224526,0.23051241,0.51662743,0.41030118,0.47127828,0.40796944,0.51688445,0.52476865,0.47075883,0.5260122,0.5145301,0.6301204,0.47656763,0.6339906
IMG_20241016_103158_1.jpg,go_side,0.47999927,0.19066462,0.4885726,0.18250275,0.47180054,0.18101105,0.4970246,0.19357814,0.45679513,0.19162983,0.5086243,0.24536137,0.43319455,0.24543841,0.52637935,0.26441112,0.36635765,0.2431309,0.4645497,0.27025422,0.30383506,0.23714998,0.5034993,0.41227564,0.45677716,0.41126835,0.50443536,0.53227985,0.45908412,0.5372523,0.50599635,0.63760793,0.4640576,0.64156795
IMG_20241016_103159.jpg,go_side,0.45107794,0.12913729,0.45964605,0.120253436,0.4426727,0.118600056,0.46670198,0.13091494,0.42645508,0.12911054,0.47862464,0.18489803,0.40172526,0.1874402,0.49839476,0.20336355,0.3338625,0.18676278,0.4325854,0.21075326,0.26646584,0.18039246,0.47635412,0.35720837,0.42854664,0.357693,0.4775052,0.4781849,0.4322619,0.48610795,0.4774162,0.5808691,0.4412518,0.59328663
IMG_20241016_103159_1.jpg,go_side,0.52123195,0.3118307,0.52748966,0.3026604,0.5127318,0.30284107,0.5319237,0.31015733,0.49621463,0.31192493,0.54604775,0.35968038,0.4735541,0.36543718,0.5704222,0.37259588,0.41382715,0.36594778,0.5136824,0.38478,0.35808903,0.36753345,0.5483195,0.5209981,0.5047542,0.52378607,0.55180913,0.6341334,0.50939095,0.64596194,0.55352473,0.7380638,0.5166673,0.7509725
IMG_20241016_103204.jpg,go_side,0.46807155,0.28916484,0.47239554,0.27817294,0.4579833,0.2822087,0.48178822,0.2853953,0.447206,0.2945294,0.50835943,0.3443273,0.43033075,0.34244508,0.56377774,0.35192314,0.3948037,0.3461142,0.61582226,0.34734672,0.4493907,0.33872312,0.4929801,0.49756762,0.44716763,0.50037986,0.49142116,0.6052879,0.4495514,0.61584634,0.4907728,0.7065106,0.45046538,0.71710044
IMG_20241016_103205.jpg,go_side,0.4590326,0.39338425,0.4641687,0.3839392,0.44966364,0.3866418,0.47533208,0.39225236,0.44021156,0.39846537,0.5027361,0.44995716,0.42324683,0.44385925,0.5576141,0.4588279,0.38752457,0.44640246,0.612376,0.46033907,0.44130945,0.44284478,0.47829103,0.606363,0.43017304,0.60607713,0.46980792,0.7137942,0.426583,0.72001433,0.46771476,0.8260368,0.42694658,0.8303173
IMG_20241016_103205_1.jpg,go_side,0.4753169,0.39357954,0.48034236,0.38243768,0.46525443,0.38597655,0.49105054,0.38856563,0.45606306,0.39728108,0.5175512,0.4437971,0.43769944,0.4441534,0.5776664,0.45257694,0.4018006,0.44978943,0.6282157,0.4478155,0.45188266,0.4426907,0.50229037,0.59868443,0.45422286,0.60157984,0.4962525,0.709678,0.455621,0.7209615,0.5004653,0.81310594,0.45366937,0.82054967
IMG_20241016_103207.jpg,go_side,0.3927692,0.3883323,0.39863178,0.37715405,0.38389236,0.38104013,0.4141569,0.38393587,0.37731946,0.3929705,0.44610316,0.4432754,0.35816833,0.4421191,0.50393623,0.45101386,0.31444576,0.447519,0.55855024,0.447667,0.37098128,0.4413219,0.42806384,0.6053355,0.37546614,0.60843223,0.42785132,0.7209618,0.38225216,0.7314787,0.43128422,0.8368612,0.3839869,0.8424155
IMG_20241016_103207_1.jpg,go_side,0.40771264,0.29406244,0.41368142,0.2828173,0.3975645,0.28649586,0.4277771,0.29124334,0.3884458,0.3001936,0.45891237,0.35167488,0.36998865,0.3503869,0.519116,0.3585036,0.3283943,0.35298458,0.57698,0.35600236,0.38745,0.35042542,0.44566756,0.5192279,0.39191598,0.52235526,0.44016576,0.6364838,0.39764893,0.647793,0.44385487,0.7471982,0.40021336,0.7520013
IMG_20241016_103209.jpg,go_side,0.47639623,0.32462245,0.48185846,0.31333742,0.46593016,0.3166396,0.4923791,0.320428,0.45448276,0.32823798,0.5179435,0.37946022,0.4349776,0.3755534,0.57704,0.39140055,0.3967342,0.3800951,0.6285605,0.3877442,0.45397002,0.37919396,0.4979063,0.5423822,0.44741192,0.5426182,0.4881001,0.6592301,0.44645387,0.66736525,0.48768878,0.77064544,0.4385637,0.7747395
IMG_20241016_103210.jpg,go_side,0.47929522,0.41693586,0.4837753,0.4062937,0.46912646,0.4097775,0.49362376,0.41222444,0.4573419,0.42042014,0.52025086,0.46913615,0.43876722,0.4667776,0.5744112,0.47743192,0.40155974,0.47511035,0.63039416,0.4735988,0.45682153,0.47091752,0.50241643,0.6314081,0.4536472,0.6338103,0.49706995,0.74641055,0.455049,0.75658065,0.49556905,0.86153466,0.4489323,0.86946917
IMG_20241017_140500.jpg,go_side,0.45473495,0.15937695,0.46624613,0.15465745,0.4513679,0.14312604,0.47546715,0.17983301,0.4392332,0.15550402,0.48087716,0.25425872,0.41103742,0.23332977,0.49660784,0.3121457,0.3531107,0.25149757,0.43427163,0.31306356,0.2900324,0.25283328,0.46633622,0.46174893,0.41924927,0.44991663,0.4720063,0.6006279,0.40551415,0.59044653,0.47914106,0.74257284,0.40227085,0.7495958
IMG_20241017_140501.jpg,go_side,0.5332839,0.15554738,0.54364705,0.1483161,0.5284789,0.13843177,0.55115074,0.16894485,0.514617,0.14751332,0.55573523,0.24890375,0.48432532,0.22754218,0.5764348,0.3116331,0.42226592,0.24987763,0.5160347,0.29735437,0.3633712,0.2552095,0.53821474,0.45239055,0.49219665,0.4409925,0.5438725,0.5970536,0.48047185,0.59179187,0.5518068,0.7458572,0.47034737,0.7511962
IMG_20241017_140501_1.jpg,go_side,0.49741456,0.17100254,0.5071743,0.1620294,0.49168807,0.15360795,0.5129172,0.18013442,0.47618932,0.1618972,0.5184348,0.26620933,0.44315726,0.2470462,0.5444427,0.3298484,0.37551996,0.2677425,0.48096487,0.31877252,0.31578735,0.2707465,0.5002964,0.47929257,0.45278016,0.46982017,0.50680876,0.62776446,0.44276416,0.6295604,0.51519835,0.7733239,0.43223038,0.7905372
IMG_20241017_140502.jpg,go_side,0.48739797,0.18929455,0.49686128,0.17976128,0.4808647,0.17430924,0.50523376,0.19790404,0.46718264,0.18656386,0.5145162,0.28014824,0.44073826,0.2666819,0.5430286,0.3427315,0.37816596,0.28944072,0.48648602,0.3328087,0.31801012,0.29969528,0.49906403,0.48765227,0.45259845,0.48060668,0.50537145,0.6261428,0.44315568,0.6336554,0.51337904,0.770747,0.43501553,0.78813785
IMG_20241017_140503.jpg,go_side,0.49297813,0.18933797,0.5052773,0.1778595,0.4853583,0.17362078,0.5191592,0.20577405,0.46976003,0.19566244,0.53460526,0.30486432,0.43956965,0.28532246,0.5596025,0.38899133,0.3621294,0.31141788,0.48914057,0.37495452,0.28357464,0.31516078,0.50656486,0.5633038,0.44472325,0.5500791,0.5115253,0.7410049,0.42845103,0.73763406,0.5167566,0.931324,0.41562107,0.92253166
IMG_20241017_140504.jpg,go_side,0.51122487,0.10430066,0.5255813,0.093276255,0.503563,0.086618386,0.5410741,0.12455018,0.48691845,0.1091682,0.55485064,0.22894076,0.45442292,0.20839567,0.58564293,0.32109717,0.37284097,0.24059859,0.50657624,0.3095782,0.29263926,0.2512281,0.5277088,0.5120953,0.4625612,0.49803206,0.53399056,0.6993971,0.44978768,0.69514567,0.54155755,0.8869695,0.4344311,0.8831703
IMG_20241017_140505.jpg,go_side,0.4853824,0.097189784,0.49849164,0.084326886,0.47555414,0.07984872,0.5119938,0.112703726,0.456999,0.10360206,0.5284837,0.22169204,0.42533967,0.21000636,0.56931996,0.3114051,0.34149978,0.24303709,0.4858922,0.3017389,0.25302872,0.25917047,0.50925016,0.50873816,0.44357792,0.500782,0.516457,0.6898272,0.433518,0.7059319,0.52476734,0.8769449,0.42109218,0.899266
IMG_20241017_140506.jpg,go_side,0.5219894,0.1390614,0.53548276,0.12656595,0.5134935,0.12023692,0.54957485,0.15369503,0.4955595,0.1401348,0.564969,0.2589352,0.46152383,0.24238622,0.5966373,0.34975758,0.37952206,0.27684045,0.51909304,0.33721074,0.2944496,0.28964967,0.53838015,0.541938,0.47155166,0.53064877,0.5481665,0.72773707,0.45619828,0.7360058,0.548987,0.9184996,0.4428578,0.9350772
IMG_20241017_140507.jpg,go_side,0.5307905,0.17201513,0.54427475,0.15926678,0.52255446,0.15369253,0.5589833,0.18563588,0.5062867,0.17483242,0.57560766,0.2935133,0.47270513,0.2739738,0.59833044,0.38124844,0.39001414,0.30268404,0.5215251,0.36810774,0.30779934,0.31532666,0.5475332,0.58321995,0.47814575,0.56957704,0.55474204,0.7606159,0.45892638,0.7620916,0.5518373,0.95956874,0.45111385,0.96775633
IMG_20241017_140507_1.jpg,go_side,0.5256427,0.119729616,0.5407484,0.10545221,0.5182417,0.098930426,0.5587971,0.13137998,0.5028702,0.1158878,0.5789114,0.24334694,0.46836993,0.22570606,0.60103667,0.33174336,0.38610968,0.2682119,0.5088957,0.3257018,0.3011131,0.28723326,0.5521703,0.5508887,0.4786135,0.5385286,0.564162,0.7541958,0.46689165,0.7463071,0.569873,0.9532724,0.45562363,0.9520866
IMG_20241017_140508.jpg,go_side,0.54442257,0.2262099,0.56038266,0.21282317,0.5385003,0.20337947,0.58028096,0.24021965,0.5260334,0.21958901,0.5951547,0.35133147,0.4887115,0.3253929,0.6102301,0.44846514,0.4076812,0.36571175,0.51025,0.42887166,0.32668152,0.37376276,0.5599208,0.67375386,0.48560387,0.6540857,0.5703422,0.88791686,0.4644513,0.87282956,0.0,0.0,0.0,0.0
IMG_20241017_140510.jpg,go_side,0.57512337,0.14050943,0.5913745,0.12538308,0.56597185,0.11702705,0.6069205,0.15677884,0.5451566,0.13851026,0.6239543,0.27715138,0.5036041,0.25974917,0.6590649,0.36449113,0.41720793,0.30037308,0.5559293,0.35634482,0.32087982,0.32501683,0.59349906,0.6264429,0.51221776,0.6126195,0.60995835,0.8509134,0.49554616,0.8522899,0.0,0.0,0.0,0.0
IMG_20241017_140510_1.jpg,go_side,0.5396684,0.20195968,0.55600494,0.18734527,0.5308101,0.17915504,0.5713919,0.2209718,0.5101062,0.20272872,0.5913486,0.3439193,0.4669564,0.32863188,0.63408333,0.43500963,0.37937218,0.3735435,0.5367209,0.41375086,0.2716557,0.38244933,0.5612338,0.703764,0.47795236,0.6916123,0.5715018,0.9227457,0.46170968,0.9237631,0.0,0.0,0.0,0.0
IMG_20241017_140511.jpg,go_side,0.51899683,0.17224483,0.53342193,0.15578091,0.50748634,0.15187413,0.54754364,0.18281743,0.4853664,0.17699058,0.57039183,0.30293003,0.44699645,0.29714784,0.6160023,0.39024478,0.35779303,0.34498224,0.52154005,0.38124627,0.24917412,0.37908635,0.54653573,0.6598133,0.46230823,0.6508309,0.56992286,0.8835262,0.4501841,0.89262336,0.0,0.0,0.0,0.0
IMG_20241017_140512.jpg,go_side,0.5059554,0.28637958,0.5197464,0.27065712,0.49583018,0.26427144,0.53053015,0.2979337,0.47270852,0.2847438,0.55064577,0.40952834,0.43003717,0.3995463,0.5970387,0.50137377,0.34758776,0.45383584,0.50620157,0.48558202,0.23958969,0.48224726,0.5265081,0.75924915,0.4449287,0.7497104,0.0,0.0,0.0,0.0,0.0,0.0,0.0,0.0
IMG_20241017_140512_1.jpg,go_side,0.51610065,0.19675037,0.5309165,0.18114144,0.5059684,0.17483015,0.54407614,0.2093617,0.4831554,0.19603063,0.5616653,0.32312265,0.44357535,0.3129333,0.6048758,0.40905777,0.3578181,0.36320946,0.5141786,0.39664644,0.25335762,0.39069653,0.5366027,0.6629658,0.45800847,0.65282977,0.55314773,0.8804029,0.4457526,0.8833626,0.0,0.0,0.0,0.0
IMG_20241017_140513.jpg,go_side,0.4988354,0.1870909,0.51425207,0.1720639,0.4905192,0.16557671,0.5309251,0.19846089,0.47257343,0.183654,0.5495943,0.30913067,0.43745595,0.29473674,0.5830754,0.38611534,0.35674587,0.336847,0.4899907,0.36455676,0.25758946,0.35965222,0.5191469,0.6306567,0.44428766,0.61710894,0.53025967,0.8373421,0.42663532,0.8325857,0.0,0.0,0.0,0.0
IMG_20241017_140514.jpg,go_side,0.4400934,0.2602904,0.45425054,0.2444929,0.4321602,0.24074236,0.47261125,0.26739904,0.4184215,0.25937063,0.49573734,0.37196034,0.3862427,0.36353326,0.5259045,0.45061734,0.30681792,0.40908027,0.43589562,0.43318644,0.21087062,0.43312934,0.47161484,0.6888988,0.39733306,0.678669,0.4849916,0.89537495,0.3813871,0.8922409,0.0,0.0,0.0,0.0
IMG_20241017_140514_1.jpg,go_side,0.4618869,0.27578676,0.47592622,0.26056635,0.4538704,0.2562933,0.4932244,0.28336632,0.43901753,0.27456057,0.51304555,0.38452017,0.4079198,0.3764618,0.54268616,0.4600203,0.3302428,0.4215908,0.45543042,0.44265494,0.2392352,0.4462179,0.4905814,0.6845638,0.41976416,0.6740184,0.50377655,0.8852755,0.40504447,0.8805355,0.0,0.0,0.0,0.0
IMG_20241017_140517.jpg,go_side,0.46725002,0.21582036,0.47511044,0.19961503,0.4567825,0.20370395,0.4919487,0.21696733,0.4471738,0.22671273,0.5278474,0.30913955,0.42703295,0.31942895,0.5989374,0.3287612,0.3955666,0.37134528,0.66873604,0.32964557,0.4696689,0.35526326,0.5149017,0.568873,0.45321947,0.5781781,0.5195196,0.75202274,0.46138862,0.7594276,0.52297574,0.93778634,0.46487102,0.9423475
IMG_20241017_140518.jpg,go_side,0.443676,0.24895513,0.45176956,0.2320279,0.43250653,0.23559928,0.46792594,0.2490375,0.42139018,0.25812063,0.50330687,0.3418379,0.40009797,0.3542614,0.57461965,0.36401236,0.37322035,0.41233087,0.6416338,0.36442268,0.4508805,0.39709398,0.491869,0.6127108,0.42717698,0.622075,0.49014914,0.7996873,0.42971826,0.80918854,0.49044982,0.9746058,0.43001223,0.9797123
IMG_20241017_140520.jpg,go_side,0.53674734,0.23782654,0.5441089,0.2189298,0.524146,0.22469299,0.5593663,0.23254982,0.5108489,0.246131,0.5955127,0.3272687,0.48995504,0.33713242,0.66490823,0.35048398,0.4629069,0.39271593,0.73922694,0.35258752,0.5466942,0.3827701,0.5799436,0.6049256,0.5138706,0.61293,0.5768705,0.7817425,0.5156758,0.7892341,0.57238466,0.9717277,0.5157381,0.9707627
IMG_20241017_140520_1.jpg,go_side,0.53614265,0.19893004,0.5446301,0.18093215,0.5248827,0.18551448,0.56301403,0.19600007,0.5145586,0.20643434,0.5981513,0.29095823,0.49251512,0.29674533,0.66906273,0.31256875,0.45725563,0.34587088,0.7467398,0.31832898,0.53620106,0.3372788,0.5757422,0.5605148,0.5107101,0.5662897,0.573702,0.74277085,0.5132966,0.7469293,0.5743404,0.93378896,0.5135995,0.9291074
IMG_20241017_140521.jpg,go_side,0.47435904,0.2766906,0.48351058,0.25711218,0.46329528,0.26189634,0.50358015,0.27013066,0.4546004,0.28074217,0.53968394,0.370411,0.43372902,0.3744203,0.61258805,0.39504358,0.38760495,0.4251304,0.6924034,0.4015698,0.46842727,0.41141787,0.51816595,0.66426075,0.45201227,0.669357,0.51489276,0.8666026,0.45985827,0.86490124,0.0,0.0,0.0,0.0
IMG_20241017_140522.jpg,go_side,0.4065407,0.3005015,0.4166877,0.28198233,0.39704818,0.28509536,0.43932635,0.29636475,0.39073917,0.303136,0.4760894,0.39389783,0.36876178,0.3989835,0.549798,0.41137195,0.31733772,0.44883713,0.63065135,0.40923235,0.39272174,0.4315048,0.4615124,0.6903021,0.3938536,0.69851273,0.46519548,0.89173055,0.4072787,0.89402217,0.0,0.0,0.0,0.0
IMG_20241017_140523.jpg,go_side,0.39751744,0.19957757,0.40754724,0.18193738,0.38835296,0.1854927,0.43023965,0.1987851,0.38239756,0.20584537,0.46771333,0.29908407,0.35805258,0.30146393,0.54196376,0.31603053,0.30350682,0.34041545,0.62594527,0.3145117,0.38612622,0.32958028,0.4491158,0.58936924,0.3817825,0.59724516,0.4530832,0.7901291,0.3956826,0.7942329,0.46174327,0.9787055,0.39455304,0.96895117
IMG_20241017_140523_1.jpg,go_side,0.40657458,0.15649493,0.41666824,0.13847211,0.39668316,0.14201161,0.43913278,0.15489149,0.38920277,0.16244934,0.47670573,0.25675678,0.3658752,0.26181826,0.55019075,0.27413258,0.3148303,0.30435997,0.630021,0.26977554,0.3926628,0.28690785,0.46102363,0.5470934,0.39325583,0.55606633,0.4665919,0.7465982,0.40618446,0.75290096,0.47714755,0.94325083,0.40807968,0.9391343
IMG_20241017_140525.jpg,go_side,0.37687883,0.20140181,0.38754642,0.18459864,0.3672449,0.18708423,0.4094813,0.20484962,0.35893723,0.20956786,0.44474164,0.3024655,0.3339446,0.30388197,0.51631016,0.32277966,0.2823522,0.34842995,0.597245,0.32402575,0.3612933,0.32877833,0.4259762,0.59381056,0.35768303,0.60051686,0.42426893,0.7918635,0.3684313,0.7959866,0.42840233,0.98026204,0.36267123,0.97681
IMG_20241017_140525_1.jpg,go_side,0.4001615,0.14922963,0.41012016,0.13221888,0.38966608,0.13558307,0.43106654,0.15094647,0.38055405,0.15777318,0.46732262,0.2523356,0.35602635,0.25167856,0.5400634,0.27685803,0.30485988,0.29004335,0.6193304,0.28264573,0.3884471,0.27929214,0.446836,0.5414029,0.3783007,0.5478484,0.44968387,0.7422999,0.38798362,0.7481142,0.4557932,0.9427006,0.38503134,0.93896884
IMG_20241017_140526.jpg,go_side,0.42899457,0.117517404,0.43799514,0.100703225,0.41651955,0.10447009,0.45475757,0.12303137,0.40329176,0.13130985,0.48904297,0.22658047,0.37987342,0.22798698,0.5648265,0.2538626,0.34194705,0.2700596,0.63866156,0.26795375,0.42825156,0.2580959,0.4691453,0.518374,0.40195844,0.52442396,0.4678593,0.7211608,0.40983614,0.72847456,0.47005454,0.91663754,0.40315017,0.91953844
IMG_20241017_140527.jpg,go_side,0.42288366,0.17217526,0.43012932,0.1543601,0.40960762,0.15854596,0.4435663,0.17201695,0.39388463,0.1822404,0.478855,0.2733198,0.37197253,0.27757093,0.55207753,0.3006884,0.34126866,0.32689062,0.6223543,0.30841613,0.4257113,0.313598,0.46387047,0.56058633,0.39761618,0.5671479,0.46242884,0.758548,0.40096757,0.7639389,0.46010596,0.95500356,0.3978515,0.956105
IMG_20241017_140528.jpg,go_side,0.42674303,0.14112191,0.43415636,0.122625284,0.41349104,0.12673862,0.4472016,0.1377506,0.39728704,0.14743228,0.4795177,0.24122904,0.37557766,0.24529788,0.5536662,0.26997927,0.34540364,0.29397637,0.6234217,0.28026015,0.4307505,0.28465772,0.46235883,0.5269596,0.39846456,0.53365684,0.46145475,0.7239631,0.40245038,0.7325542,0.46107885,0.91400635,0.39517128,0.9203288
IMG_20241017_140529.jpg,go_side,0.48046508,0.21177171,0.486794,0.19334428,0.46751428,0.19831811,0.49917862,0.2073586,0.45215818,0.21957561,0.5357092,0.30534476,0.4319749,0.31223902,0.6079168,0.33290914,0.40796763,0.36357513,0.675274,0.3398125,0.489348,0.34977302,0.5219814,0.5816296,0.45770702,0.5881739,0.5196801,0.77077794,0.46036154,0.7755512,0.5120711,0.96452665,0.45574474,0.9637836
IMG_20241017_140530.jpg,go_side,0.5030523,0.16529079,0.51031446,0.14758332,0.4906103,0.15250778,0.5249844,0.16310507,0.47744173,0.17470105,0.5611638,0.26004303,0.4578458,0.26746088,0.6355236,0.2858372,0.42887664,0.31750908,0.70804316,0.29630688,0.5084434,0.30447215,0.54452866,0.5395179,0.48047438,0.5467888,0.54467964,0.7322705,0.48128974,0.7388971,0.5430875,0.9146364,0.48086777,0.91754353
IMG_20241017_140530_1.jpg,go_side,0.5090704,0.1871951,0.517536,0.16986354,0.49795368,0.17338286,0.5347083,0.185075,0.4871463,0.19273442,0.56784064,0.2827477,0.4662756,0.28131998,0.6380643,0.31525302,0.42984438,0.32848683,0.71191293,0.32981098,0.50432813,0.31987274,0.5391417,0.5529787,0.47670785,0.55414265,0.53390914,0.7389426,0.47388878,0.73515236,0.53127974,0.92831355,0.46819708,0.9150616
IMG_20241017_140531.jpg,go_side,0.449686,0.28283957,0.4576989,0.26450315,0.4392717,0.268442,0.47525898,0.2758544,0.4303589,0.28542998,0.5107806,0.36726218,0.40923408,0.3727172,0.58135045,0.39696446,0.37440848,0.42256367,0.6517992,0.40390262,0.45250836,0.40751094,0.49439493,0.6436441,0.43003574,0.64922184,0.4879675,0.8374701,0.43165806,0.8413564,0.48978555,0.98654425,0.42448407,0.97638947
IMG_20241017_140531_1.jpg,go_side,0.43897966,0.17157917,0.44729155,0.1535762,0.4281375,0.15790527,0.46560216,0.16713364,0.41872072,0.17680451,0.5002191,0.26512083,0.39798188,0.26791918,0.57060647,0.2951642,0.3626437,0.31158224,0.64262044,0.30162597,0.4432773,0.29694912,0.48117524,0.5287173,0.4183952,0.5339558,0.48040247,0.7122181,0.4219605,0.71741635,0.4858104,0.9004119,0.41937754,0.8960791
IMG_20241017_140532.jpg,go_side,0.45398003,0.17099133,0.4617454,0.15444697,0.44253927,0.15869232,0.4781528,0.17101376,0.4319554,0.18070476,0.51369053,0.26482138,0.4148132,0.2682922,0.5854039,0.28788558,0.37948328,0.3107199,0.65789354,0.29673746,0.45472717,0.29554468,0.49552122,0.53151304,0.43333924,0.53696275,0.49641338,0.7221704,0.43614626,0.72359645,0.49850768,0.9095065,0.43524888,0.9058855
IMG_20241017_140533.jpg,go_side,0.48205858,0.27688178,0.4892069,0.25947973,0.4709313,0.26452857,0.5045101,0.27168092,0.4602799,0.28291988,0.5369755,0.3620811,0.44063532,0.3622294,0.6030577,0.39203542,0.4100227,0.39965776,0.6690506,0.40228435,0.4815297,0.39194182,0.51384425,0.61414015,0.45440727,0.61697555,0.5136786,0.79327244,0.45738262,0.79624766,0.50872064,0.97351885,0.45264432,0.9631825
IMG_20241017_140850.jpg,go_side,0.5385681,0.33695212,0.54928666,0.3242048,0.5310014,0.3193683,0.5582827,0.3405181,0.5147298,0.33085358,0.5723258,0.42398772,0.48154712,0.41014478,0.6046906,0.47119698,0.4118815,0.4036811,0.53278524,0.44366154,0.3404881,0.38286474,0.5514318,0.6928097,0.49274665,0.68381006,0.5524784,0.8941589,0.4893918,0.8986303,0.0,0.0,0.0,0.0
IMG_20241017_140850_1.jpg,go_side,0.57730365,0.28516048,0.587892,0.272509,0.569437,0.26934165,0.59861064,0.28951606,0.55427086,0.2836485,0.61638385,0.3732887,0.5243386,0.36529106,0.65045184,0.4167834,0.45466033,0.36237702,0.5753941,0.39296436,0.38552028,0.34766194,0.5971858,0.6398718,0.5394197,0.6321766,0.59691155,0.82547456,0.5364614,0.8284958,0.5939396,0.9706473,0.5428439,0.9677392
IMG_20241017_140851.jpg,go_side,0.5688888,0.312514,0.5797181,0.3002858,0.5615378,0.29636467,0.590172,0.3169473,0.54690355,0.31077486,0.60672194,0.399087,0.51740533,0.38950524,0.63682246,0.4472834,0.44918627,0.38950628,0.5645069,0.41467515,0.37383774,0.36827514,0.58160806,0.6694214,0.5237705,0.6603731,0.5804001,0.8550624,0.5207443,0.8564708,0.5715815,0.98154324,0.5302985,0.9824129
IMG_20241017_140852.jpg,go_side,0.5648226,0.22456013,0.57437325,0.2102373,0.55668503,0.20997034,0.5855242,0.22586524,0.54173064,0.22508541,0.6071228,0.31340474,0.5152761,0.30705744,0.63789433,0.36989373,0.4472396,0.31571904,0.5665207,0.34975684,0.36986616,0.29896075,0.58429855,0.5725641,0.52700794,0.5661036,0.58303106,0.74808824,0.5258028,0.7522873,0.578973,0.90117365,0.52863014,0.90090585
IMG_20241017_140853.jpg,go_side,0.554651,0.22648324,0.5644124,0.21293059,0.54630166,0.21092254,0.57374895,0.2271976,0.5304423,0.22497593,0.5895216,0.31288406,0.5047117,0.30668503,0.62405306,0.36730355,0.43642974,0.31094974,0.55450004,0.3436942,0.35941106,0.29646263,0.56588453,0.57402855,0.5130401,0.56682205,0.56604004,0.745335,0.5118645,0.75370884,0.5617242,0.8985872,0.5142655,0.9078279
IMG_20241017_140853_1.jpg,go_side,0.53916013,0.25803405,0.54863065,0.24625066,0.532401,0.24346642,0.55790824,0.26174384,0.5191298,0.25871027,0.57540125,0.34337363,0.4914925,0.33741298,0.6020008,0.38514507,0.4237178,0.33776557,0.539264,0.36918345,0.3505298,0.32063,0.5542609,0.5955093,0.49920374,0.5895792,0.5568452,0.75794965,0.49395072,0.7610001,0.5495682,0.9068266,0.50003844,0.9142992
IMG_20241017_140854.jpg,go_side,0.50001717,0.19015992,0.510118,0.17874369,0.4935372,0.17575653,0.52106565,0.19484839,0.48055893,0.18992491,0.5361455,0.27570733,0.45480242,0.2677462,0.559501,0.32298896,0.39165673,0.266606,0.49431804,0.29759163,0.31861344,0.24585481,0.5147424,0.5195192,0.46310565,0.5122559,0.51560384,0.67910033,0.46119526,0.6839555,0.50949323,0.8271593,0.46924406,0.83006257
IMG_20241017_140855.jpg,go_side,0.44756097,0.22305804,0.4580361,0.21128625,0.4412779,0.20895787,0.47164068,0.2279903,0.430579,0.22474971,0.4868872,0.30904967,0.40704972,0.30527827,0.50592566,0.35232374,0.34225097,0.30656096,0.44053656,0.3275977,0.27126193,0.2855118,0.46822912,0.55557895,0.4173204,0.5502522,0.47085246,0.72369754,0.41701847,0.72801536,0.47132492,0.8737673,0.428573,0.8727215
IMG_20241017_140856_1.jpg,go_side,0.5432634,0.19794808,0.5529765,0.18642183,0.5361162,0.1853006,0.56429726,0.20388868,0.52302986,0.20302801,0.5800788,0.28293586,0.49871835,0.27934954,0.6008163,0.32327697,0.4371084,0.2769647,0.53859144,0.305228,0.36336184,0.26077124,0.56083727,0.53243726,0.50864506,0.52741146,0.5648814,0.6945534,0.50858736,0.7022086,0.5594064,0.8489072,0.5176305,0.85019183
IMG_20241017_140857.jpg,go_side,0.5743949,0.20355147,0.58424497,0.19186068,0.5663664,0.18942745,0.5940034,0.21225637,0.5513425,0.20797326,0.6110229,0.29581767,0.5215902,0.2878636,0.64326364,0.3369506,0.45112687,0.282342,0.57039833,0.3158955,0.38214448,0.26252854,0.5863696,0.55334264,0.5310254,0.54474276,0.5842353,0.73461163,0.52600497,0.7367903,0.5796966,0.8899015,0.53012353,0.88956517
IMG_20241017_140858.jpg,go_side,0.5636729,0.17400506,0.57271856,0.16171612,0.5543134,0.15840599,0.5773268,0.18054564,0.53352875,0.17565998,0.59173733,0.2667339,0.5021177,0.25860342,0.6330567,0.31342372,0.43058434,0.25501955,0.5618432,0.28459194,0.3528637,0.23090017,0.56548786,0.5418016,0.5096517,0.53273416,0.55973494,0.72300935,0.5030743,0.7291191,0.55073386,0.8779856,0.5015727,0.8846484
IMG_20241017_140858_1.jpg,go_side,0.5529387,0.20008755,0.56242687,0.18514024,0.54405737,0.18193427,0.56576484,0.2058856,0.51878965,0.19727391,0.58213544,0.3080397,0.47961766,0.28877914,0.6282482,0.36552027,0.3988527,0.2786318,0.55266017,0.33068734,0.3093936,0.23492919,0.54661846,0.62187445,0.4836668,0.6070916,0.5377636,0.8295642,0.4750094,0.825041,0.5172875,0.98732936,0.460887,0.9779924
IMG_20241017_140859.jpg,go_side,0.5051061,0.20858355,0.5132014,0.19141525,0.4947079,0.19134308,0.5147877,0.2108853,0.46622217,0.2099741,0.534943,0.31544757,0.42907307,0.30682904,0.58808625,0.3747955,0.34787506,0.3090296,0.5106217,0.34176996,0.24534936,0.27351782,0.5116019,0.65466833,0.44513956,0.6442936,0.50980693,0.8982547,0.44080606,0.89479744,0.0,0.0,0.0,0.0
IMG_20241017_140900.jpg,go_side,0.49359223,0.21569264,0.5011956,0.1963098,0.48216978,0.1993275,0.5043954,0.21309261,0.45455498,0.21978025,0.5287492,0.32100797,0.41968593,0.32206672,0.5802409,0.37877876,0.33569533,0.33057612,0.50040716,0.35589644,0.2304077,0.30993804,0.5129385,0.66633886,0.44453803,0.661813,0.5177383,0.9107334,0.44841096,0.91392666,0.0,0.0,0.0,0.0
IMG_20241017_140901.jpg,go_side,0.47931594,0.19408515,0.49269748,0.1774555,0.4685707,0.17424083,0.50433826,0.20281018,0.44646904,0.19662122,0.52371013,0.31220964,0.40823957,0.2987759,0.5645977,0.37430498,0.3162629,0.2911908,0.4745853,0.34466428,0.21315354,0.26824334,0.49299383,0.6624712,0.41860682,0.6503187,0.49369955,0.9049335,0.41524726,0.90971226,0.0,0.0,0.0,0.0
IMG_20241017_140901_1.jpg,go_side,0.5062421,0.25991353,0.5214885,0.24249832,0.49654862,0.23901603,0.537827,0.2651629,0.4774914,0.25729254,0.55695415,0.3761519,0.4361683,0.36087373,0.59007657,0.44302392,0.34974414,0.3566952,0.49822003,0.4169301,0.24947302,0.32640377,0.5162352,0.7402587,0.43674892,0.72720313,0.5136118,0.97829586,0.0,0.0,0.0,0.0,0.0,0.0
IMG_20241017_140902.jpg,go_side,0.4913224,0.27717006,0.5070177,0.25775805,0.48195758,0.2561827,0.5300583,0.27908605,0.46857983,0.27628657,0.55471885,0.3951113,0.43330812,0.3865783,0.57743436,0.45935112,0.34753186,0.38569796,0.47755906,0.43619102,0.24703592,0.3646522,0.51933277,0.77627224,0.43647605,0.76704204,0.0,0.0,0.0,0.0,0.0,0.0,0.0,0.0
IMG_20241017_140903.jpg,go_side,0.46225807,0.21989705,0.4782853,0.20232324,0.45434687,0.19957973,0.5017283,0.22378847,0.44124296,0.21978752,0.5243099,0.33829194,0.40716,0.3348475,0.54435235,0.4020328,0.31808174,0.33661428,0.44988123,0.38457716,0.2172747,0.31566235,0.4915951,0.71305424,0.41215074,0.7056192,0.49940795,0.9624333,0.41051984,0.9784902,0.0,0.0,0.0,0.0
IMG_20241017_140903_1.jpg,go_side,0.4466645,0.14485836,0.45995328,0.12749274,0.43660724,0.12773827,0.47719628,0.14896049,0.42056894,0.15052462,0.5020217,0.253285,0.38912365,0.25426462,0.5310628,0.304546,0.30045554,0.25948235,0.44182417,0.29111248,0.20315738,0.24920551,0.48064706,0.5998756,0.40850377,0.59617585,0.48936215,0.8320315,0.41520458,0.84155756,0.48926926,0.99287975,0.42461807,0.9918245
IMG_20241017_140904.jpg,go_side,0.39871967,0.057454456,0.4100432,0.04282891,0.3893193,0.042303838,0.4230456,0.063487075,0.37239218,0.06328755,0.44412318,0.1588941,0.34093493,0.15683055,0.47282314,0.20731151,0.25585395,0.15257554,0.39413577,0.19220741,0.16554733,0.1296434,0.42382082,0.4571348,0.3595485,0.4530372,0.42824247,0.6605081,0.36153358,0.6705121,0.4298727,0.8306853,0.36948708,0.8373744
IMG_20241017_140905.jpg,go_side,0.40669903,0.06922311,0.41709322,0.054469336,0.3972087,0.05551817,0.42956913,0.07370842,0.381116,0.077550516,0.4523082,0.16486347,0.35314187,0.16877049,0.4814735,0.21038619,0.27427402,0.1724702,0.40319312,0.19770451,0.18757728,0.15432541,0.4372892,0.4489878,0.3756153,0.44644243,0.4422464,0.64465624,0.37759957,0.65270734,0.4416812,0.80418056,0.38820365,0.8039256
IMG_20241017_140905_1.jpg,go_side,0.4517043,0.11464637,0.46135262,0.101612195,0.44308612,0.10175347,0.4730583,0.1198517,0.42960075,0.1230508,0.49378258,0.20262438,0.40411875,0.2070542,0.52123976,0.23665197,0.33401674,0.20745836,0.4449295,0.22893248,0.25969106,0.19938803,0.48194283,0.46316198,0.42528737,0.4619747,0.48810807,0.64325565,0.43050307,0.6537461,0.48825842,0.7950566,0.44344568,0.8018156
IMG_20241017_140906.jpg,go_side,0.46131343,0.11150665,0.47125024,0.10053005,0.45335007,0.09946127,0.4826726,0.12259654,0.43964636,0.121434666,0.49990445,0.20166683,0.4135336,0.1991666,0.5245779,0.23747641,0.34445268,0.19362865,0.45610112,0.22334106,0.27458534,0.1783929,0.48327374,0.45244217,0.42927176,0.44772592,0.4826924,0.6299334,0.42907515,0.63576674,0.48171833,0.78323364,0.43351912,0.7806585
IMG_20241017_140907.jpg,go_side,0.43641594,0.20687838,0.4459647,0.19710167,0.42875084,0.19475357,0.45593804,0.21875417,0.4150665,0.21486503,0.47065902,0.295187,0.38717183,0.28541592,0.4919549,0.3314892,0.31776688,0.27209267,0.42467082,0.31042776,0.25038925,0.2522213,0.44872513,0.5371975,0.3958368,0.5282701,0.44602364,0.71031535,0.38949004,0.7110803,0.4399546,0.8622725,0.3914485,0.85703796
IMG_20241017_140908.jpg,go_side,0.474591,0.11966863,0.48339602,0.108322814,0.46689746,0.105957836,0.49043587,0.12846291,0.44915235,0.12217049,0.50640213,0.21098053,0.4199332,0.19478174,0.53236246,0.25553098,0.35100326,0.18303932,0.46522513,0.22939306,0.2787067,0.1455541,0.47760296,0.45104504,0.42408463,0.4393266,0.46783945,0.62429786,0.416239,0.61981726,0.45504132,0.7773658,0.40830103,0.7740889
IMG_20241017_140909_1.jpg,go_side,0.5008206,0.0628764,0.50930405,0.052100345,0.4929523,0.047842924,0.5126612,0.07111715,0.47380608,0.062084887,0.5224463,0.15589473,0.44141564,0.13804145,0.55329454,0.19778758,0.3739052,0.12050342,0.48984018,0.16578491,0.30471635,0.08480094,0.4932543,0.40141663,0.44305825,0.38838983,0.48624912,0.5758633,0.43057925,0.5741015,0.4734947,0.7226144,0.42643347,0.7233338
IMG_20241017_140910.jpg,go_side,0.48466,0.1007695,0.49307534,0.08897983,0.47670913,0.08690918,0.49902064,0.10716445,0.45869577,0.10391489,0.51472807,0.1904984,0.42779303,0.18287636,0.5415418,0.22874226,0.36179328,0.17219394,0.47699934,0.2110259,0.29282472,0.1478665,0.49371278,0.43872818,0.4393273,0.43147245,0.49270222,0.6020852,0.43218103,0.6084426,0.48179895,0.75565135,0.4381814,0.75998485
IMG_20241017_140911.jpg,go_side,0.54968905,0.16032057,0.55856764,0.14936727,0.54289067,0.14657684,0.566355,0.16607165,0.52870107,0.16200456,0.5815643,0.24462141,0.5019102,0.23955238,0.6079874,0.28228444,0.43825617,0.23603018,0.54241276,0.26377714,0.36941537,0.21576476,0.5621913,0.4859464,0.51213145,0.4795797,0.5627221,0.6532815,0.50887525,0.6563604,0.5571196,0.80473983,0.5149497,0.8091191
IMG_20241017_140912_1.jpg,go_side,0.55563384,0.10682027,0.5661904,0.093748495,0.54816175,0.09329859,0.58042544,0.1102324,0.53610533,0.109685645,0.59632134,0.19400692,0.5122992,0.18981095,0.6113501,0.2395832,0.44607553,0.19600265,0.5467196,0.22414216,0.3769136,0.1786566,0.57104635,0.45475313,0.5180511,0.44692117,0.56920797,0.63864493,0.51420414,0.6359353,0.5665949,0.7972391,0.5179767,0.7814604
IMG_20241017_140914.jpg,go_side,0.5494436,0.16859919,0.5593522,0.15693511,0.5416567,0.15561931,0.569585,0.17640598,0.5266315,0.17504728,0.5837419,0.25866947,0.4998546,0.25354517,0.60383856,0.29913223,0.4347774,0.25251177,0.53809077,0.2852971,0.36127022,0.23308672,0.55851537,0.5144862,0.50474983,0.5067159,0.5607569,0.69180894,0.50248355,0.6908144,0.5529325,0.85796916,0.5073655,0.84635234
IMG_20241017_140914_1.jpg,go_side,0.5437706,0.1407033,0.55344737,0.12798539,0.5354511,0.12700975,0.563383,0.1477585,0.519952,0.14728343,0.580055,0.23598093,0.49140468,0.23012829,0.6041576,0.2812816,0.42045352,0.22651364,0.5350008,0.26024064,0.34785253,0.20572113,0.5564253,0.5012745,0.50025475,0.493746,0.5578304,0.68079686,0.49607435,0.68534726,0.5515421,0.84207857,0.5034567,0.8391824
IMG_20241017_140917.jpg,go_side,0.49283963,0.20077245,0.49880326,0.18396665,0.48182854,0.18854164,0.5099553,0.19631423,0.4697678,0.20839703,0.5417065,0.27664092,0.44778058,0.2988631,0.6132364,0.29380947,0.41614008,0.3720454,0.6718971,0.2794616,0.477142,0.3459321,0.5278716,0.53097874,0.47147566,0.5432364,0.5249906,0.702064,0.475165,0.7146739,0.52444774,0.84961903,0.4759093,0.8679287
IMG_20241017_140919.jpg,go_side,0.50147927,0.19480683,0.50813264,0.1786238,0.49187508,0.18125176,0.52019864,0.1905392,0.48182747,0.1975558,0.54939914,0.27437922,0.45818144,0.28573486,0.61421,0.29797018,0.42322397,0.35123238,0.6802262,0.28967747,0.48230404,0.33593383,0.5290482,0.52576125,0.47368705,0.53218174,0.5213059,0.69742244,0.4701905,0.7021869,0.51901525,0.8429803,0.46768722,0.85059166
IMG_20241017_140920.jpg,go_side,0.4923395,0.27067065,0.5001115,0.2545902,0.48274136,0.2576834,0.5156016,0.26850376,0.473764,0.276204,0.5484217,0.35212556,0.44976535,0.36271968,0.61915845,0.3731793,0.41057655,0.42637882,0.68551177,0.36674818,0.47051194,0.41229174,0.52263945,0.609577,0.46279916,0.6147121,0.51477265,0.7924835,0.46135417,0.79339135,0.50984234,0.95051867,0.45629752,0.94805574
IMG_20241017_140920_1.jpg,go_side,0.5122427,0.19956717,0.52082807,0.1843329,0.5038035,0.18495832,0.5376051,0.19898534,0.49591833,0.20123416,0.566107,0.28524753,0.4714515,0.2903567,0.62993723,0.31075132,0.43090987,0.35218313,0.7022737,0.30873832,0.48934,0.34359038,0.53937733,0.53852236,0.48122588,0.5410134,0.52689916,0.7191702,0.47562015,0.716228,0.5271654,0.87454194,0.47043148,0.8685247
IMG_20241017_140920_2.jpg,go_side,0.4698566,0.18092288,0.47820702,0.16438235,0.46084026,0.16776091,0.49575815,0.1779586,0.45367834,0.18573835,0.5285846,0.2664018,0.43233734,0.27733824,0.59665257,0.28325075,0.38990423,0.33892804,0.6664878,0.28132474,0.44657356,0.3255094,0.50273114,0.5219317,0.4452307,0.5264467,0.49666008,0.707621,0.44448733,0.70113194,0.49214968,0.8566364,0.43949363,0.8420695
IMG_20241017_140921.jpg,go_side,0.4966722,0.19734743,0.5043654,0.18129104,0.4881244,0.18351902,0.5202372,0.19334508,0.4810434,0.19916973,0.5518146,0.27945837,0.45796487,0.28805095,0.6196948,0.301197,0.41858402,0.3508352,0.68957907,0.29095858,0.4748059,0.34252644,0.5271227,0.5339735,0.4705045,0.53821635,0.52036583,0.7114078,0.46929675,0.710148,0.5200956,0.8629798,0.46570083,0.85887617
IMG_20241017_140922.jpg,go_side,0.48692548,0.20714797,0.49472767,0.19187614,0.47812083,0.19359678,0.50962746,0.20633593,0.4696606,0.21107167,0.54029983,0.28950268,0.44576043,0.30003968,0.60702956,0.3097257,0.40722173,0.365307,0.6758315,0.29973507,0.4676142,0.3525301,0.5186967,0.542271,0.46166432,0.5486378,0.5120395,0.7204778,0.46122995,0.72301495,0.50896215,0.8706603,0.45772925,0.8738394
IMG_20241017_140922_1.jpg,go_side,0.5045273,0.19778216,0.51130825,0.18124327,0.4942332,0.18383154,0.523736,0.19446252,0.48306766,0.2020214,0.5562152,0.2795786,0.45826742,0.29297912,0.62785375,0.30155203,0.42298037,0.3634846,0.6941372,0.28769213,0.4838478,0.34867826,0.53644913,0.54477304,0.4764451,0.55189085,0.52849793,0.72684485,0.47363746,0.73144925,0.5277409,0.8816432,0.47264048,0.88930917
IMG_20241017_140923.jpg,go_side,0.47571364,0.26042333,0.48203343,0.24377488,0.4646123,0.24767926,0.4926428,0.25740325,0.45052025,0.26696536,0.5259744,0.34617335,0.42428938,0.3602473,0.5924881,0.36439797,0.38902077,0.4339513,0.657742,0.35499296,0.45554653,0.41503987,0.50586987,0.6257088,0.44332916,0.63298887,0.50054103,0.816049,0.4411596,0.8134575,0.48582712,0.974008,0.43425488,0.9703404
IMG_20241017_140925.jpg,go_side,0.48385167,0.070449404,0.4920299,0.05457305,0.4742401,0.05802657,0.50798005,0.07202499,0.46559182,0.08026111,0.5396133,0.1603989,0.4435597,0.17512502,0.6057524,0.17881322,0.40577018,0.24255753,0.6776927,0.16824383,0.46489546,0.2228991,0.5196842,0.41888562,0.461635,0.42680138,0.51259756,0.60354674,0.46112472,0.60663474,0.50884724,0.75303596,0.45755345,0.7532349
IMG_20241017_140927.jpg,go_side,0.49126467,0.11620458,0.49992076,0.10178687,0.4830616,0.10400955,0.51770455,0.121147506,0.4764044,0.12654173,0.54842854,0.20629211,0.45314667,0.21685219,0.6116584,0.22723186,0.4136508,0.2821817,0.6837258,0.22041096,0.46976045,0.26826137,0.523166,0.46177003,0.46516746,0.46705216,0.5152688,0.6418877,0.46439826,0.6412214,0.51224387,0.79728025,0.46147275,0.79069835
IMG_20241017_140928.jpg,go_side,0.47379333,0.113916434,0.4823721,0.099036425,0.46521434,0.10074505,0.49897152,0.11594373,0.4573639,0.12003106,0.52866405,0.2033142,0.43462744,0.211259,0.5909727,0.22353514,0.39562467,0.2735365,0.6629318,0.217537,0.45114684,0.2604186,0.50297594,0.45458913,0.4462581,0.4586528,0.4963193,0.6398452,0.44406727,0.63564485,0.4902435,0.7928737,0.43989155,0.7835009
IMG_20241017_140929.jpg,go_side,0.54552054,0.121120684,0.55349064,0.106499605,0.536201,0.10846595,0.56674206,0.12695304,0.5263974,0.13116248,0.5959675,0.2156814,0.49891034,0.21934831,0.6640292,0.24182315,0.45790726,0.2812369,0.73440284,0.24179174,0.51901346,0.27174443,0.563068,0.4714094,0.5044363,0.4725978,0.5492538,0.6572027,0.49862856,0.6525785,0.5387309,0.8070949,0.48691872,0.80118185
IMG_20241017_140929_1.jpg,go_side,0.4973212,0.15262549,0.5050094,0.13582593,0.48661736,0.1376126,0.5167073,0.15224247,0.47301134,0.15613315,0.54743373,0.25264898,0.4427147,0.25265238,0.6198709,0.28571516,0.40023276,0.31690347,0.68851423,0.29058686,0.46934882,0.31015578,0.5115201,0.53166825,0.4481507,0.53147286,0.49882203,0.7290767,0.44107875,0.7242784,0.48378837,0.89233387,0.42570645,0.8882949
IMG_20241017_140930.jpg,go_side,0.52425873,0.09162157,0.5310712,0.07010045,0.50975543,0.073887154,0.539195,0.08651055,0.48650715,0.094697505,0.5704012,0.20672055,0.4530839,0.21084243,0.65228117,0.24590553,0.40243343,0.2960399,0.73491377,0.25030476,0.48948762,0.28590125,0.53728056,0.5556386,0.4656419,0.55978364,0.5209503,0.78759426,0.46071473,0.78611195,0.5037005,0.9741601,0.43346196,0.9652355
IMG_20241017_140931.jpg,go_side,0.46828842,0.19754818,0.47407225,0.17614895,0.45352763,0.18162133,0.48175758,0.19023652,0.4302343,0.20360334,0.5169679,0.3011577,0.40253937,0.3205263,0.5936384,0.32214367,0.36238167,0.417344,0.6668195,0.3128196,0.4449524,0.3896379,0.5027492,0.649482,0.43070465,0.6587449,0.49833658,0.88985044,0.43461296,0.87602955,0.0,0.0,0.0,0.0
IMG_20241017_140939.jpg,go_side,0.45515695,0.15639636,0.46169212,0.14101566,0.44464803,0.14437544,0.4747695,0.15560885,0.43392485,0.16474216,0.50980675,0.2428314,0.4124526,0.26318035,0.5807742,0.2558518,0.3794744,0.332954,0.64759815,0.24794951,0.43911472,0.3135617,0.49361017,0.5045549,0.43446067,0.5161457,0.4906349,0.67907643,0.43528375,0.6865372,0.4835149,0.8327094,0.43823662,0.8488873
IMG_20241017_140940.jpg,go_side,0.47349134,0.21091329,0.48119283,0.19467232,0.46379873,0.19757494,0.49486032,0.20964696,0.45417786,0.21662527,0.52619,0.29291844,0.4304706,0.30803648,0.5960203,0.31009597,0.39199764,0.37719303,0.6643119,0.30529496,0.4528426,0.3553959,0.507615,0.54602146,0.45017648,0.55469877,0.5017112,0.73282164,0.45073417,0.7351737,0.49882776,0.8787667,0.4469935,0.8824415
IMG_20241017_140940_1.jpg,go_side,0.44913024,0.17847511,0.45743838,0.16506469,0.4410286,0.16647182,0.47437403,0.18144728,0.4346673,0.18526304,0.51011753,0.26291952,0.41380078,0.2775895,0.58203423,0.27398798,0.37869126,0.339355,0.6471789,0.27076298,0.4316901,0.32765692,0.49006847,0.51586056,0.43107593,0.52339965,0.4830072,0.69374317,0.42868826,0.6948367,0.48023877,0.84626144,0.43070838,0.8515456
IMG_20241017_140941.jpg,go_side,0.49338815,0.27501178,0.5009397,0.25970444,0.4846943,0.26399186,0.5187264,0.27202353,0.47964028,0.2824451,0.55429345,0.35035646,0.46361834,0.37284684,0.62199616,0.35568196,0.43017018,0.43679214,0.6917875,0.34184924,0.47915047,0.41887307,0.5419617,0.6008804,0.48590732,0.6125716,0.5421075,0.7748259,0.4877838,0.77874786,0.54466003,0.92895216,0.49473748,0.93002623
IMG_20241017_140941_1.jpg,go_side,0.25924382,0.21587369,0.26797545,0.19952668,0.25013384,0.20285468,0.28621906,0.21327317,0.24379872,0.22109811,0.31977177,0.30018523,0.2238396,0.31690168,0.3875521,0.315344,0.17747289,0.38486835,0.46147504,0.31084487,0.23937412,0.3681325,0.30363253,0.56249833,0.24473152,0.5730036,0.30144092,0.75540686,0.24891683,0.7585046,0.30551818,0.904315,0.24918826,0.90508574
IMG_20241017_140942.jpg,go_side,0.37058762,0.25152105,0.378902,0.2350771,0.36203292,0.23758455,0.39691383,0.24598876,0.35506055,0.2521264,0.42985475,0.3328134,0.3343823,0.34424266,0.49335682,0.35280654,0.2959034,0.4081099,0.56167996,0.35200408,0.35291854,0.3966756,0.41091996,0.5835011,0.35347942,0.59030616,0.40814587,0.7698403,0.35554603,0.76828605,0.40598318,0.9274607,0.35548422,0.92308
IMG_20241017_140943.jpg,go_side,0.53032684,0.24715856,0.5385006,0.23170461,0.52126586,0.23387624,0.5542178,0.24631311,0.5121638,0.2513602,0.58553386,0.33320838,0.48803735,0.3400138,0.65054566,0.35754925,0.44981697,0.40634933,0.7236481,0.354576,0.50630134,0.39537668,0.5588207,0.5865678,0.49964184,0.5899855,0.55296725,0.7714383,0.49713618,0.7656055,0.54482806,0.9273058,0.4932934,0.91810054
IMG_20241017_140944.jpg,go_side,0.48961374,0.23908155,0.49756098,0.22302638,0.48053384,0.2242624,0.51148826,0.23657013,0.47015312,0.23949821,0.54333305,0.32960868,0.44156924,0.33232033,0.6093221,0.35560048,0.40130788,0.3971498,0.67741156,0.35726386,0.46596304,0.39185956,0.5117999,0.59091264,0.45004883,0.59190595,0.50199807,0.7755634,0.44269145,0.7680939,0.48893595,0.9291805,0.4360382,0.9226925
IMG_20241017_140944_1.jpg,go_side,0.41603833,0.3775686,0.4239566,0.36083305,0.4061677,0.36305207,0.43727568,0.37501967,0.3955357,0.38029882,0.46900243,0.46307075,0.3694196,0.46865445,0.5387008,0.486965,0.3268161,0.53976005,0.60185,0.48999402,0.39461285,0.52677464,0.43986237,0.74117494,0.3775156,0.74222285,0.42604277,0.9484975,0.3732965,0.93203044,0.0,0.0,0.0,0.0
IMG_20241017_143754.jpg,go_side,0.549865,0.30343035,0.5565011,0.28986394,0.5415189,0.2906328,0.5681304,0.29903996,0.5309762,0.301208,0.5923104,0.37526348,0.50675064,0.37226534,0.64318824,0.3932668,0.46091008,0.40210506,0.69783753,0.3914258,0.50707376,0.39642543,0.5756648,0.577064,0.5251168,0.5799991,0.573108,0.7328971,0.52794904,0.7375439,0.5710376,0.8968015,0.5278439,0.90354854
IMG_20241017_143755.jpg,go_side,0.57078964,0.40052348,0.5776855,0.38605538,0.56099087,0.3878372,0.5885036,0.39487547,0.5476487,0.4003705,0.61210066,0.46671456,0.52675664,0.4743253,0.66918284,0.48026785,0.48325336,0.5150936,0.7254432,0.47444305,0.53293455,0.5015364,0.60948086,0.69097567,0.5568145,0.6993103,0.6029059,0.89035636,0.5690358,0.89606726,0.0,0.0,0.5602409,0.9882676
IMG_20241017_143756.jpg,go_side,0.6348411,0.22210322,0.6415905,0.20779026,0.6251133,0.20880713,0.65080285,0.21928257,0.6108123,0.2219617,0.67254806,0.29787368,0.58681023,0.30224666,0.7283078,0.3021924,0.5397855,0.33650145,0.7834296,0.2969333,0.5907832,0.32036224,0.6605823,0.5083669,0.6111624,0.5147485,0.6575028,0.67689,0.6172103,0.67957604,0.65244704,0.82384205,0.61209035,0.83248854
IMG_20241017_143756_1.jpg,go_side,0.57743555,0.21781297,0.5845528,0.2039006,0.5682765,0.20230046,0.593666,0.21254604,0.55320954,0.21014367,0.61435235,0.28783283,0.526534,0.28602767,0.6650882,0.3016906,0.48308966,0.32172057,0.72148085,0.29920024,0.53178966,0.3167958,0.6014448,0.5004195,0.5485144,0.50334835,0.5908403,0.6599552,0.5490256,0.6628283,0.5838852,0.8154124,0.54608256,0.8270877
IMG_20241017_143757.jpg,go_side,0.45540032,0.2546002,0.46313372,0.24110894,0.4460908,0.23946361,0.4737834,0.2510037,0.43270966,0.24714684,0.49339062,0.3293831,0.40680346,0.31954357,0.54586244,0.34338138,0.35569838,0.3409927,0.6016305,0.34918606,0.40603986,0.34974632,0.4791531,0.5384595,0.4286848,0.53873545,0.46799296,0.7036536,0.42876375,0.70355433,0.46577615,0.8577013,0.4214831,0.8663979
IMG_20241017_143758.jpg,go_side,0.28599268,0.24381219,0.29359883,0.22882164,0.2749325,0.22904955,0.30424508,0.24058138,0.2581136,0.24173404,0.32751626,0.3262797,0.23078611,0.32362205,0.38522902,0.32879892,0.1720018,0.34609157,0.44925687,0.32543486,0.23215595,0.34794968,0.32036686,0.55286914,0.26389804,0.56021965,0.3207448,0.7271548,0.27418134,0.7364389,0.3237348,0.89305085,0.27341187,0.9106862
IMG_20241017_143758_1.jpg,go_side,0.28916565,0.25351048,0.2957501,0.23839672,0.2782396,0.23893337,0.30426624,0.24842072,0.26055425,0.25017342,0.32814077,0.33089477,0.23207104,0.3276479,0.38577598,0.3398783,0.17291005,0.35487282,0.442709,0.3403025,0.23356627,0.3552488,0.32110244,0.55768883,0.26514924,0.56401396,0.3185002,0.73449934,0.2740525,0.74082273,0.32060087,0.894816,0.27203164,0.91293657
IMG_20241017_143759.jpg,go_side,0.52303374,0.2959655,0.52964884,0.2817288,0.51277596,0.28087333,0.5367984,0.28992534,0.49487445,0.28865886,0.5571731,0.3651582,0.46718815,0.36041057,0.61156005,0.37306303,0.41988173,0.38819242,0.66826296,0.36756912,0.47187835,0.39280498,0.5478471,0.5870404,0.49391484,0.5901387,0.5400261,0.75455886,0.4987486,0.7588246,0.53670865,0.91366017,0.49582204,0.9257105
IMG_20241017_143800.jpg,go_side,0.59388757,0.28654394,0.6002394,0.27184835,0.58412325,0.2721595,0.6072653,0.28032184,0.5678863,0.2804164,0.62787545,0.35865167,0.5403083,0.3534752,0.68344086,0.36564505,0.48969927,0.37973106,0.7404047,0.36454907,0.5435244,0.38004357,0.6134432,0.5800639,0.56256324,0.5823519,0.6092609,0.7560606,0.5671428,0.7544171,0.59988815,0.9101909,0.55588084,0.91694057
IMG_20241017_143801.jpg,go_side,0.54313827,0.17249918,0.54951674,0.15816952,0.53335565,0.15814646,0.5567657,0.16822089,0.5176337,0.16766222,0.57642096,0.2493381,0.49063492,0.24210258,0.62754554,0.25721797,0.4418445,0.2637001,0.683594,0.2580051,0.49480164,0.26565555,0.56238806,0.46673703,0.51225334,0.4682943,0.55704993,0.6377854,0.51431024,0.63645846,0.54776335,0.7827584,0.5058228,0.78972757
IMG_20241017_143801_1.jpg,go_side,0.5529222,0.1509938,0.55978304,0.13798435,0.5437788,0.1363713,0.56703925,0.14884017,0.52862734,0.14483346,0.58334017,0.22442053,0.5018516,0.21696568,0.6346418,0.23077165,0.45615083,0.23792191,0.68884385,0.23250705,0.5023948,0.238296,0.5683974,0.43398887,0.52057225,0.4348292,0.5603121,0.5973818,0.5202731,0.5966354,0.55447906,0.7397655,0.51188654,0.74775326
IMG_20241017_143801_2.jpg,go_side,0.4889593,0.21824317,0.49569803,0.20619872,0.48016965,0.20408094,0.50390446,0.21591035,0.46558073,0.21264714,0.52296746,0.28756735,0.44086456,0.28207394,0.56831855,0.29598203,0.3978412,0.30207005,0.61739504,0.2927882,0.4473741,0.30394825,0.51569456,0.48839828,0.46548986,0.49026754,0.50619876,0.636986,0.4684724,0.6403195,0.49856794,0.7815264,0.46174568,0.79348963
IMG_20241017_143802.jpg,go_side,0.5055109,0.19785404,0.5123794,0.18727691,0.4979602,0.18388765,0.520086,0.19961964,0.485585,0.1919684,0.53463197,0.26996452,0.46069455,0.25813836,0.57957435,0.28208116,0.4201142,0.2739211,0.6252524,0.28436306,0.46497217,0.2757238,0.52069587,0.45607027,0.47718114,0.45506665,0.5146815,0.60496694,0.47752792,0.6036708,0.5099427,0.7420528,0.46943927,0.75036156
IMG_20241017_143803.jpg,go_side,0.5134879,0.17365843,0.51998234,0.16269906,0.50515026,0.16057368,0.5279442,0.17563134,0.49244267,0.17100765,0.5436682,0.2461863,0.46733704,0.23540778,0.5866824,0.2592405,0.42461607,0.2500776,0.6339259,0.26425058,0.46999958,0.2518876,0.53116107,0.4294282,0.48587492,0.4290676,0.52407354,0.5766386,0.48513353,0.5769695,0.51939005,0.72052205,0.47927278,0.72765017
IMG_20241017_143803_1.jpg,go_side,0.5069546,0.08158588,0.5135614,0.07045524,0.4987403,0.06736987,0.5199517,0.08353956,0.4840923,0.07603301,0.53552616,0.15642555,0.45658255,0.14229433,0.58169454,0.17378317,0.41336635,0.16004212,0.63066155,0.18296953,0.45892784,0.1618075,0.52140176,0.34420407,0.47515684,0.3421572,0.5112325,0.50039774,0.47327158,0.49564978,0.5015631,0.6429628,0.46529046,0.6507909
IMG_20241017_143804.jpg,go_side,0.46223134,0.09793717,0.46984336,0.086282305,0.4532558,0.08343612,0.47876406,0.10007575,0.43862337,0.093684986,0.4953368,0.17517295,0.41250414,0.1650465,0.5443767,0.1866626,0.36796823,0.18462713,0.5950678,0.18952319,0.41217422,0.18430027,0.48328993,0.3710961,0.4341879,0.37105808,0.4755915,0.5242615,0.43414348,0.52300173,0.4715045,0.6716091,0.43031046,0.679491
IMG_20241017_143804_1.jpg,go_side,0.44144768,0.08026646,0.44827422,0.06719659,0.4321827,0.06654266,0.45705682,0.07994062,0.41830912,0.07827945,0.47842047,0.15785629,0.3921028,0.15077728,0.5338392,0.16567609,0.34113255,0.16945238,0.5877044,0.16896427,0.3904809,0.17208152,0.46810046,0.36236617,0.41817048,0.36470503,0.4623707,0.5228981,0.4213782,0.5225635,0.4616727,0.6741375,0.41947827,0.6832969
IMG_20241017_143805.jpg,go_side,0.40415776,0.14278628,0.41143042,0.13030778,0.39543095,0.12914278,0.42120156,0.14379415,0.38245177,0.14143321,0.44278732,0.22093642,0.35619316,0.21676598,0.49723163,0.22683811,0.30760616,0.23801462,0.55363005,0.22561833,0.3537367,0.22986595,0.43209296,0.4262153,0.38118953,0.42954588,0.4283997,0.58525336,0.3838071,0.58836347,0.42693353,0.7362962,0.38344818,0.7486467
IMG_20241017_143805_1.jpg,go_side,0.32931975,0.21177095,0.33711952,0.19913545,0.3202671,0.1963831,0.34718704,0.21107604,0.3062978,0.20545672,0.36836886,0.2875379,0.27716115,0.27663672,0.4224744,0.30118144,0.2247861,0.29491794,0.47789973,0.29910287,0.27665973,0.29596505,0.35693663,0.49677098,0.30243337,0.49710542,0.34859243,0.65913796,0.30556333,0.66087794,0.3436117,0.8139441,0.3012961,0.8254456
IMG_20241017_143806.jpg,go_side,0.3182618,0.32172123,0.32602477,0.31120884,0.31034315,0.30759227,0.335398,0.32584646,0.2960294,0.3182692,0.35735875,0.39599118,0.2668256,0.3883036,0.410307,0.40240213,0.21455836,0.41058472,0.46739608,0.40041798,0.26499036,0.40406996,0.3438789,0.6039596,0.29081312,0.6069185,0.33811548,0.77355593,0.29401997,0.776139,0.3336977,0.94153297,0.2899515,0.9584189
IMG_20241017_143807.jpg,go_side,0.37858722,0.29874128,0.3863401,0.28561768,0.36943817,0.2835754,0.39683083,0.29607162,0.35490593,0.29243585,0.41861975,0.3701035,0.32712796,0.3624623,0.4693188,0.38397864,0.27478188,0.38593704,0.52741593,0.38026267,0.32573318,0.3850974,0.40972194,0.58512294,0.35427573,0.5872836,0.40003738,0.74651116,0.35769683,0.75078493,0.39809605,0.90817153,0.35733688,0.91996527
IMG_20241017_143808.jpg,go_side,0.42876366,0.17586766,0.4381254,0.15982734,0.41736883,0.15880328,0.45186892,0.17406666,0.4014121,0.1728766,0.47741798,0.26576337,0.37152192,0.26401913,0.5391106,0.27449954,0.306791,0.29377833,0.6013442,0.27753538,0.37372136,0.2929077,0.46892235,0.5240829,0.4056232,0.5298024,0.45540887,0.7183038,0.41514063,0.7255064,0.45724183,0.89247024,0.40772778,0.905361
IMG_20241017_143809.jpg,go_side,0.42254415,0.23397884,0.43202317,0.21728852,0.41107446,0.21618457,0.44452447,0.23011266,0.39338857,0.22865683,0.46994755,0.3222306,0.36478117,0.32101953,0.5322409,0.3370687,0.3026857,0.35578626,0.5968891,0.33679038,0.36644754,0.3544651,0.46704665,0.59443074,0.40290552,0.60147303,0.4503998,0.8071394,0.41069528,0.81797564,0.45353732,0.963005,0.39953542,0.9765247
IMG_20241017_143811_1.jpg,go_side,0.4368886,0.2760176,0.4482172,0.25729728,0.4261355,0.2571335,0.46805277,0.2698533,0.41392788,0.270666,0.496963,0.3632745,0.38793,0.3729978,0.5766525,0.36318764,0.3132519,0.4194355,0.65662223,0.35317954,0.37818995,0.40330023,0.49611655,0.65266156,0.42928433,0.6672572,0.49372634,0.8969335,0.44803306,0.9109206,0.0,0.0,0.0,0.0
IMG_20241017_143813.jpg,go_side,0.38801074,0.14209592,0.40090933,0.12862895,0.37887993,0.123037785,0.41328505,0.14819078,0.35839102,0.13752563,0.43685716,0.23821236,0.3266499,0.24042533,0.5083572,0.26146358,0.23980762,0.24634203,0.4451548,0.26671916,0.15421765,0.2514362,0.41972476,0.5227796,0.35662317,0.51953703,0.4191123,0.73140806,0.36633623,0.7293734,0.42325115,0.9183892,0.3673746,0.92901754
IMG_20241017_143815_1.jpg,go_side,0.44015646,0.33238438,0.45410767,0.31901705,0.4307639,0.3098366,0.46577892,0.3374032,0.40952477,0.320154,0.48639598,0.4246167,0.3747943,0.4196998,0.5645633,0.45919296,0.28987187,0.42736408,0.49033463,0.45863786,0.20842233,0.4303127,0.46698853,0.73058546,0.39755848,0.7235045,0.45975366,0.954107,0.39801604,0.95958215,0.0,0.0,0.0,0.0
IMG_20241017_143816.jpg,go_side,0.6122312,0.41918296,0.6245573,0.40415007,0.6016088,0.39532992,0.62875074,0.4212334,0.57193613,0.40408233,0.64368135,0.51893413,0.531619,0.50603133,0.73373985,0.5703507,0.44413593,0.51098746,0.6681932,0.5532172,0.35255635,0.50377065,0.6234461,0.8437975,0.54935825,0.8346777,0.0,0.0,0.0,0.0,0.0,0.0,0.0,0.0
IMG_20241017_143817.jpg,go_side,0.629159,0.36233744,0.6399401,0.34750617,0.619496,0.3410161,0.64339393,0.36549,0.5901218,0.3522515,0.66182464,0.45336083,0.5550746,0.4549304,0.74111485,0.48370773,0.47687352,0.46989426,0.6826094,0.48744154,0.38329345,0.46849924,0.6501543,0.7724144,0.5843096,0.7678707,0.0,0.0,0.0,0.0,0.0,0.0,0.0,0.0
IMG_20241017_143817_1.jpg,go_side,0.6169021,0.293273,0.62859017,0.27899686,0.6061398,0.27266034,0.6321301,0.29554328,0.5762731,0.28337955,0.6469957,0.38847315,0.5428994,0.384457,0.723062,0.42249832,0.46117696,0.38686854,0.6650599,0.42039934,0.37271497,0.3873841,0.6287599,0.6925,0.56504786,0.68529946,0.6129453,0.92327684,0.56264186,0.9291347,0.0,0.0,0.0,0.0
IMG_20241017_143818.jpg,go_side,0.5724897,0.23068546,0.5845513,0.21719836,0.5631814,0.20883325,0.5886075,0.23400311,0.53585005,0.2169355,0.60395133,0.32554922,0.5007174,0.31259504,0.6785814,0.36450773,0.4187893,0.31201246,0.6158779,0.35357815,0.33465222,0.30422997,0.58232445,0.6211854,0.519828,0.60916555,0.56401634,0.84289753,0.5147828,0.836321,0.5602169,0.98298407,0.49928713,0.98655385
IMG_20241017_143818_1.jpg,go_side,0.37796628,0.23305856,0.39244962,0.21891323,0.36910143,0.2096166,0.40250918,0.23823382,0.34389547,0.2178923,0.42237055,0.3334891,0.3066285,0.32142147,0.49805662,0.38249388,0.21324585,0.32956934,0.43828878,0.37283877,0.11412037,0.3201834,0.40080148,0.64618087,0.3318673,0.6365597,0.3906842,0.89507383,0.33154538,0.8873414,0.0,0.0,0.0,0.0
IMG_20241017_143819.jpg,go_side,0.40380204,0.22175887,0.4181719,0.20804815,0.39556056,0.19985937,0.43179837,0.22533377,0.3761604,0.20992659,0.45343116,0.31524077,0.34454083,0.3087689,0.52722406,0.35634568,0.25396395,0.30980977,0.45594385,0.35012728,0.16325362,0.3121869,0.43543375,0.61612946,0.36906594,0.60865015,0.42502922,0.8529545,0.3714313,0.85762054,0.0,0.0,0.0,0.0
IMG_20241017_143819_1.jpg,go_side,0.39919096,0.25849152,0.41159308,0.24552333,0.39149582,0.24069309,0.42414483,0.26263002,0.37386158,0.25310153,0.4470913,0.3446189,0.34554714,0.3436897,0.50807464,0.38333994,0.26786014,0.3565332,0.44937602,0.3779239,0.1874483,0.35891587,0.42876425,0.606223,0.36964363,0.6004208,0.42052975,0.8018026,0.37089255,0.7998241,0.4173429,0.9778915,0.36715916,0.9811054
IMG_20241017_143820.jpg,go_side,0.41484356,0.27599177,0.4259017,0.26542062,0.40760717,0.25987262,0.4362841,0.28211188,0.39123327,0.27259868,0.4558195,0.3562081,0.36465397,0.35127467,0.5093096,0.38826042,0.2939219,0.3532532,0.4569773,0.38107038,0.22204126,0.3542036,0.43681428,0.59191555,0.3814659,0.5850906,0.42633557,0.7597802,0.37813216,0.76058817,0.42088175,0.93236524,0.37629676,0.9416978
IMG_20241017_143821.jpg,go_side,0.43266007,0.26640812,0.44254184,0.2561873,0.42529517,0.2510884,0.4525361,0.27178505,0.41045564,0.26240027,0.46941033,0.34415168,0.3864842,0.33709416,0.5223229,0.37736613,0.32366237,0.3430007,0.47526473,0.36478394,0.26117292,0.3422877,0.44791716,0.55290425,0.39965275,0.54482085,0.4402554,0.71476126,0.39706323,0.7120507,0.43242112,0.8775024,0.38969988,0.8793641
IMG_20241017_143821_1.jpg,go_side,0.40915766,0.14888473,0.4193676,0.14017142,0.40249935,0.13405627,0.42963764,0.16009077,0.3883551,0.14773346,0.44655836,0.23246552,0.36306632,0.22204806,0.49759454,0.26307732,0.3023241,0.22183238,0.44854283,0.24240132,0.24034375,0.21510708,0.42387438,0.43492746,0.3755397,0.4249771,0.41382325,0.5893773,0.36933592,0.58320546,0.40550935,0.7457488,0.36602324,0.7456307
IMG_20241017_143822.jpg,go_side,0.40926757,0.1135844,0.41972068,0.105438896,0.40354297,0.09801624,0.42928314,0.12534277,0.38889816,0.10874846,0.44656032,0.19961824,0.3618732,0.18404764,0.49611315,0.23417969,0.2989044,0.18400817,0.4496307,0.21829183,0.230882,0.17217155,0.41862708,0.40726647,0.36936775,0.39544207,0.40893808,0.5678084,0.36758685,0.55568814,0.39756757,0.71885324,0.35928312,0.7157807
IMG_20241017_143823.jpg,go_side,0.4755461,0.18028127,0.4853023,0.17211348,0.46901634,0.1632579,0.49017966,0.19125986,0.44937852,0.17163801,0.50149727,0.26612,0.4186457,0.24427935,0.55273813,0.3051794,0.35645387,0.24127065,0.50306755,0.28224918,0.29929313,0.23123285,0.4730985,0.4702414,0.42540824,0.4546171,0.45659593,0.62801117,0.41400713,0.6160499,0.4356094,0.7789568,0.39601025,0.7787768
IMG_20241017_143823_1.jpg,go_side,0.529815,0.105869986,0.5398259,0.09716334,0.5229021,0.08960086,0.5449616,0.1151166,0.5041227,0.10022089,0.558636,0.19186866,0.4765734,0.17492741,0.6084432,0.22214495,0.41585013,0.17120688,0.5617554,0.20888638,0.3522656,0.16627246,0.53067034,0.406126,0.4814604,0.3923391,0.5138217,0.56055427,0.473066,0.5474807,0.49437407,0.7121332,0.4636297,0.7105177
IMG_20241017_143824.jpg,go_side,0.47444573,0.10071341,0.48358145,0.0899832,0.46647874,0.08623185,0.4920954,0.105953775,0.45059824,0.0995125,0.5102195,0.17883866,0.4251414,0.17781667,0.56276053,0.20423621,0.3653028,0.18733542,0.5112806,0.19675544,0.3061856,0.19357087,0.4938727,0.3936051,0.44443604,0.38894624,0.48839536,0.5496518,0.44340396,0.5511196,0.48353624,0.7058007,0.44500604,0.7102746
IMG_20241017_143825.jpg,go_side,0.44954756,0.18731564,0.45995355,0.17684636,0.44248784,0.17230785,0.47252426,0.19166479,0.42956144,0.18342125,0.49268866,0.26268607,0.4065314,0.26274508,0.5417321,0.28769144,0.35042548,0.2744115,0.48981857,0.2819031,0.28885362,0.28147653,0.47516587,0.481091,0.42464936,0.4756952,0.47115523,0.6409029,0.421204,0.63733,0.46805096,0.80594254,0.42547718,0.80481356
IMG_20241017_143826.jpg,go_side,0.45776755,0.18527825,0.46792227,0.17423534,0.45090476,0.17168243,0.48138133,0.18799576,0.4382362,0.18420613,0.5022205,0.2561167,0.4179051,0.2605472,0.5499059,0.27868715,0.3642157,0.2770144,0.5052347,0.27206972,0.30599967,0.29088572,0.48557684,0.4637384,0.43611357,0.46066722,0.48663363,0.62036943,0.43772617,0.6193816,0.48432827,0.7850392,0.44503883,0.78070813
IMG_20241017_144424.jpg,go_side,0.29310793,0.2903371,0.30499908,0.27380726,0.2837688,0.27523792,0.32327142,0.28971174,0.27058628,0.29288965,0.3444825,0.39797774,0.24986741,0.37431422,0.3603661,0.4871196,0.1753113,0.3437581,0.28963098,0.4915515,0.09721662,0.30289885,0.32596925,0.6539131,0.26501265,0.64276814,0.33081082,0.805678,0.2636627,0.82180256,0.32579237,0.9721989,0.27141827,0.97045356
IMG_20241101_141944.jpg,go_side,0.44413152,0.14542013,0.4548559,0.12957405,0.43474627,0.12883495,0.46719477,0.14626686,0.4192063,0.14528726,0.49295518,0.24958552,0.38869762,0.2500436,0.54521734,0.29842728,0.3102008,0.2693755,0.48082724,0.2960827,0.23167506,0.26571053,0.4708335,0.5468976,0.40883964,0.54167074,0.47045738,0.73567694,0.4060765,0.7351664,0.47388795,0.9095208,0.41474295,0.90918523
IMG_20241101_141944_1.jpg,go_side,0.50168675,0.2421464,0.511421,0.2255119,0.4922223,0.22736762,0.5230331,0.23739508,0.47657624,0.24510568,0.5543537,0.32665464,0.4493393,0.33826613,0.61298347,0.35929194,0.37849894,0.351444,0.5383235,0.35962102,0.2999408,0.36003137,0.5335496,0.6335009,0.46808806,0.6314808,0.5388875,0.81466234,0.4703253,0.8210719,0.531952,0.9882795,0.4811958,0.987725
IMG_20241101_141945.jpg,go_side,0.51196706,0.26174158,0.5224205,0.24676576,0.5026456,0.24652448,0.5348028,0.26459727,0.48737213,0.26620468,0.56338716,0.3524517,0.45764193,0.35655776,0.6259203,0.37999564,0.3861349,0.3668327,0.5569364,0.37448192,0.31412244,0.38197595,0.5403648,0.655428,0.4753237,0.65022147,0.5405911,0.8546973,0.47557035,0.8546001,0.54084647,0.98559636,0.48810446,0.97481793
IMG_20241101_141946.jpg,go_side,0.5246047,0.257712,0.53503025,0.2434922,0.5155286,0.24216805,0.5455849,0.26383013,0.49918738,0.26316616,0.5730706,0.35262254,0.46711934,0.35456914,0.63632005,0.38389996,0.39574048,0.36427718,0.5553646,0.3787541,0.3218532,0.37472862,0.54752046,0.6581875,0.4819931,0.65105057,0.54649943,0.8586067,0.48148257,0.8559796,0.54371697,0.9798995,0.491772,0.9687333
IMG_20241101_141946_1.jpg,go_side,0.53690577,0.37174872,0.5470406,0.355013,0.52809036,0.35643286,0.5588757,0.3676628,0.51324856,0.37366387,0.5891649,0.45689997,0.4839301,0.46323702,0.648054,0.49578726,0.41458273,0.47550216,0.57277274,0.4963249,0.33832625,0.4829725,0.5619001,0.7721218,0.49463993,0.76578015,0.565333,0.9707221,0.4952489,0.9680679,0.0,0.0,0.0,0.0
IMG_20241101_141947.jpg,go_side,0.5489568,0.27041572,0.55882466,0.2541811,0.5387262,0.25441667,0.56894016,0.26835838,0.5214076,0.27245528,0.5971341,0.3560227,0.49119145,0.36433372,0.65978676,0.38470724,0.41744128,0.37703797,0.57802075,0.39603716,0.3421267,0.3930783,0.5738511,0.66660905,0.50837743,0.6618155,0.57181394,0.865072,0.5099004,0.863761,0.56920964,0.9858329,0.52143097,0.9723857
IMG_20241101_141947_1.jpg,go_side,0.6172038,0.29047513,0.62627983,0.27510774,0.6080547,0.27442348,0.63339555,0.29149082,0.5893122,0.29086787,0.65991515,0.38149142,0.5570845,0.37661618,0.72691166,0.41844884,0.48796827,0.38233083,0.656438,0.40596282,0.4137601,0.39335734,0.6314413,0.6821365,0.5684517,0.6710695,0.6226987,0.8807139,0.5595221,0.87303644,0.0,0.0,0.0,0.0
IMG_20241101_141948.jpg,go_side,0.6614583,0.27292025,0.67128015,0.25754607,0.651397,0.25596678,0.6785432,0.27372622,0.63154155,0.27284074,0.70371807,0.36448944,0.597642,0.36106673,0.7692567,0.39822665,0.5240864,0.36565652,0.68775,0.39683926,0.45158547,0.37838548,0.6703225,0.6739095,0.604035,0.66187364,0.6572751,0.8756512,0.5922657,0.86657804,0.0,0.0,0.0,0.0
IMG_20241101_141948_1.jpg,go_side,0.59003156,0.27664265,0.600907,0.26092446,0.5801779,0.2597959,0.61183447,0.2795102,0.5631666,0.27938718,0.6385757,0.37283057,0.53020215,0.37071717,0.70357513,0.40362445,0.45422107,0.37122473,0.62710536,0.40131494,0.37984413,0.37559876,0.60428834,0.6967731,0.5363443,0.68575174,0.59856653,0.90384847,0.5306904,0.8956706,0.0,0.0,0.0,0.0
IMG_20241101_141949.jpg,go_side,0.5259562,0.14222544,0.53755593,0.1272055,0.51649475,0.12494973,0.55096495,0.14712682,0.5006692,0.14382137,0.5770394,0.2503963,0.4685125,0.24451038,0.6407065,0.2833227,0.38943863,0.24510361,0.5615364,0.2670385,0.3117232,0.25002626,0.53703815,0.564285,0.47218424,0.55109084,0.5328194,0.7657529,0.4670434,0.7559752,0.53069484,0.9491809,0.47384143,0.93685263
IMG_20241101_141950.jpg,go_side,0.429376,0.22726503,0.4410458,0.20930895,0.41976994,0.21053836,0.4561291,0.22637938,0.40493032,0.23068795,0.48824963,0.32773995,0.3742089,0.33704495,0.5536653,0.3516174,0.290446,0.34685105,0.4679804,0.35472962,0.20714942,0.3617842,0.46339583,0.6707752,0.3933257,0.66742086,0.4661404,0.8847904,0.40034467,0.8844856,0.0,0.0,0.0,0.0
IMG_20241101_141950_1.jpg,go_side,0.43678838,0.2149921,0.4498326,0.19947489,0.42760253,0.19659989,0.4657441,0.22117402,0.41282102,0.21669878,0.49370706,0.32556248,0.3771015,0.3171755,0.5584679,0.36512858,0.29231024,0.3145256,0.47574854,0.35260963,0.20893107,0.32101226,0.45358315,0.6661566,0.38093022,0.65291876,0.45045683,0.88273954,0.37917796,0.8765975,0.0,0.0,0.0,0.0
IMG_20241101_141951.jpg,go_side,0.6450655,0.22716469,0.6580058,0.21019249,0.6350477,0.20830527,0.6726889,0.22837952,0.6171521,0.22490579,0.70296234,0.33563316,0.5822104,0.33314654,0.7769974,0.36610985,0.5018944,0.3427213,0.6802504,0.3538058,0.42674246,0.34541962,0.66897774,0.69169825,0.59410286,0.6806435,0.66547996,0.9116556,0.59460527,0.89756846,0.0,0.0,0.0,0.0
IMG_20241101_141951_1.jpg,go_side,0.72217035,0.22743073,0.73517686,0.21109036,0.71212745,0.20742792,0.74824315,0.2290455,0.6943028,0.22399074,0.7775617,0.33556354,0.6569763,0.32832915,0.85034466,0.3753507,0.5754645,0.3373397,0.74302256,0.35809988,0.4969142,0.34968087,0.73220026,0.69773775,0.65655655,0.6813591,0.7206999,0.9176332,0.6510083,0.90199965,0.0,0.0,0.0,0.0
IMG_20241101_141952.jpg,go_side,0.5213633,0.17795949,0.5334751,0.16092834,0.5117256,0.15945853,0.5475836,0.17827868,0.49536306,0.1772418,0.5763892,0.2776881,0.46205884,0.27788985,0.64526504,0.3129162,0.37699983,0.28364342,0.55879426,0.31149295,0.29684454,0.29583496,0.5403486,0.61823434,0.4711887,0.60804284,0.53668296,0.8373076,0.47135195,0.8306401,0.5387011,0.99175584,0.47967187,0.9753198
IMG_20241101_141952_1.jpg,go_side,0.5091601,0.43023127,0.52118886,0.41189456,0.4990343,0.4115364,0.53571177,0.42222747,0.48301467,0.4223467,0.56631297,0.5220328,0.44765174,0.5208996,0.63420683,0.55809325,0.36822912,0.53411055,0.5516164,0.54335105,0.28883082,0.54076815,0.5334277,0.877509,0.45668614,0.8688881,0.0,0.0,0.0,0.0,0.0,0.0,0.0,0.0
IMG_20241101_141953.jpg,go_side,0.5113578,0.2844011,0.5230591,0.26802382,0.50212693,0.26568162,0.53517455,0.28487474,0.4854067,0.2812895,0.5622243,0.38170683,0.45150712,0.37840974,0.6306688,0.4101146,0.37523744,0.38341162,0.5475215,0.39560124,0.29656762,0.39934635,0.5301774,0.7109626,0.46186426,0.7003805,0.5270553,0.91694045,0.4613742,0.90912884,0.0,0.0,0.0,0.0
IMG_20241101_141954.jpg,go_side,0.5323158,0.3892418,0.5419174,0.3712539,0.5240356,0.37326023,0.5519686,0.38076746,0.5081136,0.38514838,0.58137137,0.47003478,0.47639203,0.47123116,0.6417063,0.5038085,0.40989754,0.48342338,0.57064736,0.492524,0.33172676,0.48738483,0.5493532,0.7812471,0.48384163,0.7722115,0.55115473,0.98300266,0.48262587,0.96975815,0.0,0.0,0.0,0.0
IMG_20241101_141954_1.jpg,go_side,0.4512228,0.3706217,0.46135262,0.3554756,0.4422841,0.3529662,0.46978837,0.36940935,0.42580667,0.36653063,0.49435434,0.45770004,0.39077595,0.45628595,0.55521816,0.4805635,0.31674653,0.46100545,0.48568437,0.4693683,0.24186686,0.46876228,0.4644927,0.7688649,0.39875168,0.7598012,0.46299124,0.96732044,0.39286992,0.9625029,0.0,0.0,0.0,0.0
IMG_20241101_141954_2.jpg,go_side,0.5525541,0.25006646,0.56138474,0.23472907,0.54346853,0.23404521,0.5674615,0.24723753,0.52438754,0.24748795,0.5918989,0.33926657,0.49507198,0.33651182,0.6548122,0.36902776,0.42702472,0.34277165,0.5972496,0.343944,0.35248202,0.34006488,0.5657316,0.62618405,0.50662744,0.61664677,0.5642035,0.80516356,0.5008367,0.79658794,0.55704474,0.97986716,0.50470775,0.9699243
IMG_20241101_141955.jpg,go_side,0.55324197,0.25406384,0.5621721,0.23818174,0.5442432,0.23732632,0.5683626,0.24736153,0.5248074,0.24700901,0.591809,0.33612314,0.4943319,0.33131206,0.65060645,0.37270427,0.42622432,0.33807647,0.57675195,0.35347924,0.35226184,0.33480588,0.5598018,0.62438995,0.5000184,0.6119022,0.55422735,0.7983542,0.48774025,0.7864282,0.5469812,0.9736368,0.4925714,0.9586618
IMG_20241101_141956.jpg,go_side,0.56235325,0.14392819,0.5709425,0.12877077,0.552605,0.12774701,0.57854694,0.14399718,0.5348862,0.14299291,0.6034504,0.24264719,0.50618106,0.24063884,0.6712385,0.2625329,0.4377875,0.24262457,0.61326694,0.24121967,0.36602983,0.24720329,0.5778661,0.52194506,0.52154994,0.5137467,0.5759918,0.69826424,0.51640606,0.69348764,0.5782537,0.8608432,0.52621305,0.8607443
IMG_20241101_141957.jpg,go_side,0.58606166,0.19057846,0.5947058,0.1772414,0.576977,0.1756566,0.6017108,0.1954304,0.560127,0.19389556,0.62541777,0.28474894,0.53114665,0.28299415,0.6902426,0.29791015,0.46519458,0.28094703,0.6299087,0.2775435,0.39673987,0.28742412,0.5978651,0.55701804,0.5417364,0.547902,0.59692496,0.74070954,0.53540474,0.7333919,0.5967802,0.9112988,0.54263204,0.90558267
IMG_20241101_141958.jpg,go_side,0.49617624,0.30561608,0.5055016,0.29118425,0.48778817,0.28981334,0.5134654,0.30609322,0.4717,0.3052122,0.536884,0.39197966,0.44163072,0.38780272,0.59717935,0.42335227,0.37462255,0.39258403,0.5393141,0.39676917,0.302271,0.38790518,0.50593966,0.68006706,0.44657865,0.66981596,0.5051784,0.87299365,0.44162086,0.8648697,0.4988053,0.9899478,0.4486818,0.97397935
IMG_20241101_141958_1.jpg,go_side,0.5115217,0.35770196,0.52167755,0.34333152,0.50360817,0.34068072,0.5310386,0.3587151,0.4883809,0.35356706,0.5546662,0.44511873,0.4558302,0.4328664,0.6176723,0.4803285,0.38995197,0.43138188,0.55377734,0.44741476,0.31899032,0.4277635,0.5146451,0.7384021,0.45354483,0.72317624,0.50720215,0.92032933,0.4435594,0.9086754,0.0,0.0,0.0,0.0
IMG_20241101_141959.jpg,go_side,0.4585972,0.31212595,0.469194,0.29778367,0.45128408,0.2958817,0.4792554,0.31222343,0.4350764,0.30792153,0.5003403,0.39943674,0.4024787,0.3879562,0.5587124,0.43803763,0.33418626,0.3870615,0.50261235,0.40931708,0.25987658,0.37953112,0.45776474,0.6889491,0.3974503,0.6751546,0.44935378,0.87285906,0.3869843,0.86714196,0.0,0.0,0.0,0.0
IMG_20241101_141959_1.jpg,go_side,0.57335484,0.20517069,0.58326286,0.19039585,0.565417,0.18842469,0.5926136,0.20712453,0.54869014,0.20226157,0.61712474,0.3026337,0.5164585,0.2905393,0.68014604,0.33163357,0.445338,0.29032782,0.6167768,0.30310127,0.37347588,0.28092676,0.5726089,0.5905072,0.5132439,0.5749553,0.56747997,0.7742852,0.5090708,0.7541495,0.558047,0.9480343,0.5078573,0.92386353
IMG_20241101_142001.jpg,go_side,0.4186082,0.21534567,0.4264655,0.1984683,0.40744773,0.19900762,0.43824148,0.21214451,0.39249822,0.2140437,0.4684365,0.30617282,0.35863644,0.29746303,0.53471434,0.32488587,0.29214665,0.32718864,0.601132,0.32690796,0.34809366,0.32977822,0.44608146,0.5949746,0.3789485,0.59528565,0.43862525,0.78097856,0.3800258,0.78152186,0.43638134,0.96408874,0.37619427,0.96515316
IMG_20241101_142002.jpg,go_side,0.48768082,0.16292538,0.49472526,0.14510168,0.47569028,0.14866416,0.5068771,0.157353,0.4615285,0.1655498,0.5378355,0.25462395,0.43171197,0.2500701,0.6048389,0.26417875,0.36511493,0.27400285,0.6708001,0.26017654,0.4222435,0.27893052,0.51645553,0.540162,0.4531922,0.5429732,0.5152611,0.73487765,0.45885465,0.7365042,0.5169806,0.9050333,0.4579858,0.9015918
IMG_20241101_142002_1.jpg,go_side,0.48312306,0.21087603,0.49014357,0.19462325,0.47201902,0.19667335,0.50110835,0.20925403,0.45759308,0.214183,0.531668,0.3015218,0.42700303,0.29660624,0.5972221,0.30984554,0.36367363,0.32404903,0.65880114,0.3020382,0.41676167,0.32004347,0.509701,0.5887698,0.4469327,0.59041476,0.5057882,0.7839921,0.45046788,0.7817446,0.50336856,0.96073765,0.44831958,0.9589531
IMG_20241101_142003.jpg,go_side,0.39981133,0.2982674,0.4075124,0.28019565,0.3885441,0.28392583,0.4215192,0.29289818,0.37658042,0.30247647,0.455075,0.3825927,0.34787056,0.38688686,0.52287817,0.39025664,0.27832618,0.42366338,0.5885866,0.37592682,0.33680743,0.41637662,0.444517,0.678854,0.378269,0.68664336,0.44340327,0.87707156,0.3912187,0.88242733,0.0,0.0,0.0,0.0
IMG_20241101_142005.jpg,go_side,0.43033326,0.14524968,0.43748304,0.12581025,0.4184362,0.13086347,0.45189077,0.13510095,0.40576807,0.1476885,0.48786348,0.23017383,0.37804684,0.240081,0.5569998,0.2288825,0.31224144,0.27764398,0.6265464,0.21470037,0.36312103,0.27235872,0.47677338,0.520808,0.4111501,0.53131664,0.48242804,0.7055978,0.42419526,0.71387535,0.48657393,0.88687634,0.43136072,0.8905687
IMG_20241101_142005_1.jpg,go_side,0.48802054,0.3186704,0.495264,0.30023092,0.47668338,0.30406284,0.5070472,0.3110139,0.46281093,0.31996703,0.5392332,0.40158427,0.4327897,0.40102637,0.6090623,0.40927663,0.3665665,0.4330728,0.6746685,0.4036788,0.42565775,0.4342543,0.5199944,0.6990068,0.45442095,0.702772,0.51431406,0.89933383,0.4606117,0.8989071,0.0,0.0,0.0,0.0
IMG_20241101_142006.jpg,go_side,0.5360113,0.34437996,0.542254,0.32693636,0.52523124,0.3297855,0.5503271,0.33743438,0.5098232,0.34338248,0.5795384,0.4240056,0.47652093,0.41857034,0.6456236,0.42971227,0.41342875,0.44385016,0.70894384,0.42983502,0.4716099,0.449826,0.5575434,0.71456355,0.49334198,0.7152736,0.5488863,0.91084754,0.4891773,0.9068278,0.0,0.0,0.0,0.0
IMG_20241101_142007.jpg,go_side,0.52946186,0.21145162,0.53438723,0.19311562,0.5175822,0.1974828,0.5420261,0.20104136,0.5005666,0.21148354,0.57303244,0.28831986,0.4697619,0.29352194,0.6410101,0.29179472,0.40877783,0.33414927,0.7061484,0.28442213,0.46268842,0.33179957,0.55801564,0.56662023,0.4967195,0.57348955,0.5576836,0.75271875,0.50088084,0.75448865,0.5564248,0.9117388,0.5044012,0.9125674
IMG_20241101_142007_1.jpg,go_side,0.5111859,0.28348807,0.51656413,0.26510215,0.49913836,0.269366,0.52544636,0.2722226,0.48379803,0.28332654,0.55632424,0.3560383,0.45530224,0.36374408,0.6215535,0.35743722,0.39738703,0.40449077,0.68309224,0.3398019,0.45275056,0.40676025,0.54648954,0.63421893,0.48501417,0.64172906,0.5442576,0.8128969,0.48859754,0.8194096,0.5472477,0.9722117,0.49140173,0.97535133
IMG_20241101_142008.jpg,go_side,0.48659182,0.3196781,0.4935923,0.30065668,0.47542933,0.30442935,0.5048588,0.30767494,0.46122774,0.31650448,0.535723,0.39621538,0.4311033,0.39820194,0.6050956,0.4018286,0.36599067,0.43383604,0.67065394,0.39265963,0.42232513,0.43941033,0.51827896,0.68668765,0.45484194,0.69243014,0.51407987,0.87724763,0.4631003,0.88070613,0.0,0.0,0.45829278,0.9784377
IMG_20241101_142010.jpg,go_side,0.3980843,0.3130932,0.40579015,0.294486,0.38689235,0.29728612,0.41879192,0.3042964,0.37374678,0.3116267,0.45094538,0.39463344,0.34400147,0.39661485,0.51998836,0.39734071,0.27434006,0.43114036,0.5863342,0.38590327,0.3340991,0.43601733,0.43786526,0.69070345,0.3725238,0.6968944,0.43275443,0.8805345,0.3823983,0.8835757,0.0,0.0,0.0,0.0
IMG_20241101_142010_1.jpg,go_side,0.39167506,0.37949473,0.39908683,0.36023074,0.38068357,0.36370912,0.41122895,0.368551,0.36775795,0.37689304,0.4436472,0.45871097,0.335316,0.45981565,0.5124154,0.46500555,0.26121944,0.4943351,0.57876056,0.4544463,0.31935158,0.49662596,0.42381364,0.76559013,0.356094,0.7716875,0.42178366,0.96157634,0.36478046,0.9647968,0.0,0.0,0.0,0.0
IMG_20241101_142011.jpg,go_side,0.33701783,0.33632147,0.34589884,0.3185567,0.325921,0.319737,0.3591082,0.33211508,0.31231576,0.33477622,0.38846257,0.42503363,0.27628946,0.41496322,0.4566785,0.43659472,0.19838151,0.43686172,0.5248124,0.4398273,0.2577474,0.44332823,0.3588262,0.7355483,0.28858656,0.7350733,0.34753108,0.93153554,0.28609702,0.930289,0.0,0.0,0.0,0.0
IMG_20241101_142012.jpg,go_side,0.40660077,0.24734165,0.41388142,0.23001927,0.3952352,0.23261078,0.42588463,0.24202996,0.38078108,0.24885397,0.45789614,0.3325631,0.35088417,0.33258823,0.52114844,0.34619534,0.28592622,0.36645022,0.586419,0.3406535,0.33534932,0.36215726,0.44298673,0.6170227,0.3776046,0.62175363,0.43627298,0.7981687,0.37920156,0.80431443,0.4332272,0.97823423,0.37634552,0.98270875
IMG_20241101_142013.jpg,go_side,0.46291444,0.23076311,0.468923,0.2133553,0.4512827,0.21640891,0.47872218,0.22402415,0.4361462,0.23217167,0.5091847,0.31258205,0.40585968,0.3126935,0.57029176,0.32148504,0.3430808,0.34204328,0.6306804,0.31740582,0.39892513,0.3351187,0.49170944,0.58756286,0.42890146,0.59114635,0.48492947,0.769476,0.4276613,0.7728582,0.48249695,0.95053715,0.42514995,0.95362735
IMG_20241101_142015.jpg,go_side,0.47375003,0.17350318,0.47991985,0.15643302,0.4621469,0.15957712,0.489806,0.16765216,0.44762114,0.17592245,0.519929,0.2555076,0.41746807,0.25619966,0.5801258,0.26567224,0.3555798,0.28491393,0.6354604,0.26354986,0.41200477,0.28135788,0.5049095,0.5313028,0.44234294,0.53473866,0.4978436,0.7190465,0.44193068,0.7216703,0.49854633,0.889721,0.44117114,0.890554
IMG_20241101_142015_1.jpg,go_side,0.5044454,0.03182534,0.51067317,0.014115913,0.49232975,0.017297681,0.52105206,0.026792172,0.47680444,0.034714602,0.5514669,0.1264458,0.44709158,0.12217588,0.6126321,0.1377111,0.38500944,0.1493424,0.6771245,0.13423052,0.43985897,0.14307012,0.5287288,0.40516782,0.46626136,0.40611222,0.5205378,0.590825,0.46500862,0.58904845,0.5153627,0.764814,0.4614974,0.762867
IMG_20241101_142016.jpg,go_side,0.72122794,0.17035052,0.72801715,0.15293789,0.7095999,0.15569942,0.7380587,0.16422066,0.6942598,0.17059532,0.76738125,0.25310156,0.662572,0.2496786,0.8405537,0.2609819,0.5986191,0.28069505,0.9093124,0.25812626,0.65166783,0.2770471,0.7354542,0.5342676,0.67272025,0.5321406,0.7195506,0.72270244,0.66475123,0.7148725,0.7134837,0.89440465,0.6535601,0.8815415
IMG_20241101_142017.jpg,go_side,0.6836267,0.1769272,0.69007987,0.15950765,0.6722382,0.16341767,0.70048887,0.17140803,0.6578214,0.18015052,0.7322174,0.2597767,0.6278842,0.2611241,0.80237114,0.26221737,0.56443745,0.2930746,0.8719843,0.25996396,0.6131049,0.28057984,0.7057422,0.5375462,0.6435281,0.5389274,0.6984863,0.7318464,0.63740534,0.7235975,0.6911779,0.900903,0.6313208,0.8864342
IMG_20241101_142017_1.jpg,go_side,0.56391037,0.19938126,0.57044476,0.18250185,0.55293185,0.18520896,0.5813825,0.19386889,0.5395828,0.20093593,0.6113693,0.2824122,0.5102581,0.2818723,0.6738355,0.2880579,0.45029458,0.30940205,0.7339441,0.2800343,0.50361776,0.30411723,0.5890299,0.55368215,0.5276613,0.5551387,0.5814164,0.74122524,0.52397466,0.7404691,0.57751,0.9129302,0.51826733,0.9076981
IMG_20241101_142018.jpg,go_side,0.3851954,0.24373338,0.3923956,0.226943,0.37454176,0.22917716,0.404131,0.23848246,0.3607734,0.24355578,0.43469706,0.33322626,0.32922077,0.32681626,0.49550715,0.3400082,0.26205066,0.3465704,0.5539154,0.33938774,0.31609923,0.33970463,0.4110239,0.607919,0.34801695,0.6090334,0.40650228,0.7946223,0.34937128,0.7924369,0.4004706,0.9696887,0.34565276,0.96671367
IMG_20241101_142019.jpg,go_side,0.5753219,0.2509804,0.58229536,0.23389107,0.5641842,0.23640977,0.5931041,0.2455038,0.54934436,0.25219452,0.6233435,0.33373892,0.51926285,0.33303773,0.6854444,0.34426674,0.4610099,0.36284405,0.7489541,0.3420176,0.5102334,0.35939062,0.60474056,0.61355424,0.5402317,0.61599976,0.59594136,0.79822266,0.53866315,0.8004798,0.5914962,0.97758734,0.53668797,0.97539514
IMG_20241101_142020.jpg,go_side,0.59433216,0.24490221,0.60163635,0.227798,0.583803,0.22958706,0.61308694,0.23754007,0.5698889,0.24139301,0.6427312,0.33047384,0.53884274,0.32320982,0.70615095,0.34084445,0.47733697,0.3508452,0.77252334,0.3438933,0.5284937,0.35110763,0.61470395,0.6038296,0.5527811,0.6026928,0.6068169,0.7861727,0.5512811,0.7791789,0.59705555,0.95748705,0.5465987,0.9499701
IMG_20241101_142020_1.jpg,go_side,0.59870386,0.20720738,0.60559756,0.19071217,0.58790106,0.19277804,0.6163025,0.2033136,0.5739785,0.20814145,0.64392704,0.2924513,0.5436907,0.28771383,0.7068116,0.30511588,0.4827133,0.31929904,0.7745765,0.30516526,0.5331796,0.31750184,0.6182071,0.5635788,0.55800384,0.5639918,0.61219674,0.74724144,0.55667746,0.74359584,0.6077184,0.9143957,0.55170196,0.9070989
IMG_20241101_142021.jpg,go_side,0.60099256,0.22377035,0.60787,0.20690688,0.59030133,0.20867625,0.61846,0.21731423,0.5761511,0.22182013,0.64647394,0.304742,0.54660666,0.30406412,0.710792,0.31367496,0.48633447,0.34077758,0.7770477,0.31157058,0.537437,0.33417878,0.6250322,0.56860906,0.56555754,0.57076794,0.6185799,0.7519392,0.5649381,0.7475014,0.616287,0.9159571,0.5614242,0.9122943
IMG_20241101_142022.jpg,go_side,0.5931965,0.3234184,0.60028684,0.30641466,0.5830106,0.30862463,0.6111319,0.31554547,0.5697296,0.32060605,0.64026153,0.3995309,0.5402349,0.3975039,0.7049453,0.40897152,0.47995326,0.4305294,0.7687968,0.41076127,0.5325962,0.43026847,0.61853325,0.6733399,0.55830306,0.67500037,0.60954684,0.8599135,0.5602364,0.8548542,0.60190153,0.9953487,0.5542467,0.9845133
IMG_20241101_142023.jpg,go_side,0.5795463,0.13182531,0.58656937,0.11399292,0.5690866,0.116796374,0.59871817,0.12129659,0.5564579,0.12811428,0.6285402,0.20981562,0.52869755,0.21422307,0.6921699,0.21414046,0.46896574,0.25239033,0.75585675,0.20962046,0.516222,0.24472378,0.60834646,0.47385022,0.5495812,0.47855318,0.60519457,0.6542002,0.5511374,0.65209913,0.6022207,0.8099412,0.5519989,0.8063617
IMG_20241101_142153.jpg,go_side,0.53199583,0.07366396,0.5423039,0.059434384,0.52434325,0.055929627,0.5501177,0.0737146,0.5050154,0.06389915,0.56725395,0.16995852,0.4733408,0.15121709,0.60031104,0.25269723,0.3976279,0.17607446,0.5351102,0.22531562,0.31355196,0.16595961,0.53875947,0.4231271,0.48241237,0.4094395,0.52849555,0.60612136,0.4709374,0.59898174,0.50888395,0.7815026,0.45535278,0.7803145
IMG_20241101_142154.jpg,go_side,0.51666766,0.15861546,0.5263076,0.14454049,0.50764364,0.14198141,0.53358257,0.15728025,0.4885778,0.15415493,0.55185044,0.24341705,0.46122232,0.23847434,0.5886968,0.3190873,0.38745844,0.27094096,0.52460426,0.29940307,0.3079393,0.27725673,0.53728044,0.5022872,0.4805278,0.4960944,0.5336765,0.6716731,0.47486335,0.6799243,0.52177006,0.8463247,0.46772408,0.8619044
IMG_20241101_142154_1.jpg,go_side,0.51632154,0.18468808,0.5253987,0.17058623,0.5068792,0.16849284,0.5319366,0.1830651,0.4877636,0.18097788,0.5500756,0.26830587,0.46063054,0.26463035,0.5887496,0.3390124,0.3865402,0.30006817,0.52538663,0.31834102,0.30753478,0.30845222,0.534653,0.5266527,0.4790321,0.5200466,0.52999645,0.70129424,0.47178718,0.7058842,0.5190864,0.873072,0.46293375,0.8849854
IMG_20241101_142155.jpg,go_side,0.56783056,0.24253997,0.575553,0.22860406,0.55807054,0.2280707,0.5794845,0.24299386,0.5372761,0.24471034,0.59852093,0.32652465,0.511201,0.32371148,0.6367756,0.39715597,0.44050425,0.3567834,0.56808144,0.37030467,0.36089987,0.3607512,0.5827614,0.5863066,0.5273482,0.5788243,0.5767689,0.7622455,0.5169335,0.7642204,0.5636807,0.94752157,0.5056857,0.9497747
IMG_20241101_142156.jpg,go_side,0.5357486,0.24653682,0.545107,0.2327468,0.52625895,0.2323485,0.5536739,0.25096703,0.5073202,0.25176546,0.5743006,0.3368416,0.48041415,0.33139345,0.60934055,0.40804225,0.4035442,0.35757864,0.538942,0.37554237,0.32073733,0.35291764,0.5529508,0.59969693,0.49408093,0.5896058,0.5453541,0.7855223,0.4805814,0.78518337,0.5301513,0.9707305,0.46874666,0.96328706
IMG_20241101_142157.jpg,go_side,0.5405614,0.22112614,0.5500192,0.20884648,0.53133625,0.20604582,0.55611676,0.22887042,0.5118911,0.22589341,0.5749232,0.31829786,0.4826113,0.30771667,0.61062425,0.3844932,0.40333208,0.32340208,0.5427234,0.35101315,0.32065326,0.31733397,0.5520346,0.5857145,0.49251696,0.57460165,0.54001004,0.7646237,0.47573048,0.7649695,0.5248827,0.9570291,0.46558106,0.96177876
IMG_20241101_142158.jpg,go_side,0.57956403,0.24682742,0.58812916,0.2333179,0.57031506,0.23187315,0.59241515,0.24920373,0.5496988,0.24848169,0.6117072,0.33638015,0.5212345,0.32758704,0.65033215,0.40552938,0.44686928,0.34618676,0.58382577,0.37409306,0.3666243,0.3362428,0.5892591,0.60020876,0.5317727,0.5893334,0.5773062,0.7795786,0.51697946,0.7790482,0.5553623,0.96874046,0.5017772,0.9665932
IMG_20241101_142158_1.jpg,go_side,0.63347614,0.3200843,0.6426596,0.3063543,0.62530017,0.30393627,0.64688146,0.32186785,0.6030532,0.31680188,0.66450256,0.4091727,0.57186276,0.39732867,0.706909,0.4750128,0.50163937,0.4153021,0.6356573,0.44425866,0.4254713,0.40769044,0.6376775,0.6708316,0.57983446,0.6570074,0.619764,0.8620326,0.5623052,0.8561634,0.0,0.0,0.0,0.0
IMG_20241101_142159.jpg,go_side,0.5079401,0.24055384,0.51726604,0.22702192,0.49929476,0.22470339,0.52403325,0.242855,0.48031944,0.23981173,0.54231584,0.33091387,0.45120248,0.32155725,0.5798043,0.40023983,0.37315127,0.3425395,0.50989616,0.36785287,0.29291323,0.33441412,0.51406604,0.5924628,0.4567367,0.5795978,0.50325334,0.77299017,0.43792385,0.76963794,0.48454824,0.9562735,0.41825008,0.9507619
IMG_20241101_142159_1.jpg,go_side,0.45377448,0.26734337,0.4652726,0.25658607,0.4458418,0.2520882,0.47454587,0.28315273,0.42751175,0.27515936,0.4923987,0.3700568,0.3953572,0.35588628,0.5281528,0.43520576,0.3139459,0.36631468,0.44931087,0.39850613,0.22742711,0.34976104,0.4616868,0.6480493,0.3972499,0.6321459,0.44751653,0.8645554,0.37211052,0.8577692,0.0,0.0,0.0,0.0
IMG_20241101_142201.jpg,go_side,0.42004883,0.13966385,0.43108502,0.12806097,0.41128886,0.12371123,0.44001973,0.15304314,0.39137122,0.14430244,0.4580774,0.24071716,0.35891706,0.23195589,0.49730927,0.2986156,0.2752153,0.2512646,0.4198909,0.26937324,0.18606961,0.23656796,0.4318405,0.52164453,0.37057388,0.50918823,0.42112532,0.7335593,0.355495,0.72509396,0.40964794,0.93550664,0.3411122,0.9333416
IMG_20241101_142202.jpg,go_side,0.4374715,0.18587649,0.4485612,0.17424694,0.42893523,0.16845584,0.45632213,0.19882418,0.4082535,0.18675463,0.4718429,0.29017773,0.37596327,0.27261093,0.5094182,0.35069746,0.29239,0.27935246,0.43859497,0.31704545,0.20480122,0.25225976,0.43882734,0.56387675,0.37965396,0.5460048,0.42263988,0.7690395,0.35966513,0.7536471,0.39995477,0.96805793,0.3360065,0.9577131
IMG_20241101_142202_1.jpg,go_side,0.50830907,0.19321738,0.517052,0.18089287,0.5002666,0.17721908,0.52139294,0.20054477,0.47839156,0.19194168,0.5395175,0.28814334,0.44651362,0.2728806,0.58144695,0.35362792,0.36985636,0.2877638,0.51124716,0.32345298,0.28562802,0.26373717,0.5102031,0.55164903,0.45409295,0.53582615,0.49641147,0.74890816,0.4356896,0.7349164,0.47315565,0.93797976,0.41084048,0.9288947
IMG_20241101_142203.jpg,go_side,0.5730806,0.18862486,0.5821721,0.17711616,0.5635851,0.17318495,0.58652085,0.19799961,0.5418126,0.19183612,0.60275304,0.2840582,0.51161295,0.27205214,0.64340365,0.3485319,0.43440524,0.2861267,0.5741454,0.3199361,0.35576606,0.2689347,0.57433796,0.55013674,0.5169498,0.5361304,0.5577664,0.7367656,0.4967424,0.7312759,0.5379233,0.92391187,0.4749244,0.92294115
IMG_20241101_142203_1.jpg,go_side,0.4907896,0.09700998,0.5015134,0.08434152,0.48213696,0.08147083,0.510841,0.109023966,0.46288434,0.10267891,0.5324119,0.20253502,0.43111077,0.19371797,0.5683097,0.2644471,0.35135308,0.2158326,0.49220243,0.2349627,0.26182953,0.19596279,0.504754,0.47979298,0.44277155,0.46741772,0.49624902,0.68373746,0.4306371,0.67062503,0.47953522,0.8770309,0.4212793,0.86691475
IMG_20241101_142216.jpg,go_side,0.38485333,0.19907606,0.3902834,0.18098448,0.3719276,0.18749326,0.4023314,0.19243433,0.3579691,0.2071685,0.4360716,0.28803328,0.33885124,0.28190842,0.5057448,0.31602946,0.3044006,0.2968283,0.5713508,0.3085027,0.37395167,0.28853598,0.42414287,0.53709203,0.36428288,0.5413428,0.43535724,0.7198947,0.37412742,0.7324439,0.4417855,0.90002656,0.37517995,0.9024443
IMG_20241101_142217.jpg,go_side,0.5938193,0.12171322,0.59746987,0.10606868,0.5826398,0.110930115,0.6059114,0.11553476,0.56841415,0.12694931,0.63866526,0.20183603,0.5507934,0.19643192,0.7014395,0.22324903,0.5276341,0.21486938,0.7629096,0.21402755,0.5829539,0.20463268,0.6262025,0.43095112,0.5716142,0.43339077,0.6370553,0.5895304,0.5751366,0.5962789,0.63015294,0.7566985,0.5769207,0.75914574
IMG_20241101_142217_1.jpg,go_side,0.6090825,0.16400735,0.6126608,0.14790991,0.5979827,0.15221997,0.6191158,0.15620962,0.5819021,0.16562213,0.64688826,0.24230738,0.56393754,0.23385192,0.70948017,0.26777324,0.5400702,0.25229847,0.7722123,0.26326138,0.5999215,0.24153084,0.6297704,0.45954558,0.5793,0.45958617,0.63314563,0.62176764,0.5770107,0.624564,0.62532496,0.7844084,0.5712123,0.78600734
IMG_20241101_142218.jpg,go_side,0.56943595,0.22689502,0.5735703,0.21220475,0.559011,0.21500939,0.5798617,0.22024779,0.54286504,0.22637308,0.60506773,0.3027125,0.5231006,0.29307726,0.6596462,0.33297434,0.50306094,0.31678873,0.71822137,0.3286859,0.5623229,0.30304298,0.58641994,0.5190155,0.5355356,0.51853484,0.58901554,0.67360306,0.5307178,0.6789382,0.5752904,0.83789563,0.519388,0.84170425
IMG_20241101_142218_1.jpg,go_side,0.57383114,0.2503527,0.5792352,0.23520803,0.56443715,0.23643345,0.5844327,0.24119909,0.54929316,0.24245502,0.60307485,0.3161347,0.52599347,0.30505416,0.65769345,0.35130966,0.5067196,0.33394518,0.7126157,0.35208994,0.5600426,0.32597414,0.57540387,0.52657956,0.5267476,0.52130157,0.5629738,0.68625236,0.5057171,0.68340576,0.5472902,0.84311265,0.48776332,0.8402768
IMG_20241101_142219.jpg,go_side,0.5660577,0.28617978,0.5709211,0.27268788,0.5569606,0.2729151,0.57634175,0.27972963,0.5406979,0.28011152,0.59832394,0.35743973,0.5215757,0.34925684,0.65451926,0.3827881,0.50345904,0.3782677,0.7066486,0.3771685,0.551838,0.3616186,0.57232875,0.56509036,0.5242976,0.56177723,0.56587005,0.7185514,0.50821036,0.71505773,0.5525333,0.87955844,0.49819276,0.8782443
IMG_20241101_142220.jpg,go_side,0.53959405,0.24415767,0.54492664,0.22825347,0.5288741,0.23252685,0.55369323,0.23912437,0.51539856,0.24765433,0.57994604,0.32479477,0.49769717,0.31697714,0.64194024,0.35580343,0.47054875,0.3375129,0.69908094,0.35615268,0.5284391,0.32961613,0.559972,0.5460592,0.5095079,0.54444855,0.5542994,0.71316487,0.5004888,0.7149247,0.5459959,0.8788751,0.48200336,0.87562376
IMG_20241101_142220_1.jpg,go_side,0.57489,0.1922476,0.5799379,0.17657366,0.5640877,0.18087938,0.58795387,0.19200647,0.55056363,0.20054618,0.6153783,0.28180835,0.53174305,0.27430883,0.6827531,0.31143728,0.5024035,0.29698342,0.7449619,0.3052518,0.56138587,0.28656328,0.5950535,0.5139863,0.5436695,0.51289827,0.5873931,0.6803542,0.5325308,0.68276274,0.5843037,0.8499656,0.5168864,0.8456277
IMG_20241101_142221.jpg,go_side,0.43979526,0.33559415,0.44624066,0.3189661,0.42956716,0.3212281,0.4566223,0.33000603,0.41535708,0.3342395,0.48642054,0.41967747,0.39329505,0.40719515,0.5543411,0.45874566,0.35904342,0.44162464,0.6196591,0.45914665,0.42509252,0.4288543,0.45941716,0.66594255,0.40003127,0.66240954,0.45582646,0.8560243,0.3932877,0.8486634,0.4436093,0.9841266,0.37391844,0.9636014
IMG_20241101_142221_1.jpg,go_side,0.42634097,0.19854853,0.43338385,0.1821077,0.41557777,0.1849284,0.44498807,0.19293395,0.4019388,0.19802228,0.47316697,0.2855617,0.3820597,0.2744609,0.54000956,0.32370013,0.345297,0.30519697,0.6010087,0.32293296,0.40433347,0.29449388,0.44892967,0.5244679,0.39364934,0.5209479,0.4429311,0.69444996,0.38503832,0.6888752,0.4355436,0.8625018,0.3671067,0.85256094
IMG_20241101_142222.jpg,go_side,0.47969666,0.23790413,0.48604956,0.22167982,0.46940595,0.22464599,0.4960322,0.23148485,0.45630252,0.23675461,0.52210796,0.3186146,0.43668738,0.3104751,0.5871039,0.35342532,0.4034684,0.34079537,0.64725024,0.35534948,0.4631268,0.3267116,0.50026923,0.54586166,0.448588,0.5438014,0.49158722,0.70912325,0.43793336,0.7052495,0.48688266,0.87396246,0.42079034,0.8670097
IMG_20241101_142222_1.jpg,go_side,0.4750904,0.24919532,0.48076707,0.23300444,0.46400043,0.2364045,0.490124,0.24167381,0.45041472,0.25013268,0.5164293,0.3222327,0.43249738,0.32323486,0.5817296,0.3517595,0.405985,0.35645807,0.63394225,0.34302858,0.46271557,0.3365769,0.5049257,0.5432026,0.4522741,0.5462904,0.5020811,0.7044671,0.44845858,0.7112737,0.50247735,0.864678,0.43423644,0.86839145
IMG_20241101_142223.jpg,go_side,0.4620485,0.23842946,0.4674998,0.22273318,0.4517613,0.22559759,0.47658688,0.23223057,0.43770412,0.23815149,0.50438213,0.31909353,0.41831926,0.3118686,0.56548506,0.35080394,0.3889677,0.34270042,0.62576324,0.34898347,0.44487387,0.32899943,0.48355952,0.5400165,0.43123165,0.538875,0.48137185,0.7048761,0.42241532,0.70275986,0.47156405,0.87289155,0.41321063,0.8707315
IMG_20241101_142224.jpg,go_side,0.46622416,0.17401205,0.47235575,0.15833539,0.4555929,0.16030616,0.48195136,0.17071511,0.44044155,0.17472693,0.5123401,0.2630282,0.4187054,0.2512997,0.57801825,0.3000536,0.38741353,0.28241536,0.63909596,0.29953104,0.44395685,0.26910585,0.48685282,0.50181234,0.42945164,0.49773785,0.4802898,0.67469484,0.41759872,0.669719,0.46632755,0.84973973,0.40448955,0.84327984
IMG_20241101_142225.jpg,go_side,0.4214484,0.20312287,0.42752716,0.18634953,0.40977684,0.1900582,0.43837053,0.19965243,0.39514163,0.208011,0.47119468,0.29257685,0.37498897,0.28872457,0.5420961,0.32566983,0.34267026,0.32272857,0.6028251,0.31638765,0.41216767,0.29996905,0.4557399,0.54436743,0.39638722,0.54636294,0.45791116,0.728462,0.3935755,0.7311066,0.45458958,0.91276765,0.3822321,0.91405165
IMG_20241101_142225_1.jpg,go_side,0.4113332,0.25143117,0.4183278,0.23339874,0.39914295,0.23748076,0.43005925,0.24748763,0.382647,0.25599384,0.46652052,0.34781757,0.35919565,0.33951923,0.54244065,0.38845405,0.32222456,0.38012278,0.61297035,0.38309214,0.3960485,0.35822177,0.4476052,0.6294831,0.37895975,0.6290299,0.44399846,0.8416973,0.37258908,0.8371848,0.0,0.0,0.35398954,0.9586874
IMG_20241101_142225_2.jpg,go_side,0.4012498,0.17234549,0.40934786,0.15207496,0.3877392,0.15738359,0.42448854,0.16717409,0.3724314,0.17887494,0.46415055,0.27299398,0.3468871,0.26782984,0.5487771,0.31639773,0.3003348,0.30903962,0.622503,0.31056315,0.38688153,0.28609267,0.44544423,0.5828057,0.3707381,0.58503354,0.44218552,0.8044671,0.37083477,0.80841815,0.44263786,0.9904952,0.34972075,0.9778058
IMG_20241101_142226.jpg,go_side,0.38380668,0.18244165,0.39353728,0.16041122,0.3687745,0.16546912,0.40962717,0.18004636,0.35058078,0.19066921,0.45328608,0.3014155,0.32084185,0.29232943,0.5458843,0.35537633,0.2634535,0.34868422,0.6359231,0.34636146,0.3637693,0.3107577,0.43031785,0.66812605,0.34472755,0.66787356,0.4207854,0.9203201,0.34514683,0.9106771,0.0,0.0,0.0,0.0
IMG_20241101_142227.jpg,go_side,0.40159655,0.12960695,0.41146544,0.105499856,0.38490346,0.11332846,0.43018222,0.12565354,0.367011,0.14258425,0.4785662,0.25448215,0.33993986,0.25368208,0.5808523,0.30334726,0.2758644,0.3159677,0.6802797,0.2848816,0.38681707,0.26939532,0.4611682,0.64563346,0.37175018,0.65241444,0.45947212,0.91259766,0.38265556,0.9125117,0.0,0.0,0.0,0.0
IMG_20241101_142228.jpg,go_side,0.33685738,0.13334404,0.35018831,0.1073695,0.31977147,0.11603989,0.37772137,0.1330646,0.30524296,0.15072943,0.43127388,0.2750825,0.2754023,0.271178,0.5508285,0.32909957,0.19222204,0.34199983,0.6689009,0.30980557,0.31228352,0.29150063,0.40827963,0.713352,0.3068934,0.720051,0.0,0.0,0.0,0.0,0.0,0.0,0.0,0.0
IMG_20241101_142228_1.jpg,go_side,0.36378947,0.20497437,0.3751412,0.17935629,0.3443221,0.18696755,0.39837235,0.20403816,0.32471883,0.2207428,0.45379364,0.35534987,0.29472727,0.34813505,0.56880766,0.39979845,0.21439,0.42602283,0.6797912,0.37933242,0.34924197,0.37163877,0.43399113,0.80188733,0.32614222,0.8058044,0.0,0.0,0.0,0.0,0.0,0.0,0.0,0.0
IMG_20241101_142229.jpg,go_side,0.53667533,0.14921103,0.5455821,0.12300164,0.51599574,0.12996395,0.5614418,0.14594142,0.48914224,0.162599,0.6145144,0.29628444,0.46030137,0.29310238,0.7297872,0.34723905,0.40242797,0.36977196,0.8445138,0.33371136,0.52254,0.31586358,0.5974732,0.74786305,0.49434602,0.7524094,0.0,0.0,0.0,0.0,0.0,0.0,0.0,0.0
IMG_20241101_142229_1.jpg,go_side,0.53289914,0.20063177,0.54121196,0.17382514,0.51143265,0.18039836,0.55645484,0.19168998,0.48234025,0.2080589,0.60505426,0.34273267,0.4523304,0.34055334,0.7139373,0.39818275,0.39910892,0.42635095,0.8236049,0.3792873,0.5239524,0.3738688,0.59063315,0.790915,0.48653588,0.7989025,0.0,0.0,0.0,0.0,0.0,0.0,0.0,0.0
pose1001.png,go_side,0.4393103,0.2745462,0.4461848,0.25805396,0.42991057,0.2589265,0.456451,0.25821468,0.41770172,0.26097324,0.4818875,0.33055034,0.39745396,0.34362912,0.54393494,0.34741855,0.37388474,0.40514603,0.60452366,0.33707768,0.4165744,0.39308015,0.47178978,0.558551,0.4219706,0.56743395,0.4687186,0.7184514,0.42138234,0.7288828,0.46239868,0.85746324,0.42575532,0.87950695
pose1006.png,go_side,0.4397138,0.26974162,0.4466827,0.2528415,0.43030247,0.25383797,0.45728844,0.2517492,0.41831803,0.2545106,0.48142242,0.32652894,0.39857808,0.33741707,0.54145813,0.35299632,0.37381524,0.3994274,0.60222834,0.3551472,0.41395205,0.38871697,0.46961308,0.5527943,0.42097488,0.561056,0.46728808,0.70979655,0.42100564,0.7211844,0.4615221,0.8472681,0.42358384,0.86982566
pose11125.png,go_side,0.5084697,0.20779982,0.51828635,0.19009084,0.5002117,0.19202904,0.5338093,0.19235791,0.4876675,0.19898143,0.5593462,0.2778827,0.46640593,0.2951309,0.6049248,0.29913312,0.4084293,0.3150411,0.54248863,0.31230354,0.34226438,0.33235824,0.5433442,0.53086025,0.48860294,0.533841,0.55494404,0.69529223,0.5012368,0.70081496,0.5585671,0.86238,0.52070093,0.8539353
pose11128.png,go_side,0.47078165,0.16963154,0.480828,0.15448225,0.46336287,0.15384412,0.49411488,0.1622979,0.45091707,0.16400358,0.5172275,0.24740821,0.42817363,0.25534913,0.5625601,0.2736977,0.36956632,0.27395627,0.5036186,0.27881068,0.29997796,0.28621742,0.49871722,0.5048143,0.44365755,0.5043777,0.5088857,0.67111874,0.45348424,0.67202723,0.5106085,0.83949983,0.46961832,0.8405146
pose11134.png,go_side,0.46423548,0.17328738,0.47414008,0.15690392,0.4558835,0.1572951,0.4876643,0.16329081,0.44231176,0.16753955,0.514188,0.251093,0.41628733,0.2587414,0.5625596,0.28532726,0.35273972,0.27545258,0.5018632,0.28425178,0.27989328,0.28515697,0.49029428,0.5108043,0.42991167,0.5092595,0.49927324,0.67409736,0.43262434,0.6812549,0.49510255,0.84040374,0.4498067,0.84650236
pose11140.png,go_side,0.50867045,0.11614855,0.51851374,0.099107,0.5002636,0.099509336,0.5305611,0.10516834,0.48467907,0.1072335,0.55504024,0.19679284,0.4573246,0.20118645,0.6100997,0.22951451,0.3955868,0.21551162,0.5491282,0.2243078,0.32307622,0.22481969,0.52485186,0.45556256,0.46772853,0.4506515,0.5293845,0.61554754,0.46965748,0.6164991,0.52477485,0.7840761,0.48157987,0.7792144
pose11145.png,go_side,0.3675692,0.18156649,0.37661916,0.16337971,0.35800678,0.16599303,0.38872916,0.16628638,0.34216815,0.17458229,0.41498566,0.25447085,0.31869486,0.26976463,0.47086364,0.287819,0.2557965,0.29541376,0.41080588,0.2909949,0.18152711,0.3162174,0.39632794,0.50899374,0.34037033,0.5105323,0.40733463,0.67987883,0.35036743,0.68857235,0.40835786,0.8461426,0.3654147,0.8460628
pose11150.png,go_side,0.4434452,0.15209092,0.45148596,0.13532655,0.43353528,0.13633397,0.459447,0.1397024,0.4163565,0.14476837,0.48324093,0.22605392,0.38929322,0.23532948,0.54292905,0.25800195,0.32461187,0.25937244,0.48521662,0.25877932,0.25309378,0.27239782,0.4610304,0.47941357,0.40629998,0.47814178,0.4692021,0.6487366,0.41241685,0.65530896,0.46780467,0.80537313,0.42319942,0.8111909
pose12001.png,go_side,0.39817005,0.16139719,0.40752745,0.14537278,0.3899185,0.14558046,0.4191033,0.15409508,0.3744735,0.15514633,0.44694266,0.24256617,0.3462863,0.2502221,0.5021127,0.272034,0.28236264,0.2705483,0.439951,0.27161515,0.20668045,0.2841826,0.42167848,0.48924547,0.36217886,0.4873101,0.42705807,0.66194624,0.36817688,0.6628275,0.42264014,0.81772006,0.3824198,0.81736046
pose12006.png,go_side,0.51616216,0.10495442,0.5263222,0.090529546,0.5075026,0.08804455,0.5377015,0.09930973,0.49188575,0.09566477,0.55971926,0.18512295,0.46311775,0.18524547,0.6172333,0.21625327,0.39881968,0.19611649,0.5571938,0.21046501,0.33005548,0.20318247,0.5290118,0.43302616,0.47333613,0.42614734,0.52879584,0.60204,0.47201052,0.6019303,0.5259983,0.7613961,0.48313183,0.7628525
pose12011.png,go_side,0.40851635,0.16963382,0.41834244,0.15251414,0.39993984,0.15349038,0.43192014,0.15887597,0.3853671,0.16187707,0.4595751,0.2481575,0.3595083,0.2552959,0.5105577,0.2805412,0.29880524,0.27402717,0.45231017,0.27245477,0.2249804,0.2851233,0.4350508,0.50051445,0.37586543,0.4985395,0.4443275,0.6651856,0.38178825,0.6669412,0.4373471,0.828686,0.3982807,0.82532924
pose12012.png,go_side,0.41335583,0.18897389,0.4230721,0.17216843,0.40503034,0.17287074,0.43619666,0.17649719,0.39076033,0.18002027,0.4612348,0.26132745,0.3657488,0.26982915,0.5144051,0.29730225,0.30449572,0.28899625,0.4556796,0.29044536,0.23113398,0.30189562,0.43835765,0.51029706,0.38216215,0.5086654,0.44726354,0.6732649,0.38572943,0.68062645,0.44877285,0.8381293,0.40301722,0.83957535
pose12018.png,go_side,0.394872,0.05855755,0.40213594,0.042414602,0.38433832,0.04620637,0.41672087,0.051433902,0.37288585,0.060914867,0.4503859,0.13890077,0.34783095,0.14634098,0.51148075,0.1559742,0.28839684,0.18045796,0.5771883,0.16114113,0.33189273,0.16992821,0.43557692,0.3786072,0.37417397,0.38819462,0.44230574,0.5514993,0.38641316,0.5598029,0.43684515,0.7256268,0.3928855,0.7338908
pose12023.png,go_side,0.38574457,0.07955064,0.39314657,0.060483284,0.37424317,0.06414198,0.4067753,0.06602074,0.36011675,0.07485427,0.43771607,0.16226201,0.33119673,0.1663185,0.4984661,0.1783474,0.26939872,0.19947629,0.5630802,0.18272567,0.31489316,0.18228607,0.4192953,0.40779075,0.3572459,0.4152564,0.4179647,0.58337396,0.36125487,0.59280086,0.41403103,0.7491542,0.36935395,0.75820506
pose12028.png,go_side,0.5133656,0.18153042,0.521728,0.16311906,0.50341713,0.1651148,0.53787625,0.16766693,0.49185944,0.17292722,0.5659688,0.26212728,0.46373153,0.26322564,0.6239606,0.27594164,0.4017958,0.29558444,0.6900178,0.27764153,0.45055622,0.28759536,0.54241097,0.4996543,0.48248386,0.5039352,0.53244287,0.6789972,0.48510092,0.6848938,0.5324464,0.84564173,0.48530054,0.8451964
pose12032.png,go_side,0.3664958,0.15810187,0.37373215,0.13838567,0.35478142,0.14216353,0.38747334,0.14270878,0.34092978,0.15278812,0.41875324,0.23799941,0.31469172,0.245693,0.4814314,0.2547651,0.25628263,0.28104642,0.54478616,0.25623676,0.2963794,0.26306826,0.408357,0.48609304,0.3469695,0.4953841,0.4078207,0.6565717,0.3571983,0.6697404,0.4093381,0.8294925,0.36589083,0.8378924
pose12037.png,go_side,0.4455263,0.1505524,0.45415062,0.13320008,0.43521053,0.13403516,0.46891946,0.14109573,0.42271155,0.1427494,0.49518782,0.23839171,0.39363343,0.23141645,0.55773556,0.25881222,0.33199626,0.2560473,0.62525445,0.27011454,0.37590098,0.2510662,0.46782437,0.47300312,0.4088997,0.47404668,0.46074694,0.6576014,0.4089233,0.6597674,0.45742258,0.8192556,0.4057176,0.8201314
pose12042.png,go_side,0.34416392,0.17891724,0.35239545,0.16063389,0.33366528,0.16264449,0.36772454,0.1654753,0.3211769,0.17049263,0.39781135,0.26091865,0.29282433,0.26000607,0.4577485,0.28181946,0.23093438,0.29164258,0.52311337,0.28681642,0.2762432,0.27827102,0.37795916,0.5057482,0.3162461,0.51075125,0.37502867,0.68487835,0.3197268,0.6923595,0.37298548,0.8497805,0.3218668,0.85634816
pose12047.png,go_side,0.22855386,0.10660829,0.23640719,0.08726627,0.21626763,0.09189546,0.25099027,0.09492887,0.20203502,0.105706535,0.28177822,0.19161214,0.17361954,0.19717297,0.3494845,0.20469962,0.1054289,0.22677678,0.41869587,0.21035466,0.15833148,0.21372132,0.2676962,0.444276,0.20449576,0.45441166,0.26770478,0.62146014,0.21253626,0.6355978,0.2742607,0.79234594,0.21657607,0.7992456
pose12052.png,go_side,0.54346526,0.24259472,0.55246276,0.22546235,0.53333175,0.22462106,0.56589794,0.23349555,0.5189189,0.23088464,0.5911428,0.33508846,0.4862915,0.3183405,0.6529413,0.36423767,0.42160028,0.33835077,0.7190827,0.38424656,0.46670896,0.3316813,0.5509992,0.5764294,0.49060854,0.5713443,0.5352298,0.7537738,0.48350334,0.7507602,0.5189563,0.9127955,0.4732399,0.91289496
pose12057.png,go_side,0.48303708,0.17131716,0.4926668,0.15394415,0.47308192,0.15205444,0.50681394,0.16217984,0.45840916,0.15711337,0.5298998,0.26266629,0.42345256,0.23944151,0.58718574,0.2974418,0.36101457,0.25858074,0.6527734,0.32198814,0.4089857,0.26050916,0.4868788,0.5062477,0.42366487,0.49694172,0.46853584,0.6786601,0.4155838,0.67076737,0.4541903,0.8464159,0.41049355,0.8388995
pose12062.png,go_side,0.43625373,0.13179618,0.44565716,0.11475955,0.4264481,0.1123998,0.45964032,0.12269391,0.4122754,0.117579415,0.48407525,0.22159632,0.37784976,0.20551294,0.5430396,0.2530357,0.31498542,0.22892345,0.6065167,0.27062523,0.36042398,0.22020163,0.4474505,0.46886876,0.38387394,0.46323705,0.43070596,0.6435229,0.3741015,0.64097273,0.41728228,0.80364174,0.3650846,0.8050561
pose12067.png,go_side,0.44756722,0.115888044,0.45676008,0.09770383,0.437119,0.09778286,0.4712944,0.103549175,0.4231432,0.1029448,0.49805832,0.20585722,0.39072698,0.19384488,0.55918527,0.23157611,0.32639107,0.21903695,0.6258909,0.24820502,0.3741564,0.21094479,0.46084005,0.4545556,0.398596,0.45140085,0.44845137,0.6312204,0.39185262,0.62823826,0.43084154,0.7903573,0.38264722,0.78835356
pose12072.png,go_side,0.43568254,0.22082455,0.44490904,0.20380169,0.42678922,0.20094605,0.45770782,0.21164708,0.41326728,0.20565107,0.48256224,0.31038097,0.37794107,0.29972947,0.5407282,0.34684604,0.31466863,0.33444887,0.60622835,0.36637646,0.3586505,0.31467786,0.45128697,0.5639199,0.38911545,0.5615583,0.43222004,0.74540013,0.38114342,0.74522656,0.4168806,0.9120741,0.37302595,0.91953987
pose14115.png,go_side,0.4415699,0.2985955,0.45070344,0.2848255,0.43399438,0.28345287,0.4595557,0.2919705,0.41822058,0.29062775,0.47703868,0.3688231,0.39430565,0.36855054,0.5264703,0.3958743,0.32992417,0.3694949,0.4722886,0.38743323,0.26350075,0.36657214,0.45574093,0.6193127,0.40581194,0.6145572,0.4565032,0.7963684,0.4091715,0.79850495,0.45837337,0.9745433,0.4069497,0.9709405
pose14120.png,go_side,0.37021068,0.30099866,0.3787568,0.28758138,0.36264378,0.28577733,0.38590294,0.29328597,0.34648216,0.2924108,0.40524668,0.3656826,0.31937557,0.3683755,0.4534402,0.39101186,0.24948235,0.37087613,0.40167665,0.38733774,0.18224362,0.37031868,0.3904403,0.62113774,0.3361153,0.6197927,0.39201424,0.79295635,0.33432978,0.80248106,0.39432478,0.9556856,0.33285883,0.9672521
pose14125.png,go_side,0.4165879,0.22925378,0.42537564,0.21613443,0.40921125,0.21305075,0.4319721,0.2267189,0.39007527,0.21875714,0.44685015,0.30555075,0.36116078,0.29297093,0.49276033,0.33311912,0.29154855,0.28231448,0.4380621,0.32081056,0.2236357,0.26273674,0.41657072,0.54610246,0.36584944,0.53596133,0.41183892,0.72368443,0.3652956,0.71521777,0.40833688,0.8956367,0.35446677,0.8874488
pose14130.png,go_side,0.32776,0.2929836,0.33716094,0.27829129,0.3203016,0.2771675,0.34572712,0.2854082,0.30261937,0.28184465,0.36437064,0.36423525,0.27655974,0.35809866,0.41447744,0.39258602,0.21042792,0.35292906,0.35739386,0.37960958,0.13973789,0.33646235,0.33662394,0.61227477,0.2850028,0.6033408,0.33103535,0.7922528,0.2811161,0.785105,0.3257387,0.96944153,0.2713243,0.95481646
pose14135.png,go_side,0.35447,0.30290323,0.3632555,0.28858438,0.34657294,0.2867616,0.36969358,0.29439604,0.3288163,0.2917084,0.38704574,0.3724019,0.30392098,0.36734864,0.43714613,0.4022061,0.23683509,0.35958984,0.3837165,0.39619365,0.16869734,0.3400071,0.36683878,0.6243271,0.31651002,0.6171309,0.36264303,0.7961914,0.31580958,0.7935171,0.35781845,0.9706021,0.30796725,0.96628404
pose14140.png,go_side,0.36112738,0.31217927,0.36799902,0.2962527,0.35155207,0.29549903,0.3752822,0.30024806,0.33412722,0.2977373,0.39538476,0.38319746,0.30445185,0.37080815,0.45305735,0.38431847,0.25160715,0.38261676,0.50884867,0.37829158,0.30725163,0.37969127,0.3771583,0.6245251,0.32237387,0.62363535,0.36965233,0.8005327,0.32190412,0.7993686,0.36937395,0.9698524,0.3089414,0.97021586
pose14145.png,go_side,0.48886093,0.2787941,0.4957087,0.26285008,0.47955504,0.26316383,0.50402343,0.2689582,0.4642171,0.2689879,0.526302,0.3556834,0.4398561,0.35135514,0.5848434,0.35934973,0.38958263,0.37585402,0.64178836,0.3507795,0.4411822,0.36187735,0.5135309,0.5995195,0.46271282,0.6014176,0.5079125,0.78689015,0.46480766,0.782022,0.50713587,0.9590996,0.44909763,0.95750886
pose14150.png,go_side,0.43427473,0.23253483,0.44061652,0.21550499,0.42411846,0.21723306,0.44878674,0.21871848,0.40830198,0.22161838,0.46907306,0.30065948,0.3834234,0.2971651,0.5272083,0.30614406,0.3334811,0.31874388,0.58613193,0.2976468,0.38727283,0.30563813,0.4573202,0.53797346,0.40664402,0.5416165,0.4542951,0.7252572,0.4087495,0.72457784,0.46053666,0.89739966,0.40007257,0.89468384
pose3005.jpg,go_side,0.36852044,0.28339565,0.37760958,0.26830885,0.3608831,0.26733613,0.38937107,0.27273697,0.34881526,0.27274048,0.41154075,0.36110383,0.3269442,0.3502557,0.44319525,0.42960113,0.26385894,0.36023152,0.39719233,0.41669273,0.19218808,0.34363386,0.39466402,0.600956,0.34117186,0.5941486,0.39746422,0.7530182,0.3372487,0.7586292,0.3876978,0.8967868,0.34632045,0.9065287
pose3010.jpg,go_side,0.5152981,0.27471334,0.5243616,0.26018146,0.5074781,0.25927383,0.53606856,0.26515013,0.49509984,0.26397592,0.5556943,0.34907424,0.47204337,0.33942807,0.58863544,0.4191396,0.41128573,0.351218,0.5418513,0.40483266,0.34277403,0.33326423,0.534444,0.5781178,0.48460037,0.57017916,0.53615916,0.7378133,0.48193032,0.73975956,0.52613056,0.8868204,0.48838758,0.8801238
pose6084.png,go_side,0.3068314,0.26556796,0.31651613,0.2511244,0.29912275,0.24888113,0.32953483,0.2509909,0.28690177,0.24740054,0.35061535,0.32550764,0.26487878,0.32004246,0.38711438,0.38817322,0.20894416,0.3269573,0.3339874,0.39657313,0.14556387,0.3104779,0.33341283,0.5625232,0.28260553,0.55772066,0.33575574,0.719674,0.28296536,0.72850764,0.3274149,0.86275417,0.2916918,0.87105936
pose6095.png,go_side,0.29370207,0.23712596,0.30044088,0.22083391,0.28349024,0.22097348,0.31162605,0.22110108,0.26931828,0.22345683,0.33637282,0.29521343,0.25167358,0.31093377,0.3954273,0.301044,0.23328733,0.36690882,0.45912915,0.27664673,0.27192426,0.3582541,0.32814294,0.5286778,0.2771646,0.5400956,0.33330175,0.6858597,0.2805062,0.69855374,0.32612842,0.8351208,0.29091576,0.86102015
pose6111.png,go_side,0.51765835,0.24046783,0.52452385,0.22501233,0.5082916,0.22491853,0.5355972,0.22686571,0.49517098,0.22797403,0.55928826,0.30241382,0.47579402,0.31263554,0.6184065,0.3159701,0.4512612,0.36465755,0.68217456,0.30611056,0.48792893,0.35388532,0.545006,0.53349686,0.49507117,0.54136956,0.54336274,0.6884611,0.49280676,0.69797593,0.537068,0.8393139,0.49486017,0.8558542
pose6115.png,go_side,0.38010004,0.26076856,0.38713756,0.24431801,0.3705812,0.24577212,0.39853898,0.24593803,0.35936227,0.2500043,0.42424798,0.32015884,0.34084162,0.33255038,0.48838645,0.3307759,0.313667,0.38888958,0.54544187,0.31462717,0.35028294,0.3836087,0.41073823,0.55118495,0.36198384,0.5589433,0.4103114,0.7116235,0.3646858,0.7206762,0.4062434,0.8522268,0.36790588,0.8724872
pose6144.png,go_side,0.43416157,0.3033833,0.44092184,0.28596216,0.4244297,0.28847367,0.45333448,0.28390002,0.41364232,0.29089728,0.4804089,0.35530028,0.39679235,0.37276238,0.5422168,0.3723331,0.37158757,0.43600717,0.60099924,0.3601774,0.41022706,0.42309678,0.46915975,0.58335984,0.41993928,0.5935802,0.46689716,0.7422226,0.420269,0.7559078,0.46124777,0.8795668,0.4237659,0.89984345
pose6150.png,go_side,0.4373364,0.27458194,0.44436175,0.25820127,0.42790127,0.2592034,0.45542374,0.25856772,0.41628748,0.2618399,0.48125023,0.32878086,0.39685106,0.3429876,0.54328716,0.3451196,0.3721656,0.40509343,0.6026131,0.33553728,0.41279903,0.39360717,0.4707066,0.55934846,0.42087308,0.56846213,0.46778613,0.7198819,0.42082858,0.7308944,0.4619589,0.85880643,0.42521077,0.88193476
pose7098.jpg,go_side,0.48323527,0.3534789,0.4899423,0.33738077,0.47460723,0.3379676,0.50000095,0.33895814,0.46349922,0.34073937,0.5245918,0.41303545,0.44302064,0.42375875,0.5898935,0.43366605,0.42404008,0.49059957,0.64488685,0.4385287,0.46711722,0.4834483,0.50496936,0.63707316,0.4565186,0.64222884,0.50493366,0.79597455,0.45759088,0.7939931,0.49853086,0.92304087,0.4588089,0.9266665
pose7100.jpg,go_side,0.48112145,0.3819899,0.48767847,0.36554083,0.4716149,0.36699948,0.497612,0.3657348,0.45874333,0.37003717,0.5224868,0.43559286,0.44070357,0.45275515,0.5882455,0.43312845,0.4244458,0.5148803,0.64275753,0.4171688,0.4677313,0.50644386,0.50724137,0.6673193,0.45799813,0.67488223,0.5067496,0.8292011,0.45784456,0.8300331,0.49805903,0.9568745,0.45793825,0.96225256
pose7102.jpg,go_side,0.48196793,0.41103876,0.4882233,0.39497405,0.47297844,0.396592,0.4980246,0.39572263,0.46102113,0.40055975,0.52342105,0.46371612,0.44201463,0.48126653,0.5881055,0.46252924,0.42473608,0.54297364,0.6415328,0.44792166,0.46867275,0.5353486,0.50765204,0.6952156,0.4580803,0.70342964,0.50743246,0.85996664,0.45935065,0.8630682,0.4969275,0.97555727,0.4581944,0.97940063
pose7123.jpg,go_side,0.47995466,0.22715153,0.4870077,0.21059705,0.47012347,0.2129845,0.49964482,0.21379009,0.45968944,0.21983685,0.5266427,0.28954044,0.44261304,0.29852375,0.5944983,0.29474342,0.4166947,0.34257036,0.6567899,0.28011405,0.46022615,0.34020287,0.5075658,0.5270104,0.457932,0.53184366,0.505613,0.6947782,0.4618548,0.6974467,0.5018023,0.8392646,0.46003833,0.8408
pose7124.jpg,go_side,0.5996515,0.22263423,0.60645324,0.20631209,0.58983314,0.20756266,0.61746615,0.20833196,0.5766034,0.21228676,0.6417889,0.29290047,0.55733377,0.29949793,0.70437765,0.29947507,0.53367925,0.340086,0.7685791,0.2881368,0.58195645,0.34251717,0.6229425,0.5268595,0.5725621,0.5315507,0.6169013,0.6882386,0.5725988,0.6946728,0.61088324,0.83975077,0.5663899,0.84494615
pose7128.jpg,go_side,0.71097386,0.25568357,0.7183884,0.23996268,0.7017163,0.24084178,0.73160326,0.24502201,0.6908587,0.24769387,0.75827914,0.32645112,0.672172,0.3300177,0.8227291,0.33574414,0.64354956,0.3731092,0.8918625,0.32401547,0.6821282,0.36711493,0.73139393,0.5609685,0.68022794,0.5625429,0.72584796,0.7292486,0.6763022,0.72677356,0.71544045,0.8815251,0.67465097,0.87954164
pose9100.png,go_side,0.565393,0.13989337,0.57587415,0.12620093,0.5593647,0.12386847,0.5900115,0.13441113,0.5482039,0.12929127,0.61007065,0.21911421,0.5270374,0.20394963,0.6544377,0.26132423,0.46714944,0.18820342,0.6034142,0.23981611,0.40518507,0.1655652,0.5741884,0.45695233,0.5254442,0.44310954,0.5630851,0.62746894,0.51932263,0.6221539,0.5551799,0.8182468,0.5115612,0.80123603
pose9105.png,go_side,0.6054618,0.25639617,0.61491174,0.24330525,0.5987571,0.24136306,0.62913185,0.24892853,0.58899724,0.24638508,0.65020365,0.32307392,0.5694462,0.3181492,0.6974555,0.35797417,0.5117965,0.31265733,0.6441686,0.34274733,0.45474058,0.3042417,0.62466526,0.55575484,0.5770212,0.54822123,0.6240941,0.72729546,0.5756007,0.7280675,0.62799424,0.9006243,0.57545006,0.8925521
pose9110.png,go_side,0.39025187,0.28076243,0.39956278,0.26643935,0.38394958,0.26579475,0.41384783,0.2712804,0.37460676,0.269354,0.43683586,0.34640586,0.35434383,0.34089634,0.48123726,0.38454053,0.29139882,0.33921474,0.42920217,0.37299755,0.22836891,0.32357982,0.41301402,0.5805628,0.36251074,0.57494193,0.41583353,0.7584169,0.37033135,0.75832164,0.4226374,0.93122625,0.36805108,0.921404
IMG_20241101_142028.jpg,go_forward,0.5355478,0.23734157,0.544005,0.22471133,0.52653563,0.22300072,0.5538405,0.23684083,0.51106507,0.23745714,0.5728478,0.29356134,0.49079657,0.33619687,0.60581064,0.1996401,0.48675644,0.3764601,0.5400451,0.17730084,0.5474346,0.36425072,0.55519795,0.5781251,0.50065535,0.58712304,0.5543159,0.7729678,0.49698484,0.76273423,0.5481101,0.9366878,0.49957317,0.9353444
IMG_20241101_142029.jpg,go_forward,0.49381799,0.16195412,0.5019651,0.14988747,0.4844076,0.14777496,0.51047677,0.16316253,0.46787974,0.16351673,0.52803475,0.21792038,0.44922438,0.2642575,0.5633614,0.12206102,0.44743457,0.3088939,0.50350994,0.09865889,0.50766176,0.29559296,0.5165699,0.5048978,0.46446067,0.51585925,0.51423645,0.69798356,0.46110564,0.68867856,0.5121824,0.8579225,0.46526057,0.86076254
IMG_20241101_142030.jpg,go_forward,0.48214465,0.20276368,0.49067822,0.18984231,0.4730399,0.18829606,0.50023836,0.20087755,0.4572736,0.2017469,0.518358,0.2560309,0.43802682,0.30118144,0.55260324,0.15929432,0.43300858,0.34388682,0.4907172,0.13952358,0.49478886,0.3368763,0.5067655,0.546409,0.4532234,0.55773956,0.5065135,0.7437132,0.45101047,0.73637587,0.5073755,0.9037897,0.4534349,0.9066101
IMG_20241101_142031.jpg,go_forward,0.51732624,0.27547264,0.52617985,0.2619608,0.50781274,0.26179397,0.5381253,0.27366674,0.49330875,0.27793363,0.5582692,0.3248972,0.4762984,0.377263,0.58751565,0.22353125,0.4705085,0.42565295,0.5264465,0.20759621,0.5327636,0.40757906,0.55369586,0.62570256,0.49714887,0.6420852,0.55669904,0.8252114,0.49895555,0.82352006,0.5614674,0.98011583,0.5044472,0.9847939
IMG_20241101_142032.jpg,go_forward,0.52451473,0.21636325,0.534431,0.20429137,0.51599497,0.20071447,0.54657125,0.21851689,0.5013499,0.21478885,0.56629527,0.27593544,0.4790651,0.31696457,0.60168,0.17770872,0.46901432,0.36102766,0.53777456,0.15103008,0.53422284,0.35157418,0.5463234,0.5746143,0.4887838,0.5832608,0.54182166,0.773882,0.48440692,0.76312286,0.5375468,0.94482195,0.48545915,0.95098466
IMG_20241101_142032_1.jpg,go_forward,0.5457248,0.28679582,0.55534303,0.27306476,0.5367438,0.26973504,0.5669856,0.28662127,0.52175593,0.28405073,0.5850136,0.34499627,0.499161,0.38540134,0.62020403,0.23812787,0.48810807,0.42872393,0.55199546,0.21549734,0.5552858,0.43127036,0.56265265,0.65540516,0.50425446,0.66133267,0.5596519,0.86073446,0.4996192,0.8382215,0.0,0.0,0.4968714,0.980013
IMG_20241101_142033_1.jpg,go_forward,0.50752974,0.23771445,0.5173145,0.2241492,0.49901333,0.22034168,0.52988696,0.23697679,0.48480672,0.23361918,0.5500293,0.30095813,0.4605537,0.34083572,0.582807,0.19387269,0.4478791,0.37773535,0.5135734,0.16181855,0.5133972,0.3841769,0.5284946,0.60793567,0.46914393,0.6144912,0.5250342,0.79842407,0.4657939,0.7805894,0.522,0.97934926,0.46930203,0.9702931
IMG_20241101_142035_1.jpg,go_forward,0.409363,0.29008353,0.42099532,0.2743279,0.3996885,0.2720302,0.43679866,0.2908629,0.38551322,0.2899012,0.46087432,0.3588626,0.36048886,0.40430167,0.5003098,0.2417167,0.33443,0.46019647,0.4207116,0.20188314,0.41531482,0.44864467,0.44297484,0.728053,0.3722193,0.7378042,0.44350976,0.96909773,0.37071565,0.94790584,0.0,0.0,0.0,0.0
IMG_20241101_142036.jpg,go_forward,0.35804275,0.2711791,0.3700688,0.2555217,0.34716463,0.25403485,0.38686097,0.27736658,0.33223832,0.27734214,0.41802374,0.35121435,0.30583125,0.39698792,0.45340797,0.21829107,0.2772879,0.45566478,0.36097962,0.17780802,0.36526814,0.4448791,0.4043238,0.7512879,0.32287493,0.76215345,0.0,0.0,0.0,0.0,0.0,0.0,0.0,0.0
IMG_20241101_142037.jpg,go_forward,0.42813617,0.25247586,0.4396976,0.23762827,0.41833037,0.23418818,0.45555136,0.25600445,0.40386292,0.2535538,0.47754157,0.3231725,0.3805594,0.3692656,0.51230913,0.20657803,0.36306074,0.42045528,0.43709594,0.17409101,0.43919617,0.41047004,0.46103308,0.6725661,0.3934712,0.68266857,0.46441472,0.8965329,0.39271477,0.87709475,0.0,0.0,0.0,0.0
IMG_20241101_142037_1.jpg,go_forward,0.4273278,0.257616,0.43667933,0.24580018,0.41854405,0.24384782,0.44790506,0.26152566,0.4037663,0.26120877,0.4670951,0.3135223,0.38316044,0.3563442,0.50353014,0.22150151,0.3762583,0.40121973,0.44116712,0.19224992,0.43882018,0.3928967,0.45125628,0.6119578,0.3943138,0.62200916,0.44657865,0.81014836,0.3888701,0.80505764,0.44529444,0.9726686,0.38893017,0.9749728
IMG_20241101_142038.jpg,go_forward,0.4421374,0.2619117,0.4505293,0.24954389,0.4330939,0.24670702,0.45937854,0.26260245,0.41690332,0.26103765,0.47786736,0.3173254,0.3949065,0.35892588,0.5147182,0.22684006,0.3913254,0.40616253,0.4551583,0.1961082,0.45519772,0.39405853,0.45962533,0.61157817,0.4040902,0.6196879,0.4564677,0.80623955,0.39588138,0.794697,0.4496625,0.9690553,0.3972486,0.96639407
IMG_20241101_142039.jpg,go_forward,0.37837186,0.18980825,0.38691026,0.17655227,0.36877126,0.1744971,0.39441547,0.18989669,0.35020012,0.1871638,0.41265398,0.25267336,0.33147582,0.28655192,0.44379118,0.17232215,0.33506793,0.33839557,0.3878941,0.12895365,0.39438987,0.33089545,0.39905566,0.5448629,0.34176686,0.55375856,0.39563456,0.7325281,0.33769125,0.7297835,0.39251807,0.8940429,0.33865407,0.9088391
IMG_20241101_142039_1.jpg,go_forward,0.36405095,0.2846706,0.37208283,0.270421,0.35433576,0.27004644,0.37944335,0.28232735,0.33568847,0.28486252,0.39909455,0.33871514,0.31736082,0.38498178,0.43297517,0.24587204,0.32318658,0.43527183,0.37354106,0.21402113,0.38591787,0.42714664,0.39868152,0.64884096,0.3403117,0.6631852,0.4011604,0.8597994,0.33654454,0.85854626,0.40114352,0.98665535,0.339247,0.98826045
IMG_20241101_142040.jpg,go_forward,0.4261055,0.2749013,0.43306628,0.25919077,0.41593093,0.26041037,0.4372141,0.26770747,0.39436975,0.273844,0.45765716,0.3229607,0.37783155,0.3778192,0.50220436,0.22699213,0.39326698,0.43205455,0.43812627,0.20005086,0.4551284,0.42192984,0.4635089,0.6527959,0.40662342,0.67010444,0.46727622,0.86934364,0.40470925,0.87107706,0.0,0.0,0.0,0.0
IMG_20241101_142040_1.jpg,go_forward,0.55078155,0.29655382,0.5585796,0.28080896,0.53880066,0.2782289,0.56364065,0.2925026,0.5156616,0.29304767,0.5841115,0.3541185,0.50029325,0.4085374,0.6233764,0.23966496,0.516454,0.46477494,0.56006557,0.21302325,0.5785967,0.45120794,0.59130436,0.7071523,0.52864873,0.72022814,0.6011927,0.9438827,0.5191702,0.92151093,0.0,0.0,0.0,0.0
IMG_20241101_142041.jpg,go_forward,0.5571837,0.30086607,0.56442523,0.2859202,0.54405963,0.28203222,0.5647148,0.30122992,0.5164011,0.29962194,0.5851014,0.37033075,0.49293667,0.4220428,0.63422,0.25120237,0.51505864,0.49235582,0.56766725,0.20916305,0.5873414,0.48308226,0.5779627,0.78428805,0.5058086,0.7903779,0.0,0.0,0.0,0.0,0.0,0.0,0.0,0.0
IMG_20241101_142041_1.jpg,go_forward,0.5328695,0.34262556,0.5414316,0.32499218,0.5188874,0.3204293,0.5457227,0.3418639,0.49057856,0.33669427,0.5661985,0.4333846,0.46388343,0.4716879,0.619737,0.29970077,0.4799238,0.5438272,0.5448237,0.2484909,0.5620539,0.5357057,0.55010635,0.8647947,0.47097594,0.862687,0.0,0.0,0.0,0.0,0.0,0.0,0.0,0.0
IMG_20241101_142043.jpg,go_forward,0.52774274,0.3166584,0.5361077,0.29718795,0.51422346,0.29350355,0.54131556,0.31436273,0.48495057,0.30888346,0.5619617,0.40747768,0.4578074,0.4404467,0.6190329,0.27839017,0.47478357,0.5178748,0.5415594,0.21128026,0.5582478,0.50224024,0.5435385,0.84462005,0.46314934,0.84410536,0.0,0.0,0.0,0.0,0.0,0.0,0.0,0.0
IMG_20241101_142045.jpg,go_forward,0.64446795,0.23709133,0.6516795,0.21729119,0.62948394,0.21473373,0.6536347,0.23379669,0.59724814,0.23432747,0.67524916,0.32083043,0.57469434,0.37193972,0.7306744,0.17669806,0.6003721,0.43611142,0.6576902,0.12930143,0.6773773,0.42893082,0.66315407,0.7602158,0.586591,0.7649141,0.0,0.0,0.0,0.0,0.0,0.0,0.0,0.0
IMG_20241101_142045_1.jpg,go_forward,0.52338266,0.20975645,0.53240657,0.19111677,0.5097034,0.18759179,0.5364343,0.21099672,0.4794317,0.20769644,0.5565475,0.29588395,0.45195967,0.33895162,0.6217028,0.1599309,0.45882937,0.41217938,0.5423625,0.1036877,0.5486793,0.4110734,0.53464496,0.7374196,0.45716095,0.738525,0.0,0.0,0.0,0.0,0.0,0.0,0.0,0.0
IMG_20241101_142046.jpg,go_forward,0.37755615,0.272215,0.38738284,0.2506244,0.36245358,0.24756347,0.395529,0.27009782,0.33342344,0.26735693,0.4186627,0.3738971,0.30573532,0.4113968,0.47727016,0.22949895,0.31179628,0.49185023,0.3897444,0.17036082,0.41118902,0.4782906,0.39875883,0.83524024,0.31223467,0.8329953,0.0,0.0,0.0,0.0,0.0,0.0,0.0,0.0
IMG_20241101_142047.jpg,go_forward,0.3566623,0.27437988,0.36747268,0.25210083,0.34031403,0.24941789,0.37928322,0.2734907,0.31237212,0.27289703,0.4087411,0.38139388,0.28485286,0.4280995,0.4686244,0.22178403,0.27911842,0.5185122,0.3705829,0.1596062,0.39226782,0.49824864,0.39525098,0.86743253,0.30099586,0.8711492,0.0,0.0,0.0,0.0,0.0,0.0,0.0,0.0
IMG_20241101_142047_1.jpg,go_forward,0.35992575,0.26119664,0.37307644,0.2394528,0.34397817,0.23762843,0.39108548,0.26403564,0.32128236,0.26612726,0.423098,0.36231324,0.29500285,0.42181876,0.47834495,0.19412473,0.27256307,0.5211109,0.37228274,0.13937876,0.39048558,0.4939988,0.40964946,0.86232966,0.3117802,0.87012744,0.0,0.0,0.0,0.0,0.0,0.0,0.0,0.0
IMG_20241101_142048.jpg,go_forward,0.45919654,0.24391074,0.47401002,0.22037102,0.4432679,0.21773091,0.49484447,0.24979503,0.4210178,0.2481786,0.5311784,0.37397853,0.38562566,0.41766912,0.58963805,0.18578397,0.34279022,0.50676024,0.47350368,0.1163036,0.47518495,0.4975006,0.4987876,0.90455246,0.3908581,0.90087366,0.0,0.0,0.0,0.0,0.0,0.0,0.0,0.0
IMG_20241101_142048_1.jpg,go_forward,0.49863845,0.25283644,0.51580125,0.22631258,0.48686838,0.22586039,0.54750425,0.2483356,0.47545022,0.24932504,0.5832165,0.3766567,0.44288075,0.41987962,0.6323545,0.18359034,0.3815157,0.49196717,0.51700157,0.13312602,0.50033945,0.50065076,0.5368549,0.8909246,0.43452716,0.88574475,0.0,0.0,0.0,0.0,0.0,0.0,0.0,0.0
IMG_20241101_142049.jpg,go_forward,0.634487,0.25959733,0.65165085,0.23266491,0.62336105,0.23467085,0.6866391,0.24943799,0.6136601,0.25740606,0.7274124,0.36764818,0.58422345,0.42994335,0.769851,0.17798881,0.52175725,0.5057876,0.64805377,0.14277291,0.6347782,0.50616133,0.68635947,0.8890311,0.5829319,0.8901323,0.0,0.0,0.0,0.0,0.0,0.0,0.0,0.0
IMG_20241101_142050.jpg,go_forward,0.46617743,0.29698378,0.48349437,0.2738337,0.45486552,0.27216148,0.51523507,0.29779238,0.44301993,0.29663455,0.5458575,0.4139842,0.4127767,0.4579445,0.5916929,0.23095557,0.34891942,0.53316844,0.4824216,0.17720412,0.46589813,0.5344721,0.50618225,0.9020882,0.4074168,0.9001075,0.0,0.0,0.0,0.0,0.0,0.0,0.0,0.0
IMG_20241101_142050_1.jpg,go_forward,0.4896418,0.23881717,0.5052996,0.2150482,0.4757986,0.21527605,0.5317829,0.23910592,0.45985478,0.24359734,0.5691068,0.35645452,0.43088743,0.40697718,0.6194166,0.16625449,0.3826087,0.47728303,0.5036476,0.11595641,0.5071741,0.4760504,0.53605753,0.8647998,0.43411404,0.86152035,0.0,0.0,0.0,0.0,0.0,0.0,0.0,0.0
IMG_20241101_142051.jpg,go_forward,0.49177915,0.18425259,0.50627846,0.16480377,0.47871745,0.16115095,0.52767235,0.1832861,0.46071377,0.18376692,0.5634379,0.2705587,0.43043357,0.34302115,0.61465734,0.10807401,0.40509054,0.43162408,0.50270444,0.05912668,0.5185928,0.41809186,0.5419779,0.7749462,0.44434658,0.78418875,0.0,0.0,0.0,0.0,0.0,0.0,0.0,0.0
IMG_20241101_142052.jpg,go_forward,0.50753546,0.26320863,0.52064747,0.23758768,0.49300605,0.23738758,0.54073226,0.25530314,0.47417137,0.25911322,0.5756672,0.36577904,0.44607687,0.41443747,0.63290596,0.19508478,0.4129573,0.4975402,0.52664906,0.14964779,0.5259903,0.4858919,0.54612964,0.84949076,0.44939557,0.84832656,0.0,0.0,0.0,0.0,0.0,0.0,0.0,0.0
IMG_20241101_142053.jpg,go_forward,0.5437472,0.21930756,0.5583328,0.19885036,0.5303433,0.1954192,0.5794375,0.21528855,0.5114487,0.21467543,0.61116546,0.31227624,0.48227325,0.37225968,0.6635121,0.16081953,0.45146823,0.45719692,0.56776106,0.10490288,0.56055987,0.45200905,0.5863093,0.7988564,0.49180746,0.8025526,0.0,0.0,0.0,0.0,0.0,0.0,0.0,0.0
IMG_20241101_142054.jpg,go_forward,0.55349356,0.20423278,0.56679094,0.18127522,0.5393388,0.17935309,0.5860922,0.20228465,0.5199211,0.20282637,0.62111586,0.3153648,0.49020082,0.36104372,0.6831019,0.13791138,0.45502168,0.4351277,0.57864445,0.084307864,0.5721482,0.42865467,0.58820534,0.7982169,0.4922303,0.7962889,0.0,0.0,0.0,0.0,0.0,0.0,0.0,0.0
IMG_20241101_142128_1.jpg,go_forward,0.66127205,0.37514618,0.6712801,0.36105964,0.65097964,0.35845524,0.6833173,0.38265762,0.63369614,0.38024375,0.70874816,0.45370352,0.6054946,0.49980852,0.73513377,0.3295095,0.5834852,0.55696946,0.64311624,0.32058308,0.6624973,0.53635836,0.697227,0.7806882,0.61995363,0.79275143,0.0,0.0,0.0,0.0,0.0,0.0,0.0,0.0
IMG_20241101_142130.jpg,go_forward,0.48702642,0.29365167,0.49528283,0.2826944,0.4792171,0.2804567,0.5052458,0.29763043,0.46560526,0.29649976,0.5215718,0.34773836,0.44489548,0.38734078,0.54221135,0.2663307,0.43396464,0.43355715,0.4783743,0.25435808,0.49540758,0.4260341,0.5132166,0.60344625,0.4595012,0.614041,0.515945,0.79043657,0.4500293,0.7845431,0.5194706,0.9589784,0.44126207,0.96619385
IMG_20241101_142131.jpg,go_forward,0.48483047,0.2980139,0.4926565,0.28774,0.47740832,0.28513587,0.501239,0.3063358,0.46299797,0.30299395,0.52160746,0.3621132,0.44014597,0.3974523,0.53777623,0.26972765,0.4340806,0.4363396,0.47567654,0.2531433,0.49541202,0.42543343,0.510484,0.62360525,0.4519856,0.63295513,0.5131791,0.81386966,0.44321576,0.7976279,0.5116707,0.98762435,0.43568844,0.9826984
IMG_20241101_142131_1.jpg,go_forward,0.54925656,0.23712152,0.5565588,0.22540407,0.53992784,0.22613116,0.56301683,0.2425005,0.5219095,0.24609998,0.5800714,0.29044795,0.5072868,0.3326224,0.60295516,0.22042441,0.5096275,0.39463025,0.5393195,0.19809173,0.56311244,0.3786032,0.57437086,0.55123335,0.521312,0.562498,0.5756086,0.7364756,0.51329446,0.73237735,0.57631767,0.9028704,0.49727264,0.91298467
IMG_20241101_142132.jpg,go_forward,0.69352525,0.23274077,0.7010499,0.2212376,0.6837413,0.2217907,0.7083676,0.2368624,0.6657465,0.24148308,0.7258318,0.28397164,0.64927876,0.33048066,0.7569519,0.21258588,0.6498121,0.3925592,0.6894194,0.1952636,0.7047103,0.37960985,0.718666,0.55486584,0.6647159,0.5658489,0.7191201,0.7441363,0.65184534,0.73848015,0.7197394,0.9149471,0.63377106,0.91487706
IMG_20241101_142132_1.jpg,go_forward,0.7601412,0.268783,0.7688231,0.25766674,0.75086,0.25520033,0.7772943,0.27617806,0.7325898,0.2752387,0.7941097,0.32558846,0.70962363,0.36932123,0.8292731,0.22787532,0.70287454,0.41649616,0.7472551,0.22123624,0.7678443,0.41441688,0.7767991,0.6110599,0.7168232,0.6176624,0.7717697,0.8238167,0.69971824,0.8060177,0.770239,0.9897054,0.6808969,0.9737582
IMG_20241101_142133.jpg,go_forward,0.7763434,0.23715864,0.7850857,0.22442937,0.766354,0.22348279,0.7952934,0.24279504,0.7482464,0.24336597,0.81839633,0.2979688,0.72718394,0.34085864,0.84441847,0.19152841,0.7158754,0.3933518,0.76384217,0.1860348,0.7869183,0.3854287,0.80531543,0.5875595,0.73860383,0.59770584,0.80292153,0.79679525,0.7262774,0.7800704,0.8070253,0.975622,0.7120958,0.9694279
IMG_20241101_142133_1.jpg,go_forward,0.6447476,0.24756669,0.65317625,0.23581184,0.63518876,0.23558372,0.66330206,0.2532179,0.61906934,0.2575415,0.6810887,0.30149364,0.59985065,0.35471267,0.7099243,0.20423791,0.59159625,0.40827584,0.6365966,0.20432591,0.6550321,0.38964036,0.67308605,0.5819961,0.61607814,0.59590185,0.67577326,0.78442526,0.60773635,0.776162,0.68301916,0.96187675,0.5980252,0.96040237
IMG_20241101_142134.jpg,go_forward,0.5408961,0.27653122,0.5491597,0.26527905,0.53189534,0.26485533,0.55877024,0.28313902,0.5160385,0.2866062,0.57555246,0.3303324,0.49647748,0.3805301,0.6005714,0.23455173,0.48735526,0.42995644,0.5298851,0.23727325,0.5495711,0.42044622,0.57004017,0.6032686,0.5140588,0.6175134,0.5722808,0.8034304,0.5075628,0.7981795,0.579121,0.97457916,0.4981707,0.9745672
IMG_20241101_142135.jpg,go_forward,0.4431018,0.30751064,0.45185146,0.29565746,0.4344188,0.2948756,0.46320486,0.3130929,0.41975862,0.31552976,0.4814467,0.3645176,0.3992278,0.40991285,0.5039957,0.28188005,0.39024362,0.4640897,0.4331484,0.27352285,0.4549617,0.44591773,0.47617218,0.6321331,0.41684696,0.6446213,0.47882885,0.842357,0.40920433,0.8328288,0.0,0.0,0.4004666,0.9697836
IMG_20241101_142136.jpg,go_forward,0.38043648,0.26125887,0.3892976,0.24918823,0.37164477,0.2482996,0.40032357,0.2668922,0.35703984,0.26682383,0.4202677,0.32295117,0.33721298,0.35953206,0.43764463,0.25612074,0.32699472,0.42335933,0.3697929,0.22131488,0.39083344,0.40862152,0.41535702,0.58939934,0.35429853,0.6021526,0.42238015,0.7814698,0.3532695,0.78152925,0.43367147,0.9565857,0.34852186,0.97190285
IMG_20241101_142136_1.jpg,go_forward,0.40466663,0.30124068,0.413381,0.2884599,0.39562938,0.287857,0.42532316,0.30197975,0.38100305,0.30588022,0.44361946,0.35358292,0.36087084,0.40642568,0.46688318,0.27234885,0.3495433,0.4720098,0.3952994,0.2649901,0.41443545,0.45351422,0.4430679,0.62309706,0.3844067,0.639698,0.4473832,0.83265704,0.3809151,0.8290335,0.4579025,0.9862264,0.37407038,0.98443973
IMG_20241101_142137.jpg,go_forward,0.44752035,0.3537593,0.45592082,0.34185293,0.43896982,0.33951607,0.46531686,0.35835773,0.4233268,0.35802507,0.48278376,0.41116828,0.40122572,0.4578352,0.5097036,0.3248058,0.39202324,0.51733625,0.43784449,0.31834158,0.4556197,0.5024362,0.478215,0.6785034,0.41972825,0.6906025,0.4814081,0.88359594,0.4107059,0.86823153,0.0,0.0,0.0,0.0
IMG_20241101_142137_1.jpg,go_forward,0.50799227,0.29187438,0.5163234,0.28069812,0.49881616,0.2777201,0.52468026,0.294553,0.4814554,0.29276252,0.53895545,0.34143904,0.46018216,0.38766363,0.56752855,0.2635786,0.45391884,0.4523096,0.501869,0.25526747,0.5151557,0.43923026,0.5335336,0.60594946,0.47847408,0.6186828,0.53564817,0.80147564,0.46959835,0.79525846,0.54053956,0.9668486,0.46022284,0.97537285
IMG_20241101_142138.jpg,go_forward,0.7048264,0.29750425,0.7114022,0.28579912,0.6953468,0.28399166,0.71557516,0.3028605,0.67423075,0.30311865,0.7333057,0.35759586,0.6503883,0.40332523,0.76814425,0.272043,0.64865434,0.46256563,0.69564146,0.2630623,0.71371496,0.45084295,0.7233483,0.6376334,0.6651364,0.6465859,0.72608334,0.8413163,0.65406704,0.8128917,0.72563523,1.0,0.63792986,0.98038465
IMG_20241101_142138_1.jpg,go_forward,0.64759976,0.29053158,0.6535485,0.276925,0.63873726,0.27703702,0.65593606,0.2912149,0.6164451,0.29247227,0.6733095,0.34676522,0.59362745,0.38635626,0.70855814,0.28082493,0.5944578,0.45607573,0.6432174,0.25946742,0.65442485,0.4388183,0.6627431,0.6173093,0.60562986,0.62771285,0.65888315,0.80846345,0.5924353,0.80238783,0.6590076,0.97816575,0.5796129,0.9783827
IMG_20241101_142139.jpg,go_forward,0.51313937,0.30134302,0.52106965,0.29016417,0.5045289,0.2876415,0.5284644,0.30653557,0.48700416,0.30522978,0.54320675,0.3584981,0.46294376,0.39894345,0.5733594,0.28362888,0.45332637,0.45678186,0.5038025,0.26802942,0.5166424,0.44993886,0.5311335,0.6224377,0.47464478,0.63116485,0.52646005,0.82724273,0.4614187,0.8165104,0.52810675,0.9901298,0.4470302,0.9825264
IMG_20241101_142140.jpg,go_forward,0.48242137,0.2366528,0.49163428,0.22429825,0.4727159,0.22469513,0.50438225,0.24038935,0.45794326,0.24368213,0.5229699,0.2920296,0.44060287,0.3329709,0.53486216,0.22405615,0.4275784,0.39821333,0.46682507,0.19818841,0.48911613,0.37663049,0.51673895,0.55756724,0.45643035,0.57166886,0.5226174,0.75225484,0.45697716,0.75315994,0.535976,0.93217784,0.45177156,0.9480429
IMG_20241101_142141.jpg,go_forward,0.40109345,0.24873869,0.4098626,0.23746318,0.39211595,0.2360256,0.42107588,0.2544622,0.37726855,0.25615188,0.43842873,0.30523568,0.3554668,0.35265386,0.4636239,0.2208214,0.34217128,0.4045384,0.39202487,0.21064404,0.40562165,0.38811746,0.43280607,0.5763961,0.37462908,0.590757,0.438008,0.77483815,0.36749867,0.7753456,0.44992667,0.9528789,0.36233804,0.96428835
IMG_20241101_142142.jpg,go_forward,0.31635967,0.19125418,0.32579938,0.17889383,0.3062841,0.17720495,0.33749527,0.19801927,0.29003033,0.19678025,0.35757145,0.25924572,0.26958475,0.29662362,0.37340695,0.18150507,0.25364244,0.3612583,0.3021654,0.14893748,0.32654428,0.3480182,0.35292912,0.54051155,0.2880238,0.55481887,0.36060727,0.74822944,0.289977,0.7490341,0.37409794,0.92817426,0.28122807,0.9532248
IMG_20241101_142143.jpg,go_forward,0.5232833,0.19375336,0.5317467,0.18133512,0.5144683,0.1804734,0.5416658,0.19796732,0.49952018,0.1982015,0.56182975,0.25607565,0.47958705,0.2963964,0.58022064,0.17478375,0.46656057,0.35756,0.51140255,0.15489787,0.5318905,0.34297997,0.5569001,0.53109974,0.4967395,0.54486006,0.5624251,0.7320389,0.4958399,0.728452,0.5754223,0.9048968,0.48808253,0.92105836
IMG_20241101_142143_1.jpg,go_forward,0.5524649,0.23164931,0.56135845,0.22069639,0.5431564,0.21788892,0.5710865,0.23945174,0.52579015,0.23838505,0.5882265,0.29405385,0.50347805,0.34120715,0.6145304,0.19751497,0.49305174,0.39047405,0.53619224,0.1910325,0.5565039,0.38117024,0.5805917,0.5680653,0.521842,0.5800065,0.5835099,0.77855545,0.514334,0.7678491,0.5902971,0.9603184,0.5083136,0.9599607
IMG_20241101_142144.jpg,go_forward,0.6751566,0.20711794,0.68503857,0.19448975,0.66523564,0.19157314,0.6979525,0.21156809,0.6489358,0.21094118,0.71871704,0.2717623,0.6245907,0.32115364,0.74485433,0.17188416,0.6076898,0.37465265,0.6677822,0.16655022,0.67968005,0.36084458,0.7088737,0.56682146,0.6437395,0.5783532,0.7147747,0.77774173,0.6375307,0.7586173,0.7171028,0.972462,0.62689215,0.9631597
IMG_20241101_142145.jpg,go_forward,0.71926373,0.2436198,0.7288091,0.2296122,0.7093917,0.23042138,0.7420021,0.2480352,0.6938724,0.25432336,0.7667199,0.30220854,0.67151815,0.36108658,0.79454905,0.19553573,0.6546865,0.42537105,0.70609474,0.19855368,0.72753596,0.40379313,0.7642259,0.6092958,0.6960068,0.6274992,0.77056015,0.8426298,0.6935133,0.83373433,0.0,0.0,0.0,0.0
IMG_20241101_142145_1.jpg,go_forward,0.75046295,0.22446036,0.759886,0.21042639,0.7399176,0.21039581,0.77264524,0.2280161,0.72338265,0.23371395,0.7963999,0.2847432,0.69959974,0.34362942,0.8237745,0.17485164,0.68376565,0.40333682,0.7331059,0.18574964,0.75814027,0.38285223,0.7903192,0.59487695,0.72132105,0.6104746,0.8011964,0.83174497,0.71467876,0.81469566,0.0,0.0,0.7069943,0.97308123
IMG_20241101_142145_2.jpg,go_forward,0.58505636,0.35207647,0.5943091,0.33966577,0.5766082,0.33802283,0.6067886,0.3592842,0.5635166,0.36040473,0.6281614,0.41731402,0.5401151,0.46590185,0.6502143,0.31928194,0.5237243,0.52045596,0.5763279,0.32055357,0.5913707,0.5064713,0.6238403,0.70395964,0.5605039,0.71761197,0.63264126,0.9216014,0.55568427,0.90568185,0.0,0.0,0.0,0.0
IMG_20241101_142146.jpg,go_forward,0.5118479,0.23554297,0.51998174,0.22374249,0.5025067,0.22358544,0.53030324,0.24286005,0.4876395,0.24527104,0.55248797,0.29937384,0.46777746,0.3444016,0.56738037,0.20739187,0.45216256,0.4053977,0.49481896,0.19353218,0.5180644,0.38610414,0.54885876,0.57369757,0.4859757,0.5896654,0.5547417,0.78145003,0.48509848,0.7779556,0.5666431,0.95776063,0.4774014,0.97018754
IMG_20241101_142147.jpg,go_forward,0.4954155,0.21846536,0.50406384,0.20730898,0.48701045,0.20557626,0.5144794,0.22343439,0.47216853,0.22380902,0.5305328,0.27567166,0.45184022,0.32038632,0.5533145,0.19256037,0.4403478,0.37339067,0.4827635,0.18243665,0.5020755,0.35606146,0.5219067,0.53667957,0.4673378,0.54806507,0.5248463,0.73650724,0.46075022,0.7254517,0.5335525,0.9063649,0.45195335,0.9069371
IMG_20241101_142148.jpg,go_forward,0.5161719,0.24703695,0.52371943,0.23505491,0.50736666,0.2349946,0.5317897,0.24951464,0.49188587,0.25148532,0.5483315,0.3011635,0.47256437,0.33627695,0.5669645,0.23811775,0.46162117,0.39589798,0.50667393,0.21215893,0.51507646,0.38370833,0.53519803,0.56110156,0.48148584,0.568947,0.5362341,0.7504935,0.47113982,0.7418624,0.53782797,0.92290133,0.45683336,0.92724305
IMG_20241101_142149.jpg,go_forward,0.4563167,0.34880355,0.4638313,0.33787665,0.44787163,0.33559015,0.4711012,0.35410887,0.4313267,0.3538594,0.48771548,0.40319842,0.41020787,0.4474696,0.51335055,0.32291654,0.404117,0.50138235,0.44283608,0.31565356,0.46320444,0.48167458,0.48679408,0.6611552,0.43070126,0.6726513,0.48871514,0.86539966,0.4202204,0.8511302,0.0,0.0,0.0,0.0
IMG_20241101_142149_1.jpg,go_forward,0.46889144,0.23898026,0.4762413,0.22704571,0.45955452,0.22575252,0.4831385,0.24374563,0.44137594,0.24301904,0.5014001,0.29986444,0.4228272,0.33600757,0.5238704,0.22371817,0.4128689,0.3919684,0.4603841,0.2012296,0.4749558,0.37966654,0.49835315,0.5619888,0.44074434,0.5746105,0.5002952,0.75518036,0.43618554,0.7539541,0.509792,0.92568105,0.42405707,0.9437918
IMG_20241101_142150.jpg,go_forward,0.44103146,0.21604736,0.45038754,0.20424326,0.4314754,0.20357586,0.46298274,0.21959764,0.41622534,0.22179121,0.479364,0.27186182,0.3953528,0.31579903,0.49693084,0.20447902,0.38044903,0.38400283,0.42542186,0.18095341,0.440646,0.36810037,0.4685222,0.55125886,0.4097072,0.56337285,0.47162005,0.75031495,0.40473327,0.7474838,0.4807417,0.929034,0.39422843,0.93557036
IMG_20241101_144056.jpg,go_forward,0.56353086,0.30654532,0.57478774,0.28451395,0.55009013,0.28516677,0.59217656,0.29065534,0.5329732,0.29771352,0.62498623,0.3828407,0.5100587,0.42320308,0.6727569,0.28645986,0.4716545,0.47127402,0.58214414,0.21018662,0.5659061,0.42076358,0.6151542,0.76892537,0.5346858,0.7735472,0.0,0.0,0.0,0.0,0.0,0.0,0.0,0.0
IMG_20241101_144057.jpg,go_forward,0.50118506,0.42512396,0.51129574,0.4051193,0.48910716,0.4063413,0.5269507,0.4153299,0.47245353,0.4210937,0.5558034,0.50904584,0.4481663,0.5341294,0.60299665,0.42726678,0.41063637,0.5809683,0.5227225,0.3401531,0.50359404,0.5432546,0.53829646,0.8752143,0.45954263,0.8736534,0.0,0.0,0.0,0.0,0.0,0.0,0.0,0.0
IMG_20241101_144057_1.jpg,go_forward,0.51282877,0.48189604,0.5225378,0.4648204,0.50151974,0.46415466,0.5362126,0.47819015,0.48422438,0.4768209,0.5641642,0.5685476,0.45586658,0.57857466,0.61221135,0.4943391,0.43349123,0.621114,0.54103947,0.4105896,0.5158591,0.5906664,0.5433275,0.9228964,0.4637724,0.9198773,0.0,0.0,0.0,0.0,0.0,0.0,0.0,0.0
IMG_20241101_144058.jpg,go_forward,0.6496717,0.4557917,0.6600199,0.43811736,0.6384944,0.43562225,0.6727595,0.44788662,0.61919737,0.44392598,0.6951454,0.5359265,0.5911396,0.5416991,0.75286514,0.46915922,0.566562,0.58297104,0.6850387,0.38152093,0.6558564,0.56798947,0.666697,0.8878058,0.59098613,0.8786881,0.0,0.0,0.0,0.0,0.0,0.0,0.0,0.0
IMG_20241101_144059.jpg,go_forward,0.51141566,0.26705372,0.5215333,0.24884361,0.5006272,0.24835633,0.5352858,0.25856572,0.48357445,0.25906754,0.56432694,0.34401375,0.45758545,0.370467,0.60958916,0.26756757,0.433141,0.405149,0.5345247,0.1894546,0.51489335,0.37140676,0.54903996,0.6822275,0.47491214,0.6905136,0.5507906,0.9021745,0.47838157,0.89624923,0.0,0.0,0.0,0.0
IMG_20241101_144059_1.jpg,go_forward,0.3677816,0.20410287,0.37973183,0.18399383,0.3575547,0.18532838,0.40325615,0.19177394,0.34734896,0.19845612,0.4335767,0.2799452,0.32439148,0.31170946,0.46507594,0.20673107,0.27696502,0.34243423,0.38550073,0.11660022,0.36244136,0.30693877,0.41974968,0.6259202,0.34745544,0.63651884,0.42795298,0.8392431,0.35755548,0.8417422,0.44189444,0.9927916,0.3583898,0.9897081
IMG_20241101_144100.jpg,go_forward,0.39796817,0.3366081,0.4087931,0.31800026,0.3884785,0.3170561,0.4283885,0.3231663,0.37815702,0.32514507,0.45604238,0.40633664,0.35176194,0.4280557,0.49365875,0.34620902,0.30990565,0.4673944,0.41330835,0.25251755,0.39622766,0.44250342,0.43176877,0.7475043,0.36065575,0.74851227,0.43561345,0.9592451,0.35954878,0.9431898,0.0,0.0,0.0,0.0
IMG_20241101_144101.jpg,go_forward,0.51890475,0.35390425,0.5297018,0.3360743,0.5082227,0.33388183,0.54472417,0.34152994,0.4922846,0.3404103,0.56903565,0.42013907,0.46716058,0.44064188,0.6146918,0.36797655,0.43915778,0.48611888,0.54002815,0.28335893,0.52087843,0.46512425,0.5475497,0.75011617,0.47704932,0.748662,0.5471259,0.96122634,0.47086367,0.9364543,0.0,0.0,0.0,0.0
IMG_20241101_144101_1.jpg,go_forward,0.5044379,0.41674468,0.51417834,0.39680853,0.49388382,0.39507055,0.5242779,0.40243083,0.47441941,0.3996787,0.5462674,0.482205,0.45002294,0.4992726,0.59382015,0.4230888,0.43003047,0.5524498,0.51921046,0.33850327,0.5128289,0.5169033,0.53250116,0.815851,0.4628275,0.81536704,0.0,0.0,0.0,0.0,0.0,0.0,0.0,0.0
IMG_20241101_144102.jpg,go_forward,0.5595913,0.34242564,0.56618345,0.3237327,0.54831016,0.32440868,0.5690983,0.32901964,0.52274156,0.33205017,0.5881251,0.40515998,0.4933117,0.4283396,0.6419784,0.34386453,0.47428814,0.4680572,0.5660841,0.26589823,0.5559772,0.44000742,0.5720172,0.7360045,0.5067758,0.7374146,0.57270485,0.9615066,0.49944404,0.9447629,0.0,0.0,0.0,0.0
IMG_20241101_144103.jpg,go_forward,0.81103003,0.21143654,0.8220781,0.19280206,0.7996312,0.19033493,0.8322814,0.20053497,0.7768783,0.19642289,0.8536711,0.2825347,0.7430291,0.2974655,0.92213094,0.22492726,0.71412414,0.33880493,0.8426108,0.1305122,0.80442107,0.31210962,0.8095582,0.6370201,0.7371598,0.62999314,0.79489994,0.8692137,0.7209623,0.84521824,0.0,0.0,0.0,0.0
IMG_20241101_144103_1.jpg,go_forward,0.4504263,0.23513837,0.46158448,0.2165818,0.43910086,0.21539462,0.4782292,0.2279897,0.42368382,0.22960949,0.5053602,0.31808048,0.39722666,0.34521586,0.55428046,0.24857071,0.36276037,0.37963623,0.4694584,0.16169655,0.45192054,0.34694237,0.48435414,0.6662942,0.41206446,0.67067397,0.48720267,0.88771176,0.41160828,0.8803632,0.0,0.0,0.0,0.0
IMG_20241101_144103_2.jpg,go_forward,0.21244386,0.20749891,0.22572179,0.18654981,0.19991504,0.18576643,0.24677902,0.2005028,0.18418807,0.2021457,0.27655086,0.29938126,0.15515321,0.32160187,0.32288125,0.22898898,0.100160874,0.3542352,0.23278101,0.12818944,0.2062332,0.32266453,0.25885803,0.68305516,0.17613347,0.69024414,0.26566276,0.9188191,0.17833938,0.9196787,0.0,0.0,0.0,0.0
IMG_20241101_144104.jpg,go_forward,0.2295232,0.20670913,0.24179406,0.18589172,0.21811093,0.18734138,0.2646919,0.19614401,0.20632465,0.20381124,0.2974546,0.28986257,0.18233642,0.32508504,0.33658162,0.22122061,0.13340907,0.36040142,0.24790491,0.13033119,0.2316674,0.314001,0.2954231,0.66229117,0.21783191,0.67719877,0.3155019,0.8888823,0.23828125,0.8968163,0.0,0.0,0.0,0.0
IMG_20241101_144105.jpg,go_forward,0.53145134,0.24177966,0.5432915,0.22563727,0.5215665,0.21976998,0.5553674,0.23986381,0.50308454,0.22811793,0.57451034,0.3273204,0.4698945,0.3263496,0.6281555,0.2659585,0.43977275,0.3446741,0.56256497,0.16201119,0.52404666,0.33278024,0.52866244,0.6629783,0.45836765,0.65266216,0.5134009,0.8817642,0.43382102,0.8635566,0.0,0.0,0.0,0.0
IMG_20241101_144106.jpg,go_forward,0.5385584,0.042678013,0.5493848,0.02617165,0.5274776,0.024524575,0.56491846,0.04063343,0.5113519,0.04022761,0.5922936,0.12899224,0.48256284,0.15059845,0.6408012,0.050687525,0.4496854,0.16572835,0.57886875,0.0015410231,0.5344731,0.13515942,0.55989325,0.46124458,0.49030373,0.4627606,0.55664057,0.6771058,0.4870471,0.664229,0.5518863,0.8831044,0.4846926,0.87912136
IMG_20241101_144106_1.jpg,go_forward,0.41101915,0.37509707,0.42140427,0.3549992,0.39979666,0.3559161,0.43938553,0.36128443,0.38738218,0.3674828,0.4685447,0.45060086,0.3619959,0.47366446,0.50308394,0.3819839,0.31664795,0.51106995,0.42342594,0.2907884,0.40205982,0.4786338,0.4499397,0.80636925,0.3742067,0.80626714,0.0,0.0,0.0,0.0,0.0,0.0,0.0,0.0
IMG_20241101_144109.jpg,go_forward,0.45818993,0.2739224,0.46836165,0.25534385,0.44734833,0.25534517,0.48510057,0.26238722,0.43405238,0.26689315,0.51300615,0.3443629,0.40820563,0.37141058,0.5516729,0.2869989,0.37123087,0.41139936,0.47344953,0.20126705,0.45047665,0.38549048,0.496336,0.67594,0.42586955,0.6811171,0.5028663,0.881719,0.42732698,0.8755719,0.0,0.0,0.0,0.0
IMG_20241101_144110.jpg,go_forward,0.49122205,0.32929876,0.5016773,0.31180233,0.48105803,0.3101544,0.5161636,0.3213599,0.46644837,0.32080573,0.5412084,0.40348473,0.437424,0.42116994,0.5851691,0.3497573,0.39864278,0.4600198,0.5093353,0.2565809,0.48024678,0.43594676,0.51720077,0.7355115,0.4469732,0.7359851,0.51580304,0.9553748,0.44221342,0.94309026,0.0,0.0,0.0,0.0
IMG_20241101_144111.jpg,go_forward,0.5305651,0.4461662,0.5390707,0.4286073,0.5196846,0.42807508,0.54951423,0.4384224,0.50139016,0.43907666,0.5731388,0.52293956,0.4758488,0.5332347,0.62099034,0.46768773,0.44827452,0.5760331,0.55740565,0.38190913,0.52719575,0.5526355,0.55184186,0.85165626,0.48158914,0.8462424,0.0,0.0,0.0,0.0,0.0,0.0,0.0,0.0
IMG_20241101_144112.jpg,go_forward,0.6538349,0.17834644,0.6626795,0.16237226,0.6420832,0.16281484,0.6728513,0.17419335,0.62249315,0.17832547,0.6955158,0.24991472,0.59677076,0.27642435,0.7473234,0.18586737,0.5735238,0.30982897,0.6795612,0.10699031,0.6520481,0.29287007,0.67136717,0.5650761,0.6076409,0.56818056,0.6647561,0.7700128,0.60169804,0.7668455,0.6622455,0.95686513,0.59404737,0.9510852
IMG_20241101_144113.jpg,go_forward,0.62695986,0.06083613,0.63641286,0.044782165,0.61509305,0.043716572,0.6500111,0.055325508,0.598016,0.05761314,0.67489576,0.13698879,0.5716032,0.16481376,0.71894395,0.06539286,0.54431087,0.19489416,0.6550821,0.005368825,0.61881775,0.17201333,0.64907545,0.44706237,0.5824666,0.44991347,0.6445014,0.6393051,0.57568973,0.6303976,0.6401358,0.829463,0.5735871,0.8244168
IMG_20241101_144113_1.jpg,go_forward,0.5970094,0.17779976,0.6062835,0.16267581,0.58662885,0.16179562,0.61941546,0.17482033,0.57138383,0.1768423,0.64373815,0.2500506,0.5466312,0.2762795,0.68712085,0.18425225,0.51957875,0.30789068,0.61744314,0.11308816,0.59275633,0.28857234,0.61999947,0.55174375,0.55773365,0.5555121,0.6195853,0.7505578,0.556979,0.7444743,0.6197599,0.93958145,0.55499214,0.9364677
IMG_20241101_144114.jpg,go_forward,0.52208567,0.2377621,0.53180355,0.22199158,0.512078,0.22018231,0.54571205,0.2323826,0.4972674,0.23225585,0.56890184,0.3131299,0.4724606,0.33417296,0.6075342,0.253348,0.44454804,0.3588396,0.5442333,0.1649133,0.5164561,0.33700234,0.5503886,0.603333,0.48721474,0.6060852,0.54896975,0.7907505,0.48504966,0.78549945,0.5482483,0.97350585,0.47947523,0.96748513
IMG_20241101_144115.jpg,go_forward,0.4366316,0.260748,0.4456482,0.24553017,0.4268029,0.24502845,0.45948517,0.25350735,0.4128589,0.2575544,0.48507968,0.32312244,0.38833517,0.35344583,0.52144426,0.26998174,0.36143586,0.39008555,0.45615107,0.18993706,0.43563715,0.37167943,0.47682697,0.6258829,0.41087046,0.634359,0.4804793,0.81562567,0.41398612,0.8164101,0.48592484,0.99054646,0.41127482,0.9909103
IMG_20241101_144115_1.jpg,go_forward,0.43787947,0.35148153,0.44676763,0.33532277,0.42813197,0.3354131,0.46056008,0.3444023,0.4154833,0.34866527,0.48752975,0.41469193,0.3911258,0.44299987,0.52521205,0.3558754,0.3643207,0.4787845,0.4585744,0.2875548,0.438256,0.45721596,0.4774764,0.7208557,0.41172507,0.72902167,0.48497015,0.9225742,0.41250968,0.92334765,0.0,0.0,0.0,0.0
IMG_20241101_144116.jpg,go_forward,0.27233282,0.34633303,0.2824585,0.32851946,0.26138377,0.32915986,0.29840901,0.34026077,0.24771927,0.34532064,0.32735944,0.41954362,0.22242914,0.44587886,0.36491537,0.36217073,0.18547574,0.48557255,0.2929468,0.2864373,0.2693516,0.45935518,0.3182367,0.74224246,0.2464969,0.7504549,0.32795864,0.9532028,0.25147167,0.94941616,0.0,0.0,0.0,0.0
IMG_20241101_144117.jpg,go_forward,0.4165728,0.36334953,0.42859325,0.3412234,0.40330145,0.3409834,0.44553578,0.35351497,0.38392156,0.35494262,0.47447312,0.45802712,0.35640782,0.4737967,0.5300733,0.38287205,0.31354934,0.53259796,0.44312826,0.28871924,0.41613013,0.50091237,0.4484957,0.85628796,0.36335635,0.8509953,0.0,0.0,0.0,0.0,0.0,0.0,0.0,0.0
IMG_20241101_144119.jpg,go_forward,0.4955484,0.3872391,0.5092419,0.36138836,0.48007724,0.36311045,0.5308575,0.37161154,0.4593666,0.3774651,0.56476223,0.4908873,0.43222892,0.5106283,0.6251218,0.4047695,0.3739127,0.5783546,0.52215356,0.2988537,0.4965665,0.5424133,0.53705966,0.93229014,0.44126672,0.9240199,0.0,0.0,0.0,0.0,0.0,0.0,0.0,0.0
IMG_20241101_144121.jpg,go_forward,0.6111982,0.29997256,0.6223754,0.28067312,0.598972,0.27901003,0.6366849,0.29157966,0.5804936,0.29128084,0.6615121,0.38361326,0.55190367,0.399804,0.71635735,0.32187024,0.51953673,0.44219464,0.6383623,0.23597446,0.6073025,0.42635742,0.6283003,0.7472451,0.5535842,0.7414231,0.6237168,0.97562206,0.54478526,0.9421757,0.0,0.0,0.0,0.0
IMG_20241101_144121_1.jpg,go_forward,0.7062166,0.32408872,0.7179047,0.3060184,0.6956442,0.30251563,0.73133284,0.31424972,0.67741966,0.30812097,0.7536355,0.39784136,0.6444303,0.40483186,0.8135066,0.3489899,0.6118826,0.448816,0.7356817,0.25537974,0.6986155,0.43870798,0.70949864,0.7413989,0.6363595,0.73035544,0.6959289,0.9634093,0.61799186,0.92832035,0.0,0.0,0.0,0.0
IMG_20241101_144122.jpg,go_forward,0.59753674,0.21019785,0.6078031,0.19344738,0.5869859,0.18971013,0.6191477,0.20345166,0.5684421,0.1985749,0.64200795,0.2862111,0.53975546,0.30827856,0.6920419,0.22784908,0.5188949,0.35280097,0.6271943,0.14069475,0.59891516,0.3290094,0.6149456,0.60217875,0.5498567,0.6040009,0.6074777,0.8039383,0.546365,0.79468405,0.5977882,0.9793487,0.54062825,0.97866
IMG_20241101_144123.jpg,go_forward,0.5027247,0.24644546,0.51222265,0.23078586,0.49275598,0.22829957,0.52315307,0.24261919,0.47530353,0.23965843,0.5481231,0.31962052,0.45222226,0.3446856,0.5956723,0.2737227,0.4362018,0.3925816,0.5353611,0.19913723,0.5105437,0.35278025,0.5384225,0.61782575,0.47546145,0.6254766,0.5362648,0.81645834,0.47403073,0.8147436,0.5380616,0.9849556,0.4748233,0.9944661
IMG_20241101_144124.jpg,go_forward,0.60153455,0.30090687,0.60888153,0.2855884,0.59196866,0.284022,0.61545736,0.29167208,0.57316,0.29121366,0.6372569,0.3601374,0.55062294,0.38563043,0.68721735,0.31365716,0.5426389,0.42817864,0.62853825,0.24189344,0.6086607,0.4016103,0.6233425,0.63209337,0.56748635,0.6360136,0.61507136,0.8139821,0.55844355,0.8078404,0.6087667,0.9788849,0.5534782,0.97649854
IMG_20241101_144125.jpg,go_forward,0.5699216,0.37913117,0.57768476,0.36368942,0.56090474,0.36270204,0.5852691,0.37090564,0.5434647,0.37069198,0.607356,0.43593052,0.5210523,0.46037027,0.6542308,0.39466226,0.5130586,0.50356555,0.599387,0.3331564,0.5764234,0.47035173,0.59555805,0.70600075,0.53815556,0.7118928,0.5905733,0.8913059,0.5312082,0.88919866,0.0,0.0,0.0,0.0
IMG_20241101_144127.jpg,go_forward,0.54332244,0.36179736,0.5513335,0.3485553,0.5349156,0.34568888,0.55859584,0.35830107,0.51804805,0.3547033,0.57933843,0.41959164,0.4943805,0.4426987,0.6285694,0.37365207,0.48690337,0.48342252,0.57278526,0.31381083,0.55042124,0.45968083,0.5664739,0.69229895,0.50971305,0.69618905,0.56065977,0.8835685,0.5015693,0.87756896,0.0,0.0,0.0,0.0
IMG_20241101_144128.jpg,go_forward,0.52415854,0.3025043,0.5319156,0.28855696,0.5155547,0.2871491,0.53883815,0.29989472,0.4981578,0.29782104,0.5601506,0.36947206,0.47438854,0.3858808,0.6060396,0.3295542,0.4629293,0.42030606,0.55345976,0.2516925,0.5236759,0.3932912,0.54232544,0.6344533,0.4863427,0.6358759,0.5310084,0.8183215,0.47408053,0.8145418,0.52096313,0.97906226,0.46837747,0.9768718
IMG_20241101_144129.jpg,go_forward,0.4854515,0.17298898,0.49471205,0.16154087,0.4767042,0.155723,0.50390434,0.17470619,0.4606456,0.16542251,0.523444,0.24429443,0.43542632,0.25747487,0.56822824,0.19686945,0.42216364,0.28320187,0.513071,0.116515346,0.48964298,0.2662963,0.49879557,0.52635044,0.44100186,0.5232081,0.48279178,0.70964456,0.4257435,0.70003986,0.4683851,0.882976,0.4139127,0.89027894
IMG_20241101_144130.jpg,go_forward,0.4487536,0.12442441,0.4593546,0.110863134,0.4405186,0.10621346,0.47424856,0.12369187,0.4273913,0.11687919,0.49705726,0.20450425,0.4004273,0.21894726,0.53519434,0.14635915,0.37641075,0.2402777,0.4733317,0.06564084,0.4457483,0.22383371,0.46136522,0.49033043,0.4000793,0.48771006,0.45180526,0.67753804,0.39115945,0.66876954,0.43440136,0.8624852,0.38243356,0.86191094
IMG_20241101_144131.jpg,go_forward,0.43159944,0.24422462,0.44237602,0.23152456,0.4238336,0.22664937,0.4566751,0.24759766,0.41106284,0.23918806,0.4784648,0.32489517,0.38360652,0.33584082,0.5176514,0.27289075,0.35507035,0.36178577,0.45679614,0.19273408,0.4259451,0.34884548,0.44658366,0.60866266,0.38536823,0.6062083,0.43327036,0.80452025,0.37305754,0.7969082,0.42447972,0.9771086,0.3637983,0.9788139
IMG_20241101_144131_1.jpg,go_forward,0.451641,0.29670978,0.4613784,0.28337806,0.44430277,0.27958286,0.4754473,0.29350263,0.43303004,0.28775686,0.4963779,0.36584458,0.40394557,0.37644503,0.53579444,0.3233748,0.37510723,0.40729138,0.4768582,0.24048035,0.44512177,0.39755028,0.46036756,0.64934295,0.39937595,0.64582574,0.44783798,0.8493274,0.38530236,0.84286845,0.44014707,0.99040896,0.3727081,0.9844809
IMG_20241101_144132.jpg,go_forward,0.47748116,0.16211785,0.48770547,0.14885557,0.46935982,0.14506575,0.5039976,0.15953101,0.45827493,0.1554032,0.5282209,0.23500015,0.43213663,0.25460243,0.5636389,0.18120256,0.402861,0.28480914,0.4986889,0.10253759,0.47148734,0.27158788,0.5004799,0.53018075,0.4380254,0.52956754,0.4925263,0.7206941,0.43096754,0.71183586,0.48321727,0.90595734,0.42216107,0.90357924
IMG_20241101_144133.jpg,go_forward,0.36587292,0.24058579,0.3771668,0.2277775,0.35843244,0.2222309,0.3937649,0.2424118,0.34692526,0.23292193,0.41489267,0.32097554,0.31530866,0.32543635,0.45432073,0.27491984,0.28135416,0.34810263,0.3899994,0.18510789,0.35689476,0.35107344,0.36824635,0.6224958,0.30309734,0.6138253,0.35302496,0.8234727,0.285803,0.8127758,0.337996,0.99228996,0.2689915,0.9849806
IMG_20241101_144133_1.jpg,go_forward,0.3948348,0.35862255,0.40569195,0.34505743,0.38712078,0.34006476,0.4207699,0.3582248,0.37533244,0.3499316,0.44247478,0.43083042,0.34463477,0.43882686,0.4881316,0.38513058,0.31125584,0.47438234,0.4210194,0.3095742,0.38677087,0.4694485,0.40174168,0.7402049,0.33600146,0.73331434,0.38749185,0.94724864,0.31791908,0.9292154,0.0,0.0,0.0,0.0
IMG_20241101_144134.jpg,go_forward,0.39139482,0.34953818,0.40123788,0.33423954,0.38206488,0.33098692,0.41216955,0.34527308,0.36580303,0.34072393,0.43528527,0.4177101,0.3367877,0.43363985,0.48655114,0.37187952,0.31255883,0.4778159,0.4188981,0.3036066,0.38980275,0.46483538,0.40659735,0.73536074,0.33992308,0.7329374,0.39626023,0.9491755,0.32525095,0.93307096,0.0,0.0,0.0,0.0
IMG_20241101_144135.jpg,go_forward,0.43482858,0.20392677,0.44448113,0.1884587,0.42469862,0.18450935,0.45564938,0.19813895,0.4071216,0.19364424,0.4800575,0.27576926,0.38376442,0.30351612,0.52975273,0.21733159,0.36768672,0.34228915,0.46526545,0.1517718,0.44109693,0.3145011,0.4670409,0.57314503,0.40626624,0.5800264,0.4627348,0.76550794,0.40559903,0.76410174,0.46020055,0.94304574,0.40430957,0.9580905
IMG_20241101_144135_1.jpg,go_forward,0.41803893,0.22942872,0.4272086,0.213256,0.40722197,0.20997533,0.43692017,0.21956901,0.3878891,0.21646126,0.46043766,0.29489532,0.36335006,0.3215934,0.50693977,0.24548393,0.35015154,0.36376363,0.44265187,0.16958696,0.42394304,0.33569133,0.4508181,0.59292084,0.38763633,0.59881073,0.44594342,0.7841079,0.3842225,0.78181076,0.439275,0.96352977,0.38082662,0.96975124
IMG_20241101_144136.jpg,go_forward,0.476781,0.40101367,0.48530594,0.38418582,0.4668143,0.38233054,0.49312657,0.39427012,0.44795108,0.39266285,0.5147883,0.4697712,0.4254565,0.49078587,0.56550354,0.42069137,0.41129208,0.5349635,0.50380224,0.35269177,0.48370954,0.50951356,0.50220203,0.77211,0.4410641,0.7741156,0.50125533,0.9809199,0.4366111,0.963081,0.0,0.0,0.0,0.0
IMG_20241101_144137.jpg,go_forward,0.6677882,0.2601578,0.6760728,0.24473001,0.6573818,0.24234961,0.6825597,0.25829518,0.6354139,0.25531456,0.70564485,0.33290493,0.6106464,0.35437143,0.7605236,0.28049612,0.5981855,0.39696243,0.69662315,0.20982361,0.67267925,0.3742789,0.68740845,0.6342572,0.6258036,0.63627833,0.67514426,0.82439435,0.6157218,0.8139953,0.6661968,0.98957336,0.60685945,0.9836739
IMG_20241101_144137_1.jpg,go_forward,0.44235107,0.32956216,0.451575,0.31334394,0.43218008,0.31229964,0.4630276,0.32201666,0.4157566,0.32368127,0.48868492,0.3920444,0.39107946,0.42378166,0.53676313,0.33732814,0.37078726,0.46946034,0.46628883,0.27262512,0.44708768,0.44046128,0.4768986,0.7026908,0.41142142,0.7105524,0.4730372,0.91552746,0.40758944,0.91527116,0.0,0.0,0.0,0.0
IMG_20241101_144138.jpg,go_forward,0.4859923,0.3016896,0.49661133,0.28580168,0.47661307,0.28504926,0.51332533,0.3004091,0.46454522,0.30219138,0.5395051,0.37816557,0.43788943,0.40356433,0.5823656,0.31967688,0.40229446,0.44344696,0.5139696,0.24870542,0.48291707,0.42144924,0.51574075,0.70645326,0.44731337,0.7103107,0.51072156,0.92562073,0.442696,0.9183587,0.0,0.0,0.0,0.0
IMG_20241101_144139.jpg,go_forward,0.4360232,0.38860863,0.44958925,0.3697773,0.42627612,0.36793914,0.47464055,0.3861377,0.4164455,0.3847791,0.50340956,0.48379543,0.38534054,0.50421417,0.5456967,0.40883476,0.32885355,0.5614084,0.45428458,0.32611835,0.42760545,0.5251573,0.46868306,0.885294,0.3834555,0.8823479,0.0,0.0,0.0,0.0,0.0,0.0,0.0,0.0
IMG_20241101_144139_1.jpg,go_forward,0.40676633,0.42403156,0.42248747,0.3992671,0.3939601,0.398466,0.4523231,0.41482064,0.38138622,0.41513944,0.48611593,0.532517,0.353079,0.55406237,0.53378326,0.43609428,0.28458,0.6264437,0.4226605,0.34087428,0.39944306,0.5852748,0.4543566,0.96778154,0.35644978,0.964382,0.0,0.0,0.0,0.0,0.0,0.0,0.0,0.0
IMG_20241101_144140.jpg,go_forward,0.57239187,0.41343042,0.5858694,0.38908115,0.5558317,0.38743344,0.60428643,0.40702906,0.53084546,0.40738666,0.6416091,0.5166594,0.50167245,0.5475749,0.71816117,0.42160723,0.46134132,0.63283926,0.6103585,0.3362913,0.58244824,0.5855355,0.62704307,0.97107375,0.52513444,0.97196776,0.0,0.0,0.0,0.0,0.0,0.0,0.0,0.0
IMG_20241101_144141.jpg,go_forward,0.60368645,0.37434843,0.616569,0.3498121,0.58670497,0.34812823,0.6343232,0.36742404,0.5612294,0.36791596,0.6680873,0.4872654,0.5328669,0.5119667,0.7472453,0.38264996,0.4937917,0.58234966,0.64383,0.29216936,0.6179792,0.5448265,0.6445013,0.93820137,0.54683614,0.93656725,0.0,0.0,0.0,0.0,0.0,0.0,0.0,0.0
IMG_20241101_144142.jpg,go_forward,0.5712123,0.2537281,0.58552325,0.2290232,0.5562362,0.22648025,0.6041316,0.24502566,0.5332885,0.24257839,0.6368092,0.36677897,0.5019455,0.39067268,0.7092146,0.25762478,0.45837435,0.45931846,0.6028395,0.1636878,0.5792953,0.4275342,0.6019573,0.8162221,0.50798404,0.80867636,0.0,0.0,0.0,0.0,0.0,0.0,0.0,0.0
IMG_20241101_144142_1.jpg,go_forward,0.49274704,0.30895162,0.5061423,0.28460702,0.4782317,0.2854686,0.5268029,0.30040455,0.45874378,0.3037802,0.56299156,0.41546565,0.42898446,0.4410159,0.6278328,0.31738088,0.38325387,0.51761824,0.52683306,0.22574534,0.49992794,0.47519863,0.5367821,0.8689942,0.4397258,0.86466247,0.0,0.0,0.0,0.0,0.0,0.0,0.0,0.0
IMG_20241016_102748.jpg,go_back,0.577538,0.4080809,0.5855673,0.3999506,0.57023877,0.39860448,0.5971202,0.40877625,0.5588085,0.40644717,0.61569905,0.46172315,0.5417134,0.4603206,0.6525719,0.45783648,0.5064813,0.4574339,0.6345951,0.4124466,0.5248761,0.40827304,0.60003406,0.6123701,0.5560102,0.6110226,0.59926504,0.7360927,0.56029934,0.7329688,0.5970182,0.8544888,0.55299145,0.85440546
IMG_20241016_102750.jpg,go_back,0.54835373,0.34869874,0.5557644,0.33978105,0.5407789,0.3396385,0.5677396,0.3473699,0.53024757,0.3482774,0.5884154,0.401831,0.51171494,0.40356636,0.62328374,0.4014861,0.47388652,0.40387595,0.6064154,0.35531864,0.49362814,0.35757065,0.5740084,0.55624014,0.52759296,0.55683637,0.5744761,0.6727751,0.5301977,0.67567563,0.5726617,0.79415566,0.5285583,0.7986692
IMG_20241016_102750_1.jpg,go_back,0.5567869,0.34303588,0.5639045,0.33363697,0.54808587,0.3341118,0.5748009,0.34134504,0.5355086,0.34365824,0.5945107,0.3961298,0.51781327,0.39793217,0.63088036,0.39478663,0.48161498,0.39739978,0.61271733,0.34846365,0.50177765,0.34667277,0.57920414,0.55011314,0.5327461,0.5501969,0.5800255,0.6687543,0.53717136,0.66910964,0.5771863,0.7903941,0.5335824,0.79066765
IMG_20241016_102751.jpg,go_back,0.54392934,0.3384028,0.5498077,0.32908252,0.53522646,0.32982266,0.5577754,0.33724737,0.5211115,0.3395312,0.57873464,0.39255708,0.50207895,0.39629003,0.6196645,0.38659704,0.4705067,0.3964213,0.598947,0.33794686,0.4864172,0.344856,0.5630923,0.5482052,0.516688,0.54953057,0.56335676,0.6649259,0.51925933,0.6672979,0.5605658,0.7832832,0.5179643,0.7882038
IMG_20241016_102752.jpg,go_back,0.5267759,0.3256365,0.5343813,0.31772214,0.51856077,0.31598538,0.5428177,0.3286296,0.5034572,0.32533684,0.56101984,0.38130915,0.48427945,0.38533655,0.60382164,0.3794815,0.45896453,0.39350498,0.58144265,0.33106863,0.4692803,0.336744,0.54876286,0.5371088,0.5011481,0.539303,0.551125,0.6593347,0.5082709,0.6619529,0.5522864,0.7732972,0.5077501,0.784493
IMG_20241016_102753.jpg,go_back,0.5175064,0.3389198,0.5236807,0.3291579,0.5080551,0.3297127,0.5321888,0.33655396,0.49311477,0.33935452,0.5526253,0.39131105,0.4777515,0.3993665,0.596546,0.38642603,0.45055437,0.4036776,0.569454,0.3376611,0.46108574,0.34902033,0.543829,0.5502339,0.49908733,0.5534166,0.54686624,0.6697437,0.5045849,0.6737488,0.54959947,0.7857218,0.50615436,0.79358375
IMG_20241016_102754.jpg,go_back,0.5294732,0.31823832,0.5374213,0.30829728,0.5202923,0.3081785,0.54820246,0.31655073,0.50584155,0.31663835,0.5686846,0.37415943,0.48652267,0.37641,0.61021376,0.37500176,0.45101777,0.3818236,0.59043884,0.3224672,0.47153822,0.32504627,0.5514915,0.53977025,0.5010123,0.54116416,0.5509962,0.6682999,0.5081045,0.67073315,0.5488557,0.7913455,0.5033547,0.7972601
IMG_20241016_102755.jpg,go_back,0.52366346,0.3280172,0.5325585,0.31776354,0.5149543,0.31751102,0.5465098,0.32618582,0.5027444,0.32639924,0.56734043,0.38577446,0.48284936,0.38680074,0.60500133,0.38513198,0.43791986,0.3881943,0.58555627,0.3349384,0.46331948,0.33648562,0.5497178,0.55472475,0.49929044,0.5554204,0.54947686,0.6836075,0.50561625,0.6852882,0.5481831,0.8176097,0.5013822,0.82072264
IMG_20241016_102755_1.jpg,go_back,0.5372443,0.32352197,0.54672235,0.31251127,0.52855825,0.31318188,0.5631042,0.32167432,0.5177065,0.32337993,0.584796,0.38873157,0.4985249,0.38669956,0.6175326,0.38944754,0.44764215,0.38489172,0.60474306,0.33553156,0.47935563,0.33078986,0.56784534,0.5645673,0.5162168,0.5638099,0.5665364,0.6921241,0.5245003,0.688886,0.56600505,0.8360357,0.520507,0.82651365
IMG_20241016_102757.jpg,go_back,0.5995745,0.30812857,0.6096481,0.29722652,0.59090537,0.2974512,0.62651956,0.30763632,0.5801685,0.3078117,0.6471573,0.3753374,0.55935055,0.3697327,0.6787746,0.37657142,0.5096871,0.36603796,0.66654134,0.32203883,0.5433773,0.31258407,0.6220408,0.5515799,0.56867146,0.549349,0.62146735,0.68419254,0.57722425,0.67917544,0.61822474,0.8208596,0.57337034,0.8087557
IMG_20241016_102758.jpg,go_back,0.60076123,0.29275692,0.6097395,0.28114322,0.59136796,0.28222755,0.6248541,0.28895563,0.5795595,0.29182568,0.6460022,0.3545943,0.56050915,0.35342094,0.6847955,0.35366818,0.5137587,0.35128263,0.66709834,0.2971257,0.544825,0.2982062,0.6249139,0.5273774,0.573823,0.52575594,0.6248896,0.6624878,0.5798514,0.65850884,0.6264346,0.79744923,0.57893366,0.7865664
IMG_20241016_102759.jpg,go_back,0.5593344,0.32257155,0.56784123,0.31302166,0.5512281,0.31214327,0.58148146,0.31963992,0.53990453,0.31891868,0.60262114,0.37629133,0.5214567,0.37609297,0.64335066,0.37759465,0.48471728,0.37647265,0.6218526,0.32964718,0.5075761,0.32927388,0.58885556,0.5337123,0.5396059,0.5335841,0.5906094,0.65543467,0.54550195,0.6567603,0.5927494,0.77837014,0.5480576,0.7804251
IMG_20241016_102801.jpg,go_back,0.531436,0.36747742,0.5397246,0.35845554,0.5230516,0.3574023,0.5513131,0.36623943,0.51056236,0.36510748,0.5682308,0.42111918,0.4919736,0.41999954,0.60778743,0.41781312,0.45645726,0.41758487,0.5879567,0.36799395,0.4798087,0.37039185,0.55231047,0.58148307,0.5052776,0.5805757,0.55292463,0.7049411,0.51292217,0.7049071,0.55272025,0.8207395,0.5094112,0.82221633
IMG_20241016_103250.jpg,go_back,0.4897972,0.43730655,0.4960217,0.42814738,0.4819072,0.42933232,0.5060437,0.4351775,0.4728718,0.43860564,0.5224509,0.48294356,0.4586368,0.48410368,0.54527646,0.48018253,0.43374735,0.47898084,0.52605903,0.43544838,0.45438948,0.43744075,0.51186717,0.6431157,0.4706041,0.64365935,0.51654625,0.76424813,0.47037646,0.7683015,0.51781636,0.86874276,0.47789297,0.86940986
IMG_20241016_103251.jpg,go_back,0.5124921,0.39414012,0.5189639,0.3858343,0.50492823,0.38629404,0.5294568,0.39267427,0.4952941,0.3950416,0.5466135,0.43968612,0.4813812,0.44057596,0.5719997,0.43747413,0.45870048,0.43542448,0.54920596,0.39472985,0.47504622,0.39710137,0.5342097,0.59994185,0.49159366,0.59969497,0.53783464,0.7190354,0.49161604,0.7219016,0.53949493,0.82947266,0.49905846,0.8303908
IMG_20241016_103252.jpg,go_back,0.55006456,0.36328658,0.556779,0.353023,0.540774,0.3540516,0.56531173,0.3600212,0.52745056,0.36323994,0.584263,0.41383165,0.51061106,0.41696903,0.6234163,0.40461367,0.48431745,0.40861264,0.5885134,0.36402702,0.5057503,0.36540976,0.5696778,0.5924244,0.5236609,0.5924195,0.5723195,0.7227992,0.5232563,0.7263799,0.5722063,0.8350424,0.52860796,0.83822525
IMG_20241016_103252_1.jpg,go_back,0.61900586,0.3468589,0.62684834,0.3355685,0.60845464,0.33549848,0.6360353,0.34373996,0.59172237,0.3452074,0.6584197,0.40729475,0.5718348,0.41017604,0.7057252,0.38636833,0.5441912,0.3929525,0.6663379,0.34491748,0.5669112,0.34661543,0.63904387,0.61504287,0.58455336,0.6136171,0.63567156,0.7578364,0.58075196,0.7590442,0.63216305,0.8947615,0.5849869,0.8936549
IMG_20241016_103253.jpg,go_back,0.6570919,0.30227718,0.6639813,0.28999445,0.64537764,0.29018712,0.6693309,0.29667446,0.6235401,0.2983734,0.6908972,0.36069995,0.6061325,0.3648081,0.75273013,0.34101984,0.5878217,0.34909,0.6984724,0.3024451,0.6040147,0.30159935,0.67116207,0.5755608,0.61923975,0.5735069,0.6693132,0.7226071,0.615098,0.72338384,0.6665629,0.85649073,0.61532694,0.8594935
IMG_20241016_103254.jpg,go_back,0.60020804,0.27954,0.6083051,0.26781616,0.58832234,0.26777256,0.6171781,0.27456954,0.57011527,0.27688596,0.63868165,0.33679932,0.5509878,0.3436661,0.69033724,0.31853995,0.52399987,0.33198437,0.6450622,0.28139442,0.54638356,0.28213754,0.6238023,0.55259186,0.56728464,0.55353034,0.6212302,0.6980921,0.56589407,0.70263433,0.62490404,0.82730305,0.57215333,0.83450013
IMG_20241016_103255.jpg,go_back,0.57483405,0.35405692,0.5800146,0.34075338,0.5621738,0.34398326,0.58548325,0.34748662,0.5423041,0.35600546,0.60903317,0.4170803,0.5207238,0.4219803,0.65497535,0.4005977,0.48557085,0.4107783,0.6143574,0.3554113,0.5137453,0.3593831,0.5947928,0.6326444,0.5397309,0.63242114,0.59706676,0.7867604,0.54044926,0.78505534,0.6009462,0.9279783,0.5509856,0.9168529
IMG_20241016_103256.jpg,go_back,0.6313351,0.32616955,0.6395662,0.31385988,0.61952645,0.31587502,0.65203494,0.32388085,0.60416967,0.32960436,0.67372906,0.3938298,0.582918,0.3931617,0.71095157,0.3817242,0.541295,0.38044703,0.6791279,0.33416024,0.5763976,0.3321422,0.6485249,0.6090281,0.5907785,0.6058439,0.6476266,0.75693357,0.59390503,0.75169903,0.6474068,0.90061724,0.59672743,0.8823698
IMG_20241016_103256_1.jpg,go_back,0.555049,0.25644892,0.56376195,0.2449231,0.5439448,0.24730922,0.5787426,0.25648686,0.5314083,0.2630576,0.60167176,0.32644647,0.5121736,0.33043268,0.6376638,0.30182093,0.46774256,0.30864206,0.6015444,0.26327184,0.50375336,0.26608658,0.5798568,0.5389952,0.5242658,0.5388743,0.58132327,0.6888688,0.52779114,0.69076157,0.58541733,0.82486045,0.53496414,0.8159554
IMG_20241016_103257.jpg,go_back,0.57684886,0.2497186,0.5841953,0.2379753,0.5662833,0.23935749,0.59403235,0.2458842,0.5499773,0.2500567,0.61737174,0.30847988,0.53047264,0.3129273,0.6585594,0.29044053,0.49934512,0.3011761,0.6234692,0.24826737,0.5227287,0.25753957,0.5996527,0.51225394,0.5456756,0.5127974,0.5988882,0.6543663,0.54708683,0.65681547,0.59590226,0.79522586,0.55089146,0.79521596
IMG_20241016_103258.jpg,go_back,0.58066607,0.20401864,0.58813053,0.19288519,0.5696865,0.19337854,0.5967317,0.20107348,0.55287135,0.20400657,0.6173335,0.26401237,0.53647834,0.268846,0.66600376,0.24962208,0.51023793,0.25831082,0.62740725,0.21063729,0.52980256,0.20831645,0.60170424,0.46606502,0.5509087,0.46567237,0.59905374,0.6025726,0.5520377,0.603006,0.5997203,0.7272001,0.55414814,0.7262399
IMG_20241016_103259.jpg,go_back,0.5722361,0.27079925,0.5782201,0.26156735,0.5635637,0.2625141,0.58687645,0.2667617,0.55119765,0.2709392,0.6055263,0.3146374,0.53716433,0.32237896,0.6396968,0.302903,0.51429904,0.31767213,0.60795075,0.267895,0.5303878,0.27624336,0.59614277,0.48157766,0.5523164,0.48388162,0.59773934,0.5991692,0.5550843,0.6030994,0.59878784,0.7065205,0.55986714,0.7100703
IMG_20241016_111021.jpg,go_back,0.5158761,0.4305009,0.5228051,0.42406845,0.5086207,0.4229404,0.533805,0.43151134,0.49774557,0.4309776,0.5522835,0.47096956,0.4827408,0.47087866,0.575603,0.43664247,0.46070233,0.43663952,0.5416828,0.4295437,0.48474967,0.4282953,0.5395712,0.61952645,0.49511844,0.6185452,0.5359374,0.72187257,0.4981424,0.7249874,0.5273346,0.83108985,0.50419456,0.8345678
IMG_20241016_111022.jpg,go_back,0.5108874,0.47075567,0.51742446,0.46331698,0.50328004,0.4628072,0.52739125,0.46887884,0.4917465,0.46981168,0.54671615,0.5093604,0.47659013,0.5127692,0.5732506,0.47874537,0.454058,0.48308727,0.5381388,0.47162175,0.47443303,0.4679876,0.5355199,0.6632506,0.4912399,0.663562,0.5298409,0.7729338,0.49049672,0.7777117,0.52220494,0.882337,0.5008916,0.8855969
IMG_20241016_111023.jpg,go_back,0.52559215,0.46806723,0.5312784,0.46080005,0.5176306,0.4603225,0.5383697,0.46876538,0.5053632,0.46890998,0.5584387,0.5112649,0.49059153,0.5114381,0.5898095,0.47914955,0.47546756,0.47414228,0.55250883,0.46986458,0.5052468,0.45489255,0.5478231,0.6695092,0.50511533,0.6691008,0.54261315,0.775707,0.50274336,0.7820586,0.5291914,0.8834059,0.5073738,0.89334804
IMG_20241016_111024.jpg,go_back,0.5088271,0.31674415,0.5152468,0.30963886,0.500371,0.3088523,0.52404594,0.31637064,0.48779675,0.3167047,0.54390967,0.35939103,0.4728242,0.36030403,0.57864696,0.3195938,0.45429727,0.31876755,0.5361579,0.318561,0.48636204,0.32321805,0.5305426,0.51883864,0.4865606,0.5178673,0.5226589,0.6215698,0.48452342,0.62977284,0.5103648,0.7254077,0.48846367,0.7363274
IMG_20241016_111025.jpg,go_back,0.42019182,0.21751963,0.4278434,0.20940557,0.4120385,0.20948854,0.44176447,0.21658151,0.40135854,0.21881762,0.4636345,0.26380214,0.38491157,0.26733652,0.48636332,0.21747786,0.35104746,0.22249003,0.4510223,0.22043009,0.38580212,0.21330468,0.4566044,0.42990205,0.40714923,0.43198425,0.45173362,0.5331108,0.4175809,0.5405482,0.44632694,0.6444018,0.42684314,0.64835894
IMG_20241016_111026.jpg,go_back,0.41568533,0.35796675,0.42314586,0.34953707,0.40833923,0.34938598,0.4368736,0.35575265,0.39878148,0.3573585,0.45825168,0.40170446,0.3812475,0.4047128,0.4824377,0.36293718,0.34856638,0.36579502,0.4508448,0.35794756,0.37943542,0.35274753,0.44856194,0.55901295,0.40050605,0.5611428,0.44643724,0.65731114,0.40943307,0.6664146,0.4423144,0.7697952,0.4221272,0.77812636
IMG_20241016_111027.jpg,go_back,0.47843635,0.39866272,0.48554456,0.39146137,0.47078347,0.39018673,0.49610978,0.39862394,0.46054345,0.39676127,0.51429987,0.44308156,0.44331503,0.43917945,0.5398844,0.41770256,0.41665137,0.40635845,0.50975716,0.40371028,0.44648463,0.39064416,0.49691966,0.5998496,0.45330986,0.5976433,0.48944885,0.70344466,0.45141897,0.7073092,0.4756139,0.8063214,0.4572145,0.8144173
IMG_20241016_111029.jpg,go_back,0.51938784,0.4134182,0.5257582,0.4058606,0.51160866,0.40505543,0.5344697,0.41215226,0.5000358,0.41167948,0.55438274,0.45512357,0.48592943,0.45571154,0.58612657,0.42198527,0.4665612,0.42212847,0.5434387,0.41011646,0.488332,0.41007876,0.54100424,0.61118406,0.49857146,0.6102638,0.53486186,0.7136962,0.49701715,0.71927184,0.5243149,0.81640244,0.5021564,0.8262374
IMG_20241016_111030.jpg,go_back,0.5008308,0.2961867,0.50781673,0.29014435,0.49328613,0.28741065,0.5151566,0.29949793,0.4797503,0.2950541,0.53241485,0.34305725,0.46233678,0.34016615,0.569773,0.30246055,0.44745353,0.29473954,0.52319396,0.3014872,0.47997656,0.28928694,0.5147476,0.50364035,0.4713977,0.5004176,0.50651354,0.60882735,0.46842337,0.6117888,0.49155653,0.71192676,0.4692399,0.71958846
IMG_20241016_111032.jpg,go_back,0.46352318,0.24303819,0.47100884,0.23643403,0.45672894,0.23367257,0.47961304,0.24455367,0.44387186,0.23859902,0.49944526,0.28849283,0.42519733,0.27992046,0.5267587,0.2488032,0.40094444,0.24062724,0.48575598,0.2384942,0.4332083,0.2376013,0.48216602,0.4440438,0.4338417,0.44078535,0.47074288,0.54642457,0.43744302,0.54887974,0.4657188,0.64760464,0.44172192,0.6596976
IMG_20241016_111033.jpg,go_back,0.46982503,0.26342565,0.4770723,0.25611144,0.46198493,0.25479794,0.4869455,0.26387548,0.4499025,0.2617846,0.5047397,0.31195182,0.4341571,0.30577514,0.5333093,0.2755546,0.4081772,0.26179802,0.49720693,0.26463726,0.4452221,0.2542125,0.4858739,0.46567196,0.44279772,0.46226487,0.47508168,0.57139134,0.44076875,0.57417846,0.46370706,0.66994876,0.44115192,0.67743915
IMG_20241016_111604.jpg,go_back,0.5436963,0.4118035,0.5512295,0.40220618,0.53468484,0.40248895,0.5615724,0.411457,0.5222652,0.41285047,0.5772467,0.46826416,0.506952,0.46970442,0.59969056,0.45770144,0.48181456,0.46179378,0.5748819,0.41895443,0.50793767,0.42452052,0.5680201,0.64661396,0.5228175,0.64704186,0.57237774,0.78285384,0.52374893,0.78468335,0.57037896,0.90986353,0.52702,0.9109563
IMG_20241016_111612.jpg,go_back,0.5164943,0.39568594,0.5237306,0.38651228,0.50766397,0.38673893,0.5353729,0.39375806,0.49559468,0.3951721,0.5543603,0.44835836,0.48163468,0.4463453,0.56715417,0.41664544,0.4590478,0.41683763,0.53504634,0.39945018,0.49038154,0.4035153,0.54395473,0.6275132,0.49609035,0.62708646,0.54718596,0.75424945,0.49826396,0.7572538,0.543944,0.88963455,0.50247496,0.8914646
IMG_20241016_111613.jpg,go_back,0.52016693,0.40887707,0.528208,0.40030777,0.51111543,0.40004748,0.5408428,0.40959483,0.49935487,0.41027874,0.5571159,0.4635317,0.48692405,0.4635785,0.57433915,0.4256953,0.46342543,0.4302769,0.5484262,0.41433,0.4945794,0.42426717,0.54469335,0.6431684,0.49867365,0.6428952,0.54631376,0.7760782,0.49768153,0.7791,0.54161227,0.9019072,0.4983699,0.9042485
IMG_20241016_111614.jpg,go_back,0.5271381,0.4136279,0.53469115,0.4052913,0.51829183,0.40518925,0.5460682,0.4155456,0.50641555,0.41637582,0.56245553,0.46949515,0.4923244,0.46868354,0.58050275,0.4322953,0.46785566,0.43380848,0.5550221,0.4221725,0.50001156,0.42512023,0.5488732,0.64690566,0.5032803,0.64610434,0.5503173,0.7811399,0.50129586,0.7833056,0.54418904,0.9075117,0.50201404,0.9099769
IMG_20241016_111614_1.jpg,go_back,0.49309736,0.40579623,0.49989513,0.396677,0.48330083,0.39754072,0.5094083,0.4047465,0.469652,0.4084116,0.5291416,0.456722,0.45748246,0.46244502,0.5542906,0.41952127,0.4395121,0.43212613,0.5170218,0.41085735,0.45927164,0.42890885,0.5288964,0.6404515,0.48217493,0.643531,0.5390138,0.77308637,0.48671144,0.7825831,0.537658,0.9015765,0.49624014,0.91329604
IMG_20241016_111615.jpg,go_back,0.48786265,0.3445187,0.4947403,0.3357502,0.47807947,0.33555275,0.5024579,0.34564802,0.46216473,0.34653682,0.51957273,0.39995077,0.4483367,0.40112725,0.5495165,0.36568657,0.43273348,0.3699997,0.5125507,0.35073894,0.4567677,0.36177137,0.50799704,0.58254254,0.46224964,0.58203024,0.51046926,0.71260065,0.46106,0.71838987,0.49980465,0.83476716,0.46077326,0.8445388
IMG_20241016_111616.jpg,go_back,0.50692236,0.35732564,0.51387227,0.34929764,0.49752337,0.3485583,0.52115256,0.35984626,0.4821533,0.3596415,0.5369795,0.4121881,0.46828577,0.41372213,0.56774527,0.37939233,0.45639315,0.38475892,0.5313903,0.36865047,0.47920963,0.37918058,0.52675533,0.59399843,0.48210374,0.5936425,0.5302312,0.7233014,0.47977337,0.729607,0.5227512,0.85027605,0.4817379,0.8616446
IMG_20241016_111617.jpg,go_back,0.50038594,0.31777886,0.5080438,0.30990288,0.49169397,0.30881667,0.5189179,0.32056776,0.4788124,0.31973577,0.5371631,0.37505287,0.46257028,0.37327498,0.5552671,0.3381825,0.44080615,0.3386075,0.52372366,0.3249719,0.46942663,0.33011615,0.52521455,0.55500084,0.4764511,0.5535793,0.527931,0.6790363,0.47533065,0.68192947,0.52032197,0.8100443,0.47994143,0.81277436
IMG_20241016_111618.jpg,go_back,0.5313291,0.24999383,0.5407977,0.24292204,0.52309567,0.24122538,0.5557951,0.25584257,0.5124587,0.25308722,0.5689967,0.30997676,0.49703723,0.307578,0.5832794,0.26848844,0.46813875,0.26907796,0.5530028,0.2674818,0.5011037,0.25730246,0.54602075,0.49379125,0.4993341,0.4908669,0.5406097,0.62124586,0.4957366,0.61880696,0.5328969,0.7413685,0.49302036,0.7380594
IMG_20241016_111618_1.jpg,go_back,0.5556241,0.25075176,0.56493855,0.24251585,0.5488205,0.24147286,0.58118826,0.25322002,0.53989965,0.2517677,0.5976182,0.30810675,0.5221667,0.3082956,0.60771257,0.26712662,0.49129584,0.27460748,0.5781932,0.2626474,0.5272068,0.2586861,0.5809448,0.49007747,0.5314906,0.48879668,0.5811357,0.6139368,0.53227603,0.61103827,0.5769075,0.7465678,0.53713644,0.7362887
IMG_20241016_111619.jpg,go_back,0.5643923,0.31238553,0.5729825,0.30374327,0.5571767,0.30312368,0.58804727,0.31189987,0.54803866,0.31153774,0.6027747,0.3652114,0.5317245,0.3652553,0.61411995,0.33236897,0.50584686,0.33688095,0.59004164,0.3125606,0.543718,0.3129762,0.58621126,0.5446247,0.53886807,0.54373235,0.5881241,0.6683445,0.5398263,0.66817695,0.58497024,0.79730207,0.5429884,0.789976
IMG_20241016_111619_1.jpg,go_back,0.5323373,0.330871,0.54113394,0.32265744,0.5243741,0.3215092,0.5562429,0.33149797,0.51490116,0.32999587,0.5699527,0.3856399,0.49975032,0.383813,0.5829148,0.35107467,0.4703663,0.35056546,0.5590871,0.34031326,0.51030904,0.33157247,0.5509889,0.56166935,0.5058068,0.5601918,0.5489657,0.68928057,0.505089,0.6888205,0.5438586,0.80864275,0.504198,0.8057821
IMG_20241016_111620.jpg,go_back,0.5591849,0.43878877,0.5665365,0.42988944,0.55053854,0.42937663,0.5768316,0.43854493,0.53797406,0.43882215,0.5945827,0.49471292,0.52253413,0.49423215,0.616008,0.46399173,0.5039601,0.4652072,0.58586776,0.4429057,0.5327516,0.4448718,0.5812418,0.6780336,0.5338908,0.6765995,0.58536,0.81061393,0.53318995,0.81112385,0.5778002,0.94576204,0.5363749,0.9431826
IMG_20241016_111621.jpg,go_back,0.55638707,0.15843825,0.5642466,0.15011361,0.54659283,0.14965017,0.5747128,0.16237867,0.53249574,0.16296718,0.59118277,0.22046277,0.517479,0.2213411,0.619336,0.18017699,0.4972845,0.1839101,0.58301884,0.17194211,0.5276709,0.17835777,0.576695,0.40726277,0.5292727,0.40657142,0.57956135,0.534156,0.52939177,0.5398387,0.573609,0.65810883,0.5326315,0.6614159
IMG_20241016_111622.jpg,go_back,0.575323,0.10013647,0.5840166,0.0920541,0.56575793,0.09088271,0.5957445,0.10539015,0.5514556,0.10434289,0.6118589,0.16496636,0.5357091,0.16361803,0.636001,0.11885575,0.5143646,0.12222172,0.60646844,0.11206341,0.5460272,0.11716714,0.5930279,0.35860825,0.5429555,0.35625607,0.590787,0.48458686,0.54192984,0.48744133,0.5773904,0.616087,0.53502494,0.614912
IMG_20241016_111623.jpg,go_back,0.49247065,0.16099359,0.5005144,0.15291029,0.48350897,0.15309058,0.5138656,0.16407605,0.47283784,0.16601965,0.53038317,0.21895146,0.4585578,0.22362207,0.5466833,0.17373802,0.43072888,0.18671544,0.5132377,0.17887612,0.46423015,0.17466976,0.52190536,0.405426,0.47529677,0.40733534,0.5267111,0.5349554,0.4806114,0.5374012,0.5271482,0.6573228,0.48588052,0.6570965
IMG_20241016_111624.jpg,go_back,0.50041145,0.2628019,0.5087955,0.2545296,0.49270898,0.2536011,0.52261245,0.26416516,0.48227733,0.26319498,0.5398226,0.3193225,0.4657188,0.31743386,0.55307007,0.28248402,0.43871185,0.2830404,0.52906525,0.27284986,0.47572783,0.27025813,0.52473015,0.49671537,0.47671968,0.49527055,0.52331,0.6176683,0.47649994,0.61840713,0.51568836,0.7477738,0.4793177,0.74560505
IMG_20241016_111625.jpg,go_back,0.45607287,0.28106502,0.4643484,0.27345455,0.44741827,0.2729454,0.47716537,0.28515562,0.43602413,0.28542358,0.49334848,0.33707175,0.41994146,0.33875456,0.51366705,0.2929944,0.39129016,0.2999073,0.47792566,0.2863526,0.42839193,0.28697893,0.48157328,0.5150489,0.43427673,0.5148496,0.4829536,0.64442503,0.43649817,0.6455888,0.48037395,0.7661036,0.43948066,0.7642666
IMG_20241017_140555.jpg,go_back,0.50623596,0.3493142,0.5132326,0.33470926,0.49757215,0.33621925,0.5250447,0.3421365,0.4864753,0.34752047,0.54717326,0.4152857,0.4690664,0.41934177,0.5751693,0.40926936,0.4391817,0.41191116,0.5454277,0.3360739,0.4703292,0.33747715,0.5328578,0.6473595,0.48317167,0.6477481,0.53065485,0.79874796,0.4833216,0.8018366,0.52536005,0.9738727,0.48757747,0.97066104
IMG_20241017_140557.jpg,go_back,0.50970435,0.29738906,0.5169633,0.28269327,0.50060177,0.2848274,0.53008014,0.29029584,0.48986214,0.29706353,0.55104876,0.36656028,0.47262326,0.37015828,0.57724684,0.3606848,0.44054362,0.3613048,0.5489937,0.2899662,0.47302085,0.2959276,0.5360571,0.5962632,0.48645574,0.5970485,0.5376758,0.7495498,0.48958498,0.7544383,0.5364733,0.9234314,0.4993545,0.915727
IMG_20241017_140557_1.jpg,go_back,0.5103648,0.29582056,0.51835084,0.28064325,0.5018215,0.28224757,0.53365695,0.2876465,0.49247476,0.29247004,0.55361724,0.37006837,0.47374442,0.36743295,0.57537514,0.36212075,0.43738905,0.35253686,0.5539232,0.28983977,0.47284603,0.28627777,0.53025275,0.60159475,0.47999102,0.5986133,0.5300138,0.7574266,0.48049653,0.755671,0.5241704,0.9325328,0.4882175,0.9161299
IMG_20241017_140558.jpg,go_back,0.48081452,0.21500275,0.4897383,0.2000832,0.47267327,0.20133759,0.5065268,0.20911875,0.4637313,0.21213661,0.5266846,0.29249662,0.44448644,0.2889204,0.5438186,0.28846624,0.40263093,0.27896324,0.5277657,0.22261122,0.4399212,0.20630796,0.50782955,0.53337175,0.4566912,0.53198904,0.5073277,0.6911618,0.46210763,0.6870924,0.5016425,0.8671059,0.47017437,0.8517646
IMG_20241017_140558_1.jpg,go_back,0.50907415,0.23142514,0.5177765,0.21553077,0.50128853,0.21623835,0.5351969,0.22100155,0.49316573,0.2233545,0.5546852,0.30860862,0.47216678,0.30100664,0.5693784,0.3114849,0.4296704,0.2917525,0.5522631,0.23756017,0.46932775,0.22449422,0.5287443,0.53979623,0.47700316,0.53540874,0.5262806,0.69230855,0.47731695,0.68871135,0.51973546,0.87267536,0.48526788,0.85671467
IMG_20241017_140559.jpg,go_back,0.49129495,0.24741317,0.50008816,0.23461613,0.48322317,0.23420002,0.5153383,0.2459147,0.47361046,0.24654026,0.5319701,0.3270928,0.4534358,0.32230163,0.5537077,0.322367,0.41108218,0.3068244,0.5362674,0.25065708,0.44983467,0.24399415,0.51129794,0.5623133,0.4613815,0.5594004,0.50497806,0.7206979,0.46466276,0.7217171,0.50018275,0.88950604,0.46459228,0.8806052
IMG_20241017_140600.jpg,go_back,0.5257006,0.21733697,0.5336918,0.2029314,0.5171103,0.20342027,0.54655373,0.21270642,0.5056619,0.21439537,0.5677918,0.29635018,0.4849828,0.29268008,0.59364825,0.2912266,0.44864652,0.28454316,0.5719976,0.22074395,0.48298848,0.2137801,0.5469535,0.5321576,0.49565637,0.52975297,0.5461857,0.6947148,0.4960304,0.69149345,0.53604543,0.86853725,0.4991355,0.85973775
IMG_20241017_140600_1.jpg,go_back,0.5137992,0.18393213,0.52174455,0.16969131,0.50376666,0.17088051,0.5339542,0.18318689,0.49178803,0.18645301,0.5535049,0.27165523,0.47429153,0.2691862,0.58142084,0.26153553,0.43703678,0.25324765,0.5563635,0.18860047,0.4699133,0.1764449,0.53292114,0.5162485,0.4838444,0.5141276,0.52795225,0.6764277,0.4822284,0.6762262,0.52179646,0.8393936,0.48472214,0.83265835
IMG_20241017_140601.jpg,go_back,0.49642092,0.20890427,0.50375736,0.19494875,0.48660943,0.19574901,0.5141394,0.20578517,0.47391143,0.21029998,0.53522724,0.28689355,0.4565712,0.28976533,0.5722307,0.28454337,0.42517096,0.2814631,0.54013044,0.21347597,0.45387858,0.2120768,0.52113736,0.53072643,0.47079083,0.5300395,0.51621,0.68785626,0.47068352,0.6904669,0.513769,0.8560558,0.47286645,0.8565887
IMG_20241017_140602.jpg,go_back,0.48100033,0.21059848,0.48898482,0.19704577,0.47124565,0.19794808,0.50060445,0.2091344,0.45854107,0.21284151,0.51984453,0.28707254,0.44118693,0.28873953,0.5529808,0.2891965,0.40933236,0.28563088,0.5247022,0.21828797,0.4390505,0.21114329,0.5046066,0.5294983,0.45468885,0.52832836,0.50115407,0.6889619,0.45634747,0.6899736,0.49618292,0.8551251,0.45736182,0.84993815
IMG_20241017_140602_1.jpg,go_back,0.514887,0.13937254,0.523327,0.1245169,0.5065937,0.12592067,0.53929764,0.13475163,0.49767968,0.13859639,0.5610112,0.21975966,0.4793894,0.2198369,0.5820475,0.21933673,0.4414934,0.21775737,0.5603638,0.14595553,0.4735282,0.14172195,0.542039,0.45455825,0.49122497,0.45433202,0.54170734,0.60146713,0.49340168,0.6016677,0.53485453,0.7677954,0.49975443,0.75991493
IMG_20241017_140603.jpg,go_back,0.54024774,0.19638708,0.54836375,0.18335553,0.53218,0.1842478,0.56200904,0.19770513,0.52239794,0.20046324,0.58225316,0.27929604,0.50328577,0.27821243,0.60726,0.27709582,0.46852517,0.27144894,0.58743113,0.20771988,0.49821803,0.20094658,0.56216407,0.5065323,0.5133681,0.5047221,0.5614595,0.6624897,0.5139235,0.6614092,0.5522323,0.8247133,0.520707,0.8153149
IMG_20241017_140604.jpg,go_back,0.5203357,0.22930224,0.5282233,0.21485564,0.51176536,0.21502689,0.54086953,0.22319733,0.5002912,0.22433448,0.56122446,0.30500472,0.4812225,0.3025361,0.58815116,0.3090054,0.44821024,0.30506492,0.5638147,0.23800752,0.47658733,0.23201497,0.5402563,0.5351524,0.49089566,0.532627,0.53721356,0.6879969,0.48954207,0.68444866,0.5292037,0.85646623,0.49458787,0.8498655
IMG_20241017_140605.jpg,go_back,0.4500897,0.26767394,0.4579191,0.25556907,0.44175684,0.25531417,0.46967688,0.2699658,0.4321462,0.27043724,0.4877782,0.34753576,0.41310203,0.34584522,0.51879835,0.3489871,0.37856308,0.3413984,0.49190986,0.27935806,0.4052097,0.27159703,0.46862224,0.57754457,0.42249492,0.5751434,0.4660009,0.7309295,0.42062664,0.73164105,0.4631764,0.89150226,0.4233574,0.88996255
IMG_20241017_140605_1.jpg,go_back,0.46345207,0.34268793,0.4709137,0.3295651,0.45477888,0.33016318,0.4823709,0.34262422,0.44393012,0.3445087,0.5013252,0.41891655,0.42638475,0.4176744,0.527983,0.41477594,0.39161733,0.41132116,0.50292146,0.3503692,0.42430893,0.34067208,0.4845276,0.64001906,0.43784356,0.6390802,0.47962967,0.7953672,0.4365143,0.79512656,0.47530848,0.9569463,0.44045737,0.9544391
IMG_20241017_140606.jpg,go_back,0.42053,0.2510054,0.4277807,0.23758721,0.4114885,0.23960955,0.44001234,0.25055534,0.40137392,0.25580025,0.46024475,0.32815033,0.3849448,0.3289077,0.48680353,0.3215474,0.34789798,0.31826892,0.4612101,0.25345656,0.3798322,0.24884833,0.44544512,0.5501748,0.39895126,0.55042136,0.44238964,0.70582795,0.3986315,0.7095615,0.44002643,0.8636392,0.40356696,0.861932
IMG_20241017_140607.jpg,go_back,0.41662684,0.14746718,0.42444396,0.13426852,0.40684262,0.13433845,0.4353386,0.14699699,0.39383966,0.14839076,0.45307237,0.22936401,0.3760374,0.22654901,0.48584262,0.22781548,0.34527388,0.21548563,0.4566451,0.15509608,0.37313962,0.14446352,0.4355057,0.45902836,0.38768062,0.45591915,0.4306837,0.6164032,0.3852128,0.6167901,0.424158,0.7804803,0.38675943,0.7757619
IMG_20241017_140608.jpg,go_back,0.50603527,0.1312836,0.5130466,0.11837648,0.4969766,0.11859185,0.52258897,0.12957679,0.48331854,0.13176365,0.5436381,0.2053952,0.4646897,0.20480596,0.57724226,0.21159574,0.43941444,0.20318818,0.54848915,0.14385636,0.46351376,0.1339528,0.52787924,0.43634212,0.478155,0.43416944,0.525819,0.5936177,0.47544953,0.59400207,0.5199206,0.76068,0.4833055,0.75980705
IMG_20241017_140608_1.jpg,go_back,0.47785524,0.16739868,0.48467642,0.15389456,0.46886513,0.15477842,0.4933831,0.16651222,0.4557945,0.16866137,0.5132847,0.24590261,0.4382029,0.24324732,0.54655606,0.2509631,0.41086262,0.23878217,0.5178943,0.1753257,0.435471,0.16284081,0.49653217,0.47113556,0.45023695,0.46835512,0.49102467,0.6343198,0.44458106,0.6347924,0.48190722,0.7932766,0.44734824,0.7944286
IMG_20241017_140610.jpg,go_back,0.5216173,0.14772376,0.529275,0.13413495,0.51272357,0.13473827,0.5409599,0.14544454,0.5018573,0.14736734,0.5598234,0.22423986,0.4853536,0.2227921,0.5885631,0.22562134,0.45257702,0.21973038,0.5628806,0.15448643,0.48014146,0.1487495,0.54340583,0.44993633,0.49731377,0.44838127,0.54003185,0.60759884,0.49530214,0.6078977,0.5360475,0.7604293,0.49888632,0.758527
IMG_20241017_140611.jpg,go_back,0.4888754,0.1343096,0.49707124,0.121471025,0.48062444,0.12273264,0.5119203,0.13358322,0.47179586,0.13853905,0.53032976,0.21035942,0.45436215,0.2154643,0.55475014,0.20952247,0.41683483,0.21127345,0.53372735,0.14314203,0.44832432,0.14024594,0.51785606,0.44491896,0.4690127,0.44739628,0.51566875,0.60103256,0.47422138,0.6081404,0.52162665,0.77033705,0.48325804,0.76841253
IMG_20241017_140611_1.jpg,go_back,0.54087436,0.15515468,0.54951364,0.14275905,0.5339101,0.14359331,0.5665037,0.15533796,0.52709013,0.15883502,0.58340293,0.23243031,0.5082168,0.2337466,0.6003836,0.23339549,0.46666586,0.22794063,0.5852869,0.16300151,0.50009817,0.159065,0.56530195,0.4608778,0.51696074,0.4616124,0.5629659,0.6226853,0.52311575,0.62797624,0.5645734,0.7943021,0.5283761,0.78798306
IMG_20241017_140613.jpg,go_back,0.53649783,0.1531657,0.5446194,0.13963057,0.52874815,0.14161874,0.5608475,0.15148906,0.52236485,0.15661663,0.5797243,0.23189415,0.5048538,0.23219967,0.59839964,0.23582777,0.463139,0.22972329,0.5817868,0.15912579,0.49737385,0.15742452,0.56328183,0.45923024,0.5171367,0.459987,0.56450367,0.6249355,0.5227805,0.628217,0.5683537,0.79214996,0.53217065,0.78188705
IMG_20241017_140613_1.jpg,go_back,0.5408294,0.1423703,0.5495565,0.13003255,0.53370976,0.12999952,0.56586283,0.14144932,0.5264163,0.14298168,0.5818285,0.21846832,0.50757134,0.21741965,0.5992735,0.22338782,0.46738574,0.2153403,0.58432794,0.14865705,0.5014055,0.1457637,0.5629725,0.44732118,0.51531607,0.44640547,0.5594591,0.6062848,0.519982,0.6076287,0.5596354,0.7784273,0.52315456,0.76949656
IMG_20241017_141122.jpg,go_back,0.5551328,0.3792603,0.56232136,0.36602485,0.5471199,0.36784318,0.5744166,0.380275,0.5376219,0.3856077,0.5993082,0.45347473,0.51932955,0.459527,0.6399378,0.4123634,0.47973382,0.4221434,0.60235614,0.3774852,0.50994235,0.37019983,0.58772165,0.70234907,0.5359793,0.70568776,0.59103024,0.8746388,0.5385292,0.8840817,0.59703386,0.9866507,0.542276,0.98346305
IMG_20241017_141122_1.jpg,go_back,0.5389643,0.42989928,0.54538554,0.41912866,0.5318902,0.41905743,0.554667,0.4315434,0.52226484,0.4348785,0.5801666,0.5034015,0.5021561,0.50794536,0.6244695,0.47708118,0.46617854,0.47890028,0.58959895,0.42846268,0.4887762,0.42530185,0.5690673,0.7607953,0.5172664,0.7616817,0.56846243,0.93085873,0.52185553,0.936144,0.0,0.0,0.0,0.0
IMG_20241017_141123.jpg,go_back,0.52202666,0.3691299,0.52910674,0.35549936,0.5137056,0.35658944,0.5393892,0.36854672,0.50241435,0.37247294,0.56493306,0.44468668,0.4830735,0.44930747,0.61441904,0.41135615,0.44515187,0.42003325,0.57211024,0.35583964,0.47263283,0.371299,0.55647874,0.70127934,0.50457734,0.7039763,0.56045794,0.8780403,0.5098121,0.8879558,0.56801194,0.9842168,0.51438713,0.9852036
IMG_20241017_141124.jpg,go_back,0.52938247,0.31180218,0.53607,0.2991594,0.5204071,0.29987404,0.5453613,0.3103111,0.5074409,0.3146974,0.5702507,0.38852072,0.48884317,0.39180598,0.6193069,0.3629441,0.4587458,0.3623171,0.58307165,0.30858535,0.47737044,0.31106254,0.55328375,0.6410891,0.5016782,0.6406447,0.55149317,0.8003386,0.50274074,0.8093747,0.5489396,0.95423037,0.5027466,0.96117395
IMG_20241017_141125.jpg,go_back,0.5102518,0.23238751,0.5175715,0.22004923,0.5016417,0.21966265,0.52793455,0.2336995,0.48953247,0.23501305,0.54952276,0.31532156,0.4690364,0.31425634,0.594858,0.2860549,0.43131158,0.2763457,0.55485326,0.23436761,0.4560206,0.22976178,0.5268335,0.5526598,0.47771904,0.5501084,0.5234609,0.7038718,0.47392774,0.71369696,0.52284795,0.8480891,0.47603056,0.856842
IMG_20241017_141125_1.jpg,go_back,0.53236616,0.29286662,0.5403652,0.28101933,0.5248618,0.28066167,0.55392176,0.29507288,0.5155055,0.29665282,0.57731277,0.3754651,0.4931627,0.37256688,0.6214155,0.34614167,0.4520239,0.33644924,0.59006923,0.29324973,0.48291913,0.29233927,0.5512629,0.62831193,0.4980324,0.6252917,0.5504573,0.785893,0.5027475,0.7910542,0.55177796,0.9476644,0.50183547,0.94462085
IMG_20241017_141126.jpg,go_back,0.5608271,0.21937676,0.5689261,0.20657423,0.5538036,0.20499758,0.582418,0.21683447,0.5444543,0.21483847,0.6053624,0.30277398,0.51955354,0.29403108,0.64276725,0.27505928,0.47594517,0.2582167,0.6164641,0.21555872,0.50944716,0.21209413,0.57779115,0.5479801,0.52434194,0.5425446,0.5771843,0.7016403,0.5227655,0.701601,0.5739382,0.8601696,0.5238966,0.85526365
IMG_20241017_141127.jpg,go_back,0.5547886,0.22778079,0.56220126,0.21468392,0.5460447,0.216459,0.5752361,0.22793347,0.5351639,0.23359159,0.5985478,0.3130091,0.5136216,0.31206536,0.6333585,0.28346214,0.4708901,0.27933058,0.6032147,0.2266407,0.5010244,0.23199642,0.57646143,0.55712974,0.52357197,0.5557169,0.57848126,0.71278036,0.52730167,0.71747226,0.57893586,0.8756974,0.53107893,0.8701462
IMG_20241017_141127_1.jpg,go_back,0.530748,0.17390764,0.53852075,0.16050275,0.52256465,0.16126004,0.5519901,0.1716106,0.5128374,0.17522644,0.5727384,0.25551942,0.49101296,0.2525824,0.61076957,0.23431602,0.4457444,0.22175975,0.5858046,0.1759122,0.4774697,0.17043269,0.5488819,0.5047592,0.49762392,0.50257987,0.55019474,0.6636146,0.503991,0.66863745,0.5527572,0.81346357,0.50476503,0.80563676
IMG_20241017_141128.jpg,go_back,0.5718621,0.22288363,0.58011055,0.20897195,0.5634497,0.20872773,0.5936196,0.21944012,0.55299276,0.2204116,0.6145669,0.3081849,0.5303817,0.30144396,0.65517837,0.28731084,0.48552632,0.26682058,0.62442863,0.2297278,0.52164227,0.22090624,0.5860981,0.55574566,0.5341801,0.55054855,0.5824033,0.7147883,0.532467,0.71771574,0.58211,0.86714005,0.5306732,0.8587835
IMG_20241017_141128_1.jpg,go_back,0.56437314,0.3286036,0.5716574,0.31347215,0.5554,0.31548917,0.58386296,0.32422784,0.5435603,0.3304887,0.6122828,0.40972343,0.5227371,0.41601586,0.6593345,0.37824473,0.48544222,0.38693082,0.6174096,0.3235752,0.5118718,0.3306122,0.5959915,0.6770589,0.5399805,0.679258,0.5986823,0.84929013,0.54383713,0.8580953,0.6011994,0.9999733,0.54858583,0.9995522
IMG_20241017_141129.jpg,go_back,0.60566825,0.27461526,0.613132,0.2585505,0.59486043,0.26017806,0.62237287,0.2726717,0.57856685,0.27801493,0.64764285,0.36485356,0.5572738,0.36598715,0.70640993,0.33228657,0.52022547,0.33223364,0.65750545,0.2701652,0.5496656,0.2743449,0.62293184,0.6508378,0.56665474,0.6468845,0.6196448,0.8369411,0.5627753,0.8379273,0.6196397,0.9932725,0.56146604,0.98034483
IMG_20241017_141130.jpg,go_back,0.6065818,0.29711944,0.61413735,0.2782443,0.5944974,0.28111672,0.6216183,0.29067525,0.5746213,0.29848877,0.64943963,0.39102855,0.5542211,0.39519504,0.71887547,0.35930124,0.52357656,0.3668955,0.66188043,0.28990558,0.5500948,0.29721934,0.62855124,0.7205942,0.56720006,0.7165787,0.6271176,0.9364782,0.5658449,0.932063,0.0,0.0,0.0,0.0
IMG_20241017_141130_1.jpg,go_back,0.49024674,0.32767197,0.5005883,0.30981502,0.4786195,0.31035927,0.5159768,0.3285372,0.46325368,0.3313281,0.54689956,0.444313,0.43452486,0.43715325,0.6064057,0.39826393,0.37851647,0.3874804,0.5604547,0.32890993,0.42094007,0.327594,0.51761276,0.7969469,0.44424525,0.79133815,0.0,0.0,0.0,0.0,0.0,0.0,0.0,0.0
IMG_20241017_141131.jpg,go_back,0.48530993,0.32800195,0.49710032,0.30844134,0.4739914,0.3080742,0.5138684,0.32722756,0.45827562,0.3275737,0.54291755,0.44728363,0.42617896,0.434684,0.6025888,0.40560967,0.36408138,0.37951264,0.5572234,0.33290604,0.41665578,0.3248146,0.51023626,0.80999625,0.433575,0.8029275,0.0,0.0,0.0,0.0,0.0,0.0,0.0,0.0
IMG_20241017_141131_1.jpg,go_back,0.38977933,0.3053551,0.40391266,0.28350657,0.37953305,0.28256005,0.4286267,0.30223674,0.36747724,0.3003104,0.45418078,0.4359086,0.33512583,0.41857892,0.5083469,0.39686272,0.24905,0.35989803,0.46994448,0.31015676,0.3217316,0.29655325,0.42101762,0.83111775,0.3394287,0.825688,0.0,0.0,0.0,0.0,0.0,0.0,0.0,0.0
IMG_20241017_141132.jpg,go_back,0.40132657,0.30472815,0.41594443,0.28140038,0.3911386,0.28228354,0.44391817,0.3006714,0.38049304,0.30256036,0.47027484,0.4399035,0.34962764,0.42860252,0.51613325,0.3922156,0.25811604,0.36665207,0.48098,0.30226958,0.34138915,0.300105,0.44390047,0.8425249,0.36080864,0.84129864,0.0,0.0,0.0,0.0,0.0,0.0,0.0,0.0
IMG_20241017_141132_1.jpg,go_back,0.52516496,0.28154314,0.5393748,0.25784844,0.513582,0.25918922,0.56448126,0.27784404,0.5007891,0.2815716,0.59558624,0.4156299,0.4703643,0.40944117,0.6560546,0.3574762,0.3889584,0.34843358,0.6091203,0.27983335,0.45751792,0.2825997,0.5666601,0.8260136,0.48183167,0.82420653,0.0,0.0,0.0,0.0,0.0,0.0,0.0,0.0
IMG_20241017_141133.jpg,go_back,0.57218784,0.29271978,0.58344114,0.26708975,0.55518246,0.27067095,0.6002212,0.28889394,0.5329851,0.29964143,0.63856983,0.43958455,0.5033818,0.43766624,0.7277396,0.36217484,0.42931288,0.36327037,0.64639217,0.28715178,0.49168926,0.292416,0.6115999,0.8798497,0.5219286,0.87829685,0.0,0.0,0.0,0.0,0.0,0.0,0.0,0.0
IMG_20241017_141134.jpg,go_back,0.58050495,0.34311104,0.5903181,0.31906432,0.56557375,0.3225642,0.60292476,0.33485782,0.5434325,0.34447804,0.6377546,0.4680758,0.5170077,0.4684195,0.72133815,0.4099466,0.46835926,0.42106608,0.6466921,0.33772686,0.5084689,0.34596723,0.6098202,0.8672341,0.528674,0.86228687,0.0,0.0,0.0,0.0,0.0,0.0,0.0,0.0
IMG_20241017_141135.jpg,go_back,0.56674975,0.22964588,0.5769518,0.20986505,0.55441415,0.2100849,0.5887451,0.22872768,0.5345757,0.23101033,0.6193259,0.34933087,0.50813967,0.34694797,0.69060487,0.29559475,0.4625229,0.2918886,0.6294951,0.22567587,0.50032187,0.22703815,0.5893421,0.7040861,0.51911694,0.69854885,0.5817432,0.9306702,0.51531297,0.92842895,0.0,0.0,0.0,0.0
IMG_20241017_141135_1.jpg,go_back,0.5189687,0.19951062,0.52732754,0.18440254,0.5080172,0.18480256,0.53872633,0.19982892,0.49273843,0.20361584,0.56585234,0.2918656,0.4718114,0.2995481,0.6219626,0.25510073,0.4383378,0.27234194,0.5741435,0.20233351,0.46189454,0.20742865,0.5466054,0.5869356,0.48765954,0.58702046,0.5479374,0.77218366,0.48910138,0.77718174,0.55057454,0.9413976,0.4960181,0.94329065
IMG_20241017_141136.jpg,go_back,0.5009898,0.22110006,0.50974053,0.20798284,0.49186608,0.20839103,0.52323186,0.22662316,0.48030546,0.22892512,0.54842395,0.3144038,0.4608685,0.31832537,0.59720117,0.27856046,0.4218537,0.28355157,0.5562337,0.2287404,0.45184994,0.22854733,0.5264781,0.5809354,0.47189787,0.58185947,0.52456236,0.75720567,0.47142696,0.7694531,0.5292374,0.91391045,0.47393772,0.9272411
IMG_20241017_141137.jpg,go_back,0.42411125,0.25752732,0.4337654,0.24378115,0.41582623,0.24313013,0.4490256,0.2621943,0.4049665,0.26183692,0.47466174,0.35628912,0.38149312,0.35267714,0.518083,0.31881082,0.33266285,0.3118647,0.4799578,0.2600406,0.3706228,0.25840956,0.45337048,0.6342038,0.39587107,0.63245213,0.45296258,0.81053954,0.4001334,0.8141485,0.45750892,0.9791597,0.402412,0.9764956
IMG_20241017_141138.jpg,go_back,0.46253625,0.19966893,0.47219124,0.18548788,0.4543623,0.18561305,0.48970225,0.20127745,0.44531596,0.20302065,0.5144609,0.29565728,0.42228088,0.292027,0.5545423,0.2585051,0.37278664,0.24644749,0.5171545,0.20293885,0.4141036,0.20118491,0.4878611,0.5671146,0.43036488,0.5634701,0.48813906,0.7411008,0.43212897,0.74399596,0.49226758,0.90819186,0.43343344,0.8970961
IMG_20241017_141138_1.jpg,go_back,0.45418134,0.20521098,0.4624364,0.19216222,0.4456431,0.1932019,0.47684652,0.20785831,0.43536627,0.21194528,0.5021895,0.2964339,0.41366616,0.29632023,0.5381025,0.26078656,0.37179235,0.25516304,0.5059432,0.20784137,0.40349248,0.20634562,0.4838297,0.55604565,0.42815965,0.55593026,0.48670685,0.7144378,0.43176737,0.72370756,0.48646882,0.87822104,0.43812373,0.8780591
IMG_20241017_141140.jpg,go_back,0.46101964,0.22586441,0.4688289,0.21240826,0.4528898,0.213537,0.48286334,0.22436135,0.4439309,0.22901313,0.50702447,0.3069066,0.4249643,0.30939794,0.5453134,0.28557894,0.38413107,0.27980024,0.5113606,0.23631863,0.4121599,0.23275551,0.49126643,0.5532558,0.44003457,0.5538062,0.49433115,0.7138223,0.44321704,0.7236537,0.4988521,0.86528,0.44939095,0.8652499
IMG_20241017_141140_1.jpg,go_back,0.47713527,0.2710074,0.4850527,0.25926542,0.46918604,0.2601763,0.49855617,0.27524498,0.45970315,0.27949962,0.5205934,0.3534929,0.4407985,0.3560497,0.560197,0.32420897,0.40243697,0.32417095,0.52792597,0.26895612,0.42912018,0.27558294,0.5024638,0.6009035,0.45186582,0.6012693,0.50535834,0.7587013,0.4601902,0.76771927,0.5093212,0.91659015,0.46179935,0.9163679
IMG_20241017_141141.jpg,go_back,0.4589467,0.24832876,0.4666415,0.2346809,0.45044002,0.2364569,0.4799438,0.24846904,0.44098178,0.253536,0.5042559,0.3313196,0.42268196,0.333776,0.54286814,0.30201077,0.37969136,0.30106518,0.5056324,0.24929774,0.4116165,0.24980937,0.48738196,0.5756355,0.43686402,0.5768504,0.48738107,0.7394464,0.4385636,0.7491646,0.4922341,0.88313967,0.44200122,0.88645816
IMG_20241017_141142.jpg,go_back,0.5092048,0.3529897,0.5170748,0.34024593,0.50180995,0.34029126,0.52982056,0.35573393,0.49314848,0.35672626,0.5535827,0.4352554,0.47228527,0.4340225,0.5931946,0.40979898,0.43133578,0.40688065,0.55488104,0.35868898,0.4652653,0.3592576,0.5340477,0.685911,0.48244292,0.6853112,0.5341227,0.8527361,0.4845124,0.8586763,0.5363827,0.98663425,0.48719537,0.9854135
IMG_20241017_141142_1.jpg,go_back,0.54157734,0.42411947,0.5491119,0.41213676,0.534167,0.41195458,0.5604639,0.42866278,0.5241773,0.43042415,0.5867677,0.5094982,0.50295424,0.5102519,0.6345501,0.47294125,0.4653161,0.47551668,0.59064263,0.42783934,0.49517033,0.427448,0.5685789,0.7775405,0.51446307,0.77513874,0.56785136,0.95614547,0.5164623,0.9546291,0.0,0.0,0.0,0.0
IMG_20241017_141143.jpg,go_back,0.4751775,0.22098373,0.4826795,0.20862035,0.46688783,0.2104206,0.49599183,0.22339763,0.45780417,0.23045687,0.52116394,0.3006605,0.44071484,0.31149083,0.5660812,0.26590693,0.40320534,0.2797484,0.52559215,0.21860059,0.42823297,0.23077217,0.5090375,0.55161434,0.4584511,0.5559216,0.5112581,0.7103525,0.46554837,0.72681236,0.5214314,0.8620503,0.47163102,0.8746393
IMG_20241017_141144.jpg,go_back,0.43049756,0.11357777,0.43749076,0.10265026,0.42202026,0.1030136,0.44797227,0.12221532,0.4104624,0.12355339,0.47272664,0.2081599,0.38974652,0.20142612,0.51124156,0.174453,0.355728,0.15980764,0.48131743,0.12593819,0.3843328,0.11100404,0.45000306,0.45385066,0.39731303,0.45065904,0.44558984,0.6068916,0.39739454,0.61191285,0.44407701,0.7609595,0.3974332,0.7629083
IMG_20241017_144107.jpg,go_back,0.41946903,0.28292722,0.42624468,0.2717841,0.4110476,0.27164847,0.4367589,0.28199723,0.39889908,0.28352457,0.45657432,0.3450918,0.3838657,0.3474931,0.48423105,0.2990328,0.35060185,0.3063364,0.4631664,0.25845444,0.36893862,0.25813308,0.44834659,0.5523873,0.40353873,0.5541731,0.44995075,0.69839054,0.40795422,0.703728,0.4442989,0.85441864,0.40632638,0.8632359
IMG_20241017_144107_1.jpg,go_back,0.46551552,0.25883764,0.47276756,0.24798703,0.45745268,0.24763247,0.48435003,0.2595097,0.44610417,0.26118517,0.5036902,0.32503182,0.4308017,0.32806385,0.53763807,0.28170496,0.3984517,0.28493142,0.5127927,0.24365154,0.41847152,0.23677498,0.49202085,0.53153676,0.4466354,0.5323184,0.49039194,0.67426467,0.4496887,0.680339,0.48965555,0.8273561,0.4517417,0.8304205
IMG_20241017_144109.jpg,go_back,0.5600779,0.24010172,0.56589824,0.22929214,0.55126584,0.22795776,0.5709752,0.23880921,0.5346836,0.23781864,0.58813965,0.3041698,0.5202615,0.302973,0.6258092,0.26773578,0.50119513,0.26447603,0.5965925,0.22331207,0.50764406,0.22086515,0.5777969,0.51307756,0.5353282,0.510212,0.5754392,0.66508454,0.529937,0.6657927,0.56570846,0.80816895,0.5295589,0.8125519
IMG_20241017_144110.jpg,go_back,0.56985885,0.29505262,0.57633984,0.28393742,0.56151074,0.2819286,0.5819283,0.29489166,0.54500157,0.29160798,0.598284,0.36029333,0.530837,0.36261475,0.6363685,0.31850976,0.5107276,0.32771045,0.6042031,0.2763519,0.5188119,0.2752802,0.59154475,0.5719238,0.5500253,0.5716781,0.5910394,0.7291624,0.54862374,0.7302934,0.5805245,0.87112105,0.5471342,0.8811558
IMG_20241017_144110_1.jpg,go_back,0.62573135,0.36628774,0.63407475,0.36168095,0.6173222,0.3528916,0.63848305,0.38819805,0.5974552,0.37142128,0.65789473,0.45419008,0.568755,0.43819678,0.70916206,0.38341078,0.540836,0.35312942,0.6545763,0.37172323,0.590946,0.34885535,0.6508272,0.70026577,0.593555,0.6943756,0.64147484,0.8896747,0.5978535,0.89537615,0.0,0.0,0.0,0.0
IMG_20241017_144119.jpg,go_back,0.48978224,0.43820676,0.4970429,0.42669898,0.4796813,0.42626694,0.50576544,0.43676487,0.4636554,0.43903658,0.5293229,0.50953335,0.4462949,0.5086393,0.57298213,0.44919705,0.41236418,0.44074953,0.52601415,0.41452435,0.45009223,0.4025568,0.51483124,0.77308774,0.46006414,0.76967216,0.50255907,0.96240324,0.46131632,0.9669976,0.0,0.0,0.0,0.0
IMG_20241017_144120.jpg,go_back,0.47613913,0.44581,0.48451638,0.4338002,0.46636808,0.4329773,0.49657217,0.4448136,0.45196414,0.44660944,0.5203771,0.5156338,0.43485096,0.52128685,0.56368375,0.4503355,0.39533144,0.4556012,0.51536494,0.42019138,0.43391415,0.41407183,0.5140209,0.7742923,0.4581646,0.7765357,0.50602067,0.95584905,0.46454152,0.9697721,0.0,0.0,0.0,0.0
IMG_20241017_144120_1.jpg,go_back,0.48350242,0.29973382,0.492219,0.2904486,0.47469276,0.287824,0.50429964,0.30723456,0.46097252,0.30381888,0.526736,0.37784353,0.4401807,0.368717,0.56677765,0.32670778,0.4077507,0.29912028,0.52830654,0.2876596,0.44458076,0.26868102,0.50612974,0.6185394,0.45104358,0.61336774,0.49809495,0.7854293,0.45253456,0.79419166,0.48611966,0.95863247,0.44852546,0.96538484
IMG_20241017_144121.jpg,go_back,0.4807179,0.13786705,0.48884764,0.12807897,0.472227,0.12571913,0.49962682,0.14400226,0.4587637,0.13953958,0.5228183,0.21955097,0.43967175,0.2058733,0.5574499,0.16571032,0.40702692,0.13742466,0.522012,0.1259941,0.44695732,0.104968466,0.49889204,0.4415434,0.44728944,0.4356076,0.48652476,0.6003773,0.44941056,0.6052054,0.47334668,0.75086814,0.441035,0.7629657
IMG_20241017_144122.jpg,go_back,0.5386312,0.29105568,0.54554766,0.2811625,0.5305994,0.27996048,0.5549589,0.2953288,0.51814646,0.29472336,0.5755396,0.3603204,0.5024214,0.35720107,0.61004907,0.3010287,0.4742479,0.29185408,0.57335097,0.27146304,0.50515103,0.25718206,0.5590331,0.5762701,0.51421636,0.57294756,0.5559536,0.74026287,0.51467484,0.7427027,0.5470629,0.90358776,0.51034606,0.90754634
IMG_20241017_144122_1.jpg,go_back,0.64508104,0.2697732,0.65186244,0.2595181,0.63585633,0.25834474,0.6597191,0.27389872,0.6204636,0.27402714,0.6812599,0.33893818,0.60459423,0.3428169,0.7281958,0.26823997,0.58036536,0.27556184,0.6803104,0.2490242,0.60557616,0.2408549,0.66653657,0.563693,0.6200031,0.5620937,0.66170454,0.72596,0.6178783,0.72953695,0.65122736,0.883855,0.6181203,0.892118
IMG_20241017_144123.jpg,go_back,0.564606,0.26660916,0.572593,0.25670528,0.55555654,0.25386313,0.5830821,0.2709426,0.54168355,0.26698297,0.60359025,0.33839738,0.5228155,0.33358476,0.6465113,0.27322778,0.49349517,0.26278612,0.60596484,0.2467732,0.52484447,0.23063232,0.58378565,0.56909275,0.5334444,0.5637578,0.57800573,0.73139244,0.52796215,0.73116547,0.5664729,0.89476955,0.5253287,0.8959883
IMG_20241017_144124.jpg,go_back,0.54240793,0.2734702,0.5508091,0.2612604,0.53286546,0.26006186,0.56316483,0.27141908,0.5190284,0.27204093,0.58573407,0.34019217,0.50017697,0.34172878,0.62667567,0.26424322,0.4627533,0.26669925,0.5855442,0.24696782,0.5002687,0.2373706,0.5674923,0.6030632,0.5131441,0.60079503,0.5575822,0.7709768,0.5160355,0.77412575,0.5508231,0.95784605,0.51169467,0.95551264
IMG_20241017_144125.jpg,go_back,0.5498635,0.21452034,0.56029904,0.20255032,0.54091036,0.19844094,0.5740095,0.21770145,0.52603376,0.20995805,0.5946676,0.2998152,0.5038577,0.28701705,0.6363674,0.22221398,0.46437868,0.20132399,0.5970952,0.1882113,0.5060305,0.16800433,0.5665116,0.555725,0.5113315,0.5474588,0.5585423,0.7237099,0.5128888,0.7198069,0.5476811,0.91046077,0.50650734,0.90485877
IMG_20241017_144126.jpg,go_back,0.5109653,0.24251434,0.5191992,0.22860648,0.5003731,0.22883928,0.53184944,0.23948129,0.4856928,0.2425286,0.5540697,0.3194899,0.46829826,0.3183216,0.59328413,0.24269688,0.42998472,0.2345541,0.5502663,0.2142902,0.4690443,0.19987893,0.53490865,0.56340426,0.4822502,0.56079054,0.5311854,0.7337379,0.48225182,0.73970765,0.52651554,0.9123847,0.48181033,0.90968657
IMG_20241017_144126_1.jpg,go_back,0.43873823,0.3853814,0.4462021,0.37494248,0.43028885,0.37274417,0.45625588,0.38308367,0.4169933,0.38110936,0.47582135,0.44545883,0.3992817,0.44153288,0.5129961,0.3846444,0.3658113,0.37235144,0.47643018,0.35878435,0.39730486,0.3439268,0.46539384,0.677366,0.415644,0.6749169,0.4594368,0.8545278,0.4174184,0.85772634,0.45908898,0.9995775,0.41424957,0.99885225
IMG_20241017_144127.jpg,go_back,0.4627101,0.41176823,0.46996775,0.40044782,0.45479104,0.3995096,0.4804717,0.41071883,0.44305006,0.41020387,0.50010026,0.4727486,0.42733738,0.47088432,0.5346099,0.41460514,0.3936538,0.4104654,0.5026841,0.38801703,0.4222625,0.37511188,0.4891029,0.69611764,0.4424312,0.69568604,0.48705113,0.86895615,0.44273415,0.87327826,0.4874527,0.9937757,0.44130206,0.99246985
IMG_20241017_144127_1.jpg,go_back,0.47911793,0.25510344,0.48517597,0.24354829,0.46935642,0.24488546,0.49487963,0.25192294,0.45651323,0.25748625,0.5165583,0.31335926,0.44587547,0.31638366,0.5508012,0.256369,0.42101142,0.25485083,0.5174089,0.23345487,0.433916,0.23674582,0.5083234,0.536278,0.4640712,0.5365817,0.50981724,0.6955665,0.46308896,0.70598173,0.5026191,0.84727454,0.46640226,0.85863936
IMG_20241017_144128_1.jpg,go_back,0.5327376,0.19673751,0.5398452,0.18528621,0.52365917,0.18424143,0.54946333,0.19173217,0.5097777,0.19239311,0.5696742,0.25436896,0.49530062,0.25544462,0.6133422,0.19921474,0.46549436,0.19328396,0.5756244,0.1705547,0.49078375,0.15881386,0.55830497,0.48326242,0.51203734,0.48240244,0.5512144,0.6356214,0.5159182,0.6437594,0.54697907,0.7867691,0.51295185,0.79470783
IMG_20241017_144129.jpg,go_back,0.5865842,0.13730966,0.5947679,0.12627454,0.57811075,0.12266589,0.6040125,0.13672346,0.56267065,0.12946813,0.62383485,0.20927112,0.5436752,0.19432646,0.6655705,0.15246594,0.5141186,0.12561506,0.6317872,0.11434293,0.5428737,0.09156923,0.5950608,0.43384838,0.54572546,0.4253749,0.58306515,0.5886511,0.54506016,0.5867551,0.5700828,0.7353374,0.5358183,0.7395181
IMG_20241017_144130.jpg,go_back,0.56700265,0.19964212,0.57515806,0.18844758,0.558092,0.18712081,0.58620673,0.20469908,0.5445157,0.20322669,0.6077826,0.2808017,0.52668697,0.27424937,0.6486681,0.219252,0.4883655,0.20278102,0.60884875,0.18897137,0.5211792,0.16446306,0.5844104,0.51750284,0.53502357,0.51190645,0.57531846,0.6849199,0.5315868,0.6825741,0.5661195,0.84454525,0.52575356,0.83996904
IMG_20241017_144130_1.jpg,go_back,0.55103993,0.19477458,0.5593992,0.18715253,0.5416396,0.18788949,0.5720601,0.21699359,0.5297309,0.22035863,0.5949642,0.29178223,0.50964487,0.2929761,0.6325305,0.22315109,0.47038472,0.22348936,0.597455,0.18728472,0.4998412,0.17645885,0.57569087,0.54088503,0.5221045,0.53931344,0.57348865,0.7156654,0.52241564,0.7195264,0.56698066,0.89592284,0.52450514,0.89359826
IMG_20241017_144131.jpg,go_back,0.54179627,0.28023678,0.5498162,0.26824212,0.5323203,0.26991063,0.5638278,0.28318316,0.52082175,0.28994772,0.58868307,0.35236868,0.5028396,0.35754445,0.6236799,0.2959971,0.45942688,0.29890105,0.5952547,0.25744072,0.48823133,0.24890645,0.57809824,0.6095625,0.52190685,0.61136305,0.5755213,0.7847828,0.52564967,0.7935339,0.57719654,0.97228116,0.52756995,0.9714704
IMG_20241017_144131_1.jpg,go_back,0.561649,0.28971618,0.5702325,0.27512422,0.551288,0.27495202,0.58231485,0.28655183,0.53567255,0.28779793,0.6051397,0.36617702,0.5171554,0.3636155,0.6485652,0.3126067,0.47627738,0.3021872,0.61096853,0.26341543,0.5084772,0.24494015,0.5848682,0.6118691,0.5306882,0.60954255,0.5811067,0.7903262,0.52910525,0.7923358,0.5754697,0.96571404,0.52848417,0.9631496
IMG_20241017_144132.jpg,go_back,0.589706,0.31588775,0.5959024,0.30589083,0.58127874,0.30534583,0.6044887,0.317998,0.5694511,0.31886896,0.6235529,0.3771542,0.5536688,0.3786311,0.6631124,0.328901,0.524837,0.32884967,0.63289833,0.2974251,0.5453754,0.28337398,0.60879016,0.58629227,0.5661679,0.5855846,0.6072671,0.7351932,0.566278,0.74069697,0.5996614,0.8806553,0.56640184,0.8905886
IMG_20241017_144134.jpg,go_back,0.5175459,0.31293166,0.523559,0.30343944,0.5091756,0.30244702,0.53049684,0.3114709,0.49532187,0.31225747,0.54724354,0.365025,0.4840015,0.37171465,0.5812907,0.30570883,0.46568552,0.32133472,0.54323006,0.27317244,0.47508317,0.28412488,0.54539376,0.5654239,0.5053588,0.5678023,0.5499,0.7134545,0.51156545,0.71950984,0.5484205,0.8553531,0.5168815,0.8634054
IMG_20241017_144134_1.jpg,go_back,0.60492384,0.27587882,0.61105824,0.26678717,0.5970755,0.26346993,0.6160131,0.27746016,0.5811696,0.27252465,0.6330148,0.3355029,0.5659696,0.3329974,0.67314166,0.2820326,0.54828274,0.28059524,0.6376183,0.2485128,0.558568,0.24208981,0.6212729,0.54371995,0.57978684,0.53994364,0.6172445,0.6886332,0.5787231,0.68674207,0.6106423,0.8348083,0.57767886,0.84060854
IMG_20241017_144135.jpg,go_back,0.48781335,0.27204335,0.4943206,0.262089,0.47957185,0.26001745,0.50118124,0.27554056,0.46541473,0.27230474,0.5184362,0.33886954,0.44816503,0.33349463,0.561892,0.30411533,0.41995338,0.28720415,0.5285816,0.26203346,0.4402597,0.24163063,0.50450146,0.5470992,0.46198305,0.5439731,0.50198066,0.7013243,0.46215898,0.7046728,0.4971783,0.8431066,0.46189672,0.8536785
IMG_20241017_144136.jpg,go_back,0.50272274,0.27219117,0.5094318,0.26122954,0.49375412,0.25993457,0.5170591,0.27313006,0.47878113,0.27187,0.53617245,0.3397937,0.45994624,0.33520946,0.58257014,0.2968797,0.42648858,0.28047326,0.54561865,0.2526653,0.45283693,0.23121543,0.52002305,0.55254626,0.47431132,0.54877627,0.51367205,0.7105975,0.4720807,0.7123651,0.5079937,0.86832076,0.47174206,0.8733967
IMG_20241017_144136_1.jpg,go_back,0.47150344,0.3206159,0.47978088,0.30846357,0.46256137,0.30863672,0.4922936,0.32193375,0.4496656,0.32244503,0.5169048,0.39772645,0.4291628,0.38961875,0.5561323,0.3551111,0.3853822,0.33468565,0.5231713,0.30369222,0.4188981,0.28124815,0.496268,0.64195323,0.44015026,0.6395003,0.4877298,0.8274397,0.4434409,0.832987,0.49138662,0.98532885,0.43934152,0.9865776
IMG_20241017_144137.jpg,go_back,0.39293393,0.35404265,0.40369168,0.34134588,0.38412395,0.33796066,0.4213332,0.35682744,0.37293994,0.35174286,0.44454005,0.43687382,0.349772,0.4293265,0.49144745,0.36770508,0.2996038,0.344789,0.44980365,0.32937557,0.3459649,0.30490965,0.42251477,0.71184444,0.36209035,0.709644,0.41502234,0.90393144,0.36124167,0.91945285,0.0,0.0,0.0,0.0
IMG_20241017_144138.jpg,go_back,0.44814473,0.31330016,0.45923886,0.29991108,0.43919045,0.29779035,0.47687343,0.31593007,0.4267689,0.31240782,0.49985865,0.39917198,0.40637392,0.3896722,0.5456026,0.34562692,0.3590026,0.31794015,0.5101224,0.29249918,0.40219337,0.26246572,0.48441482,0.66876185,0.42383152,0.6662894,0.4880905,0.86583424,0.42688698,0.87407184,0.0,0.0,0.0,0.0
IMG_20241017_144139.jpg,go_back,0.4759556,0.2694168,0.4857872,0.2565515,0.46610823,0.25431362,0.49955678,0.27244493,0.45136064,0.2695348,0.5248291,0.35376385,0.4316318,0.34914353,0.5770423,0.2945832,0.38763586,0.2779701,0.53186554,0.24554121,0.42567697,0.22734898,0.51052886,0.6119384,0.45376533,0.610026,0.509036,0.7941123,0.4586558,0.7984553,0.50813794,0.9611048,0.45914036,0.964145
IMG_20241017_144139_1.jpg,go_back,0.50288475,0.38660836,0.51162624,0.3734309,0.4920748,0.37301373,0.52271634,0.3878228,0.47609362,0.39046678,0.54906994,0.46156186,0.45841837,0.4710954,0.6023081,0.3916609,0.4214264,0.40357283,0.54917246,0.34716108,0.4493864,0.34991235,0.54956293,0.73173785,0.49169713,0.73733604,0.5514023,0.9262122,0.50267875,0.94640076,0.0,0.0,0.0,0.0
IMG_20241017_144140.jpg,go_back,0.6020919,0.26822808,0.60995346,0.25633976,0.59187484,0.25228786,0.6139186,0.2694953,0.5684352,0.26201382,0.6317598,0.3451384,0.55011135,0.3422844,0.6904246,0.29113588,0.5310908,0.27927756,0.640077,0.24244216,0.5422088,0.22520787,0.6159691,0.59552425,0.5673258,0.5911553,0.6062668,0.77121454,0.5633847,0.77872485,0.5817754,0.9222636,0.55427265,0.9429341
IMG_20241017_144142.jpg,go_back,0.59747505,0.28254393,0.6045721,0.27009228,0.5879471,0.26545364,0.60629475,0.27722463,0.5654159,0.26866448,0.62195635,0.35052085,0.5432012,0.34468424,0.6787745,0.31678775,0.5214641,0.30187127,0.6370444,0.25500304,0.5370423,0.23711531,0.60789716,0.60792184,0.55898255,0.6039259,0.59852844,0.7845565,0.5601615,0.78872156,0.5859756,0.95187056,0.5522131,0.9665217
IMG_20241017_144250.jpg,go_back,0.46042404,0.206018,0.4692252,0.19523062,0.45118517,0.19475521,0.48364368,0.20947622,0.43906987,0.2107881,0.5010688,0.27931476,0.430454,0.2822279,0.52059776,0.21303694,0.4105544,0.22682674,0.4985504,0.20850547,0.4312887,0.23683153,0.4933512,0.49809623,0.44831172,0.50014263,0.49537048,0.6411464,0.45261696,0.65349877,0.48814696,0.77182025,0.45732886,0.781645
IMG_20241017_144251.jpg,go_back,0.48350275,0.23596935,0.4913377,0.22635782,0.4728185,0.22687438,0.5039613,0.24134645,0.45925942,0.2453263,0.5190954,0.3046382,0.45021573,0.3097607,0.5410666,0.24178138,0.4296653,0.25441992,0.51878697,0.25472227,0.4525403,0.26396012,0.5090253,0.52936536,0.46523586,0.5312205,0.51099277,0.67059344,0.46728623,0.6812732,0.50216955,0.8033569,0.47205144,0.8120621
IMG_20241017_144251_1.jpg,go_back,0.4678253,0.2084005,0.47731608,0.19991133,0.45818064,0.19814834,0.4923731,0.21890157,0.44580042,0.21699211,0.5059554,0.29054677,0.43505076,0.28953567,0.52530104,0.2266528,0.41451135,0.22803232,0.50513065,0.23379892,0.4466433,0.22078677,0.48861423,0.5198606,0.4432733,0.5187076,0.4833419,0.6591814,0.44124755,0.6642999,0.47360593,0.79853785,0.44473678,0.8027529
IMG_20241017_144252.jpg,go_back,0.45304576,0.2423511,0.46206796,0.23101701,0.44418725,0.23090462,0.4774314,0.24752055,0.43279672,0.24883084,0.49314466,0.3213169,0.41926202,0.32278153,0.50640154,0.25301543,0.3953036,0.2596943,0.4896807,0.26116616,0.42975664,0.24729714,0.4802557,0.5513469,0.43219048,0.5522164,0.47894946,0.6838152,0.4341256,0.6915881,0.4692302,0.83374697,0.43920165,0.83140814
IMG_20241017_144253.jpg,go_back,0.4540039,0.29430494,0.46360564,0.28430608,0.4454041,0.2835917,0.47944963,0.30213603,0.4343349,0.30202228,0.49233285,0.37196,0.42160532,0.3753405,0.51065063,0.31162864,0.39817387,0.3200446,0.4905781,0.31843716,0.43184152,0.3035211,0.47868413,0.6028773,0.43288845,0.60399467,0.47899705,0.7462926,0.43591535,0.7526945,0.47260162,0.8906118,0.44008973,0.8846252
IMG_20241017_144253_1.jpg,go_back,0.45758164,0.27030435,0.4664147,0.26077577,0.44746602,0.26013607,0.47960973,0.2776751,0.4339448,0.27867723,0.49377048,0.34259236,0.42424703,0.3483229,0.5161906,0.28055328,0.4053046,0.29668823,0.49403983,0.29846406,0.4269363,0.30548823,0.48857203,0.575804,0.44354728,0.57834285,0.4899624,0.7215169,0.44771445,0.7309391,0.4832715,0.8620303,0.45350635,0.8677874
IMG_20241017_144254.jpg,go_back,0.48068577,0.20886537,0.48868534,0.20072782,0.47132695,0.19903806,0.4997838,0.21760604,0.45785233,0.21636182,0.5133643,0.2788563,0.4477818,0.28334874,0.53613913,0.2194783,0.43484858,0.23371197,0.5110091,0.23692176,0.45290297,0.23709945,0.5024752,0.499685,0.45999986,0.500586,0.50435275,0.63674504,0.45879352,0.6442896,0.4925748,0.7632348,0.46261868,0.77507985
IMG_20241017_144255.jpg,go_back,0.45623508,0.13457657,0.46485084,0.1274141,0.4477065,0.12465971,0.4750354,0.14557803,0.43354136,0.14079477,0.4860298,0.20537888,0.42163408,0.2075725,0.5142898,0.15373611,0.4116315,0.1672197,0.48561075,0.16125941,0.4230414,0.16972162,0.47153234,0.42653513,0.42997417,0.42454258,0.46950758,0.56312764,0.4249092,0.5642731,0.45879397,0.6987706,0.42817155,0.7022165
IMG_20241017_144256.jpg,go_back,0.45848405,0.18821363,0.4657255,0.1802096,0.4494973,0.1781514,0.47308466,0.1986132,0.4340658,0.19567871,0.4848329,0.26180914,0.42336926,0.26418898,0.51033014,0.20673689,0.41304785,0.2234297,0.4823241,0.2093655,0.4235266,0.22360848,0.46883985,0.4833598,0.42878485,0.48198077,0.46199626,0.6135188,0.422985,0.6197263,0.45086685,0.7456732,0.42439413,0.7601767
IMG_20241017_144257.jpg,go_back,0.4730789,0.1987932,0.48089066,0.1905038,0.46377766,0.18741497,0.49000472,0.2080484,0.44821364,0.2039307,0.50108784,0.27020207,0.4392785,0.2712037,0.5276473,0.21601358,0.4283547,0.23345014,0.5034126,0.2143851,0.43389806,0.24531807,0.48735029,0.4833924,0.447595,0.4810416,0.48120278,0.6256254,0.44156754,0.62806624,0.47444457,0.7558352,0.4450362,0.7647639
IMG_20241017_144257_1.jpg,go_back,0.51741564,0.26930553,0.5255037,0.26077774,0.51081467,0.2587291,0.5348122,0.27568823,0.4988094,0.2706863,0.54255354,0.32993728,0.48526922,0.33468443,0.5705411,0.2830262,0.4722297,0.30539548,0.543466,0.28867355,0.47867304,0.3077389,0.5296482,0.542459,0.49217564,0.54267085,0.5292254,0.683277,0.49514523,0.6836695,0.52105933,0.82763314,0.49146855,0.82520944
IMG_20241017_144258.jpg,go_back,0.4809702,0.20175487,0.4893529,0.19318466,0.4721108,0.19169176,0.5016999,0.21060841,0.45969737,0.20930253,0.5130668,0.27420783,0.44967097,0.27439898,0.5319589,0.21857865,0.43267193,0.2223282,0.5177362,0.23549192,0.4504453,0.22523949,0.49729767,0.4862632,0.45653015,0.4852375,0.49583322,0.62778234,0.4534532,0.63312167,0.48556253,0.75958586,0.45587692,0.7630649
IMG_20241017_144259.jpg,go_back,0.5076844,0.20553711,0.5170488,0.19852114,0.49922398,0.19537553,0.5300272,0.21956873,0.48775524,0.21357985,0.5396833,0.2881046,0.47779235,0.28025693,0.55332416,0.24930021,0.45940548,0.23389375,0.5496615,0.25025147,0.47493708,0.22752878,0.5228864,0.5047754,0.4822331,0.5007783,0.5171267,0.6405095,0.47451323,0.64202005,0.5053027,0.7736886,0.4762675,0.7798986
IMG_20241017_144259_1.jpg,go_back,0.5331916,0.1045231,0.5428125,0.09647943,0.5248415,0.09462074,0.5586055,0.11601452,0.5140287,0.11312978,0.5694651,0.18418719,0.50214624,0.17933105,0.583442,0.11968046,0.48051342,0.11187377,0.57320035,0.15738001,0.51245373,0.12487428,0.5483163,0.40419623,0.50524986,0.4012513,0.5455496,0.54575026,0.5048614,0.5472374,0.53372645,0.67719805,0.50543004,0.6735873
IMG_20241017_144300.jpg,go_back,0.44485667,0.13593498,0.45442712,0.1270168,0.4367728,0.12491017,0.46903077,0.14659423,0.42506456,0.1430501,0.48321736,0.2151179,0.41162404,0.21067819,0.49801692,0.15225983,0.391266,0.1478471,0.48410583,0.17762582,0.42039618,0.15206897,0.46816242,0.43842065,0.42190483,0.43593228,0.46558055,0.5773733,0.42245612,0.57954335,0.4534527,0.7245686,0.42550197,0.7203387
IMG_20241017_144300_1.jpg,go_back,0.5151471,0.089800075,0.52433693,0.08137269,0.5043193,0.08017933,0.5369681,0.10316369,0.48898336,0.10298293,0.55063355,0.16948831,0.4775336,0.17345579,0.57476604,0.09634487,0.46141282,0.11446304,0.54946697,0.11757127,0.48515147,0.13112436,0.5398209,0.40797037,0.49212086,0.40841636,0.53779054,0.55554515,0.49306893,0.56316406,0.5273814,0.70023793,0.4989856,0.70329106
IMG_20241017_144301.jpg,go_back,0.5371726,0.1738965,0.5455014,0.16370453,0.5259157,0.1635602,0.5568174,0.18215264,0.5094515,0.18506368,0.57448035,0.25197467,0.4979847,0.2592236,0.6025287,0.17813355,0.4799349,0.19990224,0.56913835,0.19774488,0.4992981,0.21817836,0.5634578,0.49761832,0.5148709,0.49920493,0.5642418,0.6571878,0.51523906,0.6678458,0.55300766,0.80469066,0.52312905,0.8146033
IMG_20241017_144302.jpg,go_back,0.6441425,0.21178685,0.6529111,0.20023568,0.6335452,0.19725862,0.66244954,0.21538354,0.6150184,0.21185097,0.68000895,0.2891513,0.6012295,0.29290944,0.7101598,0.21110955,0.5890284,0.23712686,0.67250013,0.22155651,0.6048042,0.24716887,0.6675886,0.5429774,0.6175566,0.5416301,0.66616154,0.6991856,0.6168116,0.7012961,0.6515092,0.8611545,0.62135386,0.8678409
IMG_20241017_144303.jpg,go_back,0.5602476,0.1770902,0.5699392,0.16765268,0.5496061,0.166163,0.5832017,0.1883229,0.5342011,0.18753824,0.59715855,0.2589812,0.52156585,0.2637788,0.6235738,0.1836461,0.50529927,0.20479591,0.59153,0.20452675,0.52278525,0.22207749,0.57993686,0.5093664,0.530889,0.5089094,0.579496,0.66328394,0.5288743,0.67181647,0.5695098,0.8147597,0.5367431,0.8199133
IMG_20241017_144304.jpg,go_back,0.42183444,0.18047754,0.4314163,0.17196204,0.41078982,0.17221875,0.44744024,0.1940215,0.39750168,0.19706586,0.46313307,0.26697558,0.38786203,0.2720867,0.4797882,0.18963328,0.36227196,0.20142667,0.4577449,0.21205616,0.3912943,0.2106928,0.45649487,0.5170801,0.4077523,0.5212665,0.45965058,0.6690539,0.4129926,0.68420017,0.45576823,0.81343997,0.4201265,0.82673895
IMG_20241017_144305.jpg,go_back,0.3731288,0.15178536,0.3833885,0.1412119,0.3623849,0.14175259,0.40081057,0.16239849,0.3494473,0.16515116,0.41661385,0.24272175,0.33827406,0.24368668,0.4312343,0.171147,0.3080014,0.16825807,0.41667768,0.19860154,0.34816283,0.1674191,0.40905336,0.48881724,0.35897902,0.492246,0.41090164,0.6466816,0.36476985,0.65834683,0.4058179,0.7943038,0.37219945,0.7991447
IMG_20241017_144306.jpg,go_back,0.3139659,0.17313966,0.32411087,0.16041356,0.30283353,0.16208479,0.34216645,0.17639996,0.28993377,0.18170536,0.35895967,0.25926325,0.27984548,0.25966802,0.37293887,0.20085269,0.24829732,0.18834713,0.36432004,0.22167091,0.28973737,0.18620813,0.35281473,0.5087694,0.3021593,0.5134918,0.35771793,0.6644486,0.3100595,0.6814244,0.3527092,0.8139175,0.31716707,0.82054055
IMG_20241017_144307.jpg,go_back,0.466241,0.12948337,0.47604266,0.116489224,0.45505592,0.11630018,0.49110344,0.13189739,0.43991724,0.13320616,0.5059024,0.21061172,0.42842168,0.21146037,0.5248427,0.14329316,0.4075744,0.14987707,0.51276493,0.17018662,0.43929797,0.1570342,0.49590987,0.46227163,0.4449492,0.46348685,0.49492288,0.6012095,0.44760948,0.61148053,0.48692855,0.7594247,0.4507118,0.76120734
IMG_20241017_144308.jpg,go_back,0.4526875,0.076133326,0.46263987,0.06561974,0.44153604,0.064579085,0.47668895,0.08520971,0.4256829,0.08553053,0.49200448,0.16066985,0.41352412,0.16752918,0.5141812,0.08170369,0.3922064,0.10103003,0.48345548,0.11292245,0.41702127,0.112313785,0.48430938,0.4143141,0.43391195,0.4169367,0.48467577,0.5695229,0.4356852,0.5801727,0.47729823,0.7169917,0.4466193,0.72507477
IMG_20241017_144309.jpg,go_back,0.51818955,0.19498287,0.5273704,0.18609184,0.50704,0.18456747,0.54006386,0.20682804,0.49120337,0.20609176,0.5533603,0.28046906,0.481278,0.28208688,0.5766483,0.21427147,0.4620516,0.22494519,0.5549341,0.21724756,0.48460126,0.22621493,0.5396971,0.5251709,0.49335817,0.5249523,0.53478914,0.67548895,0.49063498,0.68261594,0.52693945,0.8180263,0.49435464,0.82699835
IMG_20241017_144310.jpg,go_back,0.57213384,0.23589812,0.5818797,0.2263565,0.56219274,0.22291276,0.5937044,0.24615008,0.5458014,0.24100246,0.60612744,0.31676462,0.53301305,0.31760597,0.6309717,0.24391374,0.5192343,0.26086944,0.6021083,0.2486074,0.53475475,0.26611954,0.5900489,0.5575744,0.5421502,0.55562955,0.585483,0.6994992,0.5405291,0.70501363,0.5734097,0.8511459,0.54065704,0.8559394
IMG_20241017_144310_1.jpg,go_back,0.4917445,0.119545795,0.5002308,0.10892613,0.48455757,0.108713776,0.51203513,0.12114457,0.47365656,0.12038498,0.5205088,0.18562807,0.46166897,0.18931733,0.54078364,0.13526188,0.4421858,0.1444491,0.52067375,0.14264598,0.45324203,0.15048158,0.51049066,0.40354896,0.47179013,0.40527833,0.51515234,0.53996307,0.48172385,0.53988034,0.5116896,0.68592,0.48108083,0.6843699
IMG_20241017_144311.jpg,go_back,0.48316446,0.17667456,0.49051827,0.16726325,0.4759695,0.16734557,0.50068647,0.18063721,0.4651713,0.18069597,0.5085822,0.2389445,0.45590723,0.24409126,0.52693,0.21609956,0.44298118,0.23329796,0.52350366,0.2067133,0.44661766,0.2261295,0.5007373,0.43239602,0.46596014,0.43437475,0.50100994,0.5692279,0.47023305,0.5722487,0.4985315,0.69574994,0.46898302,0.69968784
IMG_20241017_144312.jpg,go_back,0.4734118,0.1587007,0.481106,0.1497571,0.46624753,0.14999677,0.49167845,0.1640637,0.45555773,0.16389951,0.4988982,0.22221325,0.44480583,0.22411254,0.5152725,0.18601161,0.4308417,0.19144095,0.5087317,0.18481278,0.44305807,0.19278607,0.49131295,0.42011958,0.45544067,0.42173868,0.4927464,0.5535544,0.46143484,0.5558252,0.4907936,0.68588334,0.4605706,0.6869011
IMG_20241017_144312_1.jpg,go_back,0.41778046,0.1541515,0.4255645,0.14610043,0.4102383,0.14686431,0.4366348,0.16256104,0.39936095,0.16370367,0.44491035,0.21727902,0.38924408,0.22024758,0.45959243,0.18177113,0.37214798,0.18427505,0.44881907,0.18589982,0.3807229,0.1895626,0.44045326,0.41701782,0.40344626,0.41966635,0.44404742,0.54940563,0.4109379,0.5537519,0.44295838,0.68181974,0.41149494,0.68548673
1725302135364.png,nao_acao,0.50523806,0.10498983,0.51874197,0.08888542,0.49157944,0.08856073,0.5365871,0.104649365,0.47055477,0.103409186,0.55180776,0.22226125,0.44598404,0.22091731,0.5688238,0.35416391,0.42178115,0.35384378,0.5718217,0.46035984,0.4167624,0.46069562,0.5246898,0.4721088,0.456448,0.4712924,0.5268035,0.64385104,0.4493898,0.6480799,0.5180664,0.80421364,0.4573922,0.8070842
1725302196217.png,nao_acao,0.49422812,0.27278125,0.5048856,0.25838885,0.4833327,0.25760007,0.51757914,0.26693308,0.46415782,0.2649385,0.53331363,0.3616466,0.4410664,0.36097434,0.55549777,0.4808295,0.41490304,0.47579193,0.5587899,0.5832742,0.40642524,0.5698019,0.50992584,0.580142,0.4503061,0.5800247,0.5169038,0.7281604,0.44574112,0.7307852,0.5118031,0.8710553,0.44800746,0.8745561
1725302318820.png,nao_acao,0.3698306,0.328242,0.37770686,0.3158544,0.35995317,0.31735384,0.39163432,0.3212529,0.34843013,0.32430515,0.40831643,0.39928806,0.32556224,0.38758552,0.42953822,0.47980464,0.27924323,0.41642615,0.43069297,0.5501524,0.31774992,0.40728047,0.39125898,0.56906915,0.34003276,0.5684399,0.39535415,0.6852817,0.34746507,0.6949281,0.39949116,0.80707294,0.34637752,0.8084361
1725302323594.png,nao_acao,0.3689775,0.28349203,0.37663049,0.27078953,0.35937175,0.27283514,0.3902662,0.27651557,0.34836647,0.2803482,0.4084483,0.3583225,0.32429522,0.34331623,0.42599413,0.44668904,0.2746394,0.37123322,0.4285935,0.5176983,0.3136797,0.3613648,0.39188692,0.5305385,0.3397307,0.5287957,0.39698887,0.6505171,0.34703773,0.65957725,0.39870405,0.77654886,0.34843653,0.7771069
1725302327167.png,nao_acao,0.36477235,0.31418237,0.37186527,0.30163443,0.35503215,0.3036158,0.38439652,0.30613488,0.34246713,0.30998737,0.4027588,0.38900098,0.3187632,0.36963102,0.41767883,0.47385275,0.26769525,0.39479354,0.41588575,0.54668856,0.3070431,0.3864197,0.38291207,0.5591788,0.33059856,0.5544539,0.38447407,0.67156214,0.33292282,0.68067265,0.38550293,0.7989535,0.33348316,0.80347645
1725302330651.png,nao_acao,0.37703028,0.3232488,0.38453588,0.31057093,0.36698136,0.31224936,0.39729437,0.31549987,0.3548123,0.31872505,0.4125634,0.3958944,0.3298816,0.3805631,0.4297781,0.48182952,0.27894455,0.40610254,0.4293169,0.55854446,0.31630167,0.39974028,0.3932112,0.5664207,0.3419949,0.5642365,0.39618626,0.68487644,0.348566,0.6934127,0.4003829,0.8074225,0.34801412,0.80609894
ezgif-frame-114.png,nao_acao,0.41463178,0.35860163,0.42403436,0.34186918,0.4041954,0.3429417,0.43783903,0.34516677,0.38785833,0.34762344,0.45743027,0.432882,0.36880302,0.43712336,0.4583301,0.55542094,0.3705298,0.56407744,0.4193613,0.6168529,0.40509707,0.6275839,0.44791192,0.6920602,0.38618368,0.69396806,0.44606978,0.88838536,0.38735038,0.88869417,0.0,0.0,0.0,0.0
IMG_20241016_111004.jpg,nao_acao,0.48088014,0.28191116,0.48823744,0.27162164,0.47297192,0.27144623,0.4981512,0.27857482,0.46087638,0.27861118,0.5174986,0.33702725,0.4462858,0.34630668,0.5551035,0.40224493,0.43022916,0.43080354,0.5862327,0.45575818,0.44051826,0.4926397,0.5166026,0.49297905,0.4709601,0.49948242,0.5263806,0.5969557,0.4650107,0.6055842,0.5246516,0.6970386,0.47092238,0.71241087
IMG_20241017_140351.jpg,nao_acao,0.46389744,0.36538413,0.47274137,0.34956753,0.45448095,0.35068393,0.4869188,0.36373755,0.44270432,0.36598414,0.5095121,0.47357026,0.42401716,0.47573128,0.5271115,0.6067718,0.40916494,0.6092881,0.5323078,0.7258041,0.412632,0.73018384,0.5000874,0.71758795,0.44495922,0.720197,0.49866262,0.89908427,0.4541614,0.90241957,0.0,0.0,0.0,0.0
IMG_20241017_140352.jpg,nao_acao,0.49688974,0.14274369,0.50605834,0.12892659,0.48808485,0.12993602,0.5202688,0.14817742,0.47675028,0.15043297,0.5397923,0.25060982,0.45944604,0.2548838,0.5609393,0.3808006,0.44191936,0.38202065,0.5564826,0.49096182,0.44813225,0.49079263,0.5283257,0.47838312,0.4786804,0.48152903,0.5270067,0.6396584,0.4809749,0.64865774,0.5155306,0.80632144,0.49534878,0.81191003
IMG_20241017_140353.jpg,nao_acao,0.5177999,0.13443005,0.5263293,0.12048819,0.5092215,0.12191739,0.54093885,0.13521568,0.49889395,0.13839972,0.56126195,0.23461041,0.4839918,0.23876522,0.57829237,0.35150373,0.4672779,0.35518572,0.5785963,0.46682513,0.4738226,0.4629278,0.55015707,0.4465622,0.5015391,0.4495256,0.5449029,0.60389984,0.5101467,0.6053975,0.5417657,0.75672,0.5187673,0.75781065
IMG_20241017_140354.jpg,nao_acao,0.49193922,0.033986475,0.5000288,0.020466471,0.48356846,0.021365995,0.51281905,0.0344731,0.4724214,0.036379453,0.53032815,0.13378786,0.45544797,0.134421,0.54459816,0.25121498,0.43765885,0.24924237,0.54525644,0.35848144,0.43782884,0.3551002,0.5126873,0.34606683,0.46565592,0.34678265,0.50746965,0.4950648,0.4726444,0.49719515,0.49670443,0.6359049,0.47816524,0.6404846
IMG_20241017_140354_1.jpg,nao_acao,0.4802056,0.2649769,0.48798257,0.2521389,0.47211903,0.25271323,0.50001675,0.26435286,0.4609348,0.26525146,0.5167343,0.35514048,0.44474703,0.35562122,0.53126365,0.46392995,0.42851377,0.46178508,0.5342125,0.56750274,0.429256,0.5627422,0.5038059,0.5521962,0.4584397,0.55353034,0.4972241,0.69585747,0.46279278,0.698323,0.49007022,0.83557767,0.46961084,0.83937645
IMG_20241017_140356.jpg,nao_acao,0.4839801,0.237427,0.4920057,0.2247968,0.47682273,0.22484013,0.5052276,0.23619293,0.46732345,0.23619033,0.5227834,0.32792595,0.4508427,0.326324,0.5382645,0.43800753,0.43468845,0.43143007,0.53749144,0.54033923,0.43190417,0.53327215,0.5046586,0.52567273,0.45942107,0.5250455,0.49924383,0.6666883,0.46535262,0.6662685,0.4919151,0.80274516,0.47284153,0.8042763
IMG_20241017_140356_1.jpg,nao_acao,0.42271,0.2778153,0.43091115,0.2651869,0.4160652,0.2651422,0.44636986,0.27589342,0.40853497,0.27603677,0.4664712,0.3666571,0.3945795,0.36556065,0.4842967,0.47599342,0.37891516,0.47112843,0.4814692,0.57995963,0.37564436,0.5741121,0.45022845,0.567855,0.4049739,0.56720656,0.45012078,0.70811415,0.4165607,0.7077297,0.44732976,0.84512043,0.4256173,0.8481859
IMG_20241017_140358.jpg,nao_acao,0.38781726,0.24838021,0.39585963,0.23570229,0.38056794,0.23596516,0.40924188,0.24732965,0.3710869,0.24786407,0.42752853,0.3400664,0.3539082,0.3397591,0.44415566,0.4514158,0.33783394,0.44697392,0.44610825,0.55648506,0.33405787,0.55032855,0.41121772,0.54154783,0.36499447,0.5423388,0.40889314,0.68600225,0.37482825,0.6881411,0.40448707,0.82885796,0.38474312,0.8339263
IMG_20241017_140358_1.jpg,nao_acao,0.38418728,0.2929052,0.39254552,0.27994242,0.37686318,0.27995336,0.4065395,0.29113168,0.3672944,0.2910447,0.425021,0.384438,0.35021752,0.3838656,0.44186217,0.49649653,0.33432847,0.49265182,0.44407865,0.60424995,0.33090568,0.5992849,0.4082377,0.5882084,0.36115712,0.588695,0.40587986,0.7355761,0.37029696,0.73679656,0.40014416,0.882183,0.37880492,0.88611144
IMG_20241017_140359.jpg,nao_acao,0.4199121,0.18607654,0.427983,0.17229189,0.4112981,0.17379867,0.4415337,0.18452846,0.40052235,0.1878612,0.460834,0.2795175,0.38585225,0.28310823,0.47823602,0.39034948,0.3676256,0.39312,0.48400617,0.49989745,0.37150496,0.4987148,0.44985864,0.48641995,0.40290558,0.48942435,0.44548836,0.6359799,0.41139024,0.63794637,0.4428074,0.77903944,0.42083263,0.7813021
IMG_20241017_140400.jpg,nao_acao,0.4153867,0.23599546,0.42286816,0.2221764,0.406746,0.22389728,0.43551734,0.23339015,0.3956291,0.23731723,0.45588055,0.32879475,0.37951043,0.33399177,0.4730374,0.43743423,0.36309484,0.44710806,0.4813591,0.54350704,0.3659365,0.5507864,0.446036,0.53636336,0.3980439,0.5401485,0.44223854,0.6872911,0.40976173,0.69135714,0.44048232,0.83249706,0.4173459,0.83794147
IMG_20241017_140401.jpg,nao_acao,0.44236025,0.20862631,0.4497671,0.19458483,0.43337932,0.19616993,0.46092892,0.20700571,0.42092174,0.2103349,0.4790991,0.30281755,0.40462416,0.30717072,0.49692822,0.41498405,0.38814804,0.41958955,0.5072639,0.5200055,0.39159903,0.52218866,0.47079915,0.5050363,0.42390832,0.5095028,0.46519047,0.65668935,0.43039295,0.66339767,0.4606597,0.80312,0.4369819,0.8121876
IMG_20241017_140402.jpg,nao_acao,0.49653122,0.20296642,0.5033568,0.18991067,0.4883944,0.1909614,0.5130559,0.20091483,0.47627345,0.20299956,0.5297579,0.29451266,0.45732412,0.29549286,0.54379636,0.40473396,0.43934214,0.40496174,0.55029786,0.5085414,0.43927398,0.5063741,0.5152035,0.49644476,0.46984252,0.49787605,0.5074226,0.6433357,0.47526234,0.6458803,0.5005217,0.78660107,0.4824462,0.7907354
IMG_20241017_140402_1.jpg,nao_acao,0.45711204,0.15689792,0.4653366,0.14372854,0.44893146,0.14422575,0.4780275,0.15590924,0.4379702,0.15669107,0.4950965,0.24742451,0.42357254,0.24997559,0.51247334,0.36394662,0.4052393,0.36577046,0.51872855,0.4658566,0.40892005,0.46555394,0.48341104,0.45446616,0.43870804,0.45752245,0.47871736,0.59893495,0.44304612,0.6027882,0.47277397,0.74216133,0.45210487,0.74879414
IMG_20241017_140403.jpg,nao_acao,0.5010049,0.100967914,0.51021683,0.088128105,0.4940132,0.08748695,0.52505666,0.100851536,0.4853784,0.0989477,0.5421282,0.1957616,0.46972433,0.19532616,0.5573658,0.31191888,0.45052227,0.30920494,0.5586219,0.4235211,0.4486985,0.41450846,0.5261198,0.40645394,0.48086348,0.40653098,0.51937765,0.54975957,0.48459712,0.5486618,0.5161554,0.6886593,0.49322498,0.6882858
IMG_20241017_140404.jpg,nao_acao,0.49842384,0.10884704,0.5065897,0.09575399,0.49120024,0.09579538,0.52035433,0.107407644,0.48195505,0.10753715,0.5377033,0.20367305,0.46597558,0.20007572,0.5519443,0.3194073,0.4484305,0.30705807,0.550529,0.42512852,0.44364554,0.41263977,0.5183072,0.4062759,0.47326106,0.40456873,0.5125643,0.55015814,0.4820353,0.549242,0.50852954,0.68642044,0.48828888,0.68927735
IMG_20241017_140405.jpg,nao_acao,0.4215765,0.02868069,0.430291,0.016315028,0.4141292,0.015638959,0.4440683,0.031918723,0.40393454,0.030016614,0.46143627,0.12931512,0.38598,0.12708114,0.47793612,0.2453949,0.37006846,0.24031016,0.47835597,0.35263282,0.36548808,0.34239462,0.44511235,0.33718234,0.39750472,0.33697122,0.44244796,0.48487955,0.40803367,0.48566046,0.43892,0.630426,0.41649923,0.63305926
IMG_20241017_140406.jpg,nao_acao,0.46434316,0.12294942,0.47347733,0.11029245,0.4573938,0.10983442,0.48692924,0.122167006,0.44790724,0.120706856,0.50064886,0.21153419,0.43004537,0.21065462,0.5140677,0.3302686,0.410595,0.3249053,0.5149138,0.43488032,0.40764567,0.42320314,0.48089698,0.4164797,0.43693423,0.41626018,0.47521132,0.5615207,0.44115174,0.5613238,0.46974722,0.7039655,0.44734555,0.7053669
IMG_20241017_140406_1.jpg,nao_acao,0.46712285,0.077041365,0.47505897,0.06389953,0.45936438,0.06424524,0.48730162,0.07591012,0.44856226,0.07651259,0.50348395,0.17176984,0.43072167,0.16957045,0.51606447,0.2868087,0.41224635,0.27824727,0.51716363,0.3899869,0.40738317,0.38014057,0.482928,0.3736455,0.43717885,0.37267345,0.47665122,0.51771355,0.44279918,0.5172204,0.4678024,0.65840644,0.44842196,0.65986794
IMG_20241017_140407.jpg,nao_acao,0.46680984,0.08558169,0.4743876,0.07257843,0.45892784,0.07297235,0.48572522,0.084072575,0.4476285,0.084604025,0.5016878,0.17820153,0.42977655,0.17546895,0.51322305,0.29225758,0.41059017,0.2829406,0.51496977,0.39511046,0.4068853,0.38475293,0.4822268,0.37738216,0.43704537,0.37613222,0.4737346,0.521265,0.43957442,0.5201775,0.4628411,0.66007,0.4447312,0.66046464
IMG_20241017_140408.jpg,nao_acao,0.43066445,0.05198638,0.4386355,0.038335435,0.42217237,0.039792664,0.4515151,0.052039683,0.4113383,0.055247176,0.4696428,0.14886494,0.39692384,0.1517675,0.48518762,0.2653143,0.3770321,0.2620155,0.49084055,0.36995026,0.3791441,0.35820842,0.4570677,0.3559182,0.4113726,0.35899198,0.45191038,0.50374544,0.41715544,0.50702894,0.4460849,0.6432737,0.4254068,0.6483313
IMG_20241017_140409.jpg,nao_acao,0.34396502,0.0697782,0.3527853,0.056375142,0.33621615,0.05659648,0.36586028,0.06666886,0.32548925,0.06663602,0.38114047,0.15706015,0.30826977,0.15770377,0.39736626,0.27649227,0.28874636,0.2761505,0.40439215,0.37925538,0.29029888,0.37811214,0.36726728,0.37117332,0.32212365,0.37244496,0.36206084,0.5166514,0.3261993,0.5185238,0.35648248,0.6580709,0.33386052,0.6627449
IMG_20241017_140410.jpg,nao_acao,0.3729865,0.15000878,0.37946445,0.13668837,0.36415225,0.13804013,0.38784203,0.1478756,0.35027692,0.1505507,0.40368414,0.24165834,0.330545,0.24087311,0.41675743,0.3522433,0.3108126,0.34703222,0.42309862,0.45168087,0.30879623,0.44731668,0.38733122,0.442573,0.3416316,0.4429718,0.3767422,0.5888887,0.34403583,0.5907669,0.3660841,0.72716784,0.34946853,0.7308091
IMG_20241017_140410_1.jpg,nao_acao,0.38594258,0.150161,0.3929644,0.13697387,0.37697726,0.13745664,0.4015795,0.1489763,0.3624316,0.14921983,0.41543394,0.2427816,0.34320462,0.2391715,0.42954755,0.3534071,0.32204285,0.34320292,0.43638644,0.45123413,0.32295606,0.44650668,0.40078294,0.44176254,0.35585353,0.44183654,0.3893256,0.5871238,0.3573202,0.5889661,0.37847486,0.7253238,0.359925,0.729642
IMG_20241017_140411_1.jpg,nao_acao,0.5128884,0.17488343,0.52012277,0.16166535,0.5048517,0.16311121,0.531684,0.1719322,0.49407643,0.17511608,0.5488304,0.26313475,0.47807243,0.26448485,0.5623718,0.37280262,0.46159855,0.37131163,0.5695333,0.4720143,0.45860392,0.47070578,0.53398925,0.46071875,0.4896217,0.46173593,0.52691686,0.6036993,0.49438313,0.60471493,0.5195093,0.7429405,0.502014,0.7449776
IMG_20241017_140412.jpg,nao_acao,0.5053226,0.1693482,0.5130631,0.15672123,0.49749228,0.15720639,0.5250575,0.16860428,0.48664203,0.16926801,0.5414526,0.2597623,0.46986336,0.25855276,0.5559263,0.37035307,0.45109358,0.36325967,0.5610437,0.47351268,0.44975746,0.46492702,0.5258393,0.45736766,0.4810024,0.45777768,0.5173919,0.600989,0.4840878,0.602595,0.5094543,0.7425203,0.48963886,0.74619895
IMG_20241017_140806.jpg,nao_acao,0.54265106,0.26112887,0.5523066,0.24579011,0.53372586,0.24664953,0.56720626,0.26403078,0.5223268,0.2655729,0.59272015,0.367844,0.49964014,0.3655392,0.64529747,0.46823764,0.44982967,0.44687894,0.6951219,0.55859536,0.3971833,0.5095877,0.5716649,0.6241364,0.51563543,0.6242969,0.57661515,0.7915721,0.51445836,0.8002749,0.5696825,0.95248663,0.5271076,0.9591191
IMG_20241017_140807.jpg,nao_acao,0.552318,0.2826296,0.56196725,0.26806033,0.54371077,0.26641273,0.57473713,0.28518832,0.53048396,0.28133833,0.5911602,0.3927593,0.5086281,0.39087784,0.60870874,0.533681,0.49218374,0.52895427,0.6046375,0.6459882,0.49850512,0.6429749,0.5793601,0.64279246,0.52532554,0.64337707,0.5796365,0.819566,0.5176671,0.82494175,0.5719774,0.9731808,0.52843755,0.977117
IMG_20241017_140807_1.jpg,nao_acao,0.5382099,0.21623133,0.5482003,0.20136034,0.52864546,0.19909258,0.55930865,0.21968222,0.5117749,0.21364574,0.5729892,0.33531794,0.48772913,0.3296444,0.5885674,0.4785771,0.46780556,0.4712529,0.58396935,0.598127,0.4738597,0.593525,0.55537695,0.59785575,0.5007502,0.59565485,0.5537809,0.7772413,0.49221998,0.77857256,0.5424547,0.93614423,0.4941702,0.94495887
IMG_20241017_140808.jpg,nao_acao,0.5247258,0.1957828,0.5343988,0.18008418,0.51499456,0.17914505,0.5468302,0.19614595,0.50027335,0.19385087,0.563698,0.30920768,0.48012382,0.30851817,0.58084345,0.44914582,0.46182707,0.44840607,0.57649606,0.5694833,0.4671311,0.569186,0.54879034,0.5726396,0.49494153,0.57282597,0.5494975,0.75016874,0.48679405,0.7552967,0.5408798,0.9033995,0.49050972,0.91570526
IMG_20241017_140809.jpg,nao_acao,0.50259423,0.16251977,0.51382554,0.14737703,0.49392462,0.14620459,0.53151876,0.16771623,0.4827105,0.16469948,0.55230206,0.28610682,0.46352485,0.28578362,0.5681849,0.43755388,0.44224006,0.43083808,0.5617468,0.56811965,0.44643694,0.55525047,0.5341328,0.5609548,0.47612593,0.56115127,0.53672105,0.7471692,0.4696876,0.7502889,0.5294758,0.9116776,0.48260117,0.913761
IMG_20241017_140810.jpg,nao_acao,0.4938862,0.07954689,0.5058174,0.064074375,0.48567086,0.063017555,0.5254488,0.083494745,0.47619212,0.07981473,0.54577637,0.20470683,0.45975494,0.20027596,0.56134444,0.3591892,0.4395868,0.34176555,0.55121875,0.48356384,0.43947822,0.45924306,0.5250474,0.47378334,0.46934608,0.47004446,0.5249531,0.65562195,0.46386647,0.65146273,0.5235809,0.8095319,0.4715513,0.8046536
IMG_20241017_140810_1.jpg,nao_acao,0.47929078,0.16200954,0.49057174,0.14574906,0.47090274,0.14578299,0.5101258,0.16196059,0.46170035,0.1612978,0.5304877,0.28135088,0.44591656,0.28079382,0.5482388,0.4298991,0.42724115,0.42127147,0.5378752,0.55665404,0.4264917,0.5414408,0.51369727,0.55101943,0.45955452,0.54981995,0.51741683,0.73116696,0.45576298,0.7323494,0.5172016,0.8891204,0.4634543,0.88909173
IMG_20241017_140811.jpg,nao_acao,0.5067485,0.11381458,0.51703763,0.09807236,0.49655846,0.09833601,0.53334326,0.11783396,0.48297584,0.11817632,0.5532277,0.24305822,0.4627218,0.2413059,0.5702446,0.39891073,0.4438217,0.3892482,0.5613716,0.5206048,0.4487603,0.5093852,0.5356737,0.5151931,0.4779589,0.5152722,0.5381487,0.6924508,0.47489545,0.7021717,0.5322086,0.8601511,0.48100042,0.8688639
IMG_20241017_140812.jpg,nao_acao,0.488613,0.25361937,0.49871817,0.23770499,0.47863826,0.23625615,0.5113333,0.2575912,0.4624531,0.25417283,0.52977,0.3752216,0.43775156,0.37454808,0.54514045,0.5282584,0.41745424,0.53016907,0.53908795,0.6526089,0.4223709,0.65369916,0.5116774,0.650653,0.45191777,0.6503137,0.51196635,0.8466352,0.44483632,0.845521,0.49344555,0.9902161,0.45982352,0.9891648
IMG_20241017_140812_1.jpg,nao_acao,0.45872182,0.2685102,0.46725264,0.2524707,0.44799167,0.25326765,0.4774964,0.2711813,0.43056706,0.2731031,0.49528655,0.38307163,0.40807307,0.38650218,0.51446664,0.52874535,0.39426082,0.53739536,0.51288617,0.6445499,0.4042633,0.6578312,0.4881494,0.6439649,0.43074483,0.64769715,0.4885337,0.8347285,0.42714873,0.8432408,0.47704697,0.98690295,0.44036853,0.988916
IMG_20241017_140813.jpg,nao_acao,0.50166553,0.17597638,0.5105499,0.16209595,0.49234217,0.16124521,0.5218711,0.18088695,0.47758767,0.1785223,0.53889155,0.28844658,0.459116,0.28566694,0.55416036,0.4254143,0.44157714,0.41862386,0.55199695,0.5316511,0.44700325,0.52775544,0.52588457,0.53002316,0.4746091,0.5297922,0.52623254,0.69786,0.46901408,0.70351285,0.51769614,0.8487588,0.4730064,0.8647334
IMG_20241017_140814.jpg,nao_acao,0.4826179,0.2880581,0.4918594,0.27389786,0.47360703,0.2726309,0.50366664,0.29193252,0.45950755,0.28888047,0.51965743,0.3975887,0.4372225,0.3961587,0.53448236,0.53147036,0.41933957,0.5321071,0.52953726,0.64799434,0.42421103,0.6481265,0.50489795,0.6454602,0.45105353,0.6455786,0.5066629,0.819973,0.44404387,0.82382894,0.4969437,0.97142905,0.45142877,0.97806394
IMG_20241017_140815.jpg,nao_acao,0.50314975,0.20093444,0.5136066,0.1872414,0.49454376,0.18513955,0.5279396,0.20717442,0.48161796,0.20159876,0.54422057,0.31745142,0.4629592,0.31191176,0.55914026,0.45753494,0.44391274,0.44355494,0.55332273,0.56727564,0.44694716,0.5514006,0.52787167,0.5587761,0.47538406,0.55655915,0.5269905,0.72971904,0.46872288,0.73015624,0.5217591,0.8824104,0.47345883,0.88949555
IMG_20241017_140815_1.jpg,nao_acao,0.43494245,0.21764535,0.4446622,0.20307788,0.42681044,0.20210473,0.45931396,0.21795124,0.41597563,0.21568039,0.4761092,0.32165658,0.39923394,0.32227078,0.4952367,0.4546971,0.38246897,0.45164487,0.48687208,0.5675356,0.38757992,0.5620256,0.46389228,0.5639867,0.41460162,0.5650509,0.4687089,0.72968453,0.41198173,0.7343655,0.46591872,0.87306243,0.41977045,0.879822
IMG_20241017_140816.jpg,nao_acao,0.4767141,0.24837252,0.48654404,0.23437828,0.46867248,0.23319915,0.500638,0.25094426,0.45735753,0.24718094,0.5159383,0.35994682,0.43812823,0.35267425,0.52976066,0.49480394,0.4158876,0.47501066,0.52011335,0.6055872,0.41661713,0.58868736,0.495,0.6024784,0.44553536,0.5982789,0.49373046,0.76958746,0.43796587,0.76887506,0.48848078,0.9176392,0.43960562,0.91979367
IMG_20241017_140817.jpg,nao_acao,0.4356866,0.29308245,0.44500417,0.27875185,0.42658478,0.27727383,0.45678005,0.29636642,0.41215166,0.2929105,0.4728529,0.4033314,0.39053196,0.40171525,0.49013367,0.53651583,0.3745461,0.53663534,0.48578557,0.6553692,0.37833068,0.65627337,0.46061152,0.65476495,0.40674198,0.65526205,0.46424687,0.83035,0.40223262,0.8342203,0.4554994,0.9802644,0.4104151,0.9866584
IMG_20241017_143644.jpg,nao_acao,0.47352743,0.14374883,0.48189598,0.13139172,0.4661949,0.13024272,0.49405593,0.14401133,0.4551204,0.14142318,0.51093334,0.22623523,0.43834955,0.22708389,0.53837514,0.3211437,0.41428366,0.32737133,0.52866375,0.40863064,0.41835967,0.41258055,0.50373816,0.4218529,0.45758536,0.42242923,0.5019863,0.5720546,0.46039057,0.5736261,0.5023277,0.7205662,0.46360514,0.7239101
IMG_20241017_143646.jpg,nao_acao,0.49433753,0.17013532,0.5017425,0.15871453,0.48655292,0.15737134,0.5101435,0.17218305,0.47329667,0.16830331,0.52132124,0.25162753,0.45473072,0.25260434,0.53389686,0.35252926,0.44233635,0.36436355,0.54510933,0.44594434,0.43712083,0.46703085,0.51172924,0.44242373,0.46860954,0.44442734,0.5126742,0.5960982,0.47144383,0.59963495,0.5004688,0.74970114,0.46940163,0.75311726
IMG_20241017_143647.jpg,nao_acao,0.529291,0.22016972,0.5373406,0.2072607,0.52096623,0.20658682,0.5469952,0.21638875,0.50681716,0.21394365,0.555812,0.2984558,0.4894433,0.29960352,0.5647982,0.40460846,0.47483647,0.41328642,0.5757268,0.5004143,0.4718987,0.5191551,0.5450015,0.4961055,0.5016966,0.49820548,0.54293805,0.64744943,0.5006835,0.653175,0.5333312,0.79682654,0.49452987,0.8043989
IMG_20241017_143648.jpg,nao_acao,0.52950627,0.22894406,0.5365438,0.2152235,0.5201473,0.21578011,0.5444165,0.22434288,0.5039596,0.22507927,0.55553776,0.31113967,0.4868662,0.31521976,0.5658573,0.42245516,0.4736701,0.43632513,0.57701874,0.5244029,0.47645542,0.54665554,0.54595983,0.5192659,0.50111806,0.52260005,0.5435706,0.6798037,0.5014283,0.68580705,0.53648955,0.8338874,0.49364644,0.8409048
IMG_20241017_143648_1.jpg,nao_acao,0.5221243,0.22970173,0.5304107,0.21511859,0.51200897,0.2125705,0.5369626,0.2250947,0.49088615,0.21909942,0.54178447,0.31525487,0.47074118,0.31476393,0.5548699,0.43505287,0.45700198,0.44794008,0.56158906,0.54254806,0.45807058,0.5672352,0.53196216,0.53285307,0.48553067,0.53402674,0.5286787,0.7081702,0.47386852,0.7138749,0.512725,0.8589551,0.4665566,0.8738823
IMG_20241017_143649.jpg,nao_acao,0.5192619,0.20371854,0.5285731,0.18862876,0.5092516,0.18622,0.5384457,0.19920434,0.49062297,0.19439666,0.5500437,0.29600915,0.4730131,0.29831186,0.56468177,0.41884223,0.4596198,0.4341199,0.57384914,0.53209263,0.45823342,0.55742186,0.54022396,0.5258129,0.49094662,0.52715224,0.5393461,0.7054573,0.48223758,0.7066711,0.5238679,0.86600894,0.48265454,0.87841004
IMG_20241017_143650.jpg,nao_acao,0.46460918,0.2927967,0.47595865,0.2749153,0.45442867,0.27202377,0.48909995,0.28622034,0.4357376,0.28013238,0.50411046,0.39111304,0.4154063,0.39424023,0.52177465,0.5295631,0.4037618,0.5441976,0.53049546,0.6610213,0.40028033,0.68416446,0.49418497,0.6482544,0.43516818,0.65121,0.4928755,0.87043506,0.43143064,0.8707843,0.0,0.0,0.0,0.0
IMG_20241017_143651.jpg,nao_acao,0.48326787,0.23998058,0.49465472,0.22242649,0.47272804,0.22121157,0.51048726,0.23533225,0.4562455,0.23273006,0.52713597,0.3425713,0.43799296,0.34539852,0.54471874,0.48788598,0.4258991,0.4992559,0.55199516,0.6214871,0.42101642,0.63529074,0.51599497,0.6023642,0.45736584,0.6044674,0.5150963,0.81932914,0.45422593,0.8208166,0.50303394,0.98407644,0.4634986,0.98240435
IMG_20241017_143652.jpg,nao_acao,0.44722253,0.19201434,0.4573916,0.17699799,0.4372201,0.17446612,0.4697941,0.18963696,0.42008033,0.18426916,0.47961882,0.28721973,0.40239763,0.2877897,0.49366608,0.41916767,0.38603142,0.42877066,0.5018108,0.5351369,0.3852587,0.55582255,0.46792465,0.5196804,0.4182658,0.52095944,0.46514732,0.7038532,0.41088578,0.708225,0.45345467,0.869148,0.40956163,0.8800096
IMG_20241017_143653.jpg,nao_acao,0.49741712,0.20236601,0.5072881,0.18890297,0.48787406,0.18508683,0.5174769,0.20348299,0.46974573,0.19513032,0.52566046,0.29516834,0.4503467,0.2943926,0.5388806,0.41976616,0.43613607,0.43138608,0.5477524,0.53307027,0.43448892,0.5546181,0.51372766,0.5248581,0.46494836,0.52525884,0.51253086,0.7053694,0.45787397,0.70640826,0.49388325,0.8600251,0.4544517,0.8736376
IMG_20241017_143654.jpg,nao_acao,0.47284535,0.14403287,0.4826904,0.13039051,0.46320572,0.1282884,0.49282667,0.14503922,0.4449454,0.14099227,0.5056121,0.23538493,0.43043083,0.24094102,0.52283984,0.35177633,0.41836658,0.37317672,0.5317685,0.4574881,0.42234835,0.49047706,0.49800432,0.45839226,0.4478706,0.46192586,0.5009178,0.6294338,0.44454795,0.63147867,0.48640049,0.78685373,0.44434932,0.8014443
IMG_20241017_143654_1.jpg,nao_acao,0.5086245,0.19710107,0.5176131,0.18371665,0.5001044,0.18188308,0.5278832,0.19523993,0.48509508,0.1898736,0.5355514,0.28582144,0.46654803,0.28324816,0.5438619,0.39880884,0.4494971,0.40313968,0.5543109,0.50348675,0.4475384,0.5176459,0.521304,0.4952733,0.47663105,0.49497423,0.51377296,0.6596135,0.4728384,0.6609744,0.50307244,0.8186125,0.46504483,0.8205333
IMG_20241017_143655.jpg,nao_acao,0.52636874,0.17808528,0.5339282,0.16431674,0.51700324,0.16484004,0.54291946,0.17513913,0.50170493,0.17584218,0.55292577,0.2623049,0.48688555,0.26498932,0.5622691,0.36921564,0.47268927,0.37928686,0.5736323,0.46388537,0.47357288,0.48634383,0.54311484,0.46467936,0.5000043,0.46685645,0.5425587,0.6217385,0.50034225,0.62437534,0.535762,0.7758915,0.4936849,0.77887577
IMG_20241017_143656.jpg,nao_acao,0.47588506,0.11141084,0.48434478,0.09862503,0.467493,0.0967898,0.49397606,0.11075984,0.4528787,0.10561469,0.50350153,0.19326507,0.43495843,0.19243686,0.51379067,0.30288404,0.42609197,0.31219682,0.5172914,0.40092686,0.4316302,0.4210324,0.49205455,0.3863529,0.44710657,0.38711542,0.4900899,0.5462558,0.44775802,0.5465807,0.4793747,0.707095,0.44356883,0.70541
IMG_20241017_143656_1.jpg,nao_acao,0.48433328,0.1371246,0.4931197,0.124961175,0.47672445,0.1226527,0.50410366,0.1381527,0.4642167,0.13171431,0.5130496,0.22283784,0.44707417,0.21694839,0.5208322,0.33374655,0.43457413,0.33101356,0.52600354,0.43092465,0.43411875,0.4411456,0.49863973,0.4158531,0.4550137,0.41352063,0.49769843,0.5718283,0.45250046,0.5690082,0.4893714,0.728751,0.44757044,0.7242207
IMG_20241017_143657.jpg,nao_acao,0.37699208,0.15098394,0.38506952,0.13728341,0.36795533,0.13749596,0.395795,0.15008877,0.35393077,0.14996894,0.40825805,0.23924905,0.3405749,0.24441963,0.4235976,0.35064209,0.32985565,0.3659224,0.43529603,0.45017287,0.3343941,0.47298717,0.40441132,0.45076063,0.35980734,0.45539433,0.407581,0.60628283,0.36075118,0.6133282,0.401451,0.76074994,0.35981375,0.7682205
IMG_20241017_143658.jpg,nao_acao,0.35135788,0.21802454,0.35947156,0.20370285,0.34259453,0.20486629,0.3725209,0.21264046,0.3312504,0.21533819,0.39116156,0.3035099,0.3180838,0.30840257,0.40568447,0.4191391,0.30841243,0.43197343,0.41337916,0.52348447,0.30555525,0.53977656,0.3816124,0.51526135,0.33370546,0.517389,0.3792608,0.67830974,0.3338401,0.67908514,0.37723276,0.8344086,0.3339753,0.83655274
IMG_20241017_143659.jpg,nao_acao,0.44154826,0.2760945,0.45004457,0.26212674,0.43283308,0.26282203,0.46261957,0.27347252,0.42053127,0.27479547,0.47632876,0.363358,0.40630618,0.3668589,0.48716146,0.4776965,0.3911237,0.48469126,0.49433923,0.58294916,0.38864127,0.59267366,0.46225092,0.57411,0.4165174,0.57570803,0.46058857,0.73682207,0.41513103,0.7386415,0.4507018,0.899386,0.4107426,0.9004792
IMG_20241017_143659_1.jpg,nao_acao,0.48966232,0.29294816,0.4970434,0.27876914,0.48089546,0.27934748,0.50662136,0.2877826,0.46711254,0.2887855,0.52089876,0.37822744,0.45255518,0.381746,0.5357906,0.49494833,0.4386655,0.50398153,0.5460544,0.59743685,0.44006005,0.611734,0.51253587,0.59084785,0.46815038,0.59341514,0.5111104,0.75401247,0.4671096,0.7563579,0.508767,0.9122199,0.46580043,0.9146154
IMG_20241017_143700.jpg,nao_acao,0.6112657,0.3034492,0.6192077,0.2893491,0.60219675,0.28959224,0.6293714,0.29803893,0.5876571,0.29803592,0.6414768,0.38870996,0.57083875,0.38785672,0.6512693,0.50495464,0.5549203,0.50845987,0.6597527,0.6069122,0.5538199,0.61987364,0.6271532,0.6021637,0.58083516,0.6013304,0.61862445,0.76834106,0.57597846,0.76669425,0.61386955,0.92672396,0.5660773,0.9256585
IMG_20241017_143701.jpg,nao_acao,0.46581545,0.28267193,0.4745659,0.26851493,0.45723906,0.2676889,0.48572403,0.27989912,0.44368207,0.277162,0.49794692,0.37482202,0.42678875,0.3750138,0.5100323,0.49039772,0.41270533,0.49892583,0.5207824,0.5935464,0.41122648,0.61164975,0.48732096,0.5884065,0.44107172,0.5890932,0.4825855,0.7543625,0.4387538,0.7558137,0.47613278,0.9151422,0.43261218,0.91816235
IMG_20241017_143702.jpg,nao_acao,0.322031,0.29438168,0.3323108,0.28223935,0.3136954,0.2774454,0.3452094,0.29790613,0.29899517,0.2877677,0.35695592,0.38570517,0.28367373,0.38693303,0.3747547,0.5030417,0.27051345,0.5173331,0.384759,0.6107921,0.26935863,0.6379233,0.34948376,0.59769595,0.30239996,0.6001126,0.3517701,0.77376413,0.296856,0.7748526,0.34115118,0.9461995,0.29793295,0.9594055
IMG_20241017_143703.jpg,nao_acao,0.33674097,0.23063265,0.34664786,0.21833867,0.32857752,0.21443772,0.35906276,0.23393501,0.31476277,0.22573176,0.37129837,0.32079127,0.29879588,0.3242909,0.38956493,0.43774122,0.28876248,0.45608586,0.3999857,0.5450337,0.2885911,0.57006437,0.36722738,0.53743804,0.3200704,0.54112244,0.37100354,0.7101564,0.31339338,0.7144994,0.3625093,0.8735374,0.31678325,0.8897336
IMG_20241017_144209.jpg,nao_acao,0.43076855,0.31389815,0.44090238,0.30043995,0.42221263,0.29745534,0.454243,0.31689245,0.4085641,0.31012133,0.46834466,0.41882813,0.39004955,0.41544113,0.48495048,0.5357645,0.37000948,0.5322644,0.48327157,0.6350819,0.3690762,0.62998337,0.4493987,0.642359,0.40076414,0.6405241,0.4481596,0.79453456,0.39481047,0.793517,0.42930764,0.9430965,0.40178484,0.94839424
IMG_20241017_144209_1.jpg,nao_acao,0.5087805,0.29719195,0.5179523,0.28318638,0.49912837,0.28156725,0.52993923,0.2974178,0.48385543,0.29417738,0.54540527,0.39840046,0.46668962,0.39892307,0.56618655,0.51407325,0.4501385,0.5187878,0.5660424,0.6225412,0.44881612,0.62576383,0.53167975,0.632511,0.48160577,0.63308805,0.5349885,0.78007656,0.47743654,0.78197235,0.5192907,0.93202955,0.48743024,0.9365439
IMG_20241017_144211.jpg,nao_acao,0.5534718,0.25932327,0.56199354,0.24474514,0.5425019,0.24206094,0.5698438,0.2605909,0.5208784,0.25523183,0.5812711,0.36815938,0.4983651,0.36870432,0.5988394,0.4879358,0.4768457,0.49666232,0.5987995,0.59651273,0.47952944,0.61199933,0.5666606,0.6124339,0.5149919,0.61348283,0.563568,0.7656327,0.5067858,0.770322,0.5413024,0.91193104,0.5124879,0.9253185
IMG_20241017_144211_1.jpg,nao_acao,0.5162794,0.17717236,0.5241436,0.16103253,0.50449735,0.15822792,0.53011394,0.17361067,0.47984323,0.16809142,0.539501,0.28754595,0.4579218,0.28682938,0.55651265,0.41044548,0.43852326,0.41433603,0.55460894,0.5243164,0.439102,0.5320446,0.5272872,0.5324991,0.47623602,0.5333103,0.5228978,0.67971426,0.46453694,0.6870289,0.5009156,0.82722414,0.46894175,0.84506065
IMG_20241017_144212.jpg,nao_acao,0.53338695,0.13731043,0.5418897,0.120938174,0.521669,0.11942691,0.54890203,0.1353212,0.49812797,0.13190861,0.5588444,0.25129128,0.47691938,0.2510904,0.57862866,0.37584138,0.45829904,0.3839915,0.57857335,0.47818133,0.46239665,0.4925632,0.5471426,0.50008863,0.49709517,0.501034,0.5431533,0.6559909,0.49103066,0.65951484,0.5279163,0.7924213,0.49749964,0.8075463
IMG_20241017_144213.jpg,nao_acao,0.43672568,0.05883356,0.44601658,0.042248163,0.42558092,0.042361792,0.45556164,0.05725653,0.40467486,0.05715009,0.4699691,0.17273583,0.38837558,0.17787223,0.4949171,0.29833457,0.37300548,0.310618,0.49911827,0.40630972,0.3784354,0.41909325,0.46451405,0.42009595,0.41361085,0.42476046,0.4656834,0.5746974,0.41413173,0.582951,0.4575435,0.7109202,0.4235159,0.724899
IMG_20241017_144213_1.jpg,nao_acao,0.36308494,0.24195634,0.37274662,0.22648565,0.3521573,0.22506909,0.38580856,0.24291413,0.33516422,0.24100514,0.40412694,0.35298222,0.31761464,0.35906455,0.42758107,0.4759693,0.30027992,0.4880046,0.43125302,0.58389664,0.30410185,0.59841233,0.39423418,0.59967506,0.34016666,0.6047785,0.4005796,0.761085,0.33902436,0.7701771,0.38737366,0.91351306,0.35471904,0.9314403
IMG_20241017_144214.jpg,nao_acao,0.34989557,0.12946878,0.3613559,0.1138243,0.33951157,0.112084985,0.37705466,0.13234352,0.32411903,0.12887996,0.3950329,0.24756812,0.30860028,0.25148892,0.42036006,0.37668893,0.29255655,0.38312724,0.42342365,0.48759985,0.29455838,0.49135545,0.38748777,0.49854863,0.33306846,0.502281,0.3915394,0.6640702,0.3355558,0.66904235,0.3829409,0.80808824,0.34899116,0.81720525
IMG_20241017_144214_1.jpg,nao_acao,0.50835747,0.27737987,0.5190333,0.26347587,0.49836633,0.25940746,0.5306743,0.28115985,0.48027748,0.2719609,0.54091555,0.3895088,0.45817718,0.38307074,0.56054085,0.51587594,0.43847415,0.5066362,0.55786043,0.62727475,0.43641305,0.62249714,0.52460617,0.63225067,0.47233257,0.6301283,0.5216893,0.79023373,0.46616462,0.79364693,0.5052031,0.9432848,0.47184634,0.95296854
IMG_20241017_144216.jpg,nao_acao,0.5541154,0.20774232,0.56413,0.19358875,0.5439359,0.19022739,0.5753627,0.21153122,0.52592283,0.20431526,0.58688486,0.32179976,0.50485533,0.3182788,0.6049615,0.4448646,0.48207453,0.44202572,0.60217935,0.556328,0.4821983,0.54990685,0.5679909,0.561947,0.51684433,0.56010926,0.56619126,0.71590865,0.50930434,0.71681094,0.54614,0.857653,0.5124956,0.8641479
IMG_20241017_144216_1.jpg,nao_acao,0.5794094,0.12292169,0.5894365,0.107742764,0.5686864,0.10527834,0.6001527,0.12522675,0.5497027,0.119810134,0.6127499,0.23962395,0.5284554,0.23811841,0.6320326,0.36571184,0.5083981,0.3687413,0.63061345,0.47515836,0.5095274,0.47876143,0.59553885,0.48587048,0.54343843,0.48532045,0.5924769,0.64584744,0.53757125,0.64801323,0.57418907,0.7819604,0.542633,0.79382795
IMG_20241017_144217.jpg,nao_acao,0.6740826,0.18628435,0.68428373,0.17071943,0.6634182,0.16883339,0.6960136,0.18615872,0.6452381,0.1818107,0.70963186,0.3008847,0.62425816,0.2983358,0.7292736,0.42530057,0.59870553,0.4235417,0.7261752,0.53490466,0.5982073,0.5315697,0.6885739,0.54910654,0.63647395,0.54683876,0.6825121,0.70493114,0.62826777,0.70432705,0.6650694,0.8457091,0.6309817,0.85274774
IMG_20241017_144218.jpg,nao_acao,0.5268367,0.1936311,0.5369426,0.1786026,0.51669055,0.17648573,0.5490009,0.1942731,0.4998801,0.1894119,0.5632065,0.30739522,0.48036936,0.3059279,0.58395684,0.42777252,0.45992032,0.430694,0.58266145,0.5353484,0.4607937,0.5411869,0.5469272,0.54939103,0.49629775,0.54870087,0.54489076,0.70510596,0.49223164,0.70652723,0.529085,0.8446683,0.49727914,0.8552372
IMG_20241017_144218_1.jpg,nao_acao,0.45215106,0.17790419,0.4623167,0.16292517,0.44194615,0.16100402,0.4749572,0.1797091,0.42504674,0.1759491,0.49106553,0.28971937,0.40840048,0.2929357,0.5147639,0.41288492,0.3907851,0.4177559,0.5165565,0.52253443,0.39212233,0.5265263,0.48004642,0.53221804,0.4286452,0.5351272,0.47935715,0.68755955,0.42576686,0.69301087,0.4653298,0.8254555,0.4379234,0.8392988
IMG_20241017_144219.jpg,nao_acao,0.29596576,0.16566929,0.30706537,0.14936732,0.28511235,0.14902572,0.3228969,0.16601525,0.2695924,0.16597836,0.34287685,0.27734405,0.25706488,0.2865051,0.37313026,0.39918324,0.24331355,0.4147226,0.3764242,0.50988746,0.24648437,0.52556056,0.33997542,0.52653474,0.2862647,0.5330602,0.34612712,0.6858822,0.29050878,0.6955435,0.33932313,0.8205407,0.3051183,0.83596987
IMG_20241017_144220.jpg,nao_acao,0.27233544,0.1563792,0.2829788,0.13994034,0.26133808,0.14034675,0.2998883,0.15723427,0.24696325,0.15895343,0.3234337,0.26832607,0.23229866,0.27894226,0.3515223,0.39128783,0.21844274,0.40951863,0.3543552,0.50522673,0.22284494,0.5230987,0.31890476,0.52074474,0.26158985,0.5279751,0.32949153,0.67714417,0.26331943,0.68730325,0.31982556,0.81909305,0.28597304,0.8329953
IMG_20241017_144221.jpg,nao_acao,0.43429697,0.16590337,0.44473156,0.15085755,0.4247234,0.149895,0.45823243,0.16760637,0.4094468,0.16456865,0.47547904,0.27996284,0.392726,0.27933577,0.499731,0.40523657,0.37416184,0.403787,0.49992904,0.5120885,0.37583363,0.5153719,0.46155253,0.52207285,0.40963548,0.5226535,0.46047547,0.67651945,0.40920773,0.68011683,0.4496665,0.8224297,0.41765833,0.8285563
IMG_20241017_144221_1.jpg,nao_acao,0.5121664,0.30973724,0.5225284,0.2953701,0.50288326,0.2923069,0.5346557,0.31162924,0.48666787,0.30507967,0.54857343,0.4141932,0.46730566,0.41443482,0.5688179,0.53393954,0.44836336,0.5369414,0.5698533,0.6417968,0.44722915,0.6428489,0.5335628,0.6515577,0.4822953,0.65232843,0.53054875,0.8135401,0.4771251,0.8153633,0.5135025,0.96020865,0.4854097,0.9680216
IMG_20241017_144222.jpg,nao_acao,0.4615974,0.16565719,0.4707849,0.15261813,0.4531006,0.1514743,0.4830804,0.168911,0.43997616,0.16554743,0.49894887,0.26581913,0.42026296,0.265752,0.5152752,0.37411308,0.40865022,0.37998402,0.51913023,0.4709391,0.41007376,0.47485012,0.48820856,0.4780933,0.4377037,0.4794005,0.4826788,0.6228138,0.44397098,0.6243557,0.47739315,0.75805,0.44859654,0.7591972
IMG_20241017_144223.jpg,nao_acao,0.4906655,0.24341503,0.49889594,0.23070088,0.48271796,0.22966883,0.5093141,0.24533898,0.4698231,0.24246389,0.5245011,0.33901504,0.44975096,0.33852324,0.54092234,0.43964165,0.43676797,0.44563803,0.5442652,0.5295085,0.43596417,0.5350898,0.51339173,0.5415728,0.4649662,0.5417942,0.5090889,0.6769288,0.46767855,0.6777635,0.501381,0.8069341,0.47085297,0.8087051
IMG_20241029_132737.jpg,nao_acao,0.5012023,0.12454565,0.50885546,0.107548736,0.4900363,0.109213054,0.5175781,0.122116916,0.47252503,0.125927,0.53309935,0.23522402,0.45558777,0.23976918,0.5527193,0.36986095,0.44230318,0.3818305,0.5598197,0.48092812,0.44607618,0.50227296,0.5289017,0.49293113,0.4799311,0.49662882,0.53031975,0.6738336,0.47822386,0.68082976,0.5226525,0.8462363,0.48683405,0.8532341
IMG_20241029_132738.jpg,nao_acao,0.49682748,0.20141128,0.50537455,0.18199633,0.48728362,0.18359947,0.51782227,0.17804031,0.47264233,0.18081525,0.5378339,0.2776077,0.45630524,0.2823798,0.5572906,0.41061124,0.43850648,0.41563058,0.5606035,0.5325741,0.43859676,0.544529,0.52820176,0.5446477,0.47619238,0.5482066,0.5361148,0.7293845,0.47493565,0.73379844,0.5288704,0.90877485,0.491046,0.9119317
IMG_20241029_132739.jpg,nao_acao,0.5104332,0.18621814,0.51976377,0.16731283,0.4998036,0.16915263,0.53486985,0.17322634,0.48689097,0.17777964,0.55634207,0.28493908,0.47306877,0.2883794,0.57734346,0.4246552,0.4596219,0.42568827,0.58198327,0.55064696,0.4605812,0.5563358,0.5405025,0.56116205,0.48727536,0.5617443,0.54196143,0.7510725,0.48357338,0.7544208,0.5352468,0.929817,0.49426192,0.929025
IMG_20241029_132740.jpg,nao_acao,0.76434994,0.14619212,0.7756769,0.12821624,0.75410295,0.12882371,0.7930936,0.14683276,0.74103206,0.14800406,0.81262666,0.27270597,0.7224705,0.27349418,0.83248866,0.4232873,0.6995568,0.41794056,0.8310208,0.55835176,0.68923855,0.54262435,0.78470045,0.5589533,0.7267679,0.55654764,0.784007,0.7607835,0.72101223,0.75913423,0.77446026,0.95042396,0.7268799,0.9416838
IMG_20241029_132740_1.jpg,nao_acao,0.6225439,0.17731278,0.6324039,0.16050775,0.61296225,0.1620366,0.6489909,0.17754753,0.6019689,0.18076897,0.67148995,0.29493725,0.5855434,0.29779905,0.69098306,0.43678254,0.56318206,0.43649498,0.6913688,0.5668215,0.5500741,0.5565977,0.6494043,0.57195103,0.5947208,0.57084477,0.6528669,0.7651442,0.58801246,0.7626615,0.64098024,0.94807154,0.6020817,0.93952984
IMG_20241029_132741.jpg,nao_acao,0.46571553,0.22172116,0.47549206,0.20630762,0.4568611,0.20718081,0.49168986,0.2249273,0.44664633,0.22679754,0.5143314,0.33984587,0.42995486,0.34444386,0.5343578,0.4820306,0.40879098,0.48373386,0.5338737,0.6076194,0.3939505,0.6047466,0.49434236,0.6100758,0.44085455,0.6110526,0.49653175,0.8018307,0.43629563,0.80617094,0.4824984,0.9763599,0.4525448,0.97738844
IMG_20241029_132741_1.jpg,nao_acao,0.2895379,0.17401543,0.30120957,0.15753758,0.28008133,0.15657769,0.31803268,0.17780659,0.26696637,0.17516206,0.33851844,0.2994199,0.2484233,0.30058545,0.35887375,0.44965658,0.22582409,0.44701225,0.35746294,0.577496,0.2120557,0.57815015,0.31872317,0.5865859,0.26000568,0.5864832,0.31939927,0.7897289,0.25660402,0.7904798,0.3080563,0.96967113,0.26853362,0.9701002
IMG_20241029_132742.jpg,nao_acao,0.25266466,0.1547348,0.26444012,0.13637793,0.2426652,0.13622059,0.28276986,0.15461603,0.23021562,0.15412322,0.30488166,0.28318086,0.21324168,0.28540787,0.32436627,0.43732625,0.19586155,0.4356663,0.32289207,0.56730074,0.18858188,0.5690385,0.28991425,0.5737579,0.2301961,0.5750267,0.29649055,0.7789486,0.22943957,0.78281724,0.28983247,0.9625523,0.2433589,0.9684902
IMG_20241029_132742_1.jpg,nao_acao,0.30252585,0.16296431,0.314241,0.14602932,0.29333565,0.14509974,0.33221465,0.16510256,0.28196317,0.1628275,0.3523989,0.28798625,0.26385546,0.2883719,0.37067866,0.43601763,0.24327102,0.4318438,0.368539,0.565731,0.23420621,0.565289,0.3319896,0.57491505,0.27439,0.5744049,0.33490226,0.77345103,0.27175334,0.77595603,0.3270754,0.9569964,0.28269038,0.9607946
IMG_20241029_132743.jpg,nao_acao,0.3752687,0.102045745,0.38687545,0.08624058,0.3661851,0.083709076,0.40318552,0.105399325,0.35357445,0.09890694,0.41952336,0.22980101,0.33175483,0.21985368,0.42997986,0.3819697,0.30689672,0.35793436,0.4214194,0.50482017,0.3018052,0.48744744,0.39056858,0.5114699,0.33439332,0.5044828,0.38731092,0.709549,0.32649145,0.7031107,0.37184,0.8980607,0.3269144,0.8956716
IMG_20241029_132744.jpg,nao_acao,0.60088784,0.028551674,0.6105607,0.011838571,0.5900152,0.010143115,0.6208223,0.031242948,0.57027894,0.026745165,0.63530064,0.16368876,0.54366577,0.1545907,0.6441593,0.32325232,0.51552516,0.3088065,0.6372412,0.45910862,0.51214784,0.45006546,0.6037134,0.45804617,0.54552495,0.45020053,0.5946842,0.65869975,0.5287076,0.64854854,0.56749785,0.8496924,0.52709484,0.8429381
IMG_20241029_132744_1.jpg,nao_acao,0.47553796,0.14543658,0.48231003,0.1273472,0.46414182,0.13035643,0.48966488,0.14088777,0.4455925,0.14749247,0.50827694,0.25656438,0.428819,0.26472253,0.5324166,0.392236,0.42000502,0.41149956,0.539752,0.50797695,0.43107003,0.5372906,0.50944847,0.52648515,0.4588005,0.5336629,0.5191571,0.7116584,0.46230236,0.7240891,0.5180159,0.8894031,0.4744622,0.90591615
IMG_20241029_132745.jpg,nao_acao,0.5241044,0.12637053,0.5308639,0.10969792,0.51327837,0.11140287,0.5377236,0.124147184,0.4950532,0.12803277,0.5532842,0.23711154,0.47809583,0.24273688,0.5745144,0.3677244,0.46642905,0.38202718,0.5805441,0.47551218,0.47870436,0.5022821,0.5517245,0.49322596,0.50455344,0.49924713,0.5597778,0.66914487,0.50928736,0.68179846,0.556468,0.83508974,0.51672596,0.85350376
IMG_20241029_132745_1.jpg,nao_acao,0.61045545,0.14756848,0.6174817,0.13038078,0.59946436,0.13282944,0.6252233,0.14505848,0.581209,0.15065947,0.6427117,0.25853056,0.5648264,0.26630536,0.66398436,0.3898193,0.55321026,0.40625697,0.6703959,0.50172937,0.56341356,0.5261937,0.64018214,0.51798886,0.5905422,0.524274,0.6459879,0.6954418,0.5912128,0.7075838,0.64106005,0.86590964,0.6002707,0.88141614
IMG_20241029_132746.jpg,nao_acao,0.50842875,0.18438342,0.5160761,0.167767,0.49785095,0.16967833,0.52610284,0.18217932,0.48245332,0.18686424,0.5453948,0.29117233,0.46861723,0.298858,0.5675535,0.42129266,0.4593326,0.43874556,0.5747053,0.53447926,0.470964,0.56378657,0.54498,0.55076164,0.49551067,0.5568747,0.5506999,0.73039776,0.49630192,0.7406852,0.5484643,0.89967024,0.50614494,0.9137086
IMG_20241029_132746_1.jpg,nao_acao,0.48977974,0.19646922,0.49822494,0.18049034,0.47997773,0.17991397,0.5059067,0.19618417,0.4612271,0.19452825,0.520119,0.30818877,0.44113454,0.3081865,0.53624636,0.44864413,0.42519853,0.4522055,0.542458,0.56090754,0.43540964,0.5798941,0.5093345,0.5741928,0.45775777,0.5759835,0.5091912,0.76235163,0.45434883,0.7675736,0.49769765,0.9374789,0.4579717,0.94846195
IMG_20241029_132747.jpg,nao_acao,0.557802,0.13759331,0.5640066,0.11978849,0.5454702,0.122398145,0.56908554,0.14061147,0.52369785,0.14661396,0.5862128,0.26592737,0.5034812,0.27253547,0.60974157,0.41374105,0.49274746,0.43454728,0.6210281,0.5363567,0.504768,0.56794167,0.5892487,0.5494934,0.535476,0.5558134,0.5884078,0.75592476,0.5315987,0.76693887,0.58434784,0.94143116,0.53856313,0.95241463
IMG_20241029_132748.jpg,nao_acao,0.6004277,0.121382885,0.6054683,0.102592334,0.5876484,0.10659764,0.60862005,0.121453695,0.5639182,0.13058208,0.6258632,0.2480473,0.54550034,0.25805366,0.6489063,0.3965774,0.53861266,0.42122176,0.6636641,0.51044077,0.551224,0.54977244,0.6355174,0.5290771,0.5835869,0.5382687,0.6374228,0.73015255,0.58095646,0.7470811,0.6325183,0.9162444,0.5892468,0.9318763
IMG_20241029_132749_1.jpg,nao_acao,0.51873714,0.11088304,0.526737,0.094651744,0.5083232,0.091689184,0.5312301,0.11304905,0.48405576,0.105946,0.5413811,0.23801728,0.45820576,0.23527241,0.55866486,0.38657582,0.43689695,0.38912255,0.562342,0.5117203,0.44016477,0.525796,0.5271578,0.5274609,0.47449467,0.5279986,0.52324426,0.7274617,0.46507084,0.7289135,0.50805646,0.910763,0.46879306,0.9256133
IMG_20241029_132750.jpg,nao_acao,0.5037346,0.123672254,0.5122167,0.10774046,0.4938579,0.104624934,0.517826,0.12603298,0.470893,0.11837301,0.5303962,0.25049388,0.44369277,0.24634309,0.54734695,0.40372768,0.42186958,0.40194124,0.55291706,0.5298438,0.42565042,0.5352953,0.51452756,0.5394378,0.45875406,0.5393446,0.5130407,0.7457848,0.45066538,0.74389416,0.49585363,0.933813,0.45728523,0.94016033
IMG_20241029_132750_1.jpg,nao_acao,0.619264,0.176105,0.62723386,0.16040546,0.6088061,0.16054131,0.63577664,0.1764128,0.5911347,0.17661183,0.6499886,0.28822884,0.57250947,0.2876351,0.66734487,0.4197448,0.5548249,0.41947302,0.67004424,0.5344065,0.55817974,0.53777117,0.63789487,0.54588485,0.58872384,0.54628843,0.63783926,0.72177297,0.5847398,0.7236742,0.62966377,0.8890906,0.58982384,0.8957428
IMG_20241029_132751.jpg,nao_acao,0.41092154,0.33948204,0.4175437,0.32675442,0.40252614,0.32631624,0.42431933,0.33915138,0.38741508,0.3378092,0.4376023,0.43426868,0.36754104,0.432662,0.4494172,0.54750085,0.3532782,0.5498766,0.4519575,0.6472909,0.35198706,0.6561103,0.42506078,0.6533401,0.37937325,0.6535572,0.42600477,0.8155914,0.38230783,0.81337607,0.42502853,0.9714255,0.38521627,0.9695547
IMG_20241029_132752.jpg,nao_acao,0.41125646,0.34645355,0.4183815,0.3332245,0.40332302,0.33423248,0.42907485,0.34539193,0.39225423,0.34765577,0.44655073,0.4401666,0.37556955,0.44241357,0.4591715,0.5536478,0.3632482,0.5577248,0.46485943,0.65340453,0.36161587,0.6631721,0.4363745,0.66152936,0.38982037,0.6633315,0.44001037,0.82042485,0.3927073,0.8194689,0.4375724,0.9693589,0.40047997,0.9673718
IMG_20241029_132809.jpg,nao_acao,0.37444708,0.31129274,0.38334012,0.2955055,0.36579403,0.29823694,0.40183607,0.30605668,0.35798422,0.31280327,0.42658368,0.40284282,0.34420437,0.41044652,0.44690672,0.5238562,0.32594755,0.5359449,0.44415084,0.64162374,0.33450174,0.6506978,0.4184279,0.6421277,0.36464602,0.646201,0.43039975,0.80598867,0.36321387,0.81284475,0.43403164,0.97854877,0.3749407,0.9775851
IMG_20241029_132809_1.jpg,nao_acao,0.399639,0.29021215,0.40640375,0.27295187,0.390061,0.27894476,0.42334408,0.28062728,0.3826774,0.2949652,0.45643225,0.37157005,0.3717153,0.38855606,0.498337,0.48058128,0.3451824,0.5042589,0.52242666,0.5774236,0.32465616,0.6178184,0.44911978,0.61088204,0.39578477,0.6194917,0.4661415,0.7710006,0.3972764,0.7832998,0.46095878,0.93836063,0.41438976,0.9363824
IMG_20241029_132810.jpg,nao_acao,0.49038607,0.36987343,0.49726364,0.35256314,0.48028386,0.35859153,0.51226705,0.36146384,0.47054464,0.37594372,0.5433186,0.4561859,0.45509243,0.4711967,0.5711135,0.5741052,0.43353444,0.5949911,0.57570076,0.68578804,0.44592217,0.71027577,0.5400251,0.7041095,0.48215008,0.71299374,0.5510127,0.8756206,0.48084816,0.88877517,0.5404437,0.994247,0.49865466,0.99086887
IMG_20241029_132811.jpg,nao_acao,0.5148064,0.36328077,0.52174115,0.34552488,0.50375235,0.3515815,0.5364271,0.35251716,0.49184552,0.36761707,0.5670835,0.4523367,0.4794924,0.4684742,0.5881614,0.58089435,0.46539524,0.60282373,0.58815676,0.6958506,0.48290148,0.7208179,0.5643035,0.7142651,0.50564736,0.7218999,0.5713836,0.8938591,0.5059755,0.897202,0.0,0.0,0.0,0.0
IMG_20241029_132811_1.jpg,nao_acao,0.52214867,0.27222028,0.52792245,0.25387272,0.510364,0.26188105,0.54097754,0.26097843,0.49879622,0.2811305,0.56932545,0.3544012,0.48849174,0.37815085,0.59439915,0.47848028,0.4775198,0.5158643,0.60317284,0.5800658,0.49965885,0.6250762,0.5761256,0.6002094,0.5217691,0.6153747,0.5873517,0.7528858,0.52171284,0.78218216,0.58631384,0.92294204,0.53271306,0.94216216
IMG_20241029_132812.jpg,nao_acao,0.4894204,0.22622807,0.49593884,0.2083226,0.47812727,0.21450998,0.5078796,0.21664493,0.46489626,0.231534,0.53210753,0.3114341,0.45210952,0.32948524,0.556301,0.43250513,0.43793684,0.46356565,0.5655899,0.5391923,0.4559279,0.5737726,0.53265333,0.55257976,0.48103148,0.56364256,0.54023355,0.7110687,0.47687417,0.7339779,0.5358504,0.8728659,0.48492038,0.88961625
IMG_20241029_132812_1.jpg,nao_acao,0.46475598,0.1688305,0.47169825,0.15190372,0.4543419,0.15706159,0.48454338,0.16111961,0.44252354,0.17301348,0.50849086,0.26029152,0.43088463,0.27257153,0.53211796,0.37747586,0.4146408,0.3999731,0.53921705,0.4857552,0.43064386,0.51194793,0.5061301,0.49871907,0.45696586,0.5060124,0.514452,0.6535718,0.45475554,0.66940576,0.5129635,0.81102973,0.4574834,0.8232824
IMG_20241029_132812_2.jpg,nao_acao,0.38629767,0.1360931,0.39419967,0.11952881,0.37611234,0.1237754,0.40886316,0.13124537,0.36542526,0.14155953,0.43435675,0.23139834,0.35150886,0.24265628,0.45959005,0.357916,0.33450085,0.3736641,0.46013808,0.47128806,0.34514993,0.48548982,0.4297715,0.47335598,0.376801,0.4795555,0.4389265,0.62779325,0.37223825,0.64254594,0.4360086,0.7895999,0.38006708,0.7978344
IMG_20241029_132813.jpg,nao_acao,0.44691753,0.077085026,0.45549232,0.061000507,0.4376796,0.06482229,0.47196755,0.07601695,0.4280253,0.084584415,0.49861002,0.17849025,0.41362497,0.18764392,0.521799,0.3115864,0.39087066,0.31994322,0.5187676,0.43028843,0.39840525,0.43789926,0.4864312,0.42352974,0.43137553,0.42770937,0.49353278,0.5868255,0.4268297,0.5938486,0.48600298,0.75727934,0.43464625,0.7553154
IMG_20241029_132813_1.jpg,nao_acao,0.48213923,0.045195594,0.49219224,0.02922235,0.4734118,0.030769704,0.50921255,0.043936413,0.46295384,0.046489142,0.53171057,0.14985634,0.4485274,0.15260556,0.55261546,0.2800509,0.4288612,0.28055826,0.5462174,0.39182553,0.43246037,0.38819876,0.51581943,0.38877842,0.46161574,0.38910103,0.5201139,0.55503553,0.45856252,0.55686533,0.51649296,0.71560293,0.46266383,0.71314466
IMG_20241029_132814.jpg,nao_acao,0.255744,0.20873035,0.2644651,0.19196382,0.24744855,0.19535984,0.28427956,0.19950998,0.24173029,0.20796931,0.3136821,0.2985967,0.23198944,0.31090286,0.34347737,0.4162843,0.21503973,0.4329347,0.34029213,0.5306738,0.22309445,0.5441293,0.31024468,0.54038227,0.25852782,0.5472377,0.3273704,0.693933,0.264175,0.7063967,0.33349878,0.8555081,0.2756891,0.8630168
IMG_20241029_132815.jpg,nao_acao,0.31963715,0.2941371,0.3286829,0.2796661,0.3123294,0.2807744,0.34647766,0.2919399,0.3052749,0.2945339,0.37047783,0.38676122,0.28908002,0.39031583,0.39115226,0.51125306,0.2660036,0.51122886,0.3800131,0.61996806,0.2694459,0.6194551,0.35302204,0.6176318,0.30052456,0.61856353,0.3632783,0.7739932,0.29546624,0.7777336,0.3564499,0.94416887,0.30302262,0.9409976
IMG_20241029_132815_1.jpg,nao_acao,0.19676192,0.36100197,0.20640543,0.34538868,0.1890831,0.34682593,0.2257478,0.3578452,0.18202594,0.36121595,0.25508404,0.45412597,0.16167536,0.46064135,0.27642056,0.5816888,0.13643785,0.58779866,0.26484078,0.6993292,0.1390748,0.7056499,0.23710568,0.7060769,0.17539845,0.70914537,0.24438548,0.88181895,0.17074944,0.8887904,0.23102985,0.9887487,0.0,0.0
IMG_20241029_132817.jpg,nao_acao,0.69013023,0.30547646,0.6980146,0.2897619,0.68227637,0.29270864,0.7138467,0.2995196,0.67524135,0.30705854,0.7404449,0.39507607,0.66071343,0.40356052,0.76929796,0.5180976,0.6441766,0.5237103,0.7625802,0.6278524,0.64929134,0.62880296,0.7317764,0.6316808,0.68018633,0.6355779,0.7429787,0.78714836,0.6771004,0.7946175,0.7453389,0.9548239,0.68903106,0.94835734
IMG_20241029_132817_1.jpg,nao_acao,0.81524515,0.2585128,0.8242263,0.24145746,0.80546343,0.24525489,0.84189624,0.2523201,0.79525054,0.26084352,0.86953294,0.3564533,0.7789738,0.3605176,0.89395,0.4853534,0.7534934,0.48228753,0.88246614,0.60699785,0.75691444,0.5949044,0.84989655,0.6031896,0.79191685,0.6024545,0.8555026,0.7653181,0.78226817,0.767096,0.8489324,0.9424099,0.78496736,0.93276936
IMG_20241029_132818.jpg,nao_acao,0.7190331,0.28283304,0.7279739,0.26743287,0.71051043,0.26895228,0.74380046,0.2798272,0.70096165,0.28346625,0.76629096,0.3777835,0.6839158,0.37926,0.7865265,0.50453866,0.6596601,0.4982429,0.77586037,0.61667824,0.66142374,0.6097494,0.7458221,0.6148801,0.69267356,0.61342156,0.7474204,0.7726728,0.6810224,0.7745043,0.7385794,0.93988925,0.68340755,0.9317624
IMG_20241029_132818_1.jpg,nao_acao,0.37160924,0.2687569,0.38076252,0.25489318,0.36406422,0.25489864,0.39646018,0.2689795,0.3554005,0.26870543,0.41701177,0.36703902,0.33791447,0.36533293,0.43569925,0.48795098,0.31385913,0.47984904,0.4249964,0.5948895,0.3135725,0.59007233,0.39692658,0.59840524,0.34653482,0.59571177,0.39903596,0.75693136,0.33777133,0.75723696,0.3924043,0.9215419,0.33746037,0.9187196
IMG_20241029_132819.jpg,nao_acao,0.2654608,0.25412527,0.27537343,0.23915747,0.25711393,0.23934077,0.2925918,0.25334844,0.24729982,0.25360298,0.31496435,0.3562801,0.22860433,0.3547065,0.33502537,0.48213208,0.20135628,0.47282836,0.32247084,0.59070873,0.20276396,0.58610773,0.29251227,0.5952302,0.23733988,0.592691,0.29628974,0.75759524,0.22892235,0.7592962,0.28743744,0.92994,0.22767481,0.9295634
IMG_20241029_132819_1.jpg,nao_acao,0.1975329,0.2497731,0.20656928,0.233597,0.18799284,0.23656686,0.22345205,0.248249,0.17726138,0.25526237,0.25178272,0.3480294,0.15928574,0.35654724,0.27728552,0.48224387,0.13302912,0.48923612,0.27067098,0.59930027,0.14028011,0.61047816,0.23985747,0.59981275,0.1790997,0.60475445,0.2506033,0.7696043,0.17256983,0.78076804,0.24342652,0.9482235,0.18306531,0.9530897
IMG_20241029_132820.jpg,nao_acao,0.23685789,0.26848173,0.24577932,0.25111508,0.22599448,0.2548549,0.26164177,0.2678006,0.21324785,0.27680868,0.29060552,0.3747773,0.19209534,0.38359177,0.31637767,0.5146564,0.16689108,0.52498776,0.3129222,0.6320042,0.17656963,0.6533121,0.2786531,0.6438062,0.21428883,0.64915574,0.28627282,0.82629615,0.20784429,0.839463,0.2739184,0.9880882,0.22494066,0.9891965
IMG_20241029_132820_1.jpg,nao_acao,0.26369262,0.17179316,0.27254626,0.15246849,0.25127816,0.15654042,0.2871038,0.16651388,0.2354137,0.17622013,0.3143603,0.28510526,0.2157691,0.2931351,0.3422919,0.42667937,0.18961693,0.43911746,0.3416981,0.55085474,0.20748235,0.5708274,0.30456072,0.56099916,0.24092805,0.56694204,0.31431043,0.7397033,0.23572926,0.756074,0.3075843,0.9159814,0.23936982,0.9326579
IMG_20241029_132821.jpg,nao_acao,0.3437054,0.26570764,0.34991357,0.2488541,0.33196166,0.25347745,0.35948434,0.2631899,0.31348774,0.27446398,0.38577425,0.36731723,0.297096,0.3821064,0.41591826,0.4929083,0.28296968,0.5248605,0.4206719,0.6040642,0.3051243,0.64975,0.3900336,0.6199492,0.33239907,0.630808,0.39723864,0.7917521,0.33118457,0.81455076,0.3939019,0.96883917,0.33692682,0.98651505
IMG_20241029_132821_1.jpg,nao_acao,0.16767834,0.18277138,0.17529081,0.16428162,0.15443806,0.16832979,0.18557383,0.18055402,0.13343047,0.19035648,0.2093285,0.2929331,0.1099137,0.30130804,0.23287135,0.4311596,0.08089253,0.44784972,0.2340994,0.5534424,0.09911087,0.5809853,0.19881086,0.5680327,0.1340344,0.5741806,0.20016317,0.7488898,0.11911972,0.7685664,0.18628271,0.92825145,0.117900014,0.94862974
IMG_20241029_132822.jpg,nao_acao,0.26639172,0.18549089,0.27260366,0.16681908,0.2533993,0.17258522,0.28229982,0.1787991,0.23466021,0.192883,0.3075838,0.2868998,0.21892682,0.30199632,0.33564338,0.41651726,0.20173094,0.44428137,0.3424122,0.5326465,0.2238006,0.56732064,0.30999273,0.5467545,0.25304312,0.5576494,0.31699446,0.7129038,0.24794582,0.7385744,0.31165212,0.8780725,0.25141552,0.90398717
IMG_20241029_132823.jpg,nao_acao,0.41162178,0.22747311,0.41678032,0.20914915,0.39973825,0.21591479,0.42529777,0.21931495,0.38281193,0.23525327,0.4496989,0.32324222,0.36887935,0.34018305,0.47572944,0.4465965,0.35514635,0.4757147,0.48047453,0.5561643,0.3761352,0.5852124,0.45023456,0.5677094,0.39872018,0.5785989,0.45793664,0.7279539,0.39586118,0.7538866,0.45339605,0.893752,0.39787894,0.914589
IMG_20241029_132824.jpg,nao_acao,0.64804417,0.22778296,0.65350664,0.20986234,0.6358282,0.21633303,0.66172457,0.22170666,0.61850053,0.23691486,0.6835425,0.32297167,0.6014967,0.3356212,0.7057899,0.4479926,0.5835441,0.47016603,0.70842,0.56253254,0.59995025,0.58215684,0.6785507,0.57130927,0.6252955,0.5778257,0.6810311,0.736373,0.6136347,0.7528979,0.67442214,0.90105283,0.6154424,0.90777814
IMG_20241029_132824_1.jpg,nao_acao,0.64033,0.21624304,0.64692336,0.19910061,0.62877584,0.20297948,0.65535015,0.20961386,0.6101146,0.21833524,0.6729064,0.31063268,0.58985716,0.31559974,0.68893,0.43581215,0.56604636,0.44494677,0.6860037,0.55227596,0.5770939,0.55961794,0.65591156,0.55522585,0.6030345,0.55601066,0.6509093,0.7132172,0.5860963,0.7215916,0.6334673,0.87010264,0.58148146,0.8726605
IMG_20241029_132825.jpg,nao_acao,0.6793691,0.15857087,0.6854141,0.14036274,0.66761297,0.14614503,0.69392717,0.14955361,0.6496555,0.1623965,0.71421987,0.2546312,0.63149154,0.26307267,0.7332298,0.38115165,0.6082539,0.3958023,0.73048806,0.49620694,0.62058294,0.5146577,0.6987444,0.50220454,0.64671427,0.504651,0.6968237,0.6595182,0.6334072,0.6707567,0.68256617,0.81009096,0.62882066,0.81413275
IMG_20241029_132825_1.jpg,nao_acao,0.6071684,0.27372092,0.613492,0.25668088,0.5959886,0.26045966,0.62162715,0.26531938,0.57861036,0.27409247,0.6386177,0.3598031,0.5590669,0.3659035,0.65800124,0.48470014,0.5360175,0.49553052,0.6544851,0.5944348,0.5479542,0.6081222,0.62575877,0.5997702,0.57461715,0.6018807,0.62327003,0.7555095,0.56075025,0.76634634,0.61132574,0.9036535,0.5573265,0.90781665
IMG_20241029_132826.jpg,nao_acao,0.6539442,0.29289433,0.6601124,0.27574202,0.64272684,0.2804844,0.66943944,0.283409,0.6269661,0.29422364,0.68929976,0.37659734,0.60516185,0.37901685,0.7129675,0.48895708,0.56328756,0.48827925,0.71564,0.5897977,0.5758067,0.5983983,0.6734401,0.6191189,0.6212089,0.6202236,0.6671792,0.7721805,0.60951,0.7835752,0.6576422,0.9231526,0.6037843,0.9250139
IMG_20241029_132826_1.jpg,nao_acao,0.59655744,0.38979965,0.6029979,0.37274083,0.58623296,0.37661755,0.61314213,0.38027304,0.57111984,0.38932756,0.637524,0.47243977,0.54718184,0.47302884,0.6621246,0.5804115,0.5073606,0.5736315,0.6583093,0.6822009,0.5261019,0.6769238,0.61964846,0.7192204,0.56144863,0.71956253,0.6166439,0.88602084,0.55213064,0.89118356,0.0,0.0,0.0,0.0
IMG_20241029_132827.jpg,nao_acao,0.59559304,0.46018934,0.6035404,0.4456893,0.5858692,0.44780216,0.6169416,0.4565786,0.572944,0.4613352,0.64096373,0.55284643,0.5492337,0.54599506,0.6670065,0.67159164,0.5019837,0.64836055,0.6608066,0.7785587,0.5168681,0.7571687,0.61078817,0.8208523,0.5508189,0.81595117,0.0,0.0,0.0,0.0,0.0,0.0,0.0,0.0
IMG_20241029_132827_1.jpg,nao_acao,0.52765566,0.46027645,0.5371713,0.44503447,0.5187605,0.4461179,0.5547895,0.45607492,0.5082683,0.45828074,0.5811122,0.5570975,0.48494813,0.54918104,0.60351527,0.69156975,0.4393512,0.66702247,0.5899816,0.81469184,0.4541046,0.78212,0.5512925,0.8329991,0.4881098,0.82685196,0.0,0.0,0.0,0.0,0.0,0.0,0.0,0.0
IMG_20241029_132828.jpg,nao_acao,0.5205805,0.4195762,0.5314277,0.4028094,0.51267946,0.40209788,0.5509979,0.41336128,0.5050379,0.41171223,0.57724375,0.51823133,0.47707373,0.50432456,0.5856805,0.66221595,0.4383414,0.6186631,0.5610164,0.77469444,0.44971094,0.7029424,0.5391915,0.7913696,0.47303346,0.78065175,0.5239147,0.9772168,0.0,0.0,0.0,0.0,0.0,0.0
IMG_20241029_132828_1.jpg,nao_acao,0.5059889,0.35364473,0.5158765,0.33621755,0.49745482,0.33792567,0.53586805,0.34643856,0.49007043,0.3508122,0.5652451,0.45076597,0.47153795,0.4522467,0.58691794,0.585288,0.4485587,0.5797178,0.5811578,0.71466184,0.4431656,0.70205176,0.53949463,0.7149292,0.47736248,0.71260166,0.5380061,0.893772,0.46502346,0.8954451,0.0,0.0,0.0,0.0
IMG_20241029_132829.jpg,nao_acao,0.52610636,0.26432133,0.5352124,0.24794053,0.516635,0.25096056,0.55225384,0.26207608,0.506261,0.26903728,0.578473,0.3650325,0.48925516,0.37023982,0.5983,0.5016446,0.4688907,0.5023728,0.57689065,0.6204797,0.47436547,0.61907387,0.5605422,0.61553085,0.5023131,0.61606556,0.5697071,0.7862283,0.4949672,0.78878516,0.5602056,0.9638505,0.50673,0.9558314
IMG_20241029_133423.jpg,nao_acao,0.48836276,0.11789179,0.5004712,0.09525267,0.47655135,0.09929002,0.5241655,0.10473899,0.4651403,0.11453111,0.55593675,0.23759504,0.4527079,0.24890336,0.57875603,0.41120407,0.43732756,0.41716787,0.57349163,0.56965584,0.43774286,0.5689292,0.5417082,0.56561464,0.47380057,0.5694783,0.5477436,0.78028035,0.47297922,0.78909796,0.54173803,0.9609202,0.49088627,0.9590843
IMG_20241029_133424.jpg,nao_acao,0.50585896,0.114288114,0.5165228,0.09425614,0.49307522,0.0977898,0.5332247,0.10927388,0.47653177,0.11740717,0.5600095,0.2366118,0.45988056,0.24571563,0.591341,0.39913172,0.43584844,0.40567303,0.60790783,0.5435966,0.42509535,0.5509463,0.5459847,0.5475865,0.4800019,0.552911,0.55201364,0.7594715,0.48060012,0.7683783,0.5453243,0.9273558,0.50128233,0.92532444
IMG_20241029_133425.jpg,nao_acao,0.5425849,0.1789466,0.55242443,0.16002224,0.5311982,0.16150866,0.5676273,0.17162195,0.51611763,0.17532809,0.5890548,0.28962457,0.49573952,0.29387185,0.6061728,0.44066852,0.47161594,0.44209725,0.611807,0.581376,0.46341702,0.5797863,0.5722172,0.5792296,0.5124625,0.58182436,0.57778925,0.77069205,0.5067595,0.7795588,0.56440663,0.9406636,0.5280071,0.9454014
IMG_20241029_133426.jpg,nao_acao,0.4288869,0.13102353,0.4389738,0.11209297,0.41749468,0.114900984,0.45653695,0.1222195,0.4039908,0.12840566,0.47941825,0.24444647,0.38926515,0.2480958,0.5031164,0.39935023,0.37006447,0.39712426,0.51075006,0.52690667,0.3617478,0.52950966,0.46661994,0.5282674,0.41007528,0.5307681,0.47705862,0.7135093,0.4132785,0.7229697,0.475811,0.8832098,0.4262529,0.88586575
IMG_20241029_133426_1.jpg,nao_acao,0.2862381,0.29242653,0.29730487,0.2730174,0.2753468,0.27471456,0.3164897,0.28524074,0.26356953,0.2895228,0.34251446,0.4064601,0.24221209,0.40901038,0.36577302,0.5572615,0.21720271,0.55651885,0.3784354,0.6994159,0.19625942,0.7030496,0.32418454,0.70839506,0.25918692,0.7098777,0.33028927,0.9125613,0.2607406,0.9206187,0.0,0.0,0.0,0.0
IMG_20241029_133427.jpg,nao_acao,0.5053199,0.27239138,0.5153709,0.25426134,0.49523413,0.25539714,0.5315712,0.26715428,0.48324853,0.26991203,0.5550151,0.38503474,0.4644025,0.38611886,0.576769,0.53203946,0.44314784,0.5231063,0.58897555,0.67222536,0.42476806,0.6561008,0.540434,0.67496884,0.480564,0.6763684,0.5448852,0.87399536,0.47811466,0.8810075,0.0,0.0,0.0,0.0
IMG_20241029_133427_1.jpg,nao_acao,0.65789443,0.26009703,0.6679735,0.24034268,0.647183,0.24298954,0.6840173,0.25225082,0.6340646,0.25816137,0.7098771,0.3717748,0.6143878,0.37560347,0.7340181,0.52418363,0.5916652,0.5177817,0.7464098,0.66965246,0.5746985,0.65095085,0.6940433,0.6675449,0.6316749,0.66935706,0.6985806,0.8721543,0.62989175,0.8762429,0.68128306,0.98287195,0.0,0.0
IMG_20241029_133428.jpg,nao_acao,0.59094256,0.16136822,0.6012237,0.14371839,0.5805483,0.14521745,0.6178752,0.15830521,0.5675745,0.16141121,0.6383323,0.27643102,0.54773575,0.27619758,0.6546566,0.42637372,0.5191652,0.41773742,0.6617533,0.56538236,0.5048374,0.54989916,0.61388963,0.55496734,0.556077,0.5529287,0.61613226,0.7450576,0.5460878,0.74452996,0.60214365,0.91340756,0.56063384,0.9022462
IMG_20241029_133429.jpg,nao_acao,0.40355283,0.16795953,0.41426468,0.14906709,0.39299524,0.15041618,0.43179804,0.15946256,0.38052356,0.16273326,0.45392564,0.27873346,0.36353672,0.28185087,0.47493193,0.42692667,0.33800226,0.4226352,0.48326188,0.5622912,0.32540512,0.55653626,0.4377221,0.5620556,0.37987474,0.563518,0.44250447,0.7537655,0.37634164,0.7599793,0.43728206,0.9102331,0.39024383,0.91219
IMG_20241029_133429_1.jpg,nao_acao,0.38475537,0.049666956,0.39450726,0.030438328,0.37301657,0.033133727,0.41067505,0.03976506,0.35947254,0.046102807,0.4339102,0.16191839,0.3425163,0.16354099,0.4596493,0.3161267,0.32192543,0.3130422,0.46730778,0.45772558,0.31426296,0.45280117,0.42394486,0.4473035,0.36518928,0.44976014,0.43260103,0.6306026,0.3687075,0.6376579,0.42885375,0.7805079,0.38682586,0.7834358
IMG_20241029_133430.jpg,nao_acao,0.39024878,0.20654519,0.3999421,0.18784742,0.37918764,0.19057697,0.41650102,0.19706188,0.36677405,0.20373604,0.43986288,0.31113333,0.35138243,0.31815642,0.46464595,0.4533693,0.33169892,0.45992404,0.47532302,0.58407795,0.32317218,0.59141463,0.43270636,0.586118,0.37687507,0.5909943,0.44275633,0.76398915,0.37931445,0.77551365,0.43960172,0.91372603,0.39913875,0.9177891
IMG_20241029_133431.jpg,nao_acao,0.58026904,0.26833764,0.5905107,0.2508727,0.5702306,0.25082642,0.605697,0.263285,0.5565876,0.26292822,0.62503535,0.37616274,0.53548145,0.37304336,0.6408738,0.5220059,0.5078984,0.51062536,0.6439709,0.66289324,0.49465638,0.641998,0.6000673,0.647972,0.54316443,0.64466345,0.6014112,0.83148044,0.5353286,0.82751703,0.5822266,0.9809635,0.55063975,0.97462183
IMG_20241029_133431_1.jpg,nao_acao,0.58630973,0.26068845,0.5971216,0.24335504,0.57643926,0.24321368,0.6121824,0.2595879,0.5625226,0.2585287,0.62987405,0.378909,0.5376436,0.37161082,0.6427726,0.5313956,0.5070444,0.5083704,0.64562094,0.67528635,0.48956433,0.6446202,0.5989445,0.6642777,0.5392688,0.65868706,0.5932506,0.8644861,0.52947223,0.8617686,0.5694103,0.98846674,0.5395951,0.97643936
IMG_20241029_133432.jpg,nao_acao,0.36841798,0.31822112,0.37857643,0.2994403,0.3577307,0.30132094,0.39501786,0.31235763,0.34523174,0.31711224,0.4208567,0.42809305,0.32363874,0.4316103,0.4435435,0.57637644,0.30121818,0.5737279,0.45491764,0.71829873,0.2848604,0.7159769,0.40376747,0.7181957,0.34067887,0.7208268,0.40751705,0.9171637,0.34281108,0.92775744,0.0,0.0,0.0,0.0
IMG_20241029_133433.jpg,nao_acao,0.48806804,0.16693605,0.49785662,0.15025009,0.47796154,0.1515614,0.5135173,0.16641618,0.46537685,0.16911992,0.53410417,0.28166133,0.44633752,0.28065047,0.5533047,0.43103084,0.41891572,0.41922235,0.5632371,0.5649194,0.40482464,0.5497639,0.51387477,0.5547633,0.45781097,0.55366707,0.5183122,0.7398892,0.45038652,0.74199706,0.5073321,0.90172726,0.46497223,0.89591676
IMG_20241029_133434.jpg,nao_acao,0.4497326,0.20316818,0.4595503,0.18597317,0.438975,0.18829307,0.47563425,0.20129064,0.4264933,0.20652929,0.49586663,0.3169316,0.40835822,0.3183376,0.51721364,0.4656082,0.38352308,0.45773414,0.5260425,0.6005283,0.36993232,0.5898407,0.47759116,0.5934398,0.4218305,0.5941715,0.48117867,0.773687,0.41774112,0.7835687,0.4744181,0.9426247,0.43043888,0.94305605
IMG_20241029_133435.jpg,nao_acao,0.41870463,0.16797046,0.4285676,0.15002005,0.40818,0.15249862,0.44585365,0.1646591,0.396445,0.17020167,0.47072372,0.28320414,0.37977785,0.28689814,0.4935918,0.43258741,0.35460323,0.42921677,0.5044876,0.5690947,0.34166342,0.56737864,0.45513022,0.56548697,0.39726183,0.5674232,0.46375895,0.7550327,0.3943932,0.75988483,0.45547083,0.9206417,0.4153935,0.9208641
IMG_20241029_133436.jpg,nao_acao,0.706165,0.19603372,0.71695775,0.1778357,0.6947217,0.17918345,0.7339434,0.19286473,0.68002,0.19563627,0.752271,0.31659222,0.6565915,0.31121713,0.76863265,0.47322282,0.6231044,0.45225105,0.77499974,0.6191702,0.6050543,0.58884156,0.71961784,0.6032591,0.6586125,0.5982458,0.7160369,0.7963667,0.6474849,0.79792655,0.7004072,0.97342557,0.65592444,0.96241325
IMG_20241029_133437.jpg,nao_acao,0.53889716,0.13635203,0.55014664,0.119167924,0.52832025,0.118629955,0.565622,0.1360368,0.51324064,0.13377601,0.5795744,0.26316023,0.4892065,0.25197113,0.5902256,0.42414096,0.45397347,0.39078265,0.59467554,0.56378263,0.43459097,0.5257026,0.5438339,0.54707915,0.48648775,0.53867096,0.53757167,0.73839325,0.4707194,0.73370624,0.5229688,0.9057697,0.47171476,0.89768255
IMG_20241029_133437_1.jpg,nao_acao,0.48984373,0.100828156,0.50101554,0.08222183,0.4783767,0.08246697,0.5163353,0.09731051,0.4615764,0.09708782,0.5323637,0.2256036,0.43822882,0.21882446,0.5488534,0.3892077,0.40527484,0.36682233,0.5557537,0.5338613,0.38989252,0.5093121,0.5036706,0.5139856,0.44425255,0.5094487,0.50102276,0.7158654,0.4359039,0.71536964,0.48730704,0.88710755,0.44012627,0.8816548
IMG_20241029_133438.jpg,nao_acao,0.4562766,0.10268017,0.4672512,0.08400557,0.44391403,0.0841928,0.48174715,0.100343,0.4259602,0.100261115,0.49785596,0.23326309,0.39950234,0.22322468,0.515682,0.40219954,0.3645264,0.38095024,0.52192384,0.55168015,0.34984547,0.5305488,0.46970874,0.535475,0.40615556,0.52956945,0.46309042,0.7483732,0.3964898,0.7458367,0.4505124,0.9256742,0.40591127,0.91765946
IMG_20241029_133438_1.jpg,nao_acao,0.38079113,0.16569073,0.38995007,0.14554307,0.36861828,0.14720611,0.39986783,0.16102417,0.34629145,0.16447645,0.42067215,0.2928379,0.3198665,0.29391453,0.4426203,0.4614772,0.290399,0.4561591,0.4541775,0.6025791,0.28133917,0.6063635,0.40430185,0.5975558,0.33788395,0.600218,0.40368795,0.82146674,0.331654,0.8279549,0.38778,0.98561996,0.345641,0.98241323
IMG_20241029_133439.jpg,nao_acao,0.40894857,0.045168832,0.4175438,0.026380477,0.3959249,0.028389536,0.42740384,0.041299142,0.37486356,0.045529842,0.4437358,0.17005919,0.35075194,0.16912124,0.46535176,0.32884902,0.32360783,0.32367787,0.47853738,0.46399006,0.3173007,0.4672853,0.42947435,0.45644286,0.37106836,0.45829794,0.42891207,0.6520264,0.36548018,0.66640025,0.4224895,0.81781083,0.37510666,0.8356626
IMG_20241029_133440.jpg,nao_acao,0.3812957,0.2556613,0.3887928,0.23815496,0.37005574,0.24175306,0.40007374,0.2508602,0.3544099,0.25892106,0.42072287,0.35964423,0.33506984,0.36201784,0.44011718,0.50153005,0.30796692,0.49741057,0.45069137,0.62382,0.2988002,0.6291556,0.40418446,0.6224429,0.34981415,0.6241115,0.4073657,0.8044883,0.34426215,0.8121702,0.39416328,0.9664509,0.35816538,0.9687582
IMG_20241029_133441.jpg,nao_acao,0.31009123,0.18770112,0.31827706,0.16889316,0.2980048,0.17222221,0.33050132,0.17994863,0.28177622,0.18825494,0.35306785,0.2944861,0.26501495,0.30204737,0.3790321,0.43251398,0.24088374,0.43989953,0.39783597,0.5597952,0.23557925,0.5766912,0.34669667,0.5668812,0.291196,0.5733092,0.35271493,0.74893355,0.29000396,0.7662512,0.34630525,0.9035739,0.3029871,0.9235304
IMG_20241029_133444.jpg,nao_acao,0.4601693,0.24837737,0.46794236,0.22882578,0.44870344,0.23254517,0.4791229,0.24098122,0.4317315,0.24961728,0.5043194,0.3533231,0.41010046,0.36083812,0.54300267,0.49173823,0.37202662,0.4970293,0.5791782,0.60652447,0.34073746,0.62821144,0.49003598,0.6296198,0.4317759,0.6347158,0.49442923,0.83448225,0.43377057,0.84329987,0.4790656,0.98398,0.4500851,0.9840958
IMG_20241029_133444_1.jpg,nao_acao,0.46507305,0.22339787,0.47338417,0.20455322,0.45329186,0.20696563,0.48460028,0.21733643,0.43615973,0.22267754,0.5067236,0.332655,0.41386676,0.33282715,0.54560983,0.46589926,0.37380385,0.46203747,0.58120376,0.5791975,0.3443606,0.59500843,0.49272567,0.60168636,0.4357058,0.6038731,0.4930885,0.7963841,0.4336584,0.80706424,0.48341805,0.9626758,0.44462186,0.97026974
IMG_20241029_133445.jpg,nao_acao,0.61845654,0.2062082,0.62651426,0.18830761,0.6069714,0.18925524,0.6365185,0.20225902,0.58911884,0.20473903,0.6561755,0.3168723,0.5644607,0.31373012,0.6914622,0.4509668,0.5231377,0.43886247,0.7225806,0.5707776,0.4937998,0.5661111,0.6330959,0.5842439,0.57643986,0.5834031,0.63153726,0.7706535,0.5670842,0.77862716,0.6186835,0.93107593,0.5786522,0.9402665
IMG_20241029_133445_1.jpg,nao_acao,0.4872661,0.19408245,0.49531054,0.17524268,0.47572094,0.17786288,0.5075256,0.18766421,0.46012893,0.19408634,0.5308388,0.30374098,0.43977967,0.30757228,0.5660271,0.43711326,0.4001709,0.43547738,0.5969872,0.5550841,0.3726438,0.5655619,0.51451325,0.57523894,0.4593892,0.5787088,0.5168567,0.76233685,0.45751205,0.7746739,0.50540346,0.9223626,0.4706988,0.9347375
IMG_20241029_133446.jpg,nao_acao,0.5563161,0.25754774,0.56394327,0.23950925,0.54500955,0.24211934,0.5740376,0.25249788,0.52806634,0.2582795,0.5955444,0.36387703,0.5052046,0.36379728,0.6309834,0.49660686,0.46656728,0.4895236,0.6634136,0.6178998,0.43793595,0.61370593,0.5767214,0.6312114,0.5211506,0.6315283,0.5753858,0.81915945,0.515073,0.8246308,0.5620151,0.9766769,0.52791584,0.9774807
IMG_20241029_133446_1.jpg,nao_acao,0.66275764,0.19140536,0.67204934,0.1737007,0.6518833,0.17520495,0.68367743,0.18840995,0.6345924,0.19138055,0.702243,0.30221036,0.61028576,0.30132425,0.734873,0.4405469,0.56440103,0.42784405,0.7661427,0.56550497,0.5304444,0.55087143,0.67411256,0.5744361,0.6178376,0.573055,0.667722,0.76463276,0.60693663,0.76824844,0.65183955,0.9295808,0.6114541,0.9299101
IMG_20241029_133447.jpg,nao_acao,0.36476913,0.17655775,0.37385032,0.15828991,0.3535261,0.15938193,0.38656902,0.17216536,0.3370496,0.17511517,0.40883684,0.2893525,0.3134322,0.29117304,0.4439895,0.4263402,0.2698692,0.41975722,0.47624236,0.5424244,0.23680928,0.5566462,0.387853,0.5647808,0.32959625,0.5674046,0.3909659,0.75452846,0.32503128,0.7671534,0.3763576,0.91343623,0.3384865,0.9301718
IMG_20241029_133447_1.jpg,nao_acao,0.32293886,0.17176296,0.3312098,0.15194243,0.31010532,0.15528746,0.34404233,0.16422425,0.29341906,0.17293279,0.37243953,0.2824739,0.27111918,0.2897551,0.4146931,0.42005837,0.23111966,0.42877835,0.44775864,0.5389202,0.2041653,0.5704927,0.36417758,0.56387514,0.30175793,0.5713115,0.37080407,0.75579494,0.3070571,0.77582115,0.35925958,0.9127971,0.3276496,0.9344026
IMG_20241029_133448.jpg,nao_acao,0.4042277,0.2604072,0.41099024,0.24009708,0.39227712,0.24553353,0.42258486,0.24888897,0.37628898,0.26205108,0.45113674,0.35864678,0.3579688,0.37308317,0.49289617,0.491433,0.32510838,0.5093297,0.5298232,0.6032839,0.30116305,0.6428714,0.44577113,0.6321425,0.3884958,0.6421858,0.45540872,0.8250165,0.39560074,0.841124,0.44644895,0.97235596,0.42109084,0.9791016
IMG_20241029_133448_1.jpg,nao_acao,0.48440573,0.2303361,0.49237573,0.21099344,0.47332984,0.21406244,0.5045066,0.22000831,0.45794287,0.22702594,0.5282422,0.33143708,0.43673083,0.33506772,0.56314147,0.46711776,0.39694312,0.46402872,0.5927992,0.5837812,0.36787343,0.5947919,0.50980073,0.59604454,0.4542365,0.5986912,0.51133585,0.7794006,0.45035577,0.78915787,0.49866787,0.9383862,0.4660032,0.9438903
IMG_20241029_133449.jpg,nao_acao,0.60494936,0.23642035,0.6131845,0.218998,0.5944507,0.21995743,0.62322354,0.23125541,0.57732314,0.23311917,0.6426929,0.34277266,0.55149585,0.33860528,0.67325217,0.48075715,0.5074618,0.46455103,0.700296,0.60632557,0.47748664,0.5896159,0.61603534,0.6103077,0.5601891,0.60763806,0.6123547,0.7874373,0.5509469,0.7908565,0.5896656,0.9487837,0.5573632,0.9494053
IMG_20241029_133449_1.jpg,nao_acao,0.64344364,0.12591209,0.652243,0.1079045,0.6322276,0.10868439,0.6634044,0.12139891,0.6143715,0.12301397,0.68242913,0.23864357,0.58827794,0.23271607,0.71118706,0.38270348,0.5421508,0.36098322,0.7375279,0.51005554,0.50989515,0.48933887,0.65082693,0.5125731,0.59333706,0.5084386,0.6450449,0.6923551,0.5799741,0.69606715,0.62282383,0.85341036,0.58587927,0.8581401
IMG_20241029_133450.jpg,nao_acao,0.57706803,0.16713418,0.5855976,0.14951904,0.5658006,0.15120511,0.5958443,0.16331802,0.5488201,0.1663924,0.61195475,0.27757955,0.52416885,0.2722558,0.64349,0.41721168,0.4816566,0.3996938,0.67249274,0.5383067,0.4506724,0.52470946,0.5875343,0.54547656,0.53332865,0.54321164,0.5816109,0.72926486,0.52271426,0.73824924,0.5722898,0.88691974,0.5281688,0.8966533
IMG_20241029_133450_1.jpg,nao_acao,0.28008667,0.16749963,0.288146,0.14693804,0.26732424,0.1511035,0.30121586,0.15744676,0.25028682,0.16767399,0.3296581,0.27608967,0.22768055,0.28445607,0.3695561,0.41944948,0.18611623,0.42321593,0.4042824,0.5383393,0.15741318,0.56317574,0.31899086,0.55970305,0.25675523,0.5675422,0.32774377,0.7520692,0.25953606,0.77232,0.31833145,0.9160184,0.2832173,0.936531
IMG_20241029_133451.jpg,nao_acao,0.39201272,0.1746398,0.39983374,0.15605901,0.38058057,0.15949275,0.41262037,0.1690058,0.36549878,0.17749946,0.43878046,0.28523487,0.34577972,0.2934874,0.4764316,0.42206055,0.30689886,0.42361572,0.51024956,0.537245,0.27929035,0.5566155,0.4272207,0.55779505,0.37012687,0.56496984,0.43541637,0.74254066,0.3721436,0.76038575,0.42594492,0.9031365,0.3920119,0.92260516
IMG_20241029_133452.jpg,nao_acao,0.5397501,0.21357735,0.5481397,0.19506352,0.52862084,0.19751416,0.56067085,0.20706917,0.513238,0.21264905,0.5826224,0.32003763,0.49170434,0.32091543,0.6146669,0.4578679,0.45102233,0.45013747,0.643758,0.575426,0.423175,0.5794089,0.5612886,0.58659047,0.5057316,0.5875355,0.5615283,0.77053756,0.4999308,0.77897465,0.5485464,0.9324123,0.5121627,0.93738973
IMG_20241029_133452_1.jpg,nao_acao,0.53953266,0.14761433,0.54767406,0.12950298,0.52758044,0.13176402,0.55869406,0.14093773,0.5111806,0.14613236,0.578555,0.25710276,0.4894127,0.25378665,0.6134236,0.39372852,0.45012552,0.38134888,0.6423448,0.51709974,0.4221477,0.5094513,0.5601719,0.52041644,0.5054335,0.5202256,0.55599326,0.69909775,0.49979162,0.7109227,0.5458607,0.8528546,0.5059256,0.8667222
IMG_20241029_133453.jpg,nao_acao,0.5470201,0.14363913,0.55575913,0.12546492,0.5358631,0.12758946,0.5679447,0.13705362,0.51976293,0.14156672,0.587585,0.2518856,0.4976464,0.25133398,0.617551,0.39109662,0.4557542,0.37941507,0.6442873,0.51707655,0.42673737,0.50447863,0.56349725,0.5193095,0.5090084,0.51853913,0.55967486,0.69801015,0.49984214,0.7061039,0.5431729,0.85675853,0.5043242,0.86431795
IMG_20241029_133453_1.jpg,nao_acao,0.5197218,0.19362286,0.5278703,0.17600533,0.50841826,0.17843378,0.53985935,0.19049442,0.49334094,0.19644676,0.5621595,0.30235383,0.47260162,0.30475235,0.5954658,0.4331361,0.43412405,0.43292406,0.6267534,0.55082524,0.40620658,0.5592176,0.54478323,0.5682094,0.48907316,0.5700783,0.54657334,0.75241905,0.4837194,0.7611747,0.5328074,0.90969837,0.49425498,0.91602015
IMG_20241029_133454.jpg,nao_acao,0.39979607,0.079007685,0.4080612,0.05939467,0.38816422,0.063351676,0.42226398,0.072284885,0.37372658,0.08196203,0.45198953,0.19043233,0.35428116,0.20095165,0.49155584,0.33451414,0.31828976,0.34101778,0.524422,0.45654887,0.28941798,0.4774818,0.4406638,0.47014645,0.38056335,0.47715926,0.4484552,0.6628932,0.38146108,0.6772945,0.4362796,0.8130122,0.40363923,0.82755363
IMG_20241029_133454_1.jpg,nao_acao,0.4026389,0.14324299,0.4128263,0.12369116,0.3915907,0.12541139,0.4290454,0.13739382,0.37787506,0.141168,0.4550596,0.2614398,0.35450655,0.26045963,0.49062937,0.4139591,0.30960566,0.39921772,0.5191571,0.54518735,0.27607852,0.5366689,0.43346038,0.55106837,0.37159353,0.5509116,0.43315038,0.7496795,0.3650593,0.7581225,0.42086425,0.9124402,0.37948084,0.9183882
IMG_20241029_133454_2.jpg,nao_acao,0.4655075,0.19325368,0.47738358,0.17311414,0.45494494,0.1746419,0.49696967,0.18894292,0.44296134,0.19171776,0.5244218,0.3174603,0.41988313,0.31475332,0.5589781,0.47844908,0.3747765,0.45379287,0.58847415,0.6217655,0.3351717,0.5907326,0.49704644,0.6251985,0.43217883,0.6230013,0.4940784,0.83829564,0.4278717,0.841048,0.47564706,0.98493636,0.44489276,0.9768759
IMG_20241029_133455.jpg,nao_acao,0.46512187,0.15470937,0.4756258,0.1339213,0.455991,0.13853809,0.4987122,0.14281905,0.44955137,0.1525599,0.53151125,0.2656139,0.4337452,0.2708883,0.5669527,0.41828665,0.39722311,0.40796977,0.5936525,0.5576712,0.36133,0.5333879,0.5105366,0.5543821,0.4501942,0.55517834,0.5221546,0.7563022,0.45246723,0.756868,0.51444846,0.9297135,0.47531727,0.909675
IMG_20241029_133456.jpg,nao_acao,0.47925287,0.38144627,0.48846686,0.36117005,0.4695237,0.36567593,0.5102601,0.36614397,0.46469226,0.37665305,0.54307157,0.48135734,0.45034245,0.4858805,0.58035463,0.6173042,0.41913238,0.6143139,0.61364204,0.7538455,0.3860509,0.73994285,0.5306239,0.7753824,0.47212845,0.7790421,0.54515797,0.97319764,0.4844339,0.9838059,0.0,0.0,0.0,0.0
IMG_20241029_133516.jpg,nao_acao,0.29939622,0.2056818,0.30852684,0.18667682,0.28663602,0.19231033,0.3248595,0.20533931,0.2708797,0.21933918,0.3558304,0.316526,0.2587903,0.3410629,0.4066078,0.44924694,0.23873876,0.5010406,0.4389984,0.58811474,0.23015785,0.65802133,0.37301588,0.59440535,0.30655786,0.6134723,0.40545067,0.794522,0.3121904,0.8243241,0.42901322,0.9765376,0.32277167,0.9968929
IMG_20241029_133516_1.jpg,nao_acao,0.52770835,0.20320049,0.53700787,0.18822134,0.5166659,0.18824661,0.55042326,0.2103497,0.5000643,0.21074918,0.57195014,0.3175898,0.4797491,0.315583,0.60289156,0.46540025,0.4452895,0.45822543,0.6212658,0.6000815,0.42500958,0.59212464,0.55644566,0.5828119,0.49479532,0.5823486,0.57153296,0.77032334,0.47940713,0.7722483,0.5675768,0.96233696,0.474412,0.96508574
IMG_20241029_133516_2.jpg,nao_acao,0.5154183,0.21882105,0.5248497,0.20306137,0.5046568,0.20341083,0.53804815,0.22364838,0.48760223,0.22432546,0.5581414,0.3320031,0.46703854,0.33128673,0.5908752,0.47946253,0.43442667,0.47444564,0.60808116,0.60929775,0.4150615,0.61062694,0.5453418,0.5955237,0.4836141,0.5964863,0.56066126,0.78689766,0.4682129,0.79000014,0.5639015,0.9795551,0.4645066,0.97796845
IMG_20241029_133517.jpg,nao_acao,0.43009207,0.19528794,0.43870687,0.17863056,0.41811067,0.18008563,0.45215368,0.19775233,0.40143192,0.2021243,0.47673547,0.30551308,0.38391066,0.31183276,0.5143149,0.44707552,0.35478067,0.45685193,0.535156,0.5745579,0.3383046,0.59882075,0.4720357,0.5752332,0.4103272,0.5815845,0.49346563,0.7611914,0.4024303,0.774908,0.49791333,0.954015,0.4052188,0.9709449
IMG_20241029_133518_1.jpg,nao_acao,0.5949892,0.20173652,0.60310405,0.18491082,0.582843,0.18619029,0.61469823,0.20315465,0.5642673,0.207078,0.6367928,0.30837876,0.54368293,0.31470555,0.66776556,0.4467991,0.5123827,0.46185258,0.6894059,0.58517075,0.5002657,0.60090154,0.6292969,0.57419837,0.5670013,0.5794527,0.6466578,0.76091605,0.55356437,0.77042776,0.64307487,0.95179975,0.5519403,0.9625282
IMG_20241029_133519.jpg,nao_acao,0.49383026,0.22386669,0.5033393,0.20855018,0.48329455,0.20753069,0.5159101,0.22814317,0.46628338,0.2260157,0.5349506,0.33409917,0.44303992,0.3314944,0.5620169,0.47656444,0.4072163,0.47305757,0.577707,0.60977143,0.38814795,0.61114943,0.5167049,0.5974283,0.4553927,0.5962601,0.52932256,0.778347,0.4364535,0.77986866,0.52123153,0.9671317,0.43262896,0.97020805
IMG_20241029_133519_1.jpg,nao_acao,0.44349757,0.20285794,0.45317602,0.18664683,0.43204388,0.1858916,0.46543136,0.20569424,0.41307974,0.20400976,0.48197865,0.31370735,0.38911104,0.31113672,0.50842047,0.45568046,0.3527222,0.45501548,0.52679574,0.59514296,0.33405608,0.5999389,0.4634597,0.5822281,0.40129012,0.58133644,0.4758415,0.77497107,0.38243315,0.7778088,0.46880308,0.96707606,0.3718483,0.971406
IMG_20241029_133520.jpg,nao_acao,0.38105348,0.11914454,0.39008096,0.10122083,0.3676078,0.101561636,0.4003689,0.1197676,0.34519407,0.120840915,0.41868758,0.2409057,0.3183535,0.24167968,0.4496393,0.39464724,0.2844128,0.40580618,0.47300005,0.53963417,0.2728122,0.56525564,0.40994665,0.5244016,0.34256566,0.5290751,0.42476827,0.72849935,0.32710698,0.75058025,0.41915798,0.92081976,0.31653908,0.9531383
IMG_20241029_133520_1.jpg,nao_acao,0.47720945,0.16346194,0.48663002,0.14454807,0.4653041,0.14492926,0.49756306,0.16104408,0.4434707,0.1614069,0.5176439,0.281008,0.4187173,0.27841192,0.5435398,0.425082,0.38327965,0.44059047,0.53703755,0.4355459,0.37735584,0.5896003,0.50506157,0.55954564,0.436854,0.56147784,0.5121752,0.7551309,0.42230877,0.77497554,0.5097694,0.94395286,0.41212866,0.9720551
IMG_20241029_133521.jpg,nao_acao,0.54368037,0.15895306,0.55282325,0.1406099,0.53123087,0.14306988,0.56481415,0.16003793,0.5115889,0.16599831,0.58902603,0.27907318,0.49032888,0.28557938,0.62800395,0.41159034,0.4620919,0.44719645,0.6079151,0.44575587,0.45943308,0.5961194,0.58053386,0.5534841,0.5154682,0.5563977,0.5865063,0.74942577,0.5009031,0.7683789,0.5863653,0.9405532,0.48864475,0.9626846
IMG_20241029_133521_1.jpg,nao_acao,0.5374935,0.104873374,0.54654104,0.08721674,0.52437544,0.089430735,0.5589507,0.10537997,0.5052637,0.11106997,0.5776667,0.22305351,0.4832113,0.22902033,0.6013351,0.37212387,0.4545725,0.38829935,0.6164973,0.5125213,0.45106736,0.53488034,0.57233995,0.4956693,0.5082581,0.5029341,0.5828829,0.68739754,0.49320012,0.71482515,0.5845164,0.87981284,0.48705193,0.91300446
IMG_20241029_133522.jpg,nao_acao,0.490376,0.14833741,0.49998227,0.13174403,0.47819296,0.13217808,0.5124038,0.15225138,0.45743415,0.15430106,0.5302047,0.2677678,0.43605924,0.27132216,0.55205053,0.4172532,0.40536785,0.42080462,0.56420285,0.55067766,0.3979621,0.5649007,0.5180511,0.5364378,0.4540983,0.54107326,0.5278859,0.7323493,0.43689835,0.7513838,0.530055,0.93090236,0.4301159,0.9551661
IMG_20241029_133522_1.jpg,nao_acao,0.48834577,0.08654778,0.49907222,0.069359064,0.4762477,0.0697112,0.5143349,0.09018484,0.45780638,0.091100134,0.53413284,0.21441051,0.4357014,0.21474585,0.56118655,0.37047833,0.403956,0.37010732,0.5695212,0.5174671,0.39310658,0.52274936,0.52004915,0.49317867,0.45422584,0.4949823,0.5324514,0.69296914,0.4362792,0.7067679,0.53632927,0.9028422,0.42358735,0.9209019
IMG_20241029_133523.jpg,nao_acao,0.43087426,0.12184649,0.4420529,0.102793254,0.41828024,0.10572817,0.45976797,0.12347044,0.4028499,0.13111742,0.49086133,0.24994981,0.38771328,0.2518298,0.5342461,0.39248937,0.3622142,0.42516962,0.47727957,0.29062697,0.35587388,0.5726953,0.4880221,0.53760165,0.4184672,0.5374783,0.5052354,0.73936903,0.4115948,0.7625787,0.52132237,0.94668317,0.4052653,0.97197926
IMG_20241029_133524.jpg,nao_acao,0.47104043,0.035077006,0.48138276,0.017549055,0.4588973,0.020729873,0.49900782,0.03475518,0.44340673,0.04157222,0.52537465,0.16245878,0.42775765,0.16227438,0.55640805,0.32913935,0.4078208,0.32098377,0.5552438,0.4715237,0.3946243,0.46069866,0.51629174,0.44376078,0.45118508,0.44388506,0.53165627,0.6428215,0.4393122,0.6462585,0.54247755,0.8455408,0.4363999,0.84483063
IMG_20241029_133524_1.jpg,nao_acao,0.48384777,0.2243411,0.49370226,0.20742844,0.47303447,0.20918162,0.50930166,0.22592089,0.45845833,0.22982436,0.5341333,0.33508176,0.43922967,0.33708566,0.56407076,0.49128398,0.41363567,0.48664737,0.56896144,0.63389134,0.40001136,0.62294674,0.519949,0.61228824,0.4553755,0.6134481,0.53623277,0.80637014,0.44107062,0.8117413,0.5350099,0.98028654,0.44889048,0.97839737
IMG_20241029_133525.jpg,nao_acao,0.35900912,0.17844544,0.36964494,0.16079618,0.3477759,0.16272093,0.38740772,0.17808613,0.3327845,0.182244,0.41416317,0.28999388,0.31786403,0.2953956,0.4481638,0.44782117,0.29159847,0.44647843,0.45470095,0.59149796,0.27619448,0.5887288,0.4051978,0.57180077,0.33789477,0.57584274,0.42177764,0.7718126,0.32713738,0.7815431,0.42751354,0.96912616,0.32698038,0.97477484
IMG_20241029_133526.jpg,nao_acao,0.3196052,0.23252524,0.33016926,0.21583772,0.30883306,0.2170501,0.34759548,0.2348735,0.2949429,0.23791583,0.37506133,0.34680083,0.27549654,0.34906688,0.4071426,0.5040945,0.24836807,0.49820483,0.40967873,0.6498126,0.23228292,0.644037,0.36120367,0.6338216,0.29327527,0.6350873,0.37923378,0.837629,0.28011996,0.84310764,0.37594435,0.97518533,0.2895142,0.9729772
IMG_20241029_133526_1.jpg,nao_acao,0.712602,0.13275842,0.72244513,0.114033125,0.6999926,0.119444296,0.74045724,0.12936631,0.68558156,0.14127938,0.7675378,0.24701823,0.67073077,0.2500682,0.80420053,0.40312985,0.6432179,0.40188316,0.808638,0.55577594,0.62995124,0.53934246,0.75413024,0.5256512,0.68888134,0.52510864,0.7720694,0.7312361,0.67658186,0.7276288,0.7859296,0.944609,0.6742579,0.9209532
IMG_20241029_133527.jpg,nao_acao,0.62031054,0.18958744,0.63068527,0.17219737,0.6096001,0.17396377,0.648001,0.18775932,0.5958265,0.19142218,0.66964746,0.30116034,0.578926,0.29843888,0.6972512,0.45454305,0.54973197,0.43649665,0.7005905,0.595087,0.53359234,0.57058746,0.6501315,0.5668391,0.58896273,0.5641231,0.6609679,0.7580095,0.5719373,0.75771517,0.66733944,0.96306854,0.5638104,0.9525457
IMG_20241029_133527_1.jpg,nao_acao,0.5522006,0.13061443,0.5612571,0.112147756,0.54015326,0.11535283,0.576616,0.12464292,0.5231565,0.13210759,0.6010009,0.23497626,0.51096106,0.23988299,0.6359431,0.37857613,0.4938045,0.38001177,0.6450995,0.5104395,0.4829738,0.5108839,0.5953346,0.49163434,0.5351208,0.49451128,0.61620754,0.6772898,0.52896994,0.6813234,0.6302847,0.86475575,0.52951986,0.86022365
IMG_20241029_133528.jpg,nao_acao,0.45869672,0.16691819,0.46719733,0.14909063,0.4464084,0.15447961,0.4827738,0.16162601,0.43248713,0.17412354,0.50934607,0.26718923,0.42111745,0.27481195,0.5461437,0.41281265,0.40272498,0.42009756,0.5531007,0.55071354,0.39509472,0.55877525,0.5076729,0.5275133,0.44816276,0.5326599,0.5263762,0.7113224,0.44048986,0.72283375,0.54120475,0.89826035,0.443196,0.90130955
IMG_20241029_133529.jpg,nao_acao,0.41396856,0.19345745,0.4237404,0.176455,0.4019663,0.17884171,0.43936467,0.19158113,0.38630414,0.19666313,0.46060485,0.3043602,0.36896124,0.29983068,0.48937988,0.45433596,0.3407013,0.43859202,0.49116024,0.5984504,0.32480186,0.57890683,0.4432872,0.5686333,0.38164324,0.5646354,0.45348427,0.75458646,0.36187696,0.7536322,0.45664757,0.9457588,0.35343814,0.938719
IMG_20241029_133529_1.jpg,nao_acao,0.4606965,0.13965937,0.4698332,0.12086391,0.44854194,0.124329425,0.4847921,0.1360712,0.43129873,0.14408934,0.5088772,0.2519047,0.41763848,0.25751287,0.5395623,0.4040349,0.39159188,0.40233833,0.54741484,0.5406814,0.3817051,0.53511626,0.4987736,0.51682955,0.43581745,0.5204242,0.5130571,0.69296384,0.42233282,0.7038638,0.51908976,0.8820915,0.4164928,0.8869486
IMG_20241029_133530.jpg,nao_acao,0.47147742,0.17707385,0.47941342,0.1556953,0.45706743,0.16205959,0.49318424,0.16901387,0.43758097,0.18462315,0.52142465,0.28425848,0.4219072,0.30292633,0.5584381,0.4403776,0.39865586,0.4720275,0.5788345,0.58640593,0.39984897,0.627399,0.5239497,0.5744714,0.45705172,0.5877031,0.5442961,0.77150613,0.44905412,0.79732144,0.55048794,0.96541667,0.45288306,0.98073745
IMG_20241029_133531.jpg,nao_acao,0.36268613,0.13902755,0.37025937,0.11736933,0.34698755,0.12375215,0.38236353,0.13100658,0.32472175,0.14691602,0.40934736,0.25142038,0.30523366,0.27108848,0.44343615,0.40896866,0.2791646,0.45296738,0.46441877,0.55968875,0.28808224,0.6220841,0.41428205,0.552353,0.3442052,0.56693965,0.43042642,0.7558192,0.3349283,0.7883521,0.43348733,0.9527829,0.3329349,0.9756869
IMG_20241029_133531_1.jpg,nao_acao,0.48166546,0.23446341,0.49001083,0.21422413,0.46952945,0.21644294,0.49858192,0.22771703,0.4455014,0.23202698,0.5156345,0.34319228,0.4171488,0.34506854,0.53376323,0.4974527,0.38564184,0.50613666,0.5461794,0.6400616,0.38253397,0.6664666,0.49796796,0.63061386,0.4304566,0.6316552,0.49719948,0.83970994,0.4033616,0.8463408,0.4761967,0.984762,0.39008316,0.9735686
IMG_20241029_133531_2.jpg,nao_acao,0.50580084,0.29983798,0.5126389,0.2807101,0.49333942,0.2839488,0.52055377,0.29383463,0.47137854,0.3016491,0.5402764,0.3978112,0.4457099,0.40813684,0.5590969,0.5446924,0.41618124,0.5714713,0.57517225,0.6864389,0.41862386,0.727762,0.5303344,0.6838215,0.46547112,0.6889901,0.5341563,0.8869267,0.4453559,0.89313877,0.0,0.0,0.0,0.0
IMG_20241029_133532.jpg,nao_acao,0.55645424,0.24786988,0.5647753,0.2302127,0.54531175,0.23176388,0.57413894,0.24400668,0.52383727,0.24746187,0.5914365,0.3504042,0.50141,0.35663947,0.6140097,0.4878178,0.47527522,0.5077696,0.62681514,0.6203014,0.4792509,0.6520746,0.5847494,0.61161375,0.5235246,0.6161206,0.58534545,0.80589366,0.5014316,0.81485873,0.58154285,0.98192537,0.49297735,0.98256534
IMG_20241029_133532_1.jpg,nao_acao,0.45540795,0.1900829,0.46308652,0.17324506,0.44411838,0.17430289,0.47194043,0.18548797,0.42453024,0.18903571,0.48927042,0.28578117,0.40657738,0.29728532,0.51354635,0.41461062,0.3835383,0.44104576,0.527946,0.53769135,0.3879329,0.5752651,0.48916462,0.5413203,0.43398827,0.5511648,0.49708307,0.71051115,0.41699338,0.7393865,0.49416435,0.8864755,0.40595803,0.9335943
IMG_20241029_133533.jpg,nao_acao,0.4322518,0.12779428,0.43928328,0.11060878,0.4203648,0.11329234,0.44850355,0.12142173,0.4016001,0.12834741,0.46670836,0.22488448,0.38473475,0.23625816,0.48934945,0.3543414,0.36475125,0.38030812,0.50765955,0.47363898,0.3725636,0.51481694,0.46932754,0.47144827,0.41558477,0.48201016,0.48019287,0.6399456,0.40188548,0.67283565,0.48104686,0.81442416,0.3931899,0.8579648
IMG_20241029_133533_1.jpg,nao_acao,0.45384824,0.25130025,0.46060163,0.23597614,0.44246927,0.23682033,0.46888983,0.2503479,0.42262006,0.2541027,0.4860974,0.34592322,0.40598065,0.35524592,0.50954926,0.4678243,0.3866416,0.4899476,0.52411544,0.57914627,0.39266646,0.61352336,0.48754087,0.5843553,0.43416998,0.59340125,0.4983194,0.751197,0.42261556,0.77776843,0.5016803,0.9265723,0.4168934,0.9656696
IMG_20241029_133535.jpg,nao_acao,0.49947077,0.25216267,0.5069832,0.2357204,0.4889065,0.23770228,0.5161375,0.25043508,0.46981516,0.25499237,0.53465563,0.35267174,0.45018026,0.35937986,0.557832,0.48472238,0.426443,0.50123507,0.5715771,0.6058313,0.42705685,0.63228583,0.5326371,0.6003707,0.4748341,0.60632235,0.5398487,0.78715175,0.45737725,0.799921,0.54109645,0.9747206,0.4518574,0.9843329
IMG_20241029_133535_1.jpg,nao_acao,0.43818513,0.07045283,0.44636634,0.055054456,0.42666006,0.0555583,0.4560963,0.075014696,0.40655357,0.07754988,0.4730727,0.18201019,0.3883012,0.1888667,0.49489525,0.31808612,0.364334,0.32807297,0.50701123,0.43627045,0.36337814,0.45443267,0.4685173,0.4353227,0.41123545,0.44287506,0.47848052,0.61311054,0.39643756,0.6401047,0.48029155,0.79750705,0.38942996,0.837946
IMG_20241029_133536.jpg,nao_acao,0.43295747,0.07764508,0.44064996,0.062470455,0.42157617,0.062169347,0.4482998,0.08248604,0.39970705,0.08323557,0.46570194,0.1900098,0.37892684,0.19582938,0.49136674,0.3254458,0.3527263,0.3382102,0.5027925,0.4427834,0.35062557,0.4694961,0.46093225,0.4537226,0.4020934,0.46012786,0.47145262,0.63982844,0.3871687,0.6608158,0.4709246,0.8235993,0.37795565,0.8595096
IMG_20241029_133537.jpg,nao_acao,0.4828925,0.1692491,0.49195296,0.15730645,0.47383675,0.15011127,0.4976336,0.18528907,0.44957662,0.1701929,0.5189009,0.28005755,0.42060447,0.2868929,0.56621873,0.35085294,0.39729965,0.44353506,0.5059411,0.2382286,0.38912678,0.5841116,0.51328695,0.5720308,0.4451264,0.5738963,0.5233435,0.7686455,0.43608963,0.77365,0.5348283,0.958324,0.43058378,0.98876446
IMG_20241029_133538.jpg,nao_acao,0.41243786,0.20057847,0.42379615,0.18490058,0.40267137,0.17949879,0.43400365,0.20103623,0.38283813,0.18870945,0.4483968,0.3084251,0.35157123,0.2990603,0.477581,0.39561933,0.320494,0.46044144,0.42366296,0.25504187,0.30658323,0.6138684,0.43420622,0.6038428,0.36634946,0.596079,0.44986898,0.8230547,0.35419226,0.82111984,0.45558426,0.9663889,0.35029754,0.9752078
IMG_20241029_133538_1.jpg,nao_acao,0.43302405,0.1289257,0.44437844,0.11351718,0.42235675,0.11057889,0.45901385,0.13599612,0.4050425,0.12888344,0.47621837,0.25060886,0.3826103,0.24013148,0.5053854,0.41189182,0.3540467,0.39141086,0.51516193,0.5606911,0.335152,0.5347349,0.45456845,0.5357141,0.3908845,0.5298402,0.47212753,0.741915,0.3744139,0.7314869,0.47517824,0.9447398,0.37178487,0.93710953
IMG_20241029_133539.jpg,nao_acao,0.30358937,0.14847024,0.31546146,0.13190286,0.2923862,0.13084996,0.33373007,0.15171269,0.27711418,0.1494272,0.35793254,0.26629627,0.25603372,0.26194447,0.3931946,0.4288925,0.22824998,0.41504714,0.38876623,0.5733542,0.2123093,0.56680983,0.34274495,0.5551206,0.27338696,0.5538503,0.36342108,0.7561049,0.25870526,0.76065195,0.37389252,0.95706266,0.26597735,0.9652702
IMG_20241029_133540.jpg,nao_acao,0.42189154,0.27409035,0.43456784,0.25675082,0.41299164,0.25390446,0.45445886,0.27327082,0.40122926,0.2661385,0.47697693,0.38857487,0.37739527,0.3744691,0.5031394,0.55650413,0.3489494,0.5179194,0.49629548,0.7068423,0.32655954,0.6555238,0.4491274,0.6787512,0.37962836,0.66981214,0.4597763,0.8946503,0.3592744,0.88511586,0.0,0.0,0.0,0.0
IMG_20241029_133540_1.jpg,nao_acao,0.5412115,0.26805773,0.553799,0.25208595,0.53212315,0.24852626,0.5707426,0.27392697,0.51771677,0.26465273,0.5895336,0.3888709,0.48710003,0.36838448,0.61313987,0.5614442,0.4467513,0.49585372,0.6033885,0.7143121,0.44340098,0.5056685,0.5567111,0.67557484,0.4859534,0.66314054,0.56523997,0.89508414,0.46432832,0.8743526,0.0,0.0,0.0,0.0
IMG_20241029_133541.jpg,nao_acao,0.53795385,0.22031897,0.55128276,0.20410678,0.52967596,0.20050217,0.57139975,0.2243819,0.51781666,0.21553044,0.59147465,0.33975905,0.49524757,0.3253856,0.6169296,0.5009563,0.4627789,0.47145653,0.5703538,0.5699319,0.44138384,0.60496926,0.5570865,0.6231789,0.49075323,0.61125475,0.5674442,0.8349022,0.47212902,0.823565,0.5686347,0.9946797,0.4602381,0.9818801
IMG_20241029_133542.jpg,nao_acao,0.48057258,0.24205439,0.49205387,0.22354706,0.47029766,0.22414923,0.51041853,0.24023679,0.4570727,0.24184375,0.5378873,0.3533744,0.43737632,0.35558397,0.57108283,0.50704104,0.41467595,0.5116458,0.53666854,0.58656865,0.40080175,0.6523484,0.5198952,0.64324194,0.45063618,0.6414839,0.53483754,0.85629505,0.43487972,0.8559788,0.0,0.0,0.0,0.0
IMG_20241029_133543.jpg,nao_acao,0.5464085,0.15695943,0.55507165,0.13552217,0.5328434,0.13676994,0.5629951,0.15231246,0.5046451,0.1542831,0.57960945,0.27917427,0.47351724,0.2827313,0.60556704,0.4458165,0.44428644,0.46337003,0.618329,0.607144,0.4597828,0.6221442,0.5746248,0.59197855,0.5020966,0.59790313,0.5878069,0.8182339,0.48850137,0.8249286,0.5838837,0.98629016,0.4870478,0.97648597
IMG_20241101_141943.jpg,nao_acao,0.52308255,0.05719164,0.5335099,0.04236936,0.51467407,0.03796293,0.54223967,0.059480883,0.4969622,0.048585236,0.5597239,0.17540954,0.46464622,0.16261524,0.6022903,0.29987714,0.42216828,0.2680871,0.5620848,0.3824161,0.38110712,0.36484113,0.5258178,0.4517226,0.46801725,0.43965736,0.5170407,0.63312024,0.45060736,0.6224768,0.5087497,0.799712,0.45309082,0.8002698
pose10001.png,nao_acao,0.38173532,0.21275842,0.39156875,0.19534938,0.37312046,0.19424252,0.40631026,0.20414416,0.36112553,0.20104124,0.42153198,0.32068545,0.34031314,0.31182477,0.4314266,0.45981896,0.31854105,0.43735,0.43018928,0.5655674,0.31217703,0.55597126,0.3967522,0.5588084,0.3452726,0.5543343,0.4000319,0.7602397,0.34298688,0.75734335,0.3902276,0.93241215,0.35164547,0.92821014
pose10006.png,nao_acao,0.3824163,0.26844198,0.3927086,0.25087008,0.37439337,0.24905446,0.40754375,0.2584356,0.3622532,0.25410062,0.4245909,0.3759826,0.3398177,0.37525952,0.4470118,0.51051134,0.30619854,0.50558096,0.45792165,0.6180041,0.28701147,0.610924,0.3974041,0.6154338,0.34457493,0.61539215,0.40212768,0.80946213,0.34504986,0.8095372,0.39206773,0.97800285,0.35663778,0.9758206
pose1010.png,nao_acao,0.44196463,0.26612645,0.4492341,0.25030118,0.4330716,0.2508494,0.45870852,0.25246328,0.4198038,0.25431553,0.47921482,0.333347,0.4011031,0.3410283,0.5199591,0.4132031,0.373811,0.41897303,0.56386423,0.4655077,0.41510406,0.39608717,0.46795163,0.5517076,0.4192995,0.5597177,0.47004598,0.70340294,0.41691607,0.71360785,0.46137944,0.8497537,0.42464295,0.8648496
pose1011.png,nao_acao,0.44289422,0.26721308,0.449758,0.25055784,0.43330136,0.25219083,0.4599389,0.25224182,0.42083994,0.25604936,0.47902578,0.33519074,0.4004987,0.3400618,0.5078871,0.42754275,0.37498957,0.4301809,0.5272115,0.47778147,0.4149199,0.41803882,0.46818393,0.5574893,0.42051435,0.5625645,0.46680182,0.7093653,0.41930652,0.7171563,0.45919934,0.85207707,0.4200622,0.8671449
pose1012.png,nao_acao,0.4451147,0.2679625,0.45177096,0.25170293,0.43579435,0.25317323,0.46011838,0.253491,0.42131263,0.25653806,0.4755698,0.3373973,0.40067595,0.34056982,0.4966897,0.44361567,0.38022417,0.43661007,0.51625884,0.5380666,0.41432342,0.4613096,0.46755785,0.5560401,0.42116278,0.5613746,0.46712056,0.7069748,0.4167223,0.7189707,0.4574214,0.84908557,0.42113033,0.8635979
pose1013.png,nao_acao,0.4471582,0.26582408,0.45309797,0.25192553,0.4380766,0.25361973,0.46100038,0.2563383,0.42309585,0.2590086,0.47704262,0.3409835,0.40258703,0.3424057,0.49320894,0.44164887,0.38208893,0.43490297,0.50781375,0.54429466,0.40772557,0.49769178,0.4668809,0.5569574,0.41902524,0.56162345,0.46273765,0.70980066,0.42043772,0.7198033,0.45813584,0.8514,0.42105538,0.8640199
pose1014.png,nao_acao,0.447807,0.2662707,0.4538414,0.25268963,0.43868008,0.25433618,0.46154922,0.25884438,0.42330965,0.26176766,0.4776512,0.34275818,0.40311617,0.34665653,0.49552727,0.44039163,0.38050297,0.43850708,0.5095688,0.53553814,0.40058455,0.4981548,0.46685332,0.55749893,0.4191369,0.56317574,0.46168026,0.70970875,0.41923195,0.7207676,0.4577314,0.8493855,0.42042547,0.8621961
pose1018.png,nao_acao,0.44632363,0.26730224,0.45338783,0.25360897,0.43708196,0.25427264,0.46217114,0.26158473,0.42146334,0.261893,0.4763163,0.34864724,0.40116104,0.34922713,0.49309126,0.44563004,0.37906143,0.43752152,0.5074994,0.5444558,0.3971052,0.49818513,0.46407732,0.5646121,0.4161397,0.5686174,0.4591817,0.71330637,0.41573352,0.72368276,0.45351696,0.8536994,0.41716844,0.8678788
pose1019.png,nao_acao,0.44898778,0.2685941,0.45452285,0.2546641,0.43976998,0.25640368,0.46071324,0.25952944,0.42350692,0.26266435,0.4762032,0.3446518,0.40169945,0.34749365,0.4934016,0.44406056,0.37796646,0.4342805,0.50608224,0.5456825,0.39052796,0.48368105,0.4640318,0.56208396,0.4164552,0.56717104,0.45984465,0.71216124,0.41787052,0.72398293,0.45500046,0.85306007,0.41816106,0.8674523
pose1020.png,nao_acao,0.45017558,0.27069533,0.45658198,0.2541459,0.44037843,0.25551602,0.46291775,0.2532338,0.42436925,0.2565702,0.47581592,0.34518832,0.40253162,0.33846486,0.4987228,0.44640252,0.36109647,0.3923595,0.5076987,0.54694074,0.34236914,0.3997674,0.4628933,0.5650276,0.41771537,0.56558305,0.4646747,0.7088121,0.4153482,0.723952,0.45067865,0.84836656,0.4150734,0.8617002
pose1021.png,nao_acao,0.45035258,0.27127826,0.4553585,0.25326005,0.44034252,0.25683513,0.46202007,0.25121254,0.42387176,0.25834963,0.4804513,0.34734297,0.40056077,0.32523122,0.50012463,0.4410301,0.34618193,0.30580643,0.5057637,0.5469568,0.34689692,0.22182943,0.46729326,0.5668948,0.41936833,0.5630083,0.46417218,0.69996965,0.41579524,0.72120947,0.4472053,0.8456143,0.41572303,0.86370474
pose1028.png,nao_acao,0.4552988,0.28586173,0.4605244,0.26641247,0.44411772,0.27066132,0.4687406,0.25812256,0.42687997,0.2657217,0.49149615,0.35933894,0.4092424,0.3175964,0.5268345,0.40824035,0.3811018,0.23771217,0.4945709,0.38340396,0.42077518,0.1775623,0.46520925,0.5780083,0.41522217,0.5648463,0.4626906,0.7076101,0.42010802,0.73050946,0.4524544,0.86261773,0.42008042,0.8724234
pose1088.png,nao_acao,0.429902,0.33914465,0.43588105,0.32134852,0.42094797,0.3239163,0.44443327,0.31662926,0.40658623,0.32165822,0.46733826,0.40109715,0.38363528,0.38963908,0.5039027,0.46212757,0.3382536,0.39594838,0.4693721,0.4194764,0.36023694,0.31293404,0.44880384,0.625427,0.3995299,0.623043,0.44637877,0.7723093,0.40488058,0.7835866,0.43889317,0.9203862,0.4033052,0.932142
pose1089.png,nao_acao,0.42943102,0.33172897,0.43627268,0.31914032,0.42171717,0.3182717,0.44428068,0.3233462,0.4075703,0.32195792,0.46381816,0.39617968,0.38657904,0.4028155,0.48228812,0.49422857,0.36452493,0.51708436,0.4364926,0.45227593,0.37848425,0.47715768,0.44834524,0.6154341,0.39835173,0.61859095,0.4433783,0.77041304,0.40356612,0.77813977,0.4390191,0.9108889,0.40394408,0.9232598
pose1090.png,nao_acao,0.4267899,0.33111945,0.43355212,0.31774297,0.41773123,0.3192441,0.4430161,0.32279354,0.4022923,0.32583636,0.46088743,0.3982344,0.3840387,0.4054149,0.46418825,0.49233195,0.38220528,0.51009786,0.4126552,0.50056875,0.43828315,0.51087856,0.4516695,0.61133564,0.39959455,0.6158532,0.4458148,0.7690281,0.4020083,0.77752125,0.43999344,0.91380095,0.40625462,0.92512196
pose12077.png,nao_acao,0.41812843,0.16721751,0.42743856,0.15125902,0.40889677,0.14932154,0.4402892,0.1591395,0.39419034,0.15488872,0.45699167,0.26701683,0.37368202,0.26381472,0.481404,0.3916442,0.34710306,0.38403288,0.50312406,0.516316,0.3490986,0.48747805,0.43575373,0.514716,0.38400626,0.5140899,0.43616176,0.6877206,0.3728209,0.6902904,0.4238729,0.8617669,0.37815744,0.86862284
pose12080.png,nao_acao,0.442967,0.17132051,0.45240164,0.15521125,0.43412152,0.15417416,0.46391702,0.16530673,0.41877955,0.16198769,0.4801337,0.2699507,0.39572892,0.26579773,0.49781823,0.39609936,0.36950144,0.38511118,0.48950925,0.5083204,0.37258446,0.487063,0.45588383,0.5149695,0.40134573,0.5129025,0.456048,0.68465525,0.39475155,0.6856212,0.4463922,0.84936357,0.39676076,0.8538867
pose15007.png,nao_acao,0.554845,0.34234008,0.563563,0.32860723,0.54776436,0.32389942,0.57098246,0.34191296,0.53214306,0.33009356,0.58466876,0.45109284,0.4981177,0.41465396,0.6096501,0.5477447,0.43591994,0.40226254,0.6158427,0.65624213,0.4526441,0.30287546,0.5577298,0.68946576,0.50510806,0.6771876,0.5417641,0.85944426,0.49496454,0.8612575,0.0,0.0,0.0,0.0
pose3100.jpg,nao_acao,0.26353446,0.3446891,0.27155018,0.32908604,0.2549498,0.32935822,0.2840428,0.3351314,0.2435731,0.335741,0.30273455,0.4254816,0.2224901,0.42386383,0.32546085,0.5297778,0.1886726,0.4940246,0.33651063,0.6184666,0.21253356,0.47469473,0.29336396,0.6440524,0.24362198,0.64882463,0.29832754,0.7969112,0.24632199,0.805788,0.2914179,0.929668,0.25441295,0.9332052
pose3125.jpg,nao_acao,0.43763915,0.2802907,0.44592148,0.26482365,0.42951828,0.26489598,0.45745954,0.27083284,0.41746244,0.26932976,0.47541213,0.36537364,0.39527306,0.35861656,0.4975427,0.48537946,0.3613934,0.4315543,0.511159,0.5863178,0.38980556,0.40635502,0.46225882,0.58615935,0.4125657,0.58811873,0.46444473,0.744588,0.41256705,0.74709916,0.4599967,0.8970512,0.4178714,0.8930508
pose3140.jpg,nao_acao,0.49627167,0.3839692,0.5031086,0.3696501,0.48877078,0.37039596,0.51449907,0.3702924,0.47797137,0.37047932,0.53454274,0.45363584,0.45732266,0.44792074,0.54987466,0.5606687,0.4221827,0.5203844,0.56625736,0.6582208,0.45658964,0.49851096,0.5204676,0.67008686,0.4710447,0.6708655,0.5169617,0.8262799,0.47326693,0.82318515,0.5140224,0.9593687,0.47376615,0.9503357
pose3150.jpg,nao_acao,0.50880426,0.15337567,0.51721066,0.13783464,0.50103146,0.13740255,0.5295855,0.1446478,0.49074498,0.14292984,0.5470801,0.23977752,0.46769866,0.23374562,0.5657792,0.3517683,0.4311058,0.30244446,0.57700115,0.4529945,0.46184033,0.27809718,0.53046876,0.4668788,0.48165703,0.46848145,0.52923185,0.6277605,0.47863108,0.631699,0.5209336,0.77963644,0.48273307,0.77983516
pose4021.jpg,nao_acao,0.39054528,0.16640837,0.4007477,0.1477885,0.38099432,0.14681175,0.4145061,0.15459472,0.36728698,0.15105116,0.4347734,0.2605016,0.3458729,0.25969458,0.45716134,0.39576072,0.32639626,0.39783219,0.45138723,0.32953465,0.34886292,0.33184424,0.4206462,0.51770806,0.36147317,0.51889503,0.42518052,0.70745534,0.35575277,0.71060234,0.42087618,0.87715125,0.35559994,0.88623226
pose4024.jpg,nao_acao,0.38920596,0.25202858,0.39804447,0.23196466,0.37949276,0.23532814,0.4158202,0.23042645,0.3707704,0.23822138,0.4424552,0.32929307,0.35564294,0.3266989,0.46656528,0.4518503,0.32538947,0.39829603,0.45524073,0.39240465,0.341853,0.26808625,0.42597803,0.5824259,0.37051636,0.5815275,0.42943722,0.76236427,0.36264274,0.767419,0.4256258,0.92973715,0.36512882,0.9234075
pose4043.jpg,nao_acao,0.4105506,0.23808081,0.419971,0.22125258,0.40137345,0.22029966,0.43355793,0.22847463,0.38851616,0.2264433,0.45101166,0.33654797,0.36885384,0.33710468,0.47748813,0.45701116,0.3437121,0.46493292,0.4918809,0.569618,0.32897633,0.58412325,0.43091917,0.58640075,0.379868,0.58579856,0.43390402,0.7641917,0.37189525,0.76403767,0.4229637,0.9240426,0.38050786,0.9252886
pose4044.jpg,nao_acao,0.4077298,0.23996355,0.4173684,0.22255582,0.3977262,0.22070673,0.4296996,0.2305982,0.38196167,0.22706074,0.44896573,0.3365543,0.3607151,0.33857626,0.49373645,0.42141685,0.32051396,0.43567795,0.5263936,0.50345373,0.27950746,0.5302017,0.42962283,0.5887604,0.37682727,0.5890452,0.43260875,0.7682973,0.37145126,0.76724446,0.42194358,0.9215718,0.37974355,0.92584395
pose4097.jpg,nao_acao,0.36682048,0.22410884,0.37619776,0.20950788,0.35720247,0.20858806,0.38867837,0.21841125,0.34274277,0.21744177,0.40896362,0.29704544,0.32373932,0.29913312,0.45765895,0.2606966,0.27094212,0.2602483,0.49048442,0.18109877,0.23787658,0.17106876,0.3929004,0.5493451,0.34088522,0.5503093,0.399515,0.7224995,0.34091493,0.7226938,0.3881933,0.88339657,0.34522152,0.88459873
pose5004.jpg,nao_acao,0.5039381,0.09887013,0.51298416,0.08350749,0.49616686,0.08252437,0.52669114,0.0910588,0.48582727,0.08847889,0.54381645,0.18760918,0.46365055,0.18580669,0.5608522,0.30240265,0.43073052,0.27003732,0.57089627,0.40120378,0.46728486,0.23977269,0.52879274,0.41553867,0.47925216,0.41871887,0.5262781,0.5803191,0.4757256,0.58385855,0.5188725,0.7337189,0.48164734,0.7353814
pose5012.jpg,nao_acao,0.51319635,0.23449686,0.5221585,0.2199681,0.50514853,0.218527,0.5359333,0.22847137,0.49444056,0.22606833,0.5520889,0.32418644,0.4745106,0.32492617,0.5717424,0.42785633,0.450033,0.43432605,0.56720483,0.5174479,0.46447843,0.52808255,0.5361222,0.5515366,0.48759118,0.55167973,0.53647685,0.708172,0.48538858,0.7091279,0.5272587,0.8560113,0.48816475,0.85272163
pose5028.jpg,nao_acao,0.49989647,0.25656548,0.5060731,0.24097687,0.49138695,0.2424176,0.5146208,0.24289924,0.4778536,0.24526364,0.5389351,0.3345685,0.4599008,0.31144685,0.5733341,0.37908456,0.43368158,0.27691582,0.5400418,0.34383562,0.46427065,0.18790008,0.52252764,0.5639196,0.47335285,0.5551142,0.5203988,0.71488935,0.47410363,0.71760726,0.5134275,0.87486887,0.47249565,0.8759444
pose5082.jpg,nao_acao,0.30558196,0.23233691,0.3138799,0.21472028,0.2962641,0.21627471,0.32666922,0.21899985,0.28372103,0.22261666,0.35214943,0.31724325,0.267552,0.30508378,0.39860886,0.33940837,0.22480175,0.2743943,0.38368958,0.25713134,0.19708651,0.18554622,0.33516327,0.5513537,0.28457347,0.54560316,0.34106097,0.70265514,0.28598952,0.7073142,0.3341797,0.86071014,0.29343778,0.8609667
pose5092.jpg,nao_acao,0.29056638,0.37163305,0.29779944,0.35489693,0.2816283,0.3566758,0.3094109,0.35655245,0.27063835,0.36133313,0.3346616,0.44675547,0.2534509,0.44969872,0.37519857,0.52244514,0.22558239,0.5383936,0.35435438,0.49470502,0.21460816,0.58230233,0.3225267,0.6715602,0.27354437,0.6709715,0.32709563,0.8252728,0.27483734,0.82959527,0.3224216,0.9645587,0.28452668,0.970154
pose5097.jpg,nao_acao,0.29600358,0.4650092,0.3030735,0.44965354,0.28761515,0.45153195,0.31463295,0.44895512,0.27615273,0.4537484,0.3376637,0.5302053,0.25967836,0.5409599,0.36313125,0.62837595,0.24256238,0.6485683,0.37782866,0.7204034,0.22161543,0.7376604,0.33005333,0.7589913,0.2789583,0.76385635,0.3328028,0.9153245,0.28230482,0.91993105,0.0,0.0,0.0,0.0
pose6091.png,nao_acao,0.30917984,0.25624156,0.3170947,0.24019665,0.2997985,0.24026172,0.32570878,0.24257545,0.28402394,0.2428234,0.34444863,0.32587573,0.258835,0.32342386,0.38440904,0.3761482,0.20602445,0.34756798,0.36252934,0.368116,0.17741887,0.31875652,0.33088294,0.55990887,0.28064543,0.559586,0.3355723,0.71873176,0.2833135,0.7283138,0.3282257,0.8581169,0.29270756,0.87267303
pose6092.png,nao_acao,0.30087626,0.25289336,0.30743742,0.23560318,0.2904392,0.23817338,0.3160152,0.23614828,0.27543196,0.24249308,0.33572465,0.3173987,0.25440326,0.32602572,0.3821212,0.34950417,0.21497948,0.37554622,0.41855827,0.33945566,0.21419144,0.3716034,0.32675815,0.55063766,0.27876285,0.55797905,0.33208293,0.710726,0.28187594,0.7274483,0.32799834,0.85334945,0.29140612,0.87090826
pose7059.jpg,nao_acao,0.3181469,0.14995524,0.32615775,0.13620196,0.30927053,0.13443579,0.33686835,0.14483617,0.29534715,0.14209476,0.35266373,0.23579542,0.27999708,0.24006534,0.38542753,0.28246862,0.25539595,0.29882556,0.41333342,0.30055386,0.24389453,0.31828663,0.34205753,0.4585212,0.29822376,0.4622691,0.34989053,0.6108247,0.2978049,0.61674285,0.33940032,0.7739508,0.2978639,0.78564996
pose7060.jpg,nao_acao,0.32157865,0.20720847,0.32866156,0.19265616,0.31279013,0.191947,0.33818752,0.20102893,0.29890054,0.19966236,0.3570363,0.29709834,0.2790318,0.28646913,0.38881558,0.37054795,0.23800266,0.2965929,0.40740767,0.45682868,0.2321196,0.23951145,0.34719342,0.51845974,0.30063075,0.51800567,0.3514641,0.67503524,0.2990225,0.68237066,0.3409251,0.82789034,0.3005996,0.8350759
pose7095.jpg,nao_acao,0.49142522,0.37613678,0.499523,0.36156166,0.48430356,0.3610086,0.5130057,0.36368152,0.47492462,0.36211243,0.5294558,0.4485551,0.4557515,0.43871003,0.55249655,0.54401904,0.41659847,0.47483593,0.56111765,0.64494944,0.41034144,0.4211951,0.5108487,0.65702134,0.46625394,0.6546897,0.51268524,0.8070002,0.4646596,0.8103983,0.5048919,0.94314,0.4681878,0.9422724
pose7096.jpg,nao_acao,0.49053127,0.3568562,0.4980976,0.34246856,0.48246795,0.34184986,0.50859845,0.34475896,0.4709484,0.3435929,0.5246355,0.4309714,0.45496687,0.41973487,0.55560124,0.51676273,0.42706934,0.46388426,0.5687777,0.61461174,0.41101933,0.4733516,0.5080167,0.6468669,0.46421784,0.6431818,0.5100125,0.79023045,0.46150002,0.79179263,0.49992228,0.9226717,0.46719727,0.92530584
pose7097.jpg,nao_acao,0.48825455,0.3470815,0.49519053,0.33174467,0.4796265,0.33098796,0.5041507,0.33417222,0.46704474,0.3337666,0.5220243,0.4150498,0.4441157,0.41776657,0.56875354,0.48175612,0.41453576,0.48988384,0.6023194,0.53033745,0.4399921,0.48119456,0.5059618,0.6336283,0.4580782,0.63704723,0.50420487,0.78910565,0.45890155,0.79109734,0.5018773,0.933563,0.4567946,0.9392573
pose7141.jpg,nao_acao,0.45388612,0.3075702,0.46197215,0.2917611,0.44551247,0.2916403,0.4758203,0.29342592,0.43467888,0.29457882,0.50112075,0.37881085,0.4124959,0.37964278,0.5456166,0.40924773,0.36526898,0.41940942,0.5503179,0.38399073,0.37147516,0.410326,0.48094893,0.6116595,0.42810622,0.61111194,0.47914726,0.7629804,0.4266635,0.7633199,0.47131762,0.91197705,0.4297031,0.9142808
pose8036.png,nao_acao,0.33817935,0.05678034,0.34506437,0.043418545,0.33143467,0.043223064,0.35403863,0.049764972,0.32127753,0.048444707,0.3659868,0.13575886,0.30131072,0.1263107,0.38272873,0.21913628,0.2538885,0.16386083,0.38882262,0.24748872,0.2068377,0.11784406,0.35575163,0.30995718,0.31817234,0.30804703,0.36451554,0.445627,0.32018808,0.44317764,0.36273438,0.5655988,0.33642465,0.56623334
pose8037.png,nao_acao,0.386885,0.049316745,0.39410555,0.036751684,0.38092607,0.036424596,0.4025239,0.04534641,0.37100047,0.043054115,0.41214257,0.122588135,0.3524204,0.12217263,0.42604715,0.21158272,0.32449287,0.19395512,0.4209362,0.23447394,0.27736366,0.16037218,0.3964423,0.29577366,0.36039883,0.29524818,0.40797567,0.44054386,0.36191902,0.4376898,0.40309897,0.5686272,0.3784131,0.5670512
pose8042.png,nao_acao,0.6365198,0.36920676,0.64206076,0.35603553,0.6287532,0.35699692,0.64921004,0.3623095,0.61750233,0.364879,0.66755927,0.438964,0.602549,0.43826216,0.6884849,0.5283613,0.58200943,0.5337441,0.7002164,0.42273068,0.57084584,0.47301656,0.66026366,0.61715287,0.61862123,0.61902434,0.6672157,0.7607313,0.6286831,0.7619851,0.67080265,0.88752985,0.6421528,0.89323914
pose8057.png,nao_acao,0.6424941,0.49655083,0.6561393,0.47392073,0.63134223,0.47013867,0.67539835,0.4796496,0.61458296,0.47093344,0.6908996,0.6315609,0.5844439,0.61042446,0.70900214,0.7949002,0.54500186,0.7562196,0.68304956,0.7958815,0.568551,0.7811382,0.65157235,0.9299555,0.57965726,0.9199355,0.0,0.0,0.0,0.0,0.0,0.0,0.0,0.0
pose8059.png,nao_acao,0.8615239,0.45650956,0.8779046,0.42532536,0.8449154,0.4256618,0.90228236,0.43193144,0.82241404,0.43177798,0.9346572,0.61326134,0.7932349,0.6049719,0.9710205,0.80276877,0.7610814,0.7977229,0.953378,0.85371846,0.8004853,0.82092893,0.9018057,0.9702833,0.80805606,0.9640429,0.0,0.0,0.0,0.0,0.0,0.0,0.0,0.0
pose9085.png,nao_acao,0.36713913,0.11771175,0.37374523,0.102168016,0.35949984,0.103570305,0.38696545,0.10486591,0.35150078,0.10674868,0.40926465,0.21334419,0.33450642,0.19107874,0.42419845,0.2961544,0.30052796,0.22638842,0.4237841,0.34078404,0.33582,0.25448027,0.4015686,0.40254912,0.35710162,0.398727,0.41042417,0.56404895,0.36726016,0.56701314,0.41229787,0.717756,0.38194698,0.7188959
pose9087.png,nao_acao,0.19711934,0.13453357,0.20443845,0.11671952,0.18723546,0.12038888,0.21909447,0.122014955,0.1770796,0.12926148,0.2414233,0.23267351,0.15721777,0.21830982,0.26284721,0.33973205,0.1214789,0.2521622,0.2781034,0.4466848,0.16584574,0.23452948,0.2350452,0.45319775,0.18375266,0.45521888,0.2448879,0.626981,0.19903028,0.63469654,0.25143996,0.79748654,0.21525805,0.7921843
pose9090.png,nao_acao,0.3490153,0.15815994,0.35637543,0.14079611,0.33998954,0.14305747,0.3695531,0.14592302,0.32949305,0.15028581,0.38908193,0.25851664,0.30910856,0.24521841,0.40313035,0.36857828,0.28035682,0.29397857,0.40194702,0.44375908,0.31544772,0.2727401,0.37704223,0.47810918,0.32754493,0.47765714,0.3862327,0.65684766,0.336674,0.6613553,0.38563138,0.829412,0.34909335,0.82391363
pose9095.png,nao_acao,0.4723497,0.17032112,0.4807878,0.15396832,0.4632524,0.15362117,0.49082074,0.16003388,0.44805875,0.1589102,0.5063588,0.2670178,0.4281106,0.26193726,0.5223376,0.36811227,0.40791693,0.35808483,0.5085041,0.36584562,0.41197872,0.35049853,0.49681234,0.4982793,0.44692048,0.49723914,0.50481904,0.68872726,0.45024776,0.68463016,0.5016201,0.86176246,0.46288118,0.86162144
pose9096.png,nao_acao,0.463739,0.09983012,0.47180256,0.08440653,0.45431557,0.08392313,0.4826297,0.093421854,0.44026607,0.091539465,0.49880934,0.19527291,0.41772002,0.18479063,0.5124409,0.30943963,0.39891976,0.2504382,0.49450502,0.3486328,0.43139172,0.1979961,0.485631,0.4303894,0.43373227,0.42944786,0.490022,0.6118734,0.43851352,0.6131945,0.48352832,0.7804198,0.44434148,0.78147703
pose9097.png,nao_acao,0.4971413,0.089225724,0.504991,0.07390304,0.48832926,0.073782235,0.5134069,0.08180076,0.47230607,0.080412835,0.5261406,0.18499911,0.4519678,0.17965165,0.535736,0.28781623,0.4334417,0.27099377,0.51883364,0.33712986,0.43672967,0.2714749,0.5095571,0.4176952,0.46234956,0.41535932,0.5144256,0.6039977,0.46031994,0.60037833,0.5037266,0.77220315,0.46599802,0.7782671
pose9098.png,nao_acao,0.5382228,0.12214322,0.5453258,0.10455831,0.52796525,0.106521435,0.5544863,0.11114307,0.5130709,0.11430461,0.5711768,0.21502213,0.49382764,0.20586364,0.582795,0.31347165,0.47852463,0.26303625,0.5600756,0.3240215,0.5135391,0.21918076,0.56162655,0.45229512,0.5114605,0.45145297,0.56837416,0.6336408,0.5151619,0.6352495,0.56475914,0.79359055,0.5251576,0.79480505
100_carol.png,cw,0.55189,0.5225015,0.5661036,0.5014384,0.53926325,0.49828285,0.5821202,0.52359366,0.51741076,0.5174387,0.60804474,0.6471463,0.4910435,0.67876714,0.6165925,0.753627,0.47456512,0.84756976,0.51934946,0.7094729,0.49917674,0.7359426,0.59811425,0.9895365,0.5165067,0.9981623,0.0,0.0,0.0,0.0,0.0,0.0,0.0,0.0
100_final.png,cw,0.5434561,0.3073422,0.55816823,0.2812041,0.52891785,0.2804964,0.5799016,0.29878154,0.5102368,0.29707476,0.6038207,0.45844087,0.4832034,0.4330625,0.63713247,0.5965048,0.48912296,0.5089153,0.61102515,0.4342029,0.5967101,0.405847,0.5829212,0.88784826,0.49084672,0.8830975,0.0,0.0,0.0,0.0,0.0,0.0,0.0,0.0
101_carol.png,cw,0.56264746,0.36008483,0.5762813,0.33949438,0.5483051,0.33837748,0.5935305,0.36911637,0.52910745,0.36831236,0.61783254,0.49925452,0.50328195,0.52068585,0.62410355,0.56903183,0.48217854,0.66324306,0.51995444,0.5008247,0.50518924,0.5100183,0.5981652,0.92063344,0.51007473,0.9159434,0.0,0.0,0.0,0.0,0.0,0.0,0.0,0.0
101_final.png,cw,0.5794827,0.34729698,0.5919169,0.32382482,0.5656789,0.32401454,0.6088773,0.34093773,0.54795235,0.33970168,0.63321984,0.48767173,0.5241522,0.46355847,0.65907574,0.6326396,0.5269363,0.55899245,0.64110124,0.4953003,0.6156144,0.46310773,0.61970174,0.84234595,0.5377542,0.83565336,0.0,0.0,0.0,0.0,0.0,0.0,0.0,0.0
102_carol.png,cw,0.5693785,0.29710448,0.58232766,0.27885407,0.55718005,0.27602395,0.59775627,0.31023738,0.5380995,0.3038779,0.6215811,0.4354019,0.5126066,0.4537757,0.65004456,0.51302,0.48822126,0.5829085,0.5324422,0.42705765,0.50826496,0.43361706,0.60569173,0.8116662,0.5244343,0.81212175,0.0,0.0,0.0,0.0,0.0,0.0,0.0,0.0
102_final.png,cw,0.5738116,0.36151427,0.5844493,0.33941308,0.5617698,0.3407353,0.599993,0.35363257,0.5457016,0.35559854,0.6247443,0.4897664,0.5219158,0.4717631,0.6476654,0.6134206,0.52373105,0.55725765,0.62905085,0.4799175,0.6118542,0.4558753,0.617074,0.8282764,0.53778297,0.8273171,0.0,0.0,0.0,0.0,0.0,0.0,0.0,0.0
103_carol.png,cw,0.6011069,0.30833182,0.61374867,0.28858906,0.58689946,0.28611434,0.6270445,0.31611946,0.56450164,0.31236225,0.6516564,0.444532,0.5389831,0.46261394,0.68997735,0.5285839,0.5264936,0.6075336,0.5855926,0.42796224,0.5614854,0.45771602,0.63286006,0.8444325,0.5504001,0.840497,0.0,0.0,0.0,0.0,0.0,0.0,0.0,0.0
103_final.png,cw,0.5603901,0.36604553,0.5707242,0.34594616,0.548932,0.34620115,0.5849234,0.36149514,0.53228086,0.36099774,0.6089581,0.49242502,0.5090209,0.4734216,0.6384915,0.61204284,0.51428473,0.5499201,0.61471325,0.49523184,0.5926105,0.46800944,0.6003839,0.8106364,0.524525,0.8100349,0.0,0.0,0.0,0.0,0.0,0.0,0.0,0.0
104_carol.png,cw,0.6062657,0.3174524,0.6190286,0.29667908,0.5919891,0.29567185,0.63351214,0.32208624,0.5703912,0.32090932,0.6609951,0.44991153,0.54852116,0.4782434,0.68937254,0.51715595,0.5380998,0.6158748,0.58864075,0.44584998,0.5610038,0.47225,0.65693665,0.8660838,0.5746608,0.8718043,0.0,0.0,0.0,0.0,0.0,0.0,0.0,0.0
104_final.png,cw,0.54452527,0.3878514,0.5542582,0.36683425,0.5332824,0.36896262,0.56839955,0.37827906,0.51820886,0.3822751,0.5887725,0.5012928,0.49687424,0.48633325,0.6121588,0.6178483,0.50158006,0.56455827,0.5895995,0.48937547,0.5716299,0.46626696,0.5728363,0.8065184,0.50409234,0.80483955,0.0,0.0,0.0,0.0,0.0,0.0,0.0,0.0
105_carol.png,cw,0.6419227,0.32230788,0.65465903,0.29970467,0.6283677,0.29933593,0.6706207,0.32102302,0.6088007,0.32259673,0.6958816,0.44965023,0.5867497,0.48158947,0.72229,0.51907384,0.5804616,0.6138829,0.6161231,0.43436092,0.60891145,0.44990417,0.6868795,0.8174392,0.60645455,0.81989205,0.0,0.0,0.0,0.0,0.0,0.0,0.0,0.0
105_final.png,cw,0.5477385,0.39205933,0.55807364,0.37197602,0.5357932,0.37496075,0.5717407,0.3871169,0.5206355,0.39066166,0.59492487,0.5092404,0.5005418,0.49059778,0.6201158,0.632315,0.5031936,0.5674475,0.58999294,0.5123635,0.5720993,0.47509563,0.574977,0.8278578,0.506521,0.8218765,0.0,0.0,0.0,0.0,0.0,0.0,0.0,0.0
106_carol.png,cw,0.6303388,0.32115299,0.64189184,0.299348,0.61698616,0.29750842,0.6554805,0.321681,0.595182,0.31969088,0.6848172,0.44916776,0.571668,0.48597455,0.7108517,0.49612048,0.57782453,0.61479974,0.6085383,0.45052588,0.59216446,0.4731819,0.6792484,0.82986176,0.59506834,0.83496755,0.0,0.0,0.0,0.0,0.0,0.0,0.0,0.0
106_final.png,cw,0.5646378,0.5004245,0.5759362,0.479823,0.5528854,0.4769991,0.5894858,0.49071994,0.5356517,0.48495296,0.59439796,0.595239,0.5098475,0.58954644,0.60619694,0.68451744,0.5129681,0.69083667,0.6482096,0.64061725,0.57950485,0.630126,0.5813388,0.9261651,0.51444286,0.93244326,0.0,0.0,0.0,0.0,0.0,0.0,0.0,0.0
107_carol.png,cw,0.7204284,0.3131183,0.7335949,0.2907686,0.70440114,0.29085758,0.7504787,0.3172783,0.68229526,0.31910145,0.78310263,0.46065682,0.6605874,0.4826083,0.8287147,0.5169673,0.661585,0.6033172,0.7436706,0.44688427,0.6926927,0.49221733,0.77114797,0.89382535,0.68212533,0.8958218,0.0,0.0,0.0,0.0,0.0,0.0,0.0,0.0
107_final.png,cw,0.56974465,0.50808054,0.58004296,0.48828694,0.55865806,0.48803127,0.59407794,0.49861735,0.5412415,0.49689355,0.6099517,0.6282095,0.5136187,0.59743196,0.61565626,0.7760265,0.51901376,0.69264114,0.6160549,0.6555419,0.59378767,0.63024074,0.5843872,0.93862975,0.51240975,0.9288242,0.0,0.0,0.0,0.0,0.0,0.0,0.0,0.0
108_carol.png,cw,0.73943084,0.31094137,0.75116265,0.28731138,0.72284687,0.28876093,0.76615417,0.31419897,0.69967145,0.3201885,0.7988227,0.4624917,0.67905176,0.48649034,0.846671,0.5177201,0.68023336,0.60536116,0.76328427,0.44256032,0.71046084,0.47184,0.7833749,0.8696774,0.69847095,0.8681857,0.0,0.0,0.0,0.0,0.0,0.0,0.0,0.0
108_final.png,cw,0.57145643,0.44584498,0.58143336,0.42622215,0.55983377,0.42526257,0.59345406,0.43910018,0.5421384,0.43712163,0.60936105,0.56706697,0.5150018,0.53728974,0.62910855,0.70381707,0.52367604,0.61799455,0.6191958,0.58157253,0.60571027,0.55275863,0.5885781,0.89012975,0.51763666,0.88484246,0.0,0.0,0.0,0.0,0.0,0.0,0.0,0.0
109_carol.png,cw,0.6947098,0.3071837,0.7107068,0.28738746,0.6823084,0.28103736,0.7298589,0.3188577,0.6638545,0.30563244,0.75271463,0.44872925,0.627608,0.46182665,0.76702,0.5063271,0.6026844,0.59587824,0.6357964,0.41732278,0.6219097,0.420681,0.717692,0.88725406,0.6221666,0.87798905,0.0,0.0,0.0,0.0,0.0,0.0,0.0,0.0
109_final.png,cw,0.5697159,0.37257534,0.5784203,0.3507121,0.55697644,0.35511187,0.5895531,0.36398387,0.5402072,0.37151846,0.6123822,0.4894303,0.5183419,0.46630016,0.63566864,0.6159623,0.5264991,0.5312265,0.61998165,0.48690388,0.6061521,0.4575091,0.591883,0.8117932,0.52208936,0.8053647,0.0,0.0,0.0,0.0,0.0,0.0,0.0,0.0
10_carol.png,cw,0.57809925,0.3365394,0.59062326,0.31602225,0.5660957,0.31283778,0.60572565,0.3323514,0.54619443,0.32567918,0.6297282,0.44257176,0.5150894,0.46161693,0.6430203,0.49548468,0.48930535,0.5850421,0.5258354,0.40477353,0.50955844,0.43087226,0.61363375,0.8354805,0.52734125,0.8347864,0.0,0.0,0.0,0.0,0.0,0.0,0.0,0.0
10_final.png,cw,0.54834634,0.29221985,0.5625602,0.26655126,0.5330409,0.2670818,0.58080304,0.28691715,0.5121878,0.28473514,0.6026511,0.43832618,0.49132466,0.4030771,0.64188135,0.5424806,0.52336675,0.42972293,0.6318591,0.37031615,0.6169724,0.33154136,0.59016734,0.87858164,0.50076056,0.8768086,0.0,0.0,0.0,0.0,0.0,0.0,0.0,0.0
110_carol.png,cw,0.7310404,0.3088945,0.7458156,0.28759718,0.7162175,0.28436533,0.76319176,0.31336,0.69464123,0.30845362,0.78774375,0.44340464,0.66370267,0.46494728,0.8077132,0.49959022,0.6419592,0.60190994,0.6762183,0.40886346,0.6634311,0.41926953,0.75967634,0.896324,0.66472024,0.888544,0.0,0.0,0.0,0.0,0.0,0.0,0.0,0.0
110_final.png,cw,0.56986105,0.37469253,0.5781638,0.35340974,0.5581755,0.35706362,0.58934176,0.3632342,0.54114354,0.3696742,0.6121038,0.48920885,0.51837695,0.46583304,0.638532,0.61702067,0.5265255,0.5383322,0.6227465,0.49655652,0.60680836,0.46520886,0.59145534,0.8056356,0.52094907,0.8012793,0.0,0.0,0.0,0.0,0.0,0.0,0.0,0.0
111_carol.png,cw,0.5934201,0.2790885,0.6097678,0.25700316,0.5810318,0.25186345,0.6307056,0.2838116,0.562847,0.27279425,0.65267074,0.42827415,0.52454054,0.442841,0.63916403,0.45251393,0.48322907,0.5703815,0.52038366,0.39098006,0.510548,0.41636258,0.6170376,0.88380235,0.5196663,0.87314886,0.0,0.0,0.0,0.0,0.0,0.0,0.0,0.0
111_final.png,cw,0.5631058,0.36528236,0.573709,0.34644058,0.55122983,0.34774536,0.5875765,0.36445576,0.535983,0.36442083,0.6077333,0.49031729,0.5116838,0.46452323,0.62775105,0.6141647,0.5112221,0.544423,0.61281204,0.4796107,0.5917399,0.45875582,0.5801221,0.8046788,0.5092745,0.7945384,0.0,0.0,0.0,0.0,0.0,0.0,0.0,0.0
112_carol.png,cw,0.5876738,0.27667305,0.60356486,0.2545134,0.57506335,0.25207546,0.62311786,0.28236762,0.55515385,0.27604634,0.64665675,0.4258523,0.5165085,0.4418229,0.63963544,0.45651814,0.48059264,0.5716982,0.5137968,0.39055982,0.50521445,0.41318947,0.6155343,0.8963589,0.516204,0.8855685,0.0,0.0,0.0,0.0,0.0,0.0,0.0,0.0
112_final.png,cw,0.49430203,0.3742011,0.5050913,0.3552259,0.48371357,0.35474235,0.52136683,0.3738078,0.46936265,0.37144628,0.54207456,0.50676703,0.44194278,0.47472924,0.5566637,0.6239853,0.44046926,0.5456065,0.5390607,0.48691958,0.5232014,0.45747116,0.51588076,0.81222075,0.43703118,0.8013334,0.0,0.0,0.0,0.0,0.0,0.0,0.0,0.0
113_carol.png,cw,0.55655825,0.27407056,0.573465,0.24958093,0.54339856,0.24467264,0.59503525,0.272746,0.5239702,0.26246393,0.61623055,0.42074355,0.48950595,0.44042137,0.6179789,0.45112517,0.45630097,0.57941794,0.49008483,0.3927587,0.47758856,0.419797,0.581437,0.90008444,0.48420268,0.8898817,0.0,0.0,0.0,0.0,0.0,0.0,0.0,0.0
113_final.png,cw,0.49430203,0.3742011,0.5050913,0.3552259,0.48371357,0.35474235,0.52136683,0.3738078,0.46936265,0.37144628,0.54207456,0.50676703,0.44194278,0.47472924,0.5566637,0.6239853,0.44046926,0.5456065,0.5390607,0.48691958,0.5232014,0.45747116,0.51588076,0.81222075,0.43703118,0.8013334,0.0,0.0,0.0,0.0,0.0,0.0,0.0,0.0
114_carol.png,cw,0.549902,0.26618275,0.5677055,0.24208695,0.53601027,0.23536432,0.58910507,0.26659822,0.5140437,0.25289506,0.6102544,0.41675454,0.48035598,0.43964368,0.61503506,0.45328403,0.44160405,0.5859486,0.47804016,0.3914037,0.46155882,0.41932237,0.5795424,0.86770153,0.48385444,0.85972923,0.0,0.0,0.0,0.0,0.0,0.0,0.0,0.0
114_final.png,cw,0.46445483,0.3672684,0.4757467,0.34660012,0.45287055,0.34705436,0.49166137,0.3680217,0.43892345,0.3662256,0.5074076,0.49989536,0.41110882,0.4658112,0.5179899,0.6275408,0.40389714,0.5416447,0.505536,0.4880924,0.48652235,0.46459797,0.48003942,0.83145165,0.40267032,0.82058054,0.0,0.0,0.0,0.0,0.0,0.0,0.0,0.0
115_carol.png,cw,0.56433916,0.21659048,0.58400947,0.19099346,0.5483869,0.18649763,0.60784274,0.22115067,0.52327466,0.21202618,0.62536395,0.37809733,0.4870805,0.40898845,0.6347111,0.4398327,0.4438173,0.5775142,0.48124593,0.35488528,0.47089738,0.3935536,0.59136,0.8411881,0.4907736,0.83624065,0.0,0.0,0.0,0.0,0.0,0.0,0.0,0.0
115_final.png,cw,0.4053101,0.3480534,0.4167025,0.32748023,0.3934869,0.32805553,0.4325254,0.34698808,0.37868577,0.34586638,0.44977555,0.48281124,0.3533333,0.45321867,0.4586433,0.6035123,0.3329003,0.5191114,0.4370796,0.47252384,0.42029506,0.42798927,0.42813262,0.79498565,0.35616127,0.7870478,0.0,0.0,0.0,0.0,0.0,0.0,0.0,0.0
116_carol.png,cw,0.58301896,0.1512434,0.60482943,0.118723765,0.56401086,0.11654209,0.63419884,0.14871775,0.53754365,0.14420886,0.65380895,0.3369232,0.5002364,0.37139812,0.6632713,0.38878292,0.45198852,0.558518,0.48080024,0.31963992,0.474886,0.35090545,0.6091714,0.89399374,0.4937294,0.88613313,0.0,0.0,0.0,0.0,0.0,0.0,0.0,0.0
116_final.png,cw,0.3936638,0.35336927,0.40540305,0.3325108,0.38153404,0.33297265,0.42363557,0.34958497,0.36755282,0.34964603,0.44381,0.4895628,0.34262222,0.46250272,0.45784265,0.59764606,0.32743993,0.5156053,0.4249845,0.46545684,0.40639058,0.43745986,0.41576472,0.80487406,0.3434126,0.7946303,0.0,0.0,0.0,0.0,0.0,0.0,0.0,0.0
117_carol.png,cw,0.58409816,0.15095621,0.6061937,0.12048145,0.56527567,0.11589911,0.634251,0.15116552,0.5374034,0.14209166,0.65592164,0.32882902,0.49704108,0.363355,0.6741294,0.38195607,0.44854745,0.5437594,0.49200734,0.3013465,0.47716776,0.33084807,0.615442,0.8631783,0.49885425,0.85729015,0.0,0.0,0.0,0.0,0.0,0.0,0.0,0.0
117_final.png,cw,0.3855928,0.30166164,0.39568394,0.2802183,0.37519282,0.28237495,0.41119093,0.29624262,0.3629228,0.30034685,0.43391085,0.4350336,0.33481592,0.4130033,0.45554763,0.5466502,0.31008607,0.4759402,0.41913742,0.39948776,0.37914127,0.37684518,0.4028356,0.75062186,0.33215833,0.74209094,0.0,0.0,0.0,0.0,0.0,0.0,0.0,0.0
118_final.png,cw,0.38819647,0.34702903,0.39769188,0.32558453,0.3773071,0.32817903,0.4131887,0.34029812,0.3645939,0.34491396,0.43542162,0.4883385,0.3382339,0.4509498,0.45396844,0.58448684,0.3130589,0.47330186,0.4175507,0.44457644,0.3928266,0.42291558,0.40568405,0.8025858,0.33492422,0.7901196,0.0,0.0,0.0,0.0,0.0,0.0,0.0,0.0
119_final.png,cw,0.3854201,0.28853354,0.39526683,0.26656982,0.37377188,0.26978213,0.41121268,0.28503656,0.36059788,0.29132238,0.43399554,0.4337443,0.33392525,0.40383902,0.45488757,0.5257566,0.30836183,0.4284973,0.41956225,0.37636507,0.38722748,0.35238454,0.40189624,0.7515951,0.3304396,0.7417543,0.0,0.0,0.0,0.0,0.0,0.0,0.0,0.0
11_carol.png,cw,0.57081914,0.33761767,0.5846306,0.31900576,0.5589094,0.313868,0.5993955,0.33670405,0.5397989,0.32852787,0.61711186,0.4269191,0.5160369,0.45699108,0.6358046,0.47680274,0.48855758,0.58846307,0.5235385,0.4065838,0.5073336,0.43655285,0.60691816,0.81115884,0.5303558,0.8112663,0.0,0.0,0.0,0.0,0.0,0.0,0.0,0.0
11_final.png,cw,0.40816516,0.2952349,0.4200786,0.26831228,0.3940614,0.27188057,0.44095525,0.2825792,0.37986374,0.28875622,0.47114038,0.44966146,0.34852272,0.4127411,0.48108473,0.55928797,0.31952268,0.46125636,0.44537264,0.38538158,0.40099245,0.35201302,0.4414906,0.8653573,0.35038722,0.85597223,0.0,0.0,0.0,0.0,0.0,0.0,0.0,0.0
120_final.png,cw,0.38161135,0.29768983,0.3925934,0.27523473,0.37053356,0.27631417,0.40990862,0.2912564,0.35755676,0.292933,0.432347,0.4465496,0.33016247,0.41531566,0.44952306,0.5397167,0.3083631,0.44615856,0.41309476,0.38568607,0.37773466,0.3766818,0.40049905,0.76097834,0.32839927,0.75056946,0.0,0.0,0.0,0.0,0.0,0.0,0.0,0.0
121_final.png,cw,0.37915593,0.34927782,0.39073053,0.32750076,0.36819592,0.3284356,0.40915966,0.34330055,0.35484174,0.34471363,0.4299108,0.48915946,0.3267017,0.46192423,0.4438444,0.59144694,0.29888427,0.52038807,0.40863815,0.4445627,0.38049898,0.43503764,0.3988605,0.8038481,0.32510075,0.7939511,0.0,0.0,0.0,0.0,0.0,0.0,0.0,0.0
122_2.png,cw,0.32642803,0.2897677,0.33396724,0.28137672,0.32142642,0.28070197,0.34461516,0.2958378,0.31329867,0.2959283,0.35223675,0.344609,0.30286494,0.36828625,0.3379228,0.36706373,0.2892082,0.43137813,0.3009912,0.333551,0.29146078,0.3547401,0.34574002,0.5207126,0.30943227,0.5294707,0.35638183,0.66105056,0.31100315,0.6624244,0.36537665,0.79259694,0.3162213,0.784641
122_final.png,cw,0.37915593,0.34927782,0.39073053,0.32750076,0.36819592,0.3284356,0.40915966,0.34330055,0.35484174,0.34471363,0.4299108,0.48915946,0.3267017,0.46192423,0.4438444,0.59144694,0.29888427,0.52038807,0.40863815,0.4445627,0.38049898,0.43503764,0.3988605,0.8038481,0.32510075,0.7939511,0.0,0.0,0.0,0.0,0.0,0.0,0.0,0.0
123_2.png,cw,0.32774124,0.28406492,0.33478007,0.27423313,0.32209623,0.27431676,0.34536394,0.28406247,0.31330225,0.2860985,0.35496816,0.33299237,0.30410343,0.35595924,0.3432852,0.35933957,0.29083136,0.41687214,0.30416667,0.323784,0.29832143,0.3450675,0.35001886,0.5138099,0.3127288,0.5231817,0.36211175,0.6525218,0.3159192,0.6571521,0.37220955,0.78114486,0.3214948,0.78081954
123_final.png,cw,0.38088453,0.35119548,0.3917319,0.3295733,0.3687322,0.33068514,0.4089838,0.34813064,0.3552617,0.3493755,0.42876863,0.49996397,0.32616472,0.46299902,0.41976103,0.583225,0.28753608,0.49381316,0.38444048,0.4613983,0.37150177,0.4418521,0.39960244,0.81484425,0.32542196,0.8019664,0.0,0.0,0.0,0.0,0.0,0.0,0.0,0.0
124_2.png,cw,0.36677423,0.26462463,0.37405714,0.25555906,0.36101064,0.255485,0.3846981,0.2668381,0.3523129,0.26679918,0.39192683,0.31939095,0.3413779,0.33786094,0.37468022,0.33685,0.32549065,0.394209,0.34545732,0.30620414,0.33741036,0.33863747,0.3888886,0.50075144,0.35176763,0.5082488,0.394333,0.63697374,0.35025483,0.64295226,0.40329057,0.765527,0.35554424,0.76578146
124_final.png,cw,0.38212496,0.3523249,0.39420533,0.3299335,0.37111259,0.33231026,0.4156128,0.3486244,0.36351547,0.35216233,0.42400226,0.495111,0.33709663,0.46014667,0.36908382,0.5713041,0.2766878,0.4988755,0.35267925,0.44164827,0.3391069,0.43489295,0.3894577,0.8578998,0.32153112,0.843012,0.0,0.0,0.0,0.0,0.0,0.0,0.0,0.0
125_2.png,cw,0.39460307,0.2531255,0.40211535,0.24489929,0.3887049,0.24363524,0.4112793,0.25871724,0.37865806,0.25590754,0.41801327,0.30879426,0.36706972,0.32744047,0.4031344,0.32993108,0.35849157,0.390125,0.3675831,0.29833114,0.36123013,0.32322344,0.41468114,0.49118593,0.37685916,0.4975496,0.41923133,0.62935543,0.37407106,0.6332638,0.42556676,0.7593084,0.37889203,0.75314915
125_final.png,cw,0.38318223,0.3549637,0.39693204,0.33473906,0.3726738,0.33466822,0.42143685,0.35840428,0.3642029,0.35589737,0.43231425,0.5025332,0.3359847,0.46649078,0.40001637,0.57693994,0.28510907,0.49958593,0.37730387,0.46083722,0.35440722,0.44427237,0.3965012,0.8499997,0.324327,0.83657914,0.0,0.0,0.0,0.0,0.0,0.0,0.0,0.0
126_2.png,cw,0.38769653,0.24331991,0.39467528,0.23327471,0.38098818,0.23283295,0.4026133,0.24617651,0.36902586,0.24645546,0.410178,0.30075112,0.358192,0.32126194,0.40176392,0.32295728,0.3499952,0.38026938,0.36712784,0.28180984,0.35468283,0.3080574,0.40494284,0.4823966,0.3667484,0.48981297,0.4108047,0.62139124,0.36456305,0.6236065,0.41401356,0.7511663,0.3635021,0.74629235
126_final.png,cw,0.385085,0.35193652,0.39569306,0.33279863,0.37579116,0.33139804,0.4112276,0.35286552,0.36393017,0.34823406,0.42976174,0.5022283,0.33496505,0.46720144,0.44356078,0.6031087,0.29825655,0.5225107,0.40176553,0.459971,0.37512383,0.44214973,0.4018263,0.8147547,0.33242565,0.8039587,0.0,0.0,0.0,0.0,0.0,0.0,0.0,0.0
127_2.png,cw,0.38073215,0.22182064,0.38821158,0.21242121,0.37421575,0.21072946,0.39528555,0.22724408,0.36106327,0.22464515,0.40110427,0.28115886,0.34803835,0.2992566,0.40109104,0.302048,0.34084052,0.3527911,0.35940093,0.26332358,0.3512528,0.28440556,0.39699572,0.46780849,0.35819665,0.47465837,0.40217763,0.6088746,0.35488826,0.61250633,0.40443444,0.74024636,0.35502997,0.7381437
127_final.png,cw,0.38758478,0.35367432,0.39864802,0.33475205,0.37583226,0.33379143,0.4116591,0.35344288,0.35963887,0.34947586,0.4320539,0.47634035,0.33122796,0.44776627,0.45318183,0.6076823,0.3324182,0.5250575,0.4352242,0.46992907,0.41455498,0.43683487,0.4053741,0.80521536,0.33170342,0.7945659,0.0,0.0,0.0,0.0,0.0,0.0,0.0,0.0
128_2.png,cw,0.35528877,0.21617495,0.36237115,0.20700152,0.3486566,0.20577246,0.37061703,0.21924941,0.33686373,0.21588989,0.37941435,0.2753485,0.32499334,0.2888102,0.3741759,0.2975776,0.31487924,0.3439533,0.33957723,0.26291546,0.32686043,0.28669867,0.37990382,0.46431404,0.34034404,0.46987373,0.3809317,0.60566807,0.33529374,0.6131432,0.38738903,0.73686856,0.33836558,0.73997015
12_2_2.png,cw,0.5100118,0.2633071,0.51686954,0.25339767,0.5036313,0.25137684,0.5264351,0.2656859,0.49286252,0.25877017,0.53601533,0.34490994,0.4777642,0.31816018,0.54385185,0.4094613,0.48372063,0.34634808,0.5419179,0.34721968,0.53308785,0.32289764,0.524412,0.5281581,0.4821906,0.5190622,0.52381426,0.66626555,0.47786045,0.6575417,0.52277124,0.7803594,0.47484264,0.77757967
12_carol.png,cw,0.5719112,0.33262664,0.58391654,0.3134358,0.55972636,0.30938557,0.597823,0.33132783,0.5388039,0.32364723,0.6193638,0.43087307,0.5106522,0.45819795,0.63459945,0.47672603,0.49205145,0.58432233,0.5255772,0.4059937,0.51065546,0.4289522,0.6150962,0.82084614,0.5307294,0.8259978,0.0,0.0,0.0,0.0,0.0,0.0,0.0,0.0
12_final_final.png,cw,0.5523454,0.29754508,0.5667668,0.27394986,0.53713506,0.2728426,0.5835184,0.300283,0.51607525,0.29678944,0.60896206,0.45362696,0.4915188,0.42407745,0.6539481,0.54545134,0.5243572,0.43655464,0.6331578,0.3377036,0.6099165,0.32103014,0.5951494,0.8843637,0.50543654,0.8801561,0.0,0.0,0.0,0.0,0.0,0.0,0.0,0.0
133.png,cw,0.45864564,0.47584966,0.46520758,0.46694785,0.45255193,0.46603292,0.471991,0.4779665,0.44097656,0.4752389,0.4760162,0.5312986,0.42741275,0.54176384,0.4679776,0.54219514,0.41315252,0.5759789,0.44203037,0.51943696,0.41949844,0.53665656,0.472086,0.7016066,0.43709183,0.7062327,0.46925837,0.8175814,0.42909628,0.8275705,0.46935767,0.9156097,0.42318416,0.92406785
134.png,cw,0.4513246,0.47017696,0.45772403,0.46040517,0.4448219,0.46027163,0.46499714,0.4685895,0.43340653,0.4685672,0.4724564,0.5171909,0.42407742,0.5357243,0.47104234,0.53067917,0.41927108,0.5814666,0.43451142,0.5169115,0.4191619,0.535317,0.46730953,0.6896501,0.432238,0.69517463,0.46423203,0.8081796,0.42466226,0.8164281,0.46390462,0.9133784,0.4184156,0.9150234
135.png,cw,0.4435993,0.49069044,0.45046777,0.48055157,0.43724817,0.48054105,0.45930576,0.48669684,0.42652947,0.48801243,0.46562266,0.53515846,0.41814035,0.5521898,0.4582683,0.55706865,0.41065136,0.6044595,0.42617804,0.5240482,0.4094653,0.5656471,0.45786816,0.7133834,0.42268628,0.71884334,0.45687366,0.8347569,0.41509193,0.8393425,0.45808643,0.932294,0.40789026,0.9366845
136.png,cw,0.44485965,0.49345627,0.45214835,0.48341396,0.4389637,0.48327887,0.46234733,0.4907747,0.42950034,0.49184468,0.4674644,0.5407444,0.42158642,0.55686694,0.45622858,0.55955046,0.4123043,0.6076809,0.4280745,0.5179632,0.4168702,0.5638247,0.4576777,0.71413094,0.42340574,0.718812,0.4563024,0.8364011,0.4167716,0.837219,0.45996875,0.9347642,0.40935436,0.9337927
137.png,cw,0.46669203,0.49733293,0.47365475,0.48742855,0.46095237,0.48757502,0.48363495,0.49554053,0.45234123,0.49667993,0.4895214,0.5456943,0.44513717,0.5615176,0.47292215,0.56108534,0.43895116,0.6095321,0.4500133,0.5243564,0.43892783,0.55587584,0.4814992,0.71731824,0.4480903,0.72047096,0.4814651,0.84282464,0.44066557,0.8392801,0.4829324,0.946187,0.43692178,0.933709
138.png,cw,0.47543684,0.47544107,0.4823208,0.46667117,0.4695093,0.46572527,0.49070492,0.47761214,0.45965058,0.47671095,0.49562567,0.5278567,0.4536024,0.5414636,0.48890218,0.5424986,0.44938403,0.58263534,0.45440573,0.5131674,0.44521627,0.54022706,0.48874378,0.6972494,0.4566978,0.7011209,0.49020213,0.82283777,0.4501666,0.8217131,0.49482808,0.92763656,0.4437922,0.92279154
139.png,cw,0.49094003,0.42861283,0.49817386,0.41879553,0.48448724,0.41837522,0.5074545,0.42815402,0.47383466,0.4282927,0.51172966,0.47745517,0.4671646,0.494261,0.49817032,0.48939055,0.45947656,0.5398255,0.4710483,0.45968688,0.4585727,0.49311194,0.5051041,0.64683235,0.4714675,0.65180534,0.5055422,0.767538,0.46545005,0.7671391,0.5085733,0.8680986,0.4582707,0.86187863
13_carol.png,cw,0.599826,0.32866797,0.6136971,0.309615,0.58746684,0.30571333,0.6290587,0.3321969,0.5678872,0.3236024,0.6522802,0.43189874,0.54037887,0.4509212,0.66939235,0.49039492,0.5226966,0.5800168,0.5612641,0.403233,0.54140514,0.42881638,0.6442739,0.83562225,0.55734736,0.836633,0.0,0.0,0.0,0.0,0.0,0.0,0.0,0.0
13_final.png,cw,0.40408334,0.297066,0.4163022,0.26859796,0.3897665,0.27266428,0.4383955,0.28185844,0.37633806,0.28997782,0.46599165,0.45091698,0.34767655,0.415955,0.48133507,0.5549732,0.31746775,0.4444098,0.44132733,0.38072655,0.40522784,0.3649618,0.4380281,0.8684114,0.35024434,0.85700834,0.0,0.0,0.0,0.0,0.0,0.0,0.0,0.0
140.png,cw,0.4930181,0.3993785,0.49994344,0.3899726,0.4870162,0.39045563,0.5099679,0.39886835,0.4786396,0.40031672,0.5171277,0.44783732,0.47266516,0.46164355,0.5040198,0.4664102,0.46543556,0.5074077,0.47396827,0.43073952,0.46656975,0.452141,0.51056814,0.61903703,0.4771208,0.6209664,0.5100168,0.7434131,0.46923858,0.73953766,0.5139902,0.84215933,0.4682489,0.8273671
141.png,cw,0.48617935,0.35949466,0.49374574,0.3488555,0.47967592,0.34946272,0.50499046,0.35807773,0.47033486,0.36076313,0.5104489,0.41199467,0.46479315,0.42775825,0.49583596,0.43008304,0.45665997,0.47465876,0.47117844,0.37807754,0.4600541,0.41873196,0.50322735,0.5825013,0.4689816,0.587093,0.5045128,0.70271426,0.4640314,0.7015634,0.50940216,0.7960932,0.45992857,0.7916696
142.png,cw,0.48201957,0.34387606,0.4894836,0.3338564,0.47653994,0.33335614,0.50016105,0.34074068,0.46840587,0.3404067,0.50706494,0.38864872,0.46164498,0.40516013,0.49285436,0.40319443,0.4590846,0.4549394,0.46012527,0.36613256,0.45333377,0.4016588,0.5008865,0.56003636,0.46669522,0.5630045,0.5030754,0.68036324,0.46004325,0.6761107,0.50444573,0.77948135,0.46135178,0.7650174
143.png,cw,0.49582952,0.34585735,0.5031736,0.3355273,0.4907209,0.33518457,0.51441294,0.3414191,0.48328632,0.3419231,0.521033,0.38962227,0.47679305,0.40703022,0.5033067,0.4029879,0.46968397,0.45584983,0.4758296,0.375727,0.46677065,0.40743357,0.5136282,0.55870885,0.4801403,0.56246614,0.5194,0.6797568,0.47544065,0.67219156,0.52304476,0.7792424,0.47705227,0.7608458
14_2.png,cw,0.5131554,0.2636042,0.5200417,0.25363865,0.50660056,0.2512776,0.528864,0.26573896,0.49502653,0.25795597,0.53746486,0.34431767,0.47995973,0.31731585,0.54654694,0.40746105,0.48614687,0.34462807,0.5442883,0.34495366,0.53325,0.31865996,0.52668726,0.52704304,0.48502693,0.5179075,0.5260344,0.66452825,0.48009032,0.6558931,0.5244244,0.77875453,0.47675714,0.7758917
14_carol.png,cw,0.6665477,0.3307807,0.6788822,0.30698672,0.6514734,0.3095765,0.69695127,0.3233709,0.6340757,0.33026797,0.72604567,0.43247312,0.6159303,0.45193172,0.7583189,0.5242344,0.6024978,0.58395267,0.72220075,0.434601,0.6165668,0.41553932,0.71512425,0.8355595,0.63167113,0.8358579,0.0,0.0,0.0,0.0,0.0,0.0,0.0,0.0
14_final.png,cw,0.55257857,0.29891744,0.5662209,0.27472916,0.5373553,0.27510113,0.5826766,0.2986579,0.5169691,0.2981986,0.610441,0.45196843,0.49205703,0.42015368,0.6523835,0.54139173,0.5285052,0.423049,0.63493407,0.34369048,0.61413085,0.335396,0.59667933,0.88784736,0.5058528,0.88386655,0.0,0.0,0.0,0.0,0.0,0.0,0.0,0.0
15.png,cw,0.5099431,0.2686069,0.5156074,0.2593123,0.5042042,0.26130325,0.5273333,0.26752535,0.4987449,0.2711469,0.5383941,0.3299648,0.49243078,0.31671214,0.53101504,0.36670706,0.4811926,0.32620773,0.51252145,0.34385628,0.5201344,0.3190967,0.527491,0.49397627,0.4940373,0.48750082,0.5292048,0.60626566,0.49136147,0.5929432,0.5330557,0.69321114,0.4936761,0.6788635
15_carol.png,cw,0.7195335,0.31674635,0.73189974,0.29286796,0.70361775,0.29519984,0.7492654,0.30734822,0.6831783,0.31504112,0.78372335,0.41798434,0.6638113,0.45303196,0.8079011,0.47000003,0.64735687,0.5896348,0.69012827,0.38403448,0.6661905,0.41158143,0.77118254,0.8429776,0.6823209,0.8439082,0.0,0.0,0.0,0.0,0.0,0.0,0.0,0.0
15_final.png,cw,0.40384308,0.2935752,0.41599447,0.26575872,0.38979834,0.27003807,0.43787223,0.28079796,0.37689728,0.28968757,0.4682228,0.44783834,0.34622452,0.4201288,0.48131818,0.5598012,0.32036647,0.4681039,0.441001,0.38386023,0.40744805,0.36022118,0.4400127,0.8645189,0.35019797,0.8546761,0.0,0.0,0.0,0.0,0.0,0.0,0.0,0.0
16.png,cw,0.4990139,0.26985502,0.50456744,0.26130047,0.49342552,0.26316404,0.51587534,0.271342,0.48771936,0.27460262,0.5267428,0.33429685,0.48003086,0.31668037,0.5225538,0.37719646,0.47439623,0.3262278,0.5133139,0.33499962,0.5130084,0.31835455,0.5162887,0.4945005,0.48237342,0.48661855,0.5172945,0.60554343,0.47801405,0.5914469,0.52165514,0.69486094,0.48049974,0.68125415
163_2.png,cw,0.48805895,0.32585433,0.4956982,0.3168224,0.4821508,0.3131352,0.50267464,0.3278083,0.46876702,0.31891358,0.510223,0.38351548,0.4506139,0.39576638,0.51176417,0.41906416,0.44261494,0.47074407,0.46958455,0.39193836,0.4554955,0.4040913,0.50046974,0.5754799,0.45851618,0.57867885,0.496234,0.7139801,0.45441294,0.715516,0.49698353,0.83754456,0.4495627,0.8294063
164_2.png,cw,0.5029181,0.33587614,0.5108745,0.32628673,0.49707517,0.32308054,0.5190344,0.33596492,0.4850399,0.32831573,0.52613795,0.39204708,0.4699122,0.40397534,0.523888,0.4273941,0.4588901,0.47670567,0.4820687,0.40290332,0.4671823,0.4134665,0.5161332,0.58674645,0.47600013,0.5886805,0.51339597,0.7261183,0.46963674,0.72303087,0.51554024,0.84743685,0.46660733,0.83155143
165_2.png,cw,0.5128752,0.35371238,0.52073663,0.34422886,0.50745666,0.3423212,0.53129613,0.35298017,0.4984584,0.34836105,0.5393063,0.41117468,0.48577413,0.4179813,0.52894384,0.45262334,0.46899515,0.4861125,0.49196187,0.42360374,0.47664505,0.44279507,0.5253267,0.59862375,0.48669544,0.5982529,0.5239428,0.73804086,0.48076993,0.7325469,0.5283872,0.8567076,0.48051888,0.84273887
166_2.png,cw,0.47768506,0.34665328,0.48524293,0.33640483,0.47236842,0.33489957,0.494909,0.345415,0.46288905,0.34348738,0.50364816,0.40463224,0.44998232,0.41664132,0.49553117,0.44670928,0.4339169,0.4859014,0.45577222,0.3991176,0.44019476,0.42137498,0.4893206,0.59427047,0.45078048,0.5961062,0.49090606,0.7344707,0.4484642,0.72566044,0.49413785,0.8552753,0.4489228,0.8386529
167_2.png,cw,0.47441417,0.3587085,0.48210073,0.34725708,0.46965823,0.34637478,0.4938323,0.351169,0.462018,0.35103962,0.50280607,0.4060655,0.45047665,0.42162114,0.48958653,0.45593825,0.43248528,0.49591935,0.44979686,0.41986227,0.43746024,0.42435566,0.4866108,0.6005182,0.44891685,0.6037359,0.48706275,0.7458892,0.44623843,0.7383025,0.49299654,0.86962944,0.4493371,0.85221916
16_carol.png,cw,0.7462119,0.31701347,0.7585771,0.29333654,0.7308871,0.29572424,0.77625227,0.3067101,0.71059734,0.31299812,0.80908316,0.41923404,0.68859553,0.44424158,0.83587587,0.5020903,0.6682363,0.582496,0.74041,0.39294362,0.69279546,0.40833747,0.7973096,0.803717,0.71066916,0.8062256,0.0,0.0,0.0,0.0,0.0,0.0,0.0,0.0
16_final.png,cw,0.5529379,0.3037356,0.566437,0.2785875,0.5368849,0.27931768,0.5837059,0.30228376,0.5151313,0.30158317,0.6087268,0.45678458,0.49386948,0.42178455,0.6512236,0.548007,0.52602273,0.43766183,0.63927305,0.35676277,0.61024827,0.33895767,0.59621483,0.8888706,0.5056764,0.8861821,0.0,0.0,0.0,0.0,0.0,0.0,0.0,0.0
17.png,cw,0.4798898,0.26998731,0.48569995,0.26081,0.47327557,0.2620934,0.49645048,0.27146876,0.46514836,0.27351856,0.50719064,0.33303455,0.46017662,0.32392365,0.5061933,0.37380764,0.46245056,0.3425235,0.4975493,0.33828813,0.49763575,0.3108878,0.49986982,0.48484695,0.46571246,0.48123872,0.50106794,0.594835,0.46388626,0.5882329,0.5045897,0.68414694,0.4639113,0.6762561
17_2.png,cw,0.51101184,0.26281875,0.51778126,0.2534205,0.5047747,0.25070494,0.52614594,0.26661095,0.49340552,0.25783196,0.5345273,0.34540075,0.47799787,0.31800935,0.5458611,0.4094748,0.4884445,0.34592116,0.5449408,0.34897903,0.53559744,0.31911567,0.52412474,0.52684194,0.48291826,0.51776135,0.5228046,0.66296077,0.47758335,0.6559169,0.521633,0.77785814,0.47318023,0.77679425
17_carol.png,cw,0.7466535,0.31322068,0.7596299,0.28923172,0.7314603,0.29135573,0.77704006,0.30503708,0.71040404,0.3104142,0.8108309,0.4162691,0.6878978,0.4451795,0.84036577,0.4799864,0.6690346,0.5860796,0.71382123,0.39009115,0.68740624,0.41792268,0.79108536,0.84105074,0.6992049,0.83876,0.0,0.0,0.0,0.0,0.0,0.0,0.0,0.0
17_final.png,cw,0.4069945,0.29247233,0.4199956,0.26594403,0.39307153,0.2678382,0.44133148,0.2808789,0.37856832,0.28483942,0.46892205,0.44114274,0.34638926,0.4182757,0.4830305,0.5604089,0.3258741,0.4853174,0.4455355,0.3789506,0.41556627,0.35403314,0.4445343,0.84014714,0.35504144,0.833214,0.0,0.0,0.0,0.0,0.0,0.0,0.0,0.0
18.png,cw,0.49016446,0.2674173,0.49608344,0.2580313,0.48350605,0.2595441,0.5058397,0.26754236,0.47519866,0.26973522,0.5143726,0.32726425,0.469102,0.31414044,0.5197392,0.3708527,0.47476387,0.33062372,0.51925796,0.32970893,0.50321376,0.30913776,0.5090715,0.48881742,0.4757107,0.4834606,0.5109798,0.5953378,0.47039637,0.58846515,0.51397824,0.6817008,0.47016343,0.67451733
18_2.png,cw,0.5020965,0.26186278,0.5087857,0.25200403,0.49529538,0.250017,0.5162366,0.26554295,0.48310915,0.25921953,0.5229435,0.34251136,0.4701056,0.31968597,0.53679377,0.40114442,0.47817343,0.34381783,0.5321167,0.34462568,0.52194816,0.31429577,0.5137473,0.5239496,0.47488055,0.5164385,0.5143331,0.6617651,0.46958247,0.6539604,0.5125343,0.77655274,0.46178395,0.77416706
18_carol.png,cw,0.71844393,0.31317613,0.73208845,0.28990507,0.7035549,0.2901269,0.7514757,0.3084813,0.68532115,0.31165928,0.7795063,0.42281806,0.659202,0.45317248,0.78464335,0.44813147,0.6318259,0.5814074,0.6662204,0.38190222,0.65261203,0.40879297,0.7526833,0.8688746,0.6584134,0.861753,0.0,0.0,0.0,0.0,0.0,0.0,0.0,0.0
18_final.png,cw,0.5515145,0.30121243,0.5648611,0.2768116,0.5361803,0.27725667,0.5804456,0.2993231,0.5151224,0.29906332,0.6089698,0.45218125,0.49014243,0.42065838,0.652654,0.5530465,0.5277363,0.43098366,0.6346097,0.36179402,0.6128386,0.34606078,0.59710777,0.886363,0.50594056,0.8829512,0.0,0.0,0.0,0.0,0.0,0.0,0.0,0.0
19.png,cw,0.49906674,0.2654428,0.5046014,0.25622672,0.49251324,0.25810665,0.5148053,0.26495534,0.4844889,0.267842,0.52474225,0.3236504,0.47611594,0.30986091,0.52863514,0.37024227,0.47272307,0.3268279,0.52834237,0.33344802,0.51268095,0.31510526,0.5208035,0.48447978,0.48592204,0.48072124,0.5222322,0.59676296,0.48097372,0.5932788,0.52813995,0.6862681,0.48190513,0.6861942
19_2.png,cw,0.44264024,0.29838154,0.4487946,0.2873011,0.4360686,0.28902605,0.46255335,0.2969192,0.42987528,0.29923195,0.47546405,0.3762127,0.41953215,0.35155988,0.46952742,0.43774873,0.39426002,0.37340596,0.456111,0.39006814,0.44651705,0.37291425,0.45977107,0.5598176,0.42097807,0.5507819,0.46436495,0.7004677,0.4232369,0.6848723,0.469104,0.81503636,0.42440742,0.8022198
19_carol.png,cw,0.6332379,0.33640078,0.6487199,0.31741437,0.6211702,0.3106461,0.6673397,0.34035635,0.6038008,0.3276291,0.6882737,0.44974396,0.5695017,0.461687,0.69688344,0.5150256,0.5347,0.59552467,0.57717407,0.39990607,0.5540103,0.4252975,0.66096175,0.8806018,0.5687209,0.87112886,0.0,0.0,0.0,0.0,0.0,0.0,0.0,0.0
19_final.png,cw,0.41025123,0.2915007,0.4231515,0.26589465,0.39679277,0.26649147,0.44217834,0.28214887,0.3808852,0.28090912,0.46749657,0.4348087,0.3476689,0.4117873,0.48859492,0.56229293,0.3276236,0.5094202,0.45435303,0.38071886,0.42384118,0.36162084,0.44651493,0.83612585,0.3564661,0.83433855,0.0,0.0,0.0,0.0,0.0,0.0,0.0,0.0
1_final_final.png,cw,0.4863637,0.30646396,0.49805194,0.27774015,0.47208017,0.2837286,0.52197784,0.29223233,0.45999712,0.30421367,0.55267096,0.473212,0.42681104,0.42691976,0.5392453,0.55860364,0.4007174,0.4281087,0.5241079,0.37839893,0.4962561,0.3636622,0.51089925,0.8723225,0.41732234,0.85670626,0.0,0.0,0.0,0.0,0.0,0.0,0.0,0.0
20.png,cw,0.51160157,0.2656835,0.517713,0.25633162,0.5048538,0.25680524,0.5278958,0.26683947,0.4956585,0.26667926,0.53767294,0.3300214,0.48911133,0.3181215,0.5432015,0.3755935,0.4923339,0.34015793,0.53944165,0.33735082,0.5266218,0.31196636,0.5305568,0.4867447,0.49568826,0.48254067,0.5304285,0.59901863,0.4926184,0.5940715,0.53353435,0.6871673,0.49023455,0.6831504
20_2.png,cw,0.4700008,0.28914765,0.47720376,0.27855963,0.46349534,0.27842233,0.49021143,0.29102758,0.45496973,0.28965944,0.50133085,0.37097076,0.44250426,0.3458171,0.49903208,0.43289775,0.4312772,0.3670583,0.4885872,0.37623188,0.47646818,0.36144707,0.48639718,0.5552022,0.44424272,0.54544246,0.48935992,0.6981343,0.44586372,0.6812084,0.49288625,0.81269497,0.44338903,0.8003199
20_carol.png,cw,0.54878986,0.31357604,0.56365526,0.29456228,0.5369219,0.2894445,0.58296597,0.31838188,0.5203186,0.307707,0.5979397,0.4354452,0.48268542,0.448844,0.5604845,0.44182375,0.44135815,0.56359667,0.47673398,0.3798551,0.4633687,0.4121705,0.5692278,0.85354495,0.47840232,0.8475791,0.0,0.0,0.0,0.0,0.0,0.0,0.0,0.0
20_final.png,cw,0.54973996,0.3014429,0.56307906,0.27666682,0.5344067,0.27750567,0.5790198,0.29837358,0.51377547,0.29925105,0.6090444,0.44942677,0.48881713,0.42175785,0.6510984,0.5504907,0.52974117,0.43381178,0.6336837,0.36418772,0.61663574,0.34599614,0.59778196,0.88493544,0.50610983,0.8833886,0.0,0.0,0.0,0.0,0.0,0.0,0.0,0.0
21.png,cw,0.5108842,0.27303523,0.51663536,0.2638284,0.5037135,0.26554862,0.5262141,0.27453208,0.4946683,0.27673557,0.5334211,0.33490372,0.4892594,0.3208033,0.5362242,0.37625736,0.48804945,0.33458278,0.5398413,0.3408756,0.52430946,0.31904098,0.5276823,0.49194148,0.4953673,0.48687434,0.52624536,0.6036004,0.48643222,0.5988138,0.52892995,0.6872191,0.4839603,0.68392146
21_carol.png,cw,0.5047787,0.31253657,0.51910824,0.29157266,0.49295124,0.28774235,0.53681606,0.31508878,0.47525787,0.30615944,0.5579403,0.4393779,0.43922824,0.44708753,0.55762994,0.48145655,0.409697,0.5682941,0.44624263,0.3868855,0.43142575,0.4156711,0.52602756,0.8806182,0.43548188,0.8712803,0.0,0.0,0.0,0.0,0.0,0.0,0.0,0.0
21_final.png,cw,0.4168004,0.2914467,0.4300773,0.26591468,0.4039282,0.26614723,0.44983608,0.2796836,0.38842258,0.27889776,0.47678345,0.43384942,0.35507318,0.4149281,0.49521953,0.5730417,0.33521873,0.52737975,0.4623157,0.3845855,0.39996758,0.36875296,0.45417905,0.8415786,0.36404985,0.8376604,0.0,0.0,0.0,0.0,0.0,0.0,0.0,0.0
22.png,cw,0.5010224,0.27572745,0.50622034,0.26723498,0.49452114,0.26909846,0.5149361,0.27748945,0.48586446,0.28097838,0.5234805,0.33430684,0.4787448,0.32262373,0.5276371,0.3743654,0.48546094,0.3331353,0.5281035,0.33683196,0.5216029,0.31430608,0.514851,0.490905,0.48148346,0.4864303,0.51537055,0.6005995,0.47463623,0.5948317,0.51799726,0.6909517,0.47072515,0.6878484
22_2.png,cw,0.50670516,0.29232946,0.51326543,0.28237528,0.5006684,0.28193653,0.5266361,0.2939389,0.49334413,0.2916864,0.5406334,0.37323913,0.48155755,0.34609273,0.53539026,0.43900707,0.46846366,0.36857554,0.5267378,0.3830535,0.5178857,0.35500374,0.5216955,0.56006336,0.47953734,0.54927045,0.5238249,0.7036964,0.47816175,0.6866221,0.5255453,0.82533264,0.47744456,0.8134956
22_carol.png,cw,0.4912476,0.30846947,0.50584406,0.2902061,0.47964197,0.28143644,0.5206342,0.3152158,0.4576827,0.2959613,0.5350944,0.43232077,0.42012772,0.4417915,0.5458195,0.466672,0.38706717,0.57218367,0.42976803,0.38491762,0.41283458,0.40972298,0.5120212,0.88081867,0.42318624,0.8745943,0.0,0.0,0.0,0.0,0.0,0.0,0.0,0.0
22_final.png,cw,0.55105484,0.29996732,0.5643945,0.27625096,0.5354983,0.27654988,0.5813052,0.2982634,0.51360124,0.29752597,0.60734487,0.44747245,0.49211493,0.41691938,0.6486589,0.55022615,0.52961475,0.44556308,0.63929176,0.36234114,0.6170914,0.34377748,0.60017014,0.88063914,0.5091351,0.88037014,0.0,0.0,0.0,0.0,0.0,0.0,0.0,0.0
23_carol.png,cw,0.48785478,0.29668584,0.5039418,0.27642393,0.47570476,0.26825792,0.52025825,0.30417606,0.45372504,0.2859069,0.5330568,0.42910567,0.4162535,0.43722615,0.54815626,0.48601422,0.37968722,0.58155626,0.42305684,0.3743457,0.40876716,0.4092054,0.5088443,0.88434803,0.4181251,0.8762334,0.0,0.0,0.0,0.0,0.0,0.0,0.0,0.0
23_final.png,cw,0.42949787,0.29213896,0.44327444,0.26722816,0.4160648,0.26601693,0.46267486,0.28402695,0.3986482,0.2814571,0.48840004,0.4392975,0.36413088,0.42084664,0.51027477,0.5771504,0.3637204,0.5202743,0.47987786,0.38443238,0.4614152,0.3549704,0.47159296,0.8352323,0.37966806,0.8330169,0.0,0.0,0.0,0.0,0.0,0.0,0.0,0.0
24_2.png,cw,0.4920631,0.28639126,0.4994915,0.27637494,0.48553538,0.2755378,0.51165444,0.2906202,0.4761126,0.287001,0.5206975,0.37111673,0.46181464,0.34227252,0.51952255,0.43475792,0.4557852,0.36408737,0.5141377,0.37390214,0.50101256,0.35619006,0.50333726,0.55125946,0.46095872,0.53963596,0.5011633,0.69450235,0.45731863,0.6775753,0.501969,0.8103066,0.45298666,0.7971446
24_carol.png,cw,0.504218,0.23954174,0.522879,0.22181502,0.49006915,0.21095598,0.5415133,0.25343743,0.46504503,0.23264208,0.5587951,0.36701924,0.4232028,0.38534448,0.580291,0.45343763,0.37702322,0.55279744,0.43092442,0.31605238,0.40914083,0.35124418,0.52934235,0.79934055,0.43029577,0.79226464,0.0,0.0,0.0,0.0,0.0,0.0,0.0,0.0
24_final.png,cw,0.56499904,0.29902804,0.5775522,0.27169853,0.54935,0.2750192,0.59590536,0.28704703,0.5300217,0.29436967,0.62658536,0.44736573,0.5084917,0.4229659,0.66948956,0.5542672,0.54733,0.44273818,0.6567611,0.3696067,0.6366441,0.34661704,0.61374986,0.88032377,0.5227897,0.880413,0.0,0.0,0.0,0.0,0.0,0.0,0.0,0.0
25.png,cw,0.51534665,0.2787033,0.5200535,0.27073205,0.5086933,0.27159446,0.52646965,0.28008747,0.49879432,0.2810326,0.534016,0.3333352,0.49279636,0.3205984,0.5445777,0.37697437,0.50680315,0.33027676,0.5441622,0.3392376,0.53810424,0.29922155,0.52972686,0.48766437,0.49855724,0.4842617,0.5313422,0.59637433,0.49348068,0.59522533,0.5275112,0.68677396,0.48573154,0.6909441
25_carol.png,cw,0.50517684,0.17416534,0.5252363,0.15079537,0.48776585,0.14510798,0.54816526,0.18629014,0.4606259,0.17645317,0.5693266,0.3356169,0.4207676,0.36496004,0.5911149,0.40460548,0.36880153,0.5339349,0.41430464,0.26390582,0.40095505,0.30440402,0.5340297,0.84236366,0.42623597,0.8366334,0.0,0.0,0.0,0.0,0.0,0.0,0.0,0.0
25_final.png,cw,0.44609538,0.29029572,0.45949474,0.2665857,0.43217874,0.26605618,0.47939855,0.28346083,0.41648602,0.2815194,0.50768703,0.43093142,0.38250595,0.40922838,0.5278985,0.5740947,0.3735648,0.504301,0.49355048,0.37979558,0.48020226,0.33745533,0.49433202,0.82858735,0.39994422,0.8244528,0.0,0.0,0.0,0.0,0.0,0.0,0.0,0.0
26.png,cw,0.4886902,0.2769093,0.4933184,0.26906663,0.48193806,0.2700394,0.49928403,0.28007925,0.471744,0.28134933,0.5076452,0.33512962,0.46564212,0.32456988,0.5212697,0.3761743,0.48419166,0.33401307,0.518997,0.33996132,0.51393765,0.29820988,0.5039326,0.4864818,0.47214332,0.4839258,0.5052588,0.59520286,0.46796966,0.59546214,0.5014907,0.68330926,0.45915914,0.68818265
26_2.png,cw,0.5039485,0.26189867,0.5119944,0.2533032,0.49821377,0.25041997,0.52408046,0.2698229,0.4894515,0.2615362,0.5321914,0.34705827,0.47613105,0.32153097,0.53371173,0.4009228,0.47307044,0.3418124,0.534622,0.34740728,0.5193755,0.32128838,0.51692444,0.52766806,0.4759419,0.5181136,0.51763684,0.66585696,0.47017893,0.65257937,0.51462936,0.780042,0.46597028,0.772575
26_carol.png,cw,0.48687357,0.124979295,0.5083135,0.09270986,0.4654387,0.090593934,0.5364424,0.12348705,0.43486133,0.11970427,0.56555736,0.3037426,0.39508504,0.33293572,0.57990587,0.36492047,0.33361444,0.5163091,0.38519186,0.22353838,0.3780609,0.269253,0.53111154,0.8390256,0.40849882,0.83270985,0.0,0.0,0.0,0.0,0.0,0.0,0.0,0.0
26_final.png,cw,0.62023854,0.30060458,0.6341025,0.2750029,0.6041796,0.27822292,0.6532362,0.29544303,0.58353436,0.301755,0.68545216,0.45404103,0.5674695,0.4304968,0.7331543,0.55386144,0.61066514,0.44367388,0.71015286,0.37190184,0.69309884,0.34760115,0.67725384,0.8948878,0.58401215,0.8916841,0.0,0.0,0.0,0.0,0.0,0.0,0.0,0.0
27_carol.png,cw,0.48369092,0.08706563,0.5046845,0.056467757,0.4617649,0.05195978,0.5302103,0.08984282,0.42795834,0.08245242,0.5637662,0.26985958,0.38495043,0.30988857,0.58353955,0.3032928,0.33462068,0.48761445,0.38440305,0.1909747,0.37689844,0.24233435,0.53191733,0.82562274,0.40484968,0.8233016,0.0,0.0,0.0,0.0,0.0,0.0,0.0,0.0
27_final.png,cw,0.6965081,0.30119866,0.7091346,0.27160576,0.67886555,0.2783709,0.72913516,0.28903207,0.65854347,0.3045615,0.7662968,0.45386106,0.6380104,0.4377012,0.8121999,0.5561281,0.6826826,0.4449376,0.794118,0.35870904,0.7710257,0.3528823,0.76106274,0.91655576,0.66216016,0.9235796,0.0,0.0,0.0,0.0,0.0,0.0,0.0,0.0
28_2.png,cw,0.5100118,0.2633071,0.51686954,0.25339767,0.5036313,0.25137684,0.5264351,0.2656859,0.49286252,0.25877017,0.53601533,0.34490994,0.4777642,0.31816018,0.54385185,0.4094613,0.48372063,0.34634808,0.5419179,0.34721968,0.53308785,0.32289764,0.524412,0.5281581,0.4821906,0.5190622,0.52381426,0.66626555,0.47786045,0.6575417,0.52277124,0.7803594,0.47484264,0.77757967
28_carol.png,cw,0.51221365,0.1440654,0.5336854,0.11342625,0.491944,0.10926768,0.5609137,0.14100185,0.4610154,0.1332052,0.587968,0.3052016,0.42405033,0.3408323,0.6102734,0.36656517,0.38073185,0.52832437,0.42960063,0.25855955,0.41255862,0.30409566,0.557456,0.82734406,0.43908054,0.82571125,0.0,0.0,0.0,0.0,0.0,0.0,0.0,0.0
28_final.png,cw,0.73373044,0.29721886,0.74746865,0.266384,0.7161489,0.27276057,0.7682844,0.2824951,0.6958614,0.29616675,0.8059518,0.45145234,0.6757038,0.43528116,0.85745925,0.56392944,0.71318924,0.4549192,0.831587,0.36357388,0.8142662,0.3447026,0.7925917,0.9124383,0.69564617,0.91548675,0.0,0.0,0.0,0.0,0.0,0.0,0.0,0.0
29_carol.png,cw,0.5491843,0.22516726,0.5682813,0.19702604,0.5320314,0.19327977,0.5927685,0.22329538,0.5073957,0.21640442,0.6185431,0.3786677,0.47728762,0.40962964,0.64231277,0.4382609,0.44059807,0.57756007,0.47919217,0.34112948,0.46242857,0.37767944,0.5944746,0.8810644,0.48880395,0.8774643,0.0,0.0,0.0,0.0,0.0,0.0,0.0,0.0
29_final.png,cw,0.74508584,0.29744166,0.75845945,0.2667466,0.72766685,0.2728724,0.77769804,0.28412908,0.70707405,0.29699132,0.8143207,0.44999564,0.68699104,0.43119457,0.8647498,0.5673677,0.73380196,0.44872445,0.84180355,0.36194882,0.81897163,0.34421045,0.8038651,0.9095861,0.70787525,0.91403335,0.0,0.0,0.0,0.0,0.0,0.0,0.0,0.0
2_2.png,cw,0.5084475,0.2601568,0.51575226,0.25159886,0.50285786,0.2484964,0.52648675,0.26662123,0.49331623,0.25684986,0.5348096,0.34512118,0.4773651,0.31359765,0.5387574,0.40971723,0.47945014,0.33698893,0.5376986,0.35466683,0.53171194,0.32301813,0.5213226,0.5239373,0.47956356,0.5128412,0.52043194,0.66146064,0.4741671,0.65040874,0.5190242,0.776366,0.4700846,0.77180463
30_carol.png,cw,0.5551198,0.3531389,0.56703866,0.33258656,0.54338014,0.332252,0.58292264,0.3487343,0.5285052,0.3500497,0.60850215,0.4631396,0.5035072,0.48499426,0.6118864,0.527642,0.48552877,0.60293865,0.5120108,0.4487578,0.49213982,0.47337943,0.5921254,0.8168273,0.51436555,0.8162313,0.0,0.0,0.0,0.0,0.0,0.0,0.0,0.0
30_final.png,cw,0.7343327,0.29900965,0.74775344,0.26838875,0.71713614,0.27542976,0.76899517,0.28404346,0.6980889,0.29909644,0.80681074,0.4499001,0.6782183,0.43231946,0.85590947,0.56466347,0.71759874,0.4486496,0.83177745,0.37157813,0.8149454,0.3496205,0.79370075,0.9113159,0.69737613,0.91444314,0.0,0.0,0.0,0.0,0.0,0.0,0.0,0.0
31_carol.png,cw,0.5820898,0.35055703,0.5929295,0.33140042,0.57116705,0.3302336,0.60637224,0.3507591,0.5538816,0.3483132,0.6299436,0.46520615,0.52841866,0.48479915,0.63843983,0.5267778,0.51856476,0.5938968,0.54056793,0.43663594,0.5254699,0.45731813,0.62371,0.7959271,0.54599035,0.7987943,0.0,0.0,0.0,0.0,0.0,0.0,0.0,0.0
31_final.png,cw,0.69363344,0.3011531,0.707118,0.2712301,0.6768168,0.27735817,0.72899354,0.28936186,0.65871805,0.30197853,0.763394,0.4515709,0.64081144,0.43020752,0.812142,0.56784075,0.67810017,0.44764435,0.7866574,0.38109997,0.7671113,0.3475418,0.7521655,0.90906143,0.65731025,0.91184837,0.0,0.0,0.0,0.0,0.0,0.0,0.0,0.0
32_carol.png,cw,0.63873833,0.36711332,0.64913625,0.34648284,0.62623966,0.34721035,0.6629082,0.36305597,0.6091353,0.3659122,0.6864284,0.47846887,0.5908199,0.4929188,0.7178907,0.5676637,0.5819476,0.6112847,0.6847425,0.4969145,0.59970665,0.4827485,0.6772872,0.7912456,0.60702366,0.7915007,0.0,0.0,0.0,0.0,0.0,0.0,0.0,0.0
32_final.png,cw,0.62098354,0.3058263,0.6347956,0.2799293,0.60456914,0.28384286,0.6577284,0.29912254,0.58778197,0.3062789,0.68752664,0.4522935,0.5696784,0.42156985,0.7264089,0.57846195,0.584644,0.46537763,0.70313567,0.39314407,0.681163,0.36475995,0.66352296,0.88319963,0.5718717,0.8745725,0.0,0.0,0.0,0.0,0.0,0.0,0.0,0.0
33_carol.png,cw,0.6655362,0.367246,0.6761993,0.3460544,0.65186,0.3470432,0.6900558,0.36490783,0.6328536,0.36821565,0.7175144,0.48101383,0.6163108,0.49826398,0.74836034,0.56071115,0.61501884,0.6190946,0.6918174,0.48388588,0.63148654,0.48565665,0.7072293,0.82611644,0.63215756,0.82494354,0.0,0.0,0.0,0.0,0.0,0.0,0.0,0.0
33_final.png,cw,0.56828606,0.3048743,0.5816719,0.2783084,0.55330056,0.28274223,0.60434425,0.29304805,0.53740275,0.30303437,0.6337246,0.43732208,0.51836824,0.4162218,0.6624572,0.57407045,0.54433835,0.47146186,0.64019245,0.40481585,0.6323505,0.36997434,0.6052624,0.8651991,0.5169655,0.8606007,0.0,0.0,0.0,0.0,0.0,0.0,0.0,0.0
34_carol.png,cw,0.5716957,0.35012496,0.583286,0.33031762,0.55987775,0.3296369,0.59677076,0.35081184,0.5413945,0.3489332,0.6200819,0.46155208,0.5163687,0.48396394,0.6221198,0.51148117,0.5029006,0.59421206,0.5280918,0.44252434,0.50702035,0.47281495,0.6148695,0.809491,0.53425133,0.8150161,0.0,0.0,0.0,0.0,0.0,0.0,0.0,0.0
34_final.png,cw,0.53218853,0.29344994,0.5472028,0.26785812,0.5183829,0.27045748,0.572104,0.2874547,0.5039128,0.29308778,0.60129666,0.43786067,0.4782622,0.4263442,0.6249548,0.5853761,0.49684364,0.53716385,0.6047564,0.38419563,0.59039336,0.36816126,0.5714982,0.8775324,0.48012218,0.8731237,0.0,0.0,0.0,0.0,0.0,0.0,0.0,0.0
35_carol.png,cw,0.62958586,0.3637064,0.64003336,0.34303096,0.61623883,0.34433654,0.65379095,0.3614724,0.59818465,0.36490995,0.67750525,0.4790603,0.5779096,0.491152,0.7053216,0.57023084,0.56559247,0.608761,0.67969376,0.5003334,0.58322555,0.47740695,0.6675201,0.80581665,0.59429955,0.80684847,0.0,0.0,0.0,0.0,0.0,0.0,0.0,0.0
35_final.png,cw,0.51121557,0.27420628,0.5273101,0.24494481,0.49572,0.24612036,0.55298954,0.26193696,0.47991806,0.26311395,0.578012,0.43056923,0.45152226,0.40537184,0.59854066,0.5816256,0.41993046,0.5216869,0.5731301,0.36776224,0.44099122,0.40594846,0.54333365,0.88390136,0.4500956,0.8756073,0.0,0.0,0.0,0.0,0.0,0.0,0.0,0.0
36_carol.png,cw,0.6956829,0.36062977,0.7069636,0.33878082,0.68273234,0.3393582,0.7223705,0.35757938,0.66628903,0.35955557,0.747295,0.487284,0.64675653,0.49559104,0.7768157,0.56808174,0.6297694,0.6122065,0.7396491,0.49952707,0.65479386,0.47002187,0.7212583,0.8433451,0.6470754,0.83341223,0.0,0.0,0.0,0.0,0.0,0.0,0.0,0.0
36_final.png,cw,0.4884821,0.24969102,0.5062686,0.22318251,0.4751565,0.22284237,0.5352597,0.24966256,0.46034652,0.2472652,0.5579922,0.4295332,0.42335266,0.39990422,0.5529852,0.56795216,0.40741625,0.4904962,0.54319537,0.3522558,0.47255626,0.3512821,0.5157906,0.8905601,0.4164723,0.87887514,0.0,0.0,0.0,0.0,0.0,0.0,0.0,0.0
37_carol.png,cw,0.59280837,0.35763592,0.6047183,0.33896163,0.58267134,0.33472475,0.618743,0.35982323,0.5663619,0.35066307,0.6365255,0.48547372,0.5342196,0.49333987,0.63741606,0.53495437,0.51523936,0.59906167,0.55262744,0.46527022,0.53358555,0.48010474,0.6068157,0.83479273,0.53029454,0.8290167,0.0,0.0,0.0,0.0,0.0,0.0,0.0,0.0
37_final.png,cw,0.4587647,0.2391776,0.47333193,0.20784599,0.44309244,0.21507378,0.5034777,0.23337682,0.43134752,0.24682623,0.5356852,0.4350116,0.39481574,0.3878796,0.528772,0.547807,0.3707488,0.39346936,0.50702184,0.3326199,0.49111167,0.3066201,0.4882094,0.9027244,0.38355264,0.8887436,0.0,0.0,0.0,0.0,0.0,0.0,0.0,0.0
38_carol.png,cw,0.5404078,0.35125902,0.553322,0.33255574,0.52994436,0.32948235,0.56946146,0.35205075,0.51509947,0.34568676,0.5874415,0.47034678,0.48573953,0.48552382,0.57073617,0.52056104,0.46238646,0.6030675,0.48685503,0.46414658,0.47775143,0.4816405,0.558014,0.8339347,0.48301086,0.8290963,0.0,0.0,0.0,0.0,0.0,0.0,0.0,0.0
38_final.png,cw,0.4060216,0.26683164,0.42151436,0.2362094,0.391731,0.23801202,0.44900241,0.25684658,0.37738317,0.25878432,0.4716739,0.45307955,0.33952945,0.40321985,0.47294074,0.5590702,0.3103086,0.4235911,0.45062238,0.36521953,0.3846148,0.35608763,0.42631215,0.901621,0.32794258,0.88698435,0.0,0.0,0.0,0.0,0.0,0.0,0.0,0.0
39_carol.png,cw,0.5087015,0.34278682,0.5225954,0.3227058,0.49728268,0.32018209,0.5395647,0.34576085,0.48161536,0.3400555,0.55719024,0.46989033,0.45044535,0.4820902,0.5409697,0.5275993,0.42488575,0.601817,0.4510746,0.45935583,0.43784738,0.4752716,0.52369875,0.84810215,0.44493675,0.8431987,0.0,0.0,0.0,0.0,0.0,0.0,0.0,0.0
39_final.png,cw,0.36045083,0.2816586,0.3739379,0.2530456,0.34581205,0.2551189,0.39791346,0.27256176,0.33059114,0.27493784,0.41510162,0.4593593,0.29474005,0.40115485,0.4204668,0.5608037,0.26113856,0.40740052,0.39845473,0.3793429,0.3546151,0.3640514,0.36913997,0.9016274,0.27363423,0.8843293,0.0,0.0,0.0,0.0,0.0,0.0,0.0,0.0
40_carol.png,cw,0.47394723,0.31740227,0.48895344,0.2955472,0.4632197,0.29197967,0.50855553,0.31987944,0.44825977,0.3123355,0.52653706,0.45975122,0.41207534,0.47172764,0.49640495,0.5004473,0.38055164,0.59546787,0.39855796,0.4401814,0.3879668,0.46738106,0.48690575,0.8859707,0.39776087,0.8726131,0.0,0.0,0.0,0.0,0.0,0.0,0.0,0.0
40_final.png,cw,0.33681452,0.28345853,0.350181,0.25613803,0.3226195,0.25653923,0.37131676,0.27332315,0.30549398,0.2725844,0.39060527,0.45262647,0.27076748,0.40341327,0.4048667,0.55472684,0.23896131,0.41482952,0.37783042,0.38178143,0.33849806,0.35368314,0.3594261,0.87564754,0.26681685,0.86471504,0.0,0.0,0.0,0.0,0.0,0.0,0.0,0.0
41_carol.png,cw,0.42147952,0.31636468,0.43605837,0.29525355,0.4100267,0.29082245,0.45334378,0.31751525,0.3924009,0.30867696,0.46941233,0.4472104,0.3598379,0.4631942,0.45103842,0.48965454,0.32967386,0.5906097,0.3517931,0.43201497,0.34057602,0.45876762,0.43832245,0.85130215,0.35337877,0.84089404,0.0,0.0,0.0,0.0,0.0,0.0,0.0,0.0
41_final.png,cw,0.33563086,0.2824013,0.348243,0.2538324,0.32129544,0.2567431,0.37069246,0.2696627,0.30636066,0.27468655,0.39347145,0.4514942,0.27609205,0.40512294,0.40043965,0.54273164,0.23783901,0.4077251,0.37633315,0.38186163,0.330803,0.34944025,0.36151275,0.8700291,0.27076057,0.85730577,0.0,0.0,0.0,0.0,0.0,0.0,0.0,0.0
42_carol.png,cw,0.3925152,0.31714663,0.40605515,0.29637444,0.38123947,0.29194313,0.42167425,0.3171612,0.3628889,0.30745205,0.43922848,0.45066786,0.3300331,0.46458697,0.43335643,0.4910795,0.3021633,0.58713293,0.33067173,0.43339294,0.3135509,0.46273515,0.4096253,0.8546486,0.32719833,0.8481735,0.0,0.0,0.0,0.0,0.0,0.0,0.0,0.0
42_final.png,cw,0.35565588,0.27511513,0.37000075,0.24934033,0.34256837,0.24729829,0.38892204,0.2660974,0.3246115,0.26130322,0.40895557,0.426992,0.28757668,0.40473548,0.4299392,0.5669816,0.25573993,0.52306986,0.40119275,0.37292853,0.28086203,0.4120158,0.3843829,0.83471364,0.29361254,0.82737243,0.0,0.0,0.0,0.0,0.0,0.0,0.0,0.0
43_carol.png,cw,0.38068163,0.321404,0.39258316,0.2996989,0.36820492,0.2992576,0.40664577,0.318656,0.3492549,0.31735203,0.4288067,0.44747773,0.32008514,0.4643902,0.42991224,0.5073664,0.2953682,0.5831125,0.3300652,0.4377628,0.30628365,0.46100345,0.40337563,0.8215852,0.32362112,0.8207592,0.0,0.0,0.0,0.0,0.0,0.0,0.0,0.0
43_final.png,cw,0.4130973,0.2849687,0.42795858,0.26016995,0.39845863,0.2583844,0.447805,0.27852312,0.38009888,0.2743365,0.46938246,0.42111436,0.34621796,0.39545467,0.49313408,0.58108336,0.31569028,0.5215027,0.46305808,0.37171894,0.3412301,0.4250582,0.4521657,0.8663886,0.35714945,0.85964787,0.0,0.0,0.0,0.0,0.0,0.0,0.0,0.0
44_carol.png,cw,0.4032731,0.33021864,0.41595945,0.30916905,0.3921644,0.3081932,0.43160677,0.3287051,0.37482792,0.32740414,0.44863015,0.4570652,0.34759662,0.47884667,0.4438919,0.5019851,0.32385978,0.5831369,0.3468972,0.4368098,0.33381483,0.45936483,0.43018493,0.8230639,0.35288858,0.81994724,0.0,0.0,0.0,0.0,0.0,0.0,0.0,0.0
44_final.png,cw,0.49856648,0.29241642,0.51178616,0.26489136,0.48267126,0.26741382,0.5302069,0.28338093,0.46323282,0.2880963,0.56007683,0.43047747,0.43478876,0.41859648,0.59575474,0.5808773,0.45615235,0.5247703,0.5628905,0.38869253,0.547316,0.3482093,0.5474841,0.8873192,0.45040426,0.8890581,0.0,0.0,0.0,0.0,0.0,0.0,0.0,0.0
45_carol.png,cw,0.46268287,0.36896637,0.47487417,0.3481274,0.45047015,0.34804773,0.49080378,0.36649704,0.43451414,0.3677901,0.51184064,0.4849779,0.4139853,0.50458,0.5141359,0.5402856,0.39716718,0.621361,0.42165846,0.48390037,0.40563637,0.5063711,0.49211913,0.84634686,0.41650915,0.84065264,0.0,0.0,0.0,0.0,0.0,0.0,0.0,0.0
45_final.png,cw,0.5620348,0.28553233,0.57654935,0.26054096,0.54626447,0.25979677,0.5940671,0.28455642,0.52425593,0.28298697,0.6190222,0.4391304,0.5006498,0.42223853,0.65879405,0.57411844,0.4874246,0.530164,0.62857854,0.38949034,0.4895491,0.4436018,0.59941405,0.85838324,0.5123823,0.8508192,0.0,0.0,0.0,0.0,0.0,0.0,0.0,0.0
46_carol.png,cw,0.5048984,0.3821856,0.5161415,0.3614797,0.49274072,0.36309487,0.5313705,0.37550655,0.4766644,0.38104758,0.55434585,0.48677307,0.4571201,0.5092776,0.5609296,0.55088127,0.44727868,0.6209307,0.47457594,0.5118548,0.45824736,0.52614635,0.53376114,0.8186381,0.4626034,0.8165321,0.0,0.0,0.0,0.0,0.0,0.0,0.0,0.0
46_final.png,cw,0.5762378,0.2905328,0.5908976,0.2667471,0.5618075,0.26640895,0.6112725,0.28925276,0.5437027,0.28905484,0.63449514,0.43896213,0.5180861,0.42343152,0.66046745,0.57186615,0.49386984,0.53450173,0.6366471,0.3966246,0.49933282,0.45040742,0.6106499,0.8708368,0.5232871,0.8641161,0.0,0.0,0.0,0.0,0.0,0.0,0.0,0.0
47_carol.png,cw,0.51531565,0.38598123,0.52629524,0.367079,0.5042939,0.36732912,0.540794,0.38333157,0.48916405,0.38422722,0.5613063,0.4889331,0.4691206,0.5079307,0.5582434,0.54851216,0.45729524,0.61261624,0.47687426,0.51221925,0.46512714,0.5265157,0.54297376,0.80338234,0.47332105,0.8057676,0.0,0.0,0.0,0.0,0.0,0.0,0.0,0.0
47_final.png,cw,0.5670598,0.2946641,0.58179533,0.2672939,0.5528904,0.26937687,0.60461485,0.2837222,0.5369767,0.2884071,0.63182366,0.44812486,0.51390153,0.43098724,0.65767545,0.5758251,0.49065608,0.54066765,0.61485136,0.36493304,0.48783398,0.45475033,0.59779185,0.8577788,0.51313347,0.8453776,0.0,0.0,0.0,0.0,0.0,0.0,0.0,0.0
48_carol.png,cw,0.5183004,0.3872189,0.52825236,0.3703875,0.50760764,0.37065804,0.5400185,0.38556594,0.49006933,0.38712394,0.55783474,0.4816925,0.47211266,0.5080256,0.55600464,0.5447765,0.46106014,0.61834216,0.48822173,0.52497846,0.47270876,0.5626261,0.5459488,0.7762514,0.48413914,0.78345346,0.5495548,0.9513482,0.0,0.0,0.0,0.0,0.0,0.0
48_final.png,cw,0.53827894,0.29467872,0.55077875,0.26599285,0.52449006,0.2714906,0.5749291,0.28170663,0.51192313,0.29317537,0.60908395,0.4606845,0.4801425,0.42665625,0.62065804,0.5684952,0.46279246,0.44307014,0.5850383,0.38578707,0.55765796,0.35206866,0.57481897,0.8681548,0.48144197,0.8589345,0.0,0.0,0.0,0.0,0.0,0.0,0.0,0.0
49_carol.png,cw,0.54345745,0.39458123,0.55327314,0.3754716,0.53266066,0.3758034,0.56525975,0.39116228,0.51624006,0.3936153,0.5828356,0.49169648,0.49594975,0.5130631,0.5942193,0.5510028,0.48955432,0.6171007,0.51795006,0.5138492,0.5096666,0.53227454,0.57411355,0.78252125,0.50845087,0.78582966,0.0,0.0,0.0,0.0,0.0,0.0,0.0,0.0
49_final.png,cw,0.47739547,0.30504164,0.4889531,0.27649036,0.46337977,0.28239793,0.51296246,0.29022428,0.4515934,0.30172297,0.54393107,0.47392836,0.41729528,0.42420545,0.52768964,0.55824065,0.3894736,0.42556068,0.5112017,0.36845008,0.49218616,0.35923147,0.50199205,0.87416905,0.4072581,0.85716844,0.0,0.0,0.0,0.0,0.0,0.0,0.0,0.0
4_2.png,cw,0.5089188,0.25638905,0.5160472,0.24753998,0.50309026,0.2446497,0.5260535,0.26202515,0.49306852,0.25293523,0.5351834,0.34049353,0.47803098,0.31217235,0.5426158,0.40411264,0.4838841,0.33784705,0.539668,0.3471731,0.53143704,0.31360185,0.5228035,0.5215756,0.48119158,0.51163256,0.52158433,0.65907526,0.47606492,0.64985085,0.52032715,0.7748746,0.47093344,0.7712004
4_carol.png,cw,0.60593027,0.097502224,0.62780446,0.06514195,0.5828171,0.065680146,0.65884817,0.10254335,0.5546391,0.10831657,0.69684255,0.28375122,0.5200149,0.34859347,0.69555163,0.25257805,0.47378212,0.49609014,0.50497234,0.17609337,0.49958745,0.22907001,0.6528563,0.8689909,0.52558,0.866786,0.0,0.0,0.0,0.0,0.0,0.0,0.0,0.0
4_final.png,cw,0.46063024,0.30238375,0.47209495,0.27466497,0.44705862,0.28062493,0.49699935,0.28851843,0.43555802,0.30077505,0.5269944,0.4719211,0.40251565,0.42230934,0.50794125,0.5571635,0.36721504,0.42154345,0.49201566,0.36860937,0.4643573,0.37139553,0.48861665,0.87723976,0.39488572,0.85984045,0.0,0.0,0.0,0.0,0.0,0.0,0.0,0.0
50.png,cw,0.5086056,0.3575409,0.5138346,0.34827682,0.5016652,0.34966722,0.5231416,0.3551449,0.49471182,0.35789925,0.531201,0.4098114,0.5008695,0.4054723,0.55158556,0.45721215,0.5262599,0.4248529,0.5543529,0.40761614,0.5441865,0.37800086,0.5333826,0.5569433,0.5104016,0.5588001,0.5298768,0.65559703,0.5036015,0.67084455,0.52394783,0.74578696,0.49515238,0.7777561
50_carol.png,cw,0.5913615,0.40528405,0.6006857,0.3865993,0.57989013,0.38815138,0.61333483,0.40358505,0.5635661,0.4100352,0.6354212,0.5011003,0.54894644,0.5316297,0.65496945,0.55721503,0.5429863,0.6371669,0.57512563,0.51724803,0.56769145,0.5538896,0.63500553,0.7882204,0.5690397,0.79446054,0.0,0.0,0.0,0.0,0.0,0.0,0.0,0.0
50_final.png,cw,0.4235788,0.2942243,0.43514186,0.26800427,0.40985614,0.2718812,0.4566463,0.28358698,0.39892787,0.2891667,0.48961622,0.45174098,0.361848,0.4118254,0.48451024,0.55888623,0.3278513,0.4593597,0.45840377,0.381883,0.4459261,0.34597838,0.46098495,0.86232764,0.36619356,0.85356957,0.0,0.0,0.0,0.0,0.0,0.0,0.0,0.0
51.png,cw,0.5203242,0.3599521,0.5257567,0.35014,0.51333785,0.35112575,0.5345992,0.355903,0.50457096,0.35701463,0.5424314,0.40773726,0.50763786,0.4033686,0.56117505,0.45490405,0.53733265,0.42866227,0.5666191,0.4150781,0.55929005,0.3919829,0.5442057,0.56480086,0.5179869,0.56556803,0.539713,0.66447085,0.5121357,0.68006116,0.5305905,0.7494645,0.50553715,0.7782272
51_carol.png,cw,0.62228376,0.40207893,0.63189876,0.38242695,0.6107422,0.38370204,0.64452267,0.39912117,0.59379715,0.4038295,0.6678506,0.50062174,0.5800193,0.52623683,0.69343036,0.55719113,0.5848739,0.6253029,0.60593814,0.5091301,0.6058312,0.5371282,0.6630972,0.78885186,0.5959494,0.79287654,0.0,0.0,0.0,0.0,0.0,0.0,0.0,0.0
51_final.png,cw,0.4059863,0.2931145,0.41775665,0.26533073,0.39112577,0.2707098,0.43928725,0.28052512,0.37753853,0.29191008,0.4685568,0.44565228,0.3477818,0.41851926,0.47547206,0.5482965,0.3174467,0.4623686,0.44336587,0.38363478,0.40232062,0.36377826,0.4403398,0.860308,0.35145992,0.8504476,0.0,0.0,0.0,0.0,0.0,0.0,0.0,0.0
52_carol.png,cw,0.6514645,0.40132752,0.66082764,0.3845281,0.64023554,0.3854909,0.6718807,0.4003586,0.62141854,0.4046112,0.6923562,0.48795,0.6038382,0.5183005,0.6996995,0.53721815,0.5935179,0.6132431,0.6218245,0.50668544,0.6199105,0.5357514,0.67778385,0.7824429,0.6137716,0.7908967,0.0,0.0,0.0,0.0,0.0,0.0,0.0,0.0
52_final.png,cw,0.4069945,0.29247233,0.4199956,0.26594403,0.39307153,0.2678382,0.44133148,0.2808789,0.37856832,0.28483942,0.46892205,0.44114274,0.34638926,0.4182757,0.4830305,0.5604089,0.3258741,0.4853174,0.4455355,0.3789506,0.41556627,0.35403314,0.4445343,0.84014714,0.35504144,0.833214,0.0,0.0,0.0,0.0,0.0,0.0,0.0,0.0
53_carol.png,cw,0.6544408,0.43035847,0.66445625,0.41344863,0.6450062,0.41220742,0.6758741,0.42878282,0.62781936,0.42707783,0.69802964,0.5284462,0.60413116,0.54681635,0.72345346,0.6071206,0.59835255,0.6546755,0.6428607,0.5667283,0.635797,0.5848954,0.6866794,0.82760584,0.61968786,0.8335565,0.0,0.0,0.0,0.0,0.0,0.0,0.0,0.0
53_final.png,cw,0.4241538,0.29188234,0.43750134,0.26577792,0.41076118,0.26550576,0.4572381,0.27928883,0.3939973,0.2783899,0.48509684,0.4399305,0.35938594,0.4183628,0.503468,0.5761906,0.35243344,0.512854,0.4701655,0.38874844,0.45448294,0.35411537,0.46671653,0.8365762,0.3737742,0.8326091,0.0,0.0,0.0,0.0,0.0,0.0,0.0,0.0
54_carol.png,cw,0.6475279,0.44741803,0.6591585,0.43026495,0.63717616,0.42829233,0.6719836,0.4503531,0.6179726,0.4474659,0.6927611,0.5526958,0.59427696,0.57336533,0.71071655,0.61928105,0.59393835,0.67236966,0.62807286,0.5895064,0.63779,0.611385,0.67744553,0.8705643,0.60437536,0.8765606,0.0,0.0,0.0,0.0,0.0,0.0,0.0,0.0
54_final.png,cw,0.48060036,0.29433438,0.49380523,0.2700394,0.46534854,0.27238595,0.51335466,0.2893931,0.4484477,0.29409546,0.5414836,0.4350812,0.42175022,0.4192328,0.5683007,0.5787629,0.3925015,0.5344536,0.53539336,0.39305797,0.410949,0.4399443,0.52691734,0.84800774,0.4366118,0.8432112,0.0,0.0,0.0,0.0,0.0,0.0,0.0,0.0
55_carol.png,cw,0.6257018,0.44026938,0.63666475,0.41993904,0.6144474,0.41978523,0.6509074,0.43969795,0.5988627,0.43983468,0.67150956,0.55211043,0.5782758,0.56695366,0.6847651,0.619541,0.57481563,0.6925483,0.604746,0.5811904,0.5878502,0.602803,0.6481721,0.8907105,0.57559484,0.88451684,0.0,0.0,0.0,0.0,0.0,0.0,0.0,0.0
55_final.png,cw,0.58066136,0.31915876,0.5908973,0.29022676,0.5635306,0.29890555,0.60770285,0.3042137,0.5442278,0.3227601,0.64093244,0.4577514,0.5263605,0.43992606,0.6812159,0.5842653,0.543498,0.48832363,0.6438116,0.42676646,0.62995374,0.3823478,0.6273097,0.8816033,0.5371623,0.8786055,0.0,0.0,0.0,0.0,0.0,0.0,0.0,0.0
56.png,cw,0.5178904,0.41878432,0.52268773,0.40827,0.50986755,0.41025582,0.5295638,0.41428697,0.49910426,0.41836023,0.53705746,0.47290564,0.49964422,0.46931213,0.5540609,0.5189813,0.5211443,0.48960724,0.56143045,0.46964476,0.54780424,0.44298798,0.53745043,0.6331381,0.5086675,0.6358487,0.53822315,0.7402267,0.50104153,0.75464773,0.5362709,0.8329222,0.49137563,0.86179185
56_carol.png,cw,0.59125984,0.43717578,0.60323256,0.41852698,0.5805117,0.41628936,0.6169202,0.44055355,0.5636323,0.43412763,0.6349907,0.5511653,0.53603756,0.56181866,0.6428935,0.6128387,0.5304451,0.68458664,0.57144105,0.5847892,0.546994,0.5977147,0.6125598,0.9053973,0.5336357,0.90272963,0.0,0.0,0.0,0.0,0.0,0.0,0.0,0.0
56_final.png,cw,0.63419,0.31142345,0.64705336,0.2873069,0.6181685,0.29112434,0.66642207,0.30668288,0.5998464,0.31414336,0.6968192,0.45282593,0.5806351,0.42884827,0.73536414,0.57461005,0.5864431,0.47637787,0.6952065,0.39024344,0.6734432,0.3652582,0.67916214,0.8481881,0.59241617,0.84070754,0.0,0.0,0.0,0.0,0.0,0.0,0.0,0.0
57_carol.png,cw,0.47019473,0.39709795,0.48153123,0.37922254,0.46086636,0.3756269,0.4945895,0.3995352,0.44539896,0.39223954,0.5102538,0.51387566,0.41538557,0.5234365,0.5166439,0.59461486,0.40420875,0.64568716,0.44162378,0.5398584,0.4141717,0.55500335,0.48450977,0.8302709,0.41395345,0.8263136,0.0,0.0,0.0,0.0,0.0,0.0,0.0,0.0
57_final.png,cw,0.65472823,0.3124962,0.66705,0.28915915,0.63933337,0.2919268,0.684535,0.30914575,0.61848414,0.31365344,0.7093918,0.45637023,0.5985786,0.42581314,0.74909747,0.5778331,0.61284006,0.46475,0.7177886,0.4220609,0.69760674,0.38218772,0.6961783,0.85897505,0.6092217,0.85654736,0.0,0.0,0.0,0.0,0.0,0.0,0.0,0.0
58_carol.png,cw,0.44824475,0.3937715,0.4595786,0.37689903,0.4386416,0.37498918,0.4724649,0.3950681,0.42178726,0.39172873,0.487889,0.49781308,0.39980766,0.5167442,0.49415818,0.5848602,0.38718128,0.6430393,0.41497356,0.5361691,0.4055845,0.55588144,0.4623112,0.8078172,0.39902008,0.80960584,0.0,0.0,0.0,0.0,0.0,0.0,0.0,0.0
58_final.png,cw,0.6593542,0.3158027,0.6722737,0.29018065,0.6443102,0.29387072,0.69226605,0.30753618,0.6277653,0.31580263,0.7239574,0.44850752,0.6058568,0.43748575,0.760616,0.5835243,0.59860015,0.5269772,0.71823597,0.40586248,0.65802467,0.38652784,0.703426,0.83204484,0.61825174,0.8280591,0.0,0.0,0.0,0.0,0.0,0.0,0.0,0.0
59.png,cw,0.5570862,0.45641637,0.56292695,0.44630983,0.54995114,0.44685355,0.5717948,0.4529379,0.54060495,0.45284194,0.5792346,0.51525444,0.5384765,0.50124085,0.59029627,0.567745,0.56487596,0.51844645,0.59982914,0.5269522,0.5887222,0.4846371,0.57637703,0.68030643,0.54436237,0.6768261,0.5778012,0.79645544,0.534779,0.797094,0.5750211,0.8903259,0.52624214,0.89868927
59_carol.png,cw,0.44458002,0.38377932,0.4551087,0.36652654,0.4340859,0.3656094,0.4663101,0.38388503,0.41538566,0.38296518,0.4810843,0.48496264,0.3949863,0.5037178,0.49173936,0.5719103,0.37968102,0.6229379,0.417727,0.5261998,0.39537755,0.5439558,0.46213967,0.7914205,0.40009338,0.79542327,0.0,0.0,0.0,0.0,0.0,0.0,0.0,0.0
59_final.png,cw,0.6596294,0.31995022,0.672386,0.29287574,0.6469456,0.29817805,0.70101047,0.3094468,0.639063,0.32059863,0.7355341,0.48181862,0.6096795,0.44987428,0.7216388,0.55464196,0.5667822,0.46084213,0.676347,0.38373396,0.65047836,0.37736595,0.69627273,0.87548023,0.604844,0.85943437,0.0,0.0,0.0,0.0,0.0,0.0,0.0,0.0
5_carol_carol.png,cw,0.5698099,0.2025659,0.5875909,0.17369601,0.55199325,0.17524502,0.6121615,0.19756344,0.5286873,0.20349689,0.6472642,0.3557699,0.50100386,0.3951906,0.67696935,0.40056884,0.47317404,0.5293023,0.50715196,0.26905617,0.49910504,0.30923232,0.61562127,0.8214975,0.511847,0.8172864,0.0,0.0,0.0,0.0,0.0,0.0,0.0,0.0
5_final.png,cw,0.4387389,0.29616803,0.45001554,0.26772037,0.42560744,0.27272978,0.47305876,0.28008,0.41456676,0.2899743,0.5041612,0.4622327,0.37946162,0.41711536,0.49979275,0.5627727,0.34307125,0.43996587,0.47125778,0.37008384,0.44503027,0.36100346,0.46639937,0.86143816,0.37381163,0.84624195,0.0,0.0,0.0,0.0,0.0,0.0,0.0,0.0
60.png,cw,0.54170537,0.45286578,0.5481778,0.44321984,0.5350239,0.44344604,0.5584796,0.45243365,0.5261865,0.4514679,0.56639254,0.514602,0.522537,0.5002326,0.5809631,0.56807524,0.5499645,0.51552737,0.58314234,0.53280556,0.5784553,0.48408952,0.561955,0.6812085,0.52831566,0.67693067,0.56215906,0.79823345,0.5202864,0.80016774,0.56163293,0.89534193,0.5122877,0.9036046
60_carol.png,cw,0.45302278,0.378634,0.4642085,0.3590892,0.44149882,0.35810393,0.4772748,0.37778065,0.42391628,0.37693915,0.49614224,0.4941547,0.4006242,0.5093411,0.5133189,0.57059777,0.39335486,0.6258456,0.43338424,0.514244,0.41060615,0.5298985,0.48287088,0.80788636,0.41112724,0.8078376,0.0,0.0,0.0,0.0,0.0,0.0,0.0,0.0
60_final.png,cw,0.65702665,0.31873202,0.6691148,0.29198152,0.64519626,0.29648468,0.6954657,0.30964673,0.63749814,0.31900418,0.73181236,0.48707733,0.6057259,0.452199,0.73487103,0.5672595,0.5674512,0.4576077,0.6816069,0.39652893,0.6574768,0.38027436,0.6939069,0.88321143,0.6023817,0.86841446,0.0,0.0,0.0,0.0,0.0,0.0,0.0,0.0
61.png,cw,0.52142376,0.4458603,0.52849233,0.43727452,0.5153985,0.43583527,0.539622,0.44608068,0.50723517,0.4418108,0.5475937,0.50375646,0.503358,0.4899729,0.55969554,0.54999787,0.51758826,0.51022923,0.5590105,0.5130031,0.54739344,0.47680888,0.541432,0.6722243,0.50755733,0.6676604,0.5414511,0.7961693,0.49980226,0.7901323,0.5427263,0.8995732,0.48902798,0.8977288
61_carol.png,cw,0.551799,0.39491612,0.5626873,0.37491438,0.5398715,0.37351972,0.5736936,0.39332145,0.51942766,0.39167112,0.5956509,0.5097323,0.4958002,0.52894175,0.6265388,0.57768846,0.49916324,0.63979125,0.5327002,0.5231185,0.53341806,0.5298759,0.5819421,0.83736944,0.5080389,0.8369012,0.0,0.0,0.0,0.0,0.0,0.0,0.0,0.0
61_final.png,cw,0.6579442,0.31792653,0.6717596,0.29282868,0.64394546,0.2941689,0.6934532,0.30958912,0.6285996,0.31205332,0.7234988,0.45334923,0.6005348,0.43667874,0.75604784,0.58655727,0.5842061,0.5288632,0.71102345,0.40747103,0.660009,0.38122708,0.699607,0.8359726,0.6109978,0.8310762,0.0,0.0,0.0,0.0,0.0,0.0,0.0,0.0
62.png,cw,0.51739186,0.43710548,0.5248321,0.427587,0.51109356,0.42624965,0.5367015,0.4359101,0.50301874,0.43185127,0.54423404,0.49860874,0.49990177,0.4825369,0.55295867,0.55217445,0.5140788,0.50763696,0.5529396,0.5013571,0.53946245,0.46911353,0.53544354,0.67223614,0.5015618,0.66621643,0.5333001,0.7980568,0.49275717,0.7911366,0.5337485,0.89513564,0.4821549,0.8937804
62_carol.png,cw,0.5899843,0.3785818,0.59991723,0.35843948,0.5782102,0.35635316,0.6110686,0.37620312,0.55619586,0.37261742,0.63455856,0.49783885,0.5285947,0.51428723,0.6696441,0.5630532,0.53264266,0.62021947,0.5834888,0.52367157,0.58298624,0.53838104,0.6215637,0.812037,0.54428375,0.8150622,0.0,0.0,0.0,0.0,0.0,0.0,0.0,0.0
62_final.png,cw,0.65847504,0.3162474,0.6711155,0.29525003,0.6438593,0.29254413,0.6815168,0.32131448,0.61701477,0.31164563,0.7068823,0.47295448,0.59088963,0.43648478,0.75599647,0.5707027,0.62400323,0.4627759,0.7495359,0.40566662,0.7164017,0.3760389,0.7056421,0.88819844,0.6178529,0.88614917,0.0,0.0,0.0,0.0,0.0,0.0,0.0,0.0
63.png,cw,0.52316445,0.42497754,0.530515,0.4153889,0.5170328,0.41418937,0.5426973,0.4244128,0.5089342,0.42070812,0.55198276,0.49005556,0.5023383,0.4726392,0.5569786,0.5415676,0.5093987,0.49612182,0.55788386,0.48895186,0.5443224,0.45798492,0.54055434,0.6659707,0.50318825,0.6586783,0.53961504,0.79635096,0.49666604,0.78293794,0.5395818,0.90012664,0.48680988,0.88867307
63_carol.png,cw,0.61062825,0.3749805,0.62212837,0.3591369,0.59929407,0.35508728,0.63388723,0.37884852,0.5784258,0.37150565,0.6539303,0.48814374,0.5492972,0.501028,0.6838134,0.56408393,0.54218477,0.61785746,0.6021379,0.52605885,0.58803993,0.5543386,0.6401031,0.7820182,0.5679188,0.7839312,0.0,0.0,0.0,0.0,0.0,0.0,0.0,0.0
63_final.png,cw,0.6563928,0.31600553,0.6665738,0.29094788,0.63990456,0.2916385,0.6737069,0.31316477,0.6105355,0.31378457,0.7000416,0.47474924,0.58698905,0.4492585,0.75890553,0.5642519,0.6278079,0.45780963,0.75273025,0.40459895,0.72186714,0.38221332,0.7011169,0.89241207,0.616948,0.89603543,0.0,0.0,0.0,0.0,0.0,0.0,0.0,0.0
64.png,cw,0.5199761,0.4138542,0.52703005,0.40436843,0.5144752,0.4037376,0.54017633,0.41383904,0.5077371,0.411756,0.55140877,0.48086685,0.4993828,0.46260893,0.5510274,0.52949446,0.49489373,0.48546517,0.5471756,0.47200385,0.5326984,0.46108627,0.53723747,0.6565928,0.49901733,0.64778805,0.5362989,0.78796947,0.4938628,0.7695078,0.53743863,0.8905099,0.48747367,0.8728511
64_carol.png,cw,0.60907084,0.37202507,0.6207924,0.35132405,0.5976087,0.34941575,0.63310784,0.37150475,0.5766672,0.36693865,0.65517765,0.4922648,0.55194706,0.5048157,0.6913204,0.55235016,0.5491608,0.61108994,0.59727734,0.51369816,0.60124326,0.528439,0.6373211,0.8236757,0.5616659,0.82192314,0.0,0.0,0.0,0.0,0.0,0.0,0.0,0.0
64_final.png,cw,0.6505438,0.31646577,0.66117585,0.29120815,0.6348211,0.29359066,0.6712222,0.30984497,0.6106611,0.31427854,0.7018401,0.46523505,0.5837855,0.4427239,0.74887335,0.56771153,0.6169751,0.45622897,0.7369213,0.40186793,0.71540767,0.37400198,0.69775325,0.87674934,0.61066735,0.8796273,0.0,0.0,0.0,0.0,0.0,0.0,0.0,0.0
65_carol.png,cw,0.5577067,0.3725384,0.57030874,0.35229802,0.5454143,0.3517132,0.5865909,0.37442246,0.52802694,0.37472865,0.6061401,0.4914893,0.50832653,0.510838,0.62528914,0.55937195,0.5013676,0.6331924,0.53444993,0.5184697,0.5282043,0.5419232,0.58343947,0.83713615,0.50786036,0.8320176,0.0,0.0,0.0,0.0,0.0,0.0,0.0,0.0
65_final.png,cw,0.6444877,0.31707928,0.6573602,0.2914981,0.629645,0.29407704,0.6773696,0.3093428,0.61256784,0.31464112,0.7055791,0.46118858,0.58982384,0.4361943,0.7447858,0.5823089,0.59279376,0.46831182,0.71435654,0.41645017,0.69423085,0.37909818,0.69366586,0.86496496,0.60606766,0.8635523,0.0,0.0,0.0,0.0,0.0,0.0,0.0,0.0
66_carol.png,cw,0.48259592,0.36364925,0.49512547,0.3441494,0.47186026,0.3415934,0.51086307,0.36697355,0.4562359,0.36031824,0.5267084,0.4858851,0.42857772,0.49586052,0.523959,0.5638883,0.4103407,0.6256946,0.44216695,0.5066109,0.4287207,0.5073087,0.5040335,0.8214023,0.42641717,0.8198591,0.0,0.0,0.0,0.0,0.0,0.0,0.0,0.0
66_final.png,cw,0.6430369,0.31321958,0.6558503,0.2857377,0.6277063,0.29172915,0.6790515,0.30277112,0.61310256,0.31487754,0.7108745,0.45076916,0.5917948,0.43170807,0.7471942,0.58532387,0.59437734,0.49550125,0.71348345,0.4200036,0.6975139,0.37436533,0.6921626,0.86828357,0.6007825,0.8669509,0.0,0.0,0.0,0.0,0.0,0.0,0.0,0.0
67_carol.png,cw,0.43671903,0.35168278,0.44945797,0.33203006,0.4265047,0.33016136,0.46718177,0.35104614,0.41252255,0.3470111,0.485614,0.4722217,0.38657373,0.49084762,0.47839823,0.53986394,0.36896262,0.61608547,0.3930282,0.48541117,0.3813213,0.50863385,0.46495533,0.80468005,0.39008644,0.8048233,0.0,0.0,0.0,0.0,0.0,0.0,0.0,0.0
67_final.png,cw,0.6299013,0.3061697,0.6435754,0.27928978,0.61423427,0.2854686,0.6672203,0.29608858,0.59758466,0.31016633,0.7016239,0.4481451,0.57702553,0.44174647,0.73597366,0.5852137,0.58290386,0.52392936,0.70591116,0.40657294,0.6772982,0.37850574,0.6851538,0.88071644,0.5904927,0.87921804,0.0,0.0,0.0,0.0,0.0,0.0,0.0,0.0
68_carol.png,cw,0.41643065,0.35170272,0.42937127,0.3307987,0.40486747,0.3300924,0.44599876,0.3455744,0.3894992,0.34377563,0.46742907,0.46736747,0.36591887,0.4815452,0.46927285,0.5455195,0.34917808,0.6159606,0.376036,0.48561326,0.36043766,0.50757086,0.43414646,0.83157796,0.361,0.8249237,0.0,0.0,0.0,0.0,0.0,0.0,0.0,0.0
68_final.png,cw,0.5962709,0.27677274,0.61034805,0.24772924,0.57891625,0.25322273,0.6329222,0.27000996,0.5598077,0.28080618,0.6687571,0.4392676,0.5382807,0.41017693,0.7127651,0.5820881,0.5590627,0.44869682,0.69399506,0.39036,0.6698166,0.3496094,0.65051275,0.89181894,0.55073464,0.8901711,0.0,0.0,0.0,0.0,0.0,0.0,0.0,0.0
69_carol.png,cw,0.40900904,0.34103626,0.42264396,0.32053086,0.39904627,0.3173499,0.4401309,0.3432797,0.38536933,0.33590978,0.4573272,0.47896564,0.35261548,0.48711553,0.43508554,0.5463604,0.32410234,0.6243849,0.34915897,0.47258133,0.33722964,0.5025004,0.42254123,0.861724,0.34358758,0.8518408,0.0,0.0,0.0,0.0,0.0,0.0,0.0,0.0
69_final.png,cw,0.5567409,0.1979707,0.57397664,0.16615558,0.5377962,0.16951133,0.598129,0.19036566,0.51255924,0.19606315,0.6338493,0.39595592,0.48317298,0.36300138,0.68765974,0.54547584,0.52440816,0.39816928,0.6777658,0.33864018,0.65256387,0.30046737,0.62246525,0.9051222,0.5099199,0.9106108,0.0,0.0,0.0,0.0,0.0,0.0,0.0,0.0
6_carol.png,cw,0.5710357,0.2490364,0.5864512,0.22476938,0.55463195,0.22517776,0.6074294,0.2470666,0.53308594,0.25194559,0.6432246,0.37107816,0.50815165,0.40924254,0.6710761,0.45218018,0.4788254,0.56431824,0.53129005,0.3363009,0.5050029,0.37148577,0.6192937,0.7766493,0.5244883,0.77444655,0.0,0.0,0.0,0.0,0.0,0.0,0.0,0.0
70_carol.png,cw,0.40666217,0.3277013,0.42239967,0.30672842,0.39722377,0.3013195,0.44333872,0.33254844,0.3836795,0.31994867,0.4558259,0.47563434,0.3465742,0.47774675,0.4331943,0.53932154,0.30883214,0.61324465,0.3429971,0.471192,0.32640252,0.49192938,0.41547713,0.89279723,0.330122,0.87920654,0.0,0.0,0.0,0.0,0.0,0.0,0.0,0.0
70_final.png,cw,0.5649451,0.17432593,0.5830653,0.13920906,0.54393125,0.14348009,0.61028254,0.16455589,0.5179997,0.17314212,0.65008837,0.3798561,0.48572344,0.34455192,0.7046027,0.558872,0.50782275,0.38108307,0.68926287,0.31588557,0.6648302,0.2799659,0.63610506,0.8918587,0.5173656,0.899641,0.0,0.0,0.0,0.0,0.0,0.0,0.0,0.0
71_carol.png,cw,0.39588565,0.2936054,0.41148186,0.27076027,0.38501686,0.26850528,0.43193546,0.29537112,0.3693195,0.28956825,0.45036745,0.4440397,0.33421972,0.45642403,0.4188735,0.5011099,0.29743892,0.5931794,0.32135144,0.43035588,0.30853918,0.4640565,0.41868287,0.901013,0.32813466,0.88945365,0.0,0.0,0.0,0.0,0.0,0.0,0.0,0.0
71_final.png,cw,0.5990033,0.14273876,0.61714494,0.10260514,0.5752767,0.110591315,0.64647615,0.12501441,0.5469695,0.1427408,0.69518536,0.35450712,0.51422673,0.32485217,0.7577524,0.5520346,0.5365304,0.37307948,0.73366547,0.30871385,0.7005127,0.25997964,0.6854769,0.90558606,0.55438906,0.91697305,0.0,0.0,0.0,0.0,0.0,0.0,0.0,0.0
72_carol.png,cw,0.37670755,0.28188005,0.39305124,0.25966603,0.3656363,0.25671086,0.41456357,0.28634068,0.34931675,0.27992523,0.43478885,0.4347984,0.31338176,0.45168594,0.41959485,0.5029313,0.2815778,0.5946665,0.30974662,0.4302106,0.29443,0.4543814,0.39943993,0.8826778,0.30674964,0.8717695,0.0,0.0,0.0,0.0,0.0,0.0,0.0,0.0
72_final.png,cw,0.6299326,0.108388014,0.6492716,0.0680539,0.6054503,0.07737291,0.68216753,0.09692917,0.5793183,0.11551794,0.7398264,0.34193712,0.54544055,0.30197835,0.79661405,0.5531731,0.5554974,0.36455503,0.77097714,0.2953131,0.74074113,0.23951916,0.7212041,0.9129593,0.5814153,0.9145464,0.0,0.0,0.0,0.0,0.0,0.0,0.0,0.0
73_carol.png,cw,0.3222909,0.2918856,0.3381417,0.26878837,0.31022215,0.26637098,0.35790738,0.29503068,0.29147798,0.28947288,0.37340045,0.4439137,0.257752,0.4590466,0.36335406,0.4845807,0.21988368,0.5733531,0.25401253,0.4153189,0.23686548,0.43292257,0.3398255,0.90129036,0.24981757,0.8906401,0.0,0.0,0.0,0.0,0.0,0.0,0.0,0.0
73_final.png,cw,0.6399652,0.11505093,0.65982264,0.07309761,0.6162473,0.08146854,0.6917568,0.100647226,0.5897461,0.11678484,0.74516535,0.3404321,0.5531841,0.29905125,0.80320185,0.5594536,0.5809144,0.35160878,0.78181636,0.3042696,0.75424373,0.24268737,0.7258295,0.9260098,0.58578604,0.9338329,0.0,0.0,0.0,0.0,0.0,0.0,0.0,0.0
74_carol.png,cw,0.2823444,0.28923517,0.29855743,0.26842597,0.26940173,0.2622215,0.31719583,0.2957414,0.2493773,0.2831775,0.33145326,0.4335018,0.21678671,0.44554135,0.31262204,0.4835214,0.17091426,0.5761589,0.21065864,0.4120362,0.19604577,0.4315748,0.3020248,0.85654736,0.21435788,0.8451043,0.0,0.0,0.0,0.0,0.0,0.0,0.0,0.0
74_final.png,cw,0.6279397,0.14837424,0.64700395,0.10899794,0.6057085,0.11572253,0.6784437,0.13121915,0.57923305,0.1458435,0.7276781,0.35839182,0.54214936,0.32983908,0.7798571,0.56604683,0.560964,0.38110405,0.7559782,0.33420864,0.72422206,0.2706749,0.7145932,0.92066574,0.5807168,0.9322494,0.0,0.0,0.0,0.0,0.0,0.0,0.0,0.0
75_carol.png,cw,0.2702005,0.2887529,0.28540835,0.26838842,0.25698483,0.26307064,0.30259508,0.29520476,0.2361697,0.28536466,0.32032806,0.42282206,0.20930433,0.4414035,0.32094735,0.45966864,0.16572972,0.5652854,0.2060508,0.38832,0.19346313,0.40781373,0.29600963,0.84240055,0.21222746,0.83186847,0.0,0.0,0.0,0.0,0.0,0.0,0.0,0.0
75_final.png,cw,0.5977243,0.20780598,0.61510444,0.17324223,0.57793224,0.17786534,0.64295924,0.19099714,0.554002,0.20019163,0.68647444,0.3978876,0.5220806,0.36912388,0.737305,0.5818778,0.5366054,0.42962974,0.7081749,0.37218618,0.6853906,0.31814307,0.66988295,0.9029989,0.5506451,0.9062433,0.0,0.0,0.0,0.0,0.0,0.0,0.0,0.0
76_carol.png,cw,0.27905917,0.28697476,0.29409292,0.26484925,0.26617283,0.26028672,0.31085998,0.28990823,0.24559748,0.27952382,0.32962668,0.42706743,0.2131108,0.43281624,0.3284071,0.48469958,0.17621279,0.5518144,0.21795788,0.3805004,0.20861225,0.4004654,0.3055237,0.8268712,0.21954766,0.81870186,0.0,0.0,0.0,0.0,0.0,0.0,0.0,0.0
76_final.png,cw,0.5827646,0.26353472,0.5976864,0.23333348,0.5656253,0.23651324,0.6197557,0.2509802,0.5444074,0.2580245,0.6512771,0.42784008,0.5189101,0.4055661,0.6955077,0.57406336,0.5427001,0.4543329,0.66724014,0.3920188,0.6534254,0.35505536,0.6295855,0.8883901,0.5316116,0.8891722,0.0,0.0,0.0,0.0,0.0,0.0,0.0,0.0
77_carol.png,cw,0.31568566,0.23695615,0.33152837,0.21991137,0.30428988,0.21094793,0.34745073,0.2514342,0.2841155,0.23261923,0.3618353,0.36300838,0.24800643,0.3732449,0.3575952,0.3947397,0.21369652,0.488078,0.24895176,0.31191877,0.22892645,0.33835018,0.33922702,0.7752866,0.24942899,0.76505923,0.0,0.0,0.0,0.0,0.0,0.0,0.0,0.0
77_final.png,cw,0.5930005,0.29239362,0.6061249,0.26444668,0.5768338,0.27033722,0.6290863,0.2816846,0.56022125,0.29410955,0.66301,0.4449783,0.5370437,0.42326292,0.6989745,0.5848603,0.5398626,0.480881,0.6712487,0.42225233,0.6562731,0.38319927,0.6344801,0.8745663,0.54131305,0.86934376,0.0,0.0,0.0,0.0,0.0,0.0,0.0,0.0
78_carol.png,cw,0.3132186,0.21383797,0.33024013,0.19565019,0.30227494,0.18924052,0.35191497,0.22782657,0.28590026,0.21413822,0.36805528,0.34751552,0.25187737,0.36472604,0.3492189,0.36171973,0.21270359,0.475444,0.24197066,0.28845108,0.22994563,0.31158167,0.3438902,0.7772341,0.2517608,0.76846516,0.0,0.0,0.0,0.0,0.0,0.0,0.0,0.0
78_final.png,cw,0.62916404,0.34352392,0.64194095,0.32118002,0.6166185,0.32010895,0.6611016,0.33694786,0.6005308,0.33470476,0.68639004,0.48093867,0.574999,0.45532194,0.71607095,0.60954005,0.5819015,0.53072727,0.69209915,0.4683381,0.6756562,0.44373003,0.6645168,0.83588654,0.5810708,0.82869637,0.0,0.0,0.0,0.0,0.0,0.0,0.0,0.0
79_carol.png,cw,0.32918993,0.26743013,0.3447233,0.2474932,0.31645384,0.24432254,0.36373168,0.27625248,0.2968347,0.27002594,0.38024163,0.40112427,0.26339623,0.42028627,0.36897817,0.4391918,0.22710529,0.534786,0.26023048,0.36207682,0.24810068,0.38144958,0.3666864,0.83311826,0.2726831,0.8292875,0.0,0.0,0.0,0.0,0.0,0.0,0.0,0.0
79_final.png,cw,0.632019,0.35274237,0.64396083,0.3295294,0.61893404,0.33071157,0.6626456,0.34108555,0.60261,0.34380183,0.68841106,0.47906977,0.5790566,0.45656407,0.7176893,0.6111269,0.5821721,0.5365032,0.6924707,0.46946505,0.67531645,0.4447977,0.66632044,0.8168514,0.585245,0.81007165,0.0,0.0,0.0,0.0,0.0,0.0,0.0,0.0
7_2.png,cw,0.50717986,0.25965133,0.51495534,0.250698,0.50079864,0.24767528,0.5247849,0.26596403,0.48988253,0.25741807,0.5325431,0.34136122,0.47657266,0.31971407,0.5413474,0.39188597,0.4826265,0.34042883,0.54050124,0.34241566,0.5255307,0.3097652,0.52057564,0.5238785,0.47947088,0.5168062,0.5225794,0.66309285,0.47457942,0.65500003,0.5191294,0.7786192,0.47141686,0.7761987
7_carol.png,cw,0.5908251,0.30458423,0.6054965,0.2815581,0.5753227,0.28146493,0.62575793,0.3073871,0.5547433,0.3080155,0.6558326,0.4336017,0.5347403,0.45932677,0.6876814,0.49706078,0.5117396,0.60744965,0.5496999,0.41703132,0.5255241,0.43926367,0.63152665,0.8999937,0.53837603,0.8949983,0.0,0.0,0.0,0.0,0.0,0.0,0.0,0.0
80_carol.png,cw,0.41708246,0.33180732,0.43206692,0.30879587,0.404178,0.30759808,0.45116687,0.33099335,0.3863382,0.33129263,0.47453013,0.4686455,0.3597682,0.4999713,0.45933408,0.53472525,0.33492583,0.6463178,0.35407057,0.4755157,0.3384134,0.4958498,0.45300454,0.9143709,0.3620666,0.9093345,0.0,0.0,0.0,0.0,0.0,0.0,0.0,0.0
80_final.png,cw,0.6254898,0.3609283,0.636902,0.34056905,0.6138951,0.33999184,0.6537543,0.35547546,0.59849846,0.35452923,0.67851365,0.48538572,0.5746257,0.4656857,0.70987654,0.6084471,0.5795461,0.5369651,0.6850798,0.48051155,0.66704655,0.44615957,0.66257,0.804714,0.585704,0.8010893,0.0,0.0,0.0,0.0,0.0,0.0,0.0,0.0
81_carol.png,cw,0.51712286,0.29555553,0.53206706,0.2724444,0.50400686,0.27083582,0.55145377,0.2957565,0.48595995,0.29376832,0.5728867,0.43089086,0.46049014,0.46250182,0.5749506,0.48267838,0.44424835,0.6071404,0.46453905,0.43271494,0.45235643,0.45929646,0.54909474,0.8558518,0.46210632,0.85142434,0.0,0.0,0.0,0.0,0.0,0.0,0.0,0.0
81_final.png,cw,0.6116567,0.37113613,0.6224758,0.35112137,0.5999435,0.35121202,0.63737476,0.36521932,0.5850876,0.3643951,0.6622151,0.48449025,0.56191397,0.46728373,0.68631816,0.6096572,0.56379515,0.55029297,0.66701555,0.4769289,0.64756423,0.4520551,0.6501013,0.79564404,0.5774137,0.7927275,0.0,0.0,0.0,0.0,0.0,0.0,0.0,0.0
82_2.png,cw,0.42049813,0.1643068,0.42707855,0.15228221,0.4128477,0.15166941,0.43584833,0.15837951,0.4003512,0.15530515,0.44506258,0.23595399,0.3874123,0.21303508,0.4564282,0.3143819,0.38993075,0.25419784,0.45519295,0.2586895,0.43669114,0.23885123,0.43550858,0.42563638,0.39436316,0.41848582,0.43154854,0.55856735,0.39141804,0.5539006,0.43243638,0.653567,0.38551283,0.65841496
82_carol.png,cw,0.55100095,0.29965448,0.56548345,0.28075418,0.5380537,0.2765537,0.58089936,0.3059866,0.5172143,0.2979843,0.60191554,0.42805168,0.4889784,0.44776884,0.621698,0.5026163,0.47079912,0.5815761,0.504416,0.4131268,0.4797607,0.4290391,0.57759243,0.80247635,0.49623457,0.7995993,0.0,0.0,0.0,0.0,0.0,0.0,0.0,0.0
82_final.png,cw,0.6040364,0.37581533,0.6136635,0.35586488,0.5914923,0.35844845,0.62841773,0.36563572,0.57647336,0.36973962,0.6552836,0.48181552,0.55662286,0.46720546,0.6779262,0.6055487,0.5608352,0.55241954,0.6639988,0.49620456,0.6419716,0.46424425,0.64698887,0.78505045,0.5759722,0.7830468,0.65764755,0.9518106,0.5676403,0.962016,0.0,0.0,0.0,0.0
83_2.png,cw,0.40167755,0.1675147,0.40856662,0.15529834,0.39435858,0.1544985,0.4185142,0.16021797,0.38279223,0.15712325,0.4294676,0.23817861,0.36993834,0.21633866,0.4395407,0.3178265,0.37023205,0.2589583,0.43533152,0.26678875,0.41656548,0.24130177,0.41939205,0.4295758,0.37687337,0.42246157,0.41829214,0.5624784,0.3759773,0.55502903,0.41910878,0.6603407,0.37180868,0.66128165
83_carol.png,cw,0.5579914,0.29733434,0.57185847,0.27928987,0.54565144,0.27505928,0.5872897,0.3063739,0.52701783,0.29682422,0.6092559,0.42927223,0.4975912,0.43790835,0.64098173,0.53877765,0.4777046,0.57355535,0.6037035,0.4724681,0.4930924,0.413827,0.58554125,0.79757327,0.5070753,0.79592574,0.0,0.0,0.0,0.0,0.0,0.0,0.0,0.0
83_final.png,cw,0.60903823,0.37369892,0.6184516,0.35250604,0.59643185,0.35584378,0.6325512,0.3650687,0.5814316,0.37114936,0.6582273,0.48395067,0.56125546,0.4651623,0.6809176,0.60867536,0.565081,0.537598,0.66686594,0.4827396,0.65122133,0.4559476,0.6487907,0.79964185,0.5766818,0.7968031,0.0,0.0,0.0,0.0,0.0,0.0,0.0,0.0
84_2.png,cw,0.3980776,0.15448856,0.40529594,0.14263609,0.3909193,0.1418856,0.41633567,0.1488531,0.3800129,0.14599289,0.42806858,0.22647902,0.3671558,0.20346381,0.43795532,0.30703914,0.36566576,0.24517952,0.4272883,0.25750592,0.41075268,0.23174375,0.4138081,0.41702017,0.370641,0.4084382,0.4119799,0.55019283,0.36908984,0.5398178,0.4130175,0.6503386,0.3663315,0.6469458
84_carol.png,cw,0.49462906,0.3000434,0.50897443,0.27970895,0.48030788,0.27793342,0.52703255,0.30282295,0.46129245,0.30062708,0.55194026,0.43028563,0.43376964,0.46038046,0.55532634,0.49682856,0.42272267,0.6118106,0.44392356,0.44257605,0.42801,0.46243295,0.5276298,0.8581337,0.4394092,0.8595505,0.0,0.0,0.0,0.0,0.0,0.0,0.0,0.0
84_final.png,cw,0.6194908,0.37521446,0.62924665,0.35430086,0.6068529,0.35656205,0.6422428,0.3669298,0.5901242,0.3700531,0.6654526,0.48719305,0.56961876,0.46160015,0.6903175,0.60950357,0.58164066,0.5204062,0.679539,0.4836269,0.6611563,0.45458192,0.65335923,0.80564654,0.5811823,0.7997785,0.0,0.0,0.0,0.0,0.0,0.0,0.0,0.0
85_2.png,cw,0.42511925,0.13476011,0.43296224,0.124507986,0.4189806,0.12181189,0.4445068,0.13378741,0.4091019,0.12593289,0.4539652,0.20985268,0.39506936,0.18293215,0.4607452,0.2829208,0.38925603,0.22118698,0.45380217,0.23707059,0.4354537,0.21599808,0.4386019,0.3938669,0.39689046,0.38325894,0.4355494,0.5247683,0.39269954,0.5106543,0.43417224,0.6231967,0.389626,0.61492944
85_carol.png,cw,0.55602765,0.29791683,0.5700781,0.27916193,0.543095,0.27543166,0.5860057,0.30429205,0.5238396,0.29705712,0.60846317,0.42809623,0.49449816,0.4401708,0.6284501,0.5271339,0.47518986,0.577828,0.5401667,0.42886013,0.48924702,0.4173514,0.5834635,0.78818667,0.5028789,0.7841827,0.0,0.0,0.0,0.0,0.0,0.0,0.0,0.0
85_final.png,cw,0.6204427,0.3720567,0.6306279,0.35114512,0.6079267,0.35256785,0.64382666,0.36510667,0.5913745,0.36616352,0.66598153,0.48819745,0.56884855,0.46092522,0.68922,0.6140933,0.578894,0.5233935,0.67944384,0.48837262,0.664061,0.45395583,0.65317076,0.8168337,0.5792294,0.81088763,0.0,0.0,0.0,0.0,0.0,0.0,0.0,0.0
86_2.png,cw,0.49155983,0.117001854,0.49855965,0.10602078,0.48532814,0.10477907,0.5098671,0.11404703,0.47617322,0.10942396,0.51899636,0.19470762,0.46240902,0.1643437,0.517764,0.2727662,0.45733532,0.19939116,0.51780415,0.21212141,0.50104547,0.1891729,0.5009602,0.3731128,0.4604385,0.3608281,0.49691296,0.5025038,0.4564089,0.48593652,0.49639034,0.5991935,0.45258245,0.58857715
86_carol.png,cw,0.5618864,0.29525328,0.5762392,0.2741953,0.5493139,0.2707403,0.59273094,0.30118617,0.52918434,0.2941176,0.6146797,0.43463084,0.50088185,0.45216522,0.63600767,0.5072975,0.4860804,0.58178616,0.509153,0.40641922,0.49428597,0.42362747,0.588198,0.82339734,0.50423,0.81815946,0.0,0.0,0.0,0.0,0.0,0.0,0.0,0.0
86_final.png,cw,0.5941816,0.36218372,0.60545915,0.3410447,0.58142114,0.34184384,0.62137187,0.3575921,0.5656239,0.35756364,0.6417615,0.48539275,0.5412091,0.45625627,0.6612914,0.6163041,0.5433096,0.52941096,0.6507663,0.4858279,0.63313675,0.45419592,0.6154784,0.8159509,0.53774554,0.804172,0.0,0.0,0.0,0.0,0.0,0.0,0.0,0.0
87_2.png,cw,0.53304046,0.11799575,0.5400213,0.10634043,0.52674025,0.10619051,0.5529456,0.11312061,0.51879454,0.111241385,0.56261647,0.19299373,0.50632787,0.16169725,0.5588828,0.2729769,0.49797717,0.19211188,0.5599542,0.2168046,0.54442096,0.18726832,0.54033715,0.37179512,0.50040066,0.3582596,0.53633535,0.5019046,0.49523807,0.48421365,0.5317891,0.59860647,0.49181542,0.5875277
87_carol.png,cw,0.57040906,0.29306147,0.5858277,0.2731939,0.557682,0.26809284,0.602969,0.30087906,0.5370096,0.2912697,0.6207533,0.4300294,0.5069537,0.45000535,0.6347679,0.49747023,0.48553425,0.5820201,0.5128306,0.41346398,0.4979334,0.4332388,0.59457755,0.81624377,0.5100404,0.8105179,0.0,0.0,0.0,0.0,0.0,0.0,0.0,0.0
87_final.png,cw,0.5716366,0.3632434,0.5831551,0.3432812,0.560052,0.34301126,0.59997934,0.35986802,0.5443771,0.3586436,0.6222482,0.4928367,0.51811016,0.46204525,0.64382213,0.6170859,0.52407146,0.5295197,0.62921315,0.4792102,0.6154072,0.45282522,0.5960251,0.83283675,0.51379883,0.8202759,0.0,0.0,0.0,0.0,0.0,0.0,0.0,0.0
88_2.png,cw,0.5394604,0.15804607,0.5469675,0.14730026,0.5336329,0.1453903,0.55959266,0.15552737,0.52517503,0.14921449,0.5679982,0.23689339,0.5111416,0.20272748,0.56223553,0.31460422,0.50301796,0.23542252,0.5626639,0.2562786,0.5445262,0.23319952,0.5466538,0.41348118,0.50597864,0.398776,0.5415369,0.54377764,0.5010096,0.5228968,0.54093534,0.63836515,0.49689713,0.62246037
88_carol.png,cw,0.5585643,0.2814635,0.5736511,0.2595295,0.543754,0.25713134,0.59194136,0.2920069,0.5219067,0.28777555,0.6192692,0.43559065,0.4923428,0.46047953,0.6340295,0.5011923,0.47175938,0.60111934,0.4977514,0.4203876,0.48563212,0.43504012,0.5952938,0.86087674,0.5018002,0.8590283,0.0,0.0,0.0,0.0,0.0,0.0,0.0,0.0
88_final.png,cw,0.45792037,0.340169,0.46942168,0.3187547,0.4455293,0.31912872,0.4847363,0.33730435,0.42982858,0.33570743,0.50381196,0.4693738,0.39943868,0.4391259,0.51600873,0.6131529,0.3942883,0.53506184,0.50843185,0.457881,0.48530683,0.4351722,0.47703117,0.81680673,0.39650637,0.80817235,0.0,0.0,0.0,0.0,0.0,0.0,0.0,0.0
89_2.png,cw,0.5279529,0.19732025,0.5344885,0.18729153,0.5221059,0.1863343,0.54631364,0.19654272,0.5147122,0.19191886,0.5569817,0.27759868,0.502006,0.24334532,0.55319566,0.35194787,0.4870503,0.27466962,0.54794616,0.29901627,0.5323487,0.27905264,0.53744,0.453796,0.4990148,0.43892336,0.530002,0.58076835,0.49077868,0.5587179,0.53120655,0.6760012,0.48915035,0.6553971
89_carol.png,cw,0.5183126,0.18882717,0.53666717,0.16165647,0.5002645,0.16013011,0.5590343,0.19161355,0.47402042,0.19106117,0.5836025,0.34864134,0.44982958,0.39272547,0.61621433,0.4284608,0.42812425,0.56823254,0.45837474,0.34627947,0.44428286,0.37397793,0.5658856,0.7998456,0.4710671,0.80235374,0.0,0.0,0.0,0.0,0.0,0.0,0.0,0.0
89_final.png,cw,0.43588653,0.33423483,0.4477283,0.3132728,0.423423,0.31232566,0.46281582,0.33151567,0.40648907,0.32820734,0.48343998,0.46341145,0.3785334,0.43589485,0.502652,0.5951301,0.38025028,0.5170854,0.4928731,0.45459428,0.47455698,0.4248661,0.4591689,0.8004542,0.38049918,0.7913495,0.0,0.0,0.0,0.0,0.0,0.0,0.0,0.0
8_carol_carol.png,cw,0.59925306,0.314993,0.612172,0.29210675,0.5848276,0.29237315,0.6283302,0.30978626,0.56382614,0.3105971,0.6558423,0.42611432,0.5390419,0.44559115,0.6781076,0.50888497,0.5174289,0.5894269,0.5632671,0.39922065,0.54130656,0.42025155,0.6331369,0.826679,0.54664177,0.82298386,0.0,0.0,0.0,0.0,0.0,0.0,0.0,0.0
8_final.png,cw,0.4235788,0.2942243,0.43514186,0.26800427,0.40985614,0.2718812,0.4566463,0.28358698,0.39892787,0.2891667,0.48961622,0.45174098,0.361848,0.4118254,0.48451024,0.55888623,0.3278513,0.4593597,0.45840377,0.381883,0.4459261,0.34597838,0.46098495,0.86232764,0.36619356,0.85356957,0.0,0.0,0.0,0.0,0.0,0.0,0.0,0.0
90_2.png,cw,0.52765995,0.22893594,0.5340904,0.21902974,0.5221673,0.21787483,0.54655546,0.22637954,0.51571846,0.22156167,0.55800295,0.3046747,0.50376666,0.2718606,0.551402,0.37944943,0.48318404,0.3073849,0.5438302,0.3212268,0.5262892,0.30393875,0.5359829,0.48016214,0.49842262,0.46561933,0.5294763,0.6069509,0.49193153,0.5851045,0.5302452,0.70305616,0.48924762,0.6840905
90_carol.png,cw,0.5505527,0.25445327,0.5657036,0.22716102,0.534454,0.22569405,0.58486784,0.25039706,0.50966096,0.24884796,0.6146692,0.41282174,0.48208204,0.44547823,0.6420952,0.4784065,0.46005592,0.5954413,0.49691874,0.40278274,0.4832286,0.42627144,0.59408736,0.83430004,0.5007641,0.8348758,0.0,0.0,0.0,0.0,0.0,0.0,0.0,0.0
90_final.png,cw,0.42693153,0.33345193,0.43807307,0.3116143,0.41348845,0.31310907,0.4533698,0.3286678,0.39681104,0.33018366,0.47517037,0.46745378,0.37279624,0.43764225,0.49465865,0.6008409,0.3782244,0.5047553,0.4822178,0.46240696,0.464782,0.42356187,0.45022303,0.81218684,0.3734944,0.8024712,0.0,0.0,0.0,0.0,0.0,0.0,0.0,0.0
91.png,cw,0.52187407,0.24790314,0.5304314,0.23899704,0.5166867,0.2378534,0.54337245,0.2511063,0.5095977,0.24869828,0.5492511,0.30077812,0.50299656,0.31960794,0.5243656,0.30930635,0.4951338,0.3741238,0.49658313,0.27371725,0.49355063,0.31094322,0.54545355,0.48536813,0.5099304,0.48891136,0.5440043,0.6209588,0.49989986,0.61635816,0.5448468,0.7268755,0.49869746,0.70847034
91_2.png,cw,0.52779186,0.22982405,0.5345723,0.22035725,0.5229434,0.21830183,0.5472492,0.22771698,0.5171429,0.22061253,0.55668074,0.30468622,0.5046734,0.26943284,0.5482332,0.37872085,0.48152566,0.30589825,0.54177326,0.32154065,0.5231911,0.30460685,0.53233355,0.4777605,0.4962658,0.46131805,0.52608514,0.60400313,0.48907393,0.57710737,0.52478975,0.7005023,0.4839118,0.67389876
91_carol.png,cw,0.57851124,0.3160234,0.59278387,0.29403558,0.56223834,0.29289377,0.6095478,0.31700668,0.5382188,0.31588542,0.63757473,0.44594443,0.5116159,0.47323507,0.64712113,0.5189233,0.5052874,0.6187232,0.53597677,0.45588225,0.5164677,0.4701009,0.6227538,0.8814275,0.5298275,0.8844084,0.0,0.0,0.0,0.0,0.0,0.0,0.0,0.0
91_final.png,cw,0.44637442,0.33207986,0.45811757,0.30988646,0.43235832,0.31066546,0.47401237,0.32614154,0.41431433,0.32690158,0.49412322,0.4710385,0.39108157,0.43760118,0.5159531,0.6025385,0.40522838,0.49762666,0.50603753,0.45996678,0.49436647,0.42815933,0.47412053,0.81568706,0.3923188,0.8057624,0.0,0.0,0.0,0.0,0.0,0.0,0.0,0.0
92.png,cw,0.5215019,0.24813639,0.53000575,0.23911917,0.5159498,0.23741105,0.54134446,0.25240108,0.5073988,0.24961862,0.54369974,0.30379564,0.50185704,0.32084057,0.52627337,0.31480983,0.49541426,0.37231055,0.5003694,0.27815163,0.49264517,0.31668356,0.5367366,0.48415938,0.5042565,0.48852116,0.5398138,0.61497605,0.49825993,0.60974747,0.5404793,0.71794045,0.49120608,0.70371634
92_carol.png,cw,0.5263109,0.20473781,0.5439833,0.17749028,0.50916946,0.17610615,0.5662497,0.20627698,0.48396292,0.20491137,0.59512836,0.37216035,0.45546708,0.40951425,0.62158024,0.44501165,0.43511838,0.57118964,0.4686799,0.36024046,0.4536191,0.38542175,0.574928,0.8111008,0.47702193,0.8125746,0.0,0.0,0.0,0.0,0.0,0.0,0.0,0.0
92_final.png,cw,0.5379792,0.33522522,0.5494401,0.31245542,0.5234288,0.3133919,0.56212604,0.3270181,0.50121176,0.3289843,0.5893084,0.4714151,0.479106,0.45367414,0.6285183,0.5911889,0.50010985,0.50974566,0.6097943,0.45422813,0.59401673,0.41701365,0.5833403,0.848063,0.4986391,0.84520805,0.0,0.0,0.0,0.0,0.0,0.0,0.0,0.0
93.png,cw,0.54517037,0.24568301,0.5535113,0.23654848,0.5391718,0.23537967,0.56446755,0.24871695,0.53009385,0.24735887,0.5683537,0.29563195,0.52488726,0.31542316,0.557109,0.3159981,0.5214101,0.3736793,0.52570856,0.28202632,0.51592386,0.31647885,0.5637337,0.47917497,0.53059655,0.48493448,0.56320196,0.61158276,0.5218221,0.6110784,0.5621429,0.7148849,0.5164365,0.70652807
93_carol.png,cw,0.5642869,0.28872797,0.57984537,0.26312894,0.5485611,0.26099142,0.59886587,0.28865513,0.52414614,0.2852205,0.62740487,0.43951654,0.49749875,0.46580666,0.65090483,0.5026015,0.48127356,0.60945606,0.5123696,0.42307222,0.49973717,0.44841072,0.6072789,0.8594172,0.51267195,0.8559524,0.0,0.0,0.0,0.0,0.0,0.0,0.0,0.0
93_final.png,cw,0.5534997,0.3313468,0.564079,0.30698127,0.5393996,0.3101876,0.57801205,0.32198113,0.5206662,0.3274509,0.6067016,0.45864296,0.49552965,0.43716413,0.6397251,0.5899966,0.5095064,0.5042886,0.6219765,0.43949628,0.6102561,0.41137457,0.59528893,0.8391961,0.51049006,0.8375037,0.0,0.0,0.0,0.0,0.0,0.0,0.0,0.0
94.png,cw,0.58619463,0.2473235,0.59391326,0.23708072,0.5802307,0.23699269,0.6045394,0.24697259,0.57094204,0.24748993,0.6109835,0.2984838,0.5620821,0.32132226,0.5961074,0.31442353,0.5575414,0.38498163,0.5694733,0.27479193,0.56270546,0.31188905,0.603351,0.47999772,0.5667671,0.48571616,0.60114557,0.6069357,0.55990595,0.60608256,0.6013438,0.70839304,0.55329674,0.69340175
94_carol.png,cw,0.5799297,0.32400516,0.5930563,0.3014496,0.5672381,0.30005595,0.6099744,0.32288334,0.54916036,0.321952,0.63612974,0.45080513,0.52618146,0.48152745,0.65080035,0.50205296,0.5111203,0.6107848,0.53638345,0.457219,0.5302068,0.48482653,0.6211944,0.80893004,0.53991556,0.8094022,0.0,0.0,0.0,0.0,0.0,0.0,0.0,0.0
94_final.png,cw,0.565354,0.3311927,0.57596296,0.30915153,0.55135125,0.3096474,0.59025973,0.3229727,0.5313419,0.32573974,0.6187281,0.46374765,0.5075815,0.4469418,0.65163493,0.5864728,0.5297618,0.5062184,0.637854,0.45285264,0.6236578,0.42270902,0.6118366,0.8203798,0.5286448,0.8214945,0.0,0.0,0.0,0.0,0.0,0.0,0.0,0.0
95.png,cw,0.56235564,0.25245428,0.5696883,0.24296023,0.55679286,0.24187991,0.57873064,0.25282836,0.5469917,0.25146905,0.58480096,0.30251163,0.535423,0.32043913,0.5777583,0.32873887,0.5172189,0.39347866,0.54972935,0.28095227,0.51350677,0.34601822,0.5758544,0.47854024,0.5406337,0.48273918,0.573865,0.60449237,0.53570026,0.60127044,0.57291394,0.7011462,0.5271446,0.68897
95_carol.png,cw,0.5708305,0.33662066,0.5832242,0.3166321,0.55766046,0.3159869,0.5988934,0.3345921,0.53864086,0.33412445,0.6246394,0.45604926,0.5137543,0.47498563,0.638007,0.53509986,0.5005103,0.5982803,0.543194,0.46373466,0.51308537,0.47707477,0.60818124,0.8017144,0.52882516,0.8039577,0.0,0.0,0.0,0.0,0.0,0.0,0.0,0.0
95_final.png,cw,0.54847294,0.31450844,0.5604354,0.28924692,0.5337426,0.29451597,0.5813185,0.30773532,0.5182005,0.31808814,0.6153058,0.45791543,0.49314398,0.4439948,0.64982754,0.59616816,0.50085855,0.54011846,0.61765015,0.4359708,0.6022131,0.40443176,0.59479564,0.8668296,0.502385,0.8664436,0.0,0.0,0.0,0.0,0.0,0.0,0.0,0.0
96.png,cw,0.4987952,0.26907247,0.50599194,0.26000416,0.49281248,0.25906482,0.5142666,0.27181315,0.48231524,0.27028418,0.5206601,0.31932622,0.47448882,0.33860424,0.5251391,0.33107656,0.47248238,0.38484433,0.49100104,0.31541887,0.47509304,0.33156413,0.5164568,0.49155444,0.4830707,0.4972974,0.51490796,0.6086976,0.47775716,0.6136417,0.5120646,0.7108018,0.46737465,0.7065871
96_carol.png,cw,0.553218,0.34164646,0.56549424,0.3204538,0.54201674,0.31836936,0.5804244,0.33719966,0.5250188,0.33469936,0.6024772,0.46065685,0.4991289,0.48453632,0.6125093,0.53192997,0.4859353,0.6077047,0.5158161,0.47144797,0.5035578,0.48855993,0.59015095,0.80024534,0.51472926,0.8009587,0.0,0.0,0.0,0.0,0.0,0.0,0.0,0.0
96_final.png,cw,0.5240645,0.28471637,0.53787124,0.2595721,0.507467,0.2638928,0.56051314,0.28318527,0.4904384,0.29119354,0.5916565,0.43823814,0.4663516,0.41011184,0.6225236,0.57779497,0.47343507,0.47236872,0.5940509,0.41143468,0.5797829,0.3747693,0.56414634,0.875829,0.46863937,0.8681651,0.0,0.0,0.0,0.0,0.0,0.0,0.0,0.0
97.png,cw,0.4948338,0.26750994,0.50085235,0.25984105,0.4885006,0.25913543,0.50569785,0.27439615,0.47667974,0.27355516,0.5117431,0.3183468,0.4703126,0.34147272,0.5233763,0.3299476,0.47630158,0.39394543,0.48701066,0.31697327,0.46820393,0.3494308,0.51151735,0.48910645,0.48149282,0.49703708,0.5128071,0.6024756,0.4768793,0.6140142,0.5094503,0.70116127,0.46855783,0.7061239
97_carol.png,cw,0.54489243,0.3465074,0.5564333,0.32608688,0.5332453,0.32420048,0.57020855,0.34506956,0.51432,0.34225085,0.593187,0.46315578,0.4912703,0.4910442,0.6096171,0.52449936,0.4841176,0.6131772,0.5094305,0.472254,0.49297863,0.49517784,0.58553445,0.8000408,0.5101987,0.8036087,0.0,0.0,0.0,0.0,0.0,0.0,0.0,0.0
97_final.png,cw,0.49508476,0.23769605,0.51101077,0.21055904,0.4788139,0.212829,0.5361783,0.2336605,0.45922923,0.23782128,0.56638813,0.41228214,0.42965612,0.38405716,0.5960366,0.56753427,0.42754322,0.451133,0.5670449,0.37910783,0.5545367,0.34061363,0.5460517,0.87469906,0.44258672,0.8692069,0.0,0.0,0.0,0.0,0.0,0.0,0.0,0.0
98_carol.png,cw,0.5433591,0.4143645,0.55664176,0.39325255,0.5312168,0.39066383,0.57286876,0.4157397,0.51280415,0.40969068,0.5999869,0.546081,0.48326334,0.56429636,0.6151676,0.62612337,0.4649786,0.70729625,0.5103272,0.5724565,0.48840374,0.5804584,0.5871946,0.92529523,0.5015552,0.92704135,0.0,0.0,0.0,0.0,0.0,0.0,0.0,0.0
98_final.png,cw,0.4940905,0.23767096,0.50998646,0.21037532,0.47787318,0.21192531,0.53327,0.23289396,0.4572739,0.23547359,0.5636547,0.4093099,0.42773718,0.3815371,0.5965299,0.5620656,0.43649584,0.44133446,0.5650581,0.37318152,0.5542918,0.33794314,0.5442301,0.8773992,0.44176254,0.8731137,0.0,0.0,0.0,0.0,0.0,0.0,0.0,0.0
99_carol.png,cw,0.55189,0.5225015,0.5661036,0.5014384,0.53926325,0.49828285,0.5821202,0.52359366,0.51741076,0.5174387,0.60804474,0.6471463,0.4910435,0.67876714,0.6165925,0.753627,0.47456512,0.84756976,0.51934946,0.7094729,0.49917674,0.7359426,0.59811425,0.9895365,0.5165067,0.9981623,0.0,0.0,0.0,0.0,0.0,0.0,0.0,0.0
99_final.png,cw,0.51060045,0.2572751,0.5271683,0.22955759,0.494443,0.22927791,0.5516347,0.25244093,0.4743208,0.25144416,0.5763143,0.42037138,0.44630638,0.39463043,0.61120826,0.57924306,0.46181726,0.4766934,0.5877607,0.39973107,0.57260275,0.3546669,0.55345744,0.88569707,0.454033,0.88492143,0.0,0.0,0.0,0.0,0.0,0.0,0.0,0.0
9_2_2.png,cw,0.5082164,0.25935766,0.5153346,0.25008607,0.50180477,0.2472083,0.52445453,0.2642058,0.49032393,0.25493607,0.5327376,0.3424217,0.47527704,0.31401804,0.542833,0.4064409,0.4850529,0.34031233,0.5396986,0.3497033,0.5334884,0.31840026,0.52281255,0.5246507,0.48098937,0.51513326,0.52179897,0.6625317,0.47554666,0.6548354,0.52037406,0.7788813,0.4720334,0.7768271
9_carol.png,cw,0.58736956,0.33148435,0.6005309,0.31078374,0.5751851,0.30790803,0.6171114,0.32762817,0.55626625,0.32169056,0.6405313,0.43641552,0.527716,0.45482662,0.65222013,0.51081496,0.5036682,0.5919523,0.5425106,0.4047668,0.52869296,0.42744377,0.6235598,0.8008023,0.5397298,0.7993945,0.0,0.0,0.0,0.0,0.0,0.0,0.0,0.0
9_final_final.png,cw,0.41407615,0.29526713,0.42584738,0.2685515,0.40057367,0.2725721,0.44810638,0.28090212,0.3881744,0.28783274,0.47885966,0.44954428,0.35720018,0.40862215,0.48109803,0.55865777,0.32371694,0.45098147,0.45230857,0.38348135,0.42572078,0.35528904,0.44985676,0.84422356,0.3587489,0.8342526,0.0,0.0,0.0,0.0,0.0,0.0,0.0,0.0
